complaint_id,account_id,customer_id,date_received,issue,sub_issue,company,state,zip_code,combined_issue,processed_issue,initial_cluster,final_cluster,cluster_theme,complaint_theme
9409032,1,C_1,2024-07-02,Incorrect information on your report,Information belongs to someone else,Experian Information Solutions Inc,FL,33993,Incorrect information on your report Information belongs to someone else,incorrect information report information belongs someone else,12,13,Incorrect information on your report Information belongs to someone else,Incorrect information on your report
10610696,3,C_3,2024-10-29,Improper use of your report,Reporting company used your report improperly,Equifax Inc,FL,33430,Improper use of your report Reporting company used your report improperly,improper use report reporting company used report improperly,8,9,Improper use of your report Reporting company used your report improperly,Incorrect information on your report
10452501,4,C_4,2024-10-14,Improper use of your report,Reporting company used your report improperly,Affirm Holdings Inc,NJ,07026,Improper use of your report Reporting company used your report improperly,improper use report reporting company used report improperly,8,9,Improper use of your report Reporting company used your report improperly,Incorrect information on your report
10448750,6,C_6,2024-10-14,Struggling to pay your loan,Denied request to lower payments,Fc Holdco Llc,FL,32792,Struggling to pay your loan Denied request to lower payments,struggling pay loan denied request lower payments,3,6,Trouble during payment process Trying to communicate with the company to fix an issue while managing or servicing your loan,Attempts to collect debt not owed
10458901,9,C_9,2024-10-15,False statements or representation,Attempted to collect wrong amount,Portfolio Recovery Associates Inc,CO,80238,False statements or representation Attempted to collect wrong amount,false statements representation attempted collect wrong amount,27,5,False statements or representation Attempted to collect wrong amount,Improper use of your report
10203187,12,C_12,2024-09-22,Incorrect information on your report,Information belongs to someone else,Transunion Intermediate Holdings Inc,TX,75708,Incorrect information on your report Information belongs to someone else,incorrect information report information belongs someone else,12,13,Incorrect information on your report Information belongs to someone else,Incorrect information on your report
10024322,14,C_14,2024-09-04,Getting a credit card,Card opened without my consent or knowledge,Synchrony Financial,TN,37122,Getting a credit card Card opened without my consent or knowledge,getting credit card card opened without consent knowledge,3,6,Trouble during payment process Trying to communicate with the company to fix an issue while managing or servicing your loan,Attempts to collect debt not owed
10446161,16,C_16,2024-10-14,Unauthorized transactions or other transaction problem,,Robinhood Markets Inc,CA,90001,Unauthorized transactions or other transaction problem ,unauthorized transactions transaction problem,15,0,Attempts to collect debt not owed Debt is not yours,False statements or representation
10413696,17,C_17,2024-10-10,Trouble during payment process,"Escrow, taxes, or insurance",Discover Bank,IL,60651,"Trouble during payment process Escrow, taxes, or insurance",trouble payment process escrow taxes insurance,3,0,Attempts to collect debt not owed Debt is not yours,False statements or representation
10471133,21,C_21,2024-10-16,Problem with a lender or other company charging your account,Transaction was not authorized,Wells Fargo Co,CO,80128,Problem with a lender or other company charging your account Transaction was not authorized,problem lender company charging account transaction authorized,3,0,Attempts to collect debt not owed Debt is not yours,False statements or representation
10464241,22,C_22,2024-10-15,Trouble during payment process,Trying to communicate with the company to fix an issue while managing or servicing your loan,Mr Co,FL,33458,Trouble during payment process Trying to communicate with the company to fix an issue while managing or servicing your loan,trouble payment process trying communicate company fix issue managing servicing loan,3,6,Trouble during payment process Trying to communicate with the company to fix an issue while managing or servicing your loan,Attempts to collect debt not owed
10450467,23,C_23,2024-10-14,Written notification about debt,Didn't receive enough information to verify debt,Ncb Management Services Inc,FL,32703,Written notification about debt Didn't receive enough information to verify debt,written notification debt didnt receive enough information verify debt,16,16,Written notification about debt Didn't receive enough information to verify debt,Trouble during payment process
10380473,24,C_24,2024-10-08,Attempts to collect debt not owed,Debt is not yours,Brown And Joseph Ltd,CA,94903,Attempts to collect debt not owed Debt is not yours,attempts collect debt owed debt,23,0,Attempts to collect debt not owed Debt is not yours,False statements or representation
10543477,25,C_25,2024-10-22,Incorrect information on your report,Account information incorrect,Advanced Resolution Services Inc,GA,30043,Incorrect information on your report Account information incorrect,incorrect information report account information incorrect,13,2,Took or threatened to take negative or legal action Threatened or suggested your credit would be damaged,Improper use of your report
10611441,30,C_30,2024-10-29,Attempts to collect debt not owed,Debt was result of identity theft,Rowland Avenue Management Inc Aka Co,CA,91789,Attempts to collect debt not owed Debt was result of identity theft,attempts collect debt owed debt result identity theft,15,1,Attempts to collect debt not owed Debt was result of identity theft,Struggling to pay mortgage
10462264,36,C_36,2024-10-15,Incorrect information on your report,Account information incorrect,Rocket Mortgage Llc,MA,01104,Incorrect information on your report Account information incorrect,incorrect information report account information incorrect,13,2,Took or threatened to take negative or legal action Threatened or suggested your credit would be damaged,Improper use of your report
10611538,41,C_41,2024-10-29,Attempts to collect debt not owed,Debt is not yours,Synerprise Co,TX,79706,Attempts to collect debt not owed Debt is not yours,attempts collect debt owed debt,5,10,Attempts to collect debt not owed Debt is not yours,Attempts to collect debt not owed
10452498,42,C_42,2024-10-14,Fraud or scam,,Regions Financial Co,LA,70001,Fraud or scam ,fraud scam,3,0,Attempts to collect debt not owed Debt is not yours,False statements or representation
10535677,48,C_48,2024-10-22,Confusing or missing disclosures,,National Debt Relief Llc,WA,98056,Confusing or missing disclosures ,confusing missing disclosures,26,0,Attempts to collect debt not owed Debt is not yours,False statements or representation
10422108,51,C_51,2024-10-11,Improper use of your report,Reporting company used your report improperly,Cascade Ciss Holdings Llc,GA,30094,Improper use of your report Reporting company used your report improperly,improper use report reporting company used report improperly,8,9,Improper use of your report Reporting company used your report improperly,Incorrect information on your report
10492105,52,C_52,2024-10-17,Managing an account,Fee problem,Western Alliance Bancorporation,NC,27959,Managing an account Fee problem,managing account fee problem,1,6,Trouble during payment process Trying to communicate with the company to fix an issue while managing or servicing your loan,Attempts to collect debt not owed
10579125,55,C_55,2024-10-25,Unexpected or other fees,,Fiserv Inc,CA,90036,Unexpected or other fees ,unexpected fees,1,6,Trouble during payment process Trying to communicate with the company to fix an issue while managing or servicing your loan,Attempts to collect debt not owed
10576704,57,C_57,2024-10-25,Took or threatened to take negative or legal action,Seized or attempted to seize your property,Ally Financial Inc,NC,27616,Took or threatened to take negative or legal action Seized or attempted to seize your property,took threatened take negative legal action seized attempted seize property,29,0,Attempts to collect debt not owed Debt is not yours,False statements or representation
9378497,58,C_58,2024-06-28,Problem with a lender or other company charging your account,Transaction was not authorized,Pnc Bank Na,PA,17111,Problem with a lender or other company charging your account Transaction was not authorized,problem lender company charging account transaction authorized,3,0,Attempts to collect debt not owed Debt is not yours,False statements or representation
10566819,59,C_59,2024-10-24,Attempts to collect debt not owed,Debt was already discharged in bankruptcy and is no longer owed,Egl Us Llc,PA,15061,Attempts to collect debt not owed Debt was already discharged in bankruptcy and is no longer owed,attempts collect debt owed debt already discharged bankruptcy longer owed,10,2,Took or threatened to take negative or legal action Threatened or suggested your credit would be damaged,Improper use of your report
10453139,61,C_61,2024-10-14,Improper use of your report,Credit inquiries on your report that you don't recognize,Thaxton Investment Co,IN,46208,Improper use of your report Credit inquiries on your report that you don't recognize,improper use report credit inquiries report dont recognize,24,12,Improper use of your report Credit inquiries on your report that you don't recognize,Trouble during payment process
10563312,63,C_63,2024-10-24,Lost or stolen money order,,Western Union Co,SC,29063,Lost or stolen money order ,lost stolen money order,15,1,Attempts to collect debt not owed Debt was result of identity theft,Struggling to pay mortgage
10518142,66,C_66,2024-10-20,Attempts to collect debt not owed,Debt is not yours,Ccs Financial Services Inc,PA,16507,Attempts to collect debt not owed Debt is not yours,attempts collect debt owed debt,23,0,Attempts to collect debt not owed Debt is not yours,False statements or representation
10525833,68,C_68,2024-10-21,Dealing with your lender or servicer,Trouble with how payments are being handled,Mohela,MD,20331,Dealing with your lender or servicer Trouble with how payments are being handled,dealing lender servicer trouble payments handled,3,0,Attempts to collect debt not owed Debt is not yours,False statements or representation
10498402,72,C_72,2024-10-18,False statements or representation,Attempted to collect wrong amount,Ic System Inc,IN,46219,False statements or representation Attempted to collect wrong amount,false statements representation attempted collect wrong amount,27,5,False statements or representation Attempted to collect wrong amount,Improper use of your report
10478135,76,C_76,2024-10-16,Communication tactics,Frequent or repeated calls,Cl Holdings Llc,VA,22401,Communication tactics Frequent or repeated calls,communication tactics frequent repeated calls,3,1,Attempts to collect debt not owed Debt was result of identity theft,Struggling to pay mortgage
10415304,77,C_77,2024-10-10,Improper use of your report,Reporting company used your report improperly,American Express Co,PA,18337,Improper use of your report Reporting company used your report improperly,improper use report reporting company used report improperly,0,11,Improper use of your report Reporting company used your report improperly,Struggling to pay mortgage
10417716,78,C_78,2024-10-11,Attempts to collect debt not owed,Debt is not yours,Mariner Finance Llc,VA,23185,Attempts to collect debt not owed Debt is not yours,attempts collect debt owed debt,5,10,Attempts to collect debt not owed Debt is not yours,Attempts to collect debt not owed
10588302,79,C_79,2024-10-26,Written notification about debt,Didn't receive enough information to verify debt,V And H Portfolio,CT,06010,Written notification about debt Didn't receive enough information to verify debt,written notification debt didnt receive enough information verify debt,16,16,Written notification about debt Didn't receive enough information to verify debt,Trouble during payment process
10215032,81,C_81,2024-09-23,Managing an account,Problem using a debit or ATM card,Revolut Technologies Inc,CA,95131,Managing an account Problem using a debit or ATM card,managing account problem using debit atm card,1,6,Trouble during payment process Trying to communicate with the company to fix an issue while managing or servicing your loan,Attempts to collect debt not owed
10443424,82,C_82,2024-10-15,Attempts to collect debt not owed,Debt is not yours,Resurgent Capital Services Lp,IL,62704,Attempts to collect debt not owed Debt is not yours,attempts collect debt owed debt,23,0,Attempts to collect debt not owed Debt is not yours,False statements or representation
10276466,88,C_88,2024-09-27,Unexpected or other fees,,Adp Inc,NJ,07728,Unexpected or other fees ,unexpected fees,1,6,Trouble during payment process Trying to communicate with the company to fix an issue while managing or servicing your loan,Attempts to collect debt not owed
10501915,91,C_91,2024-10-18,False statements or representation,Attempted to collect wrong amount,Capio Partners Llc,FL,33619,False statements or representation Attempted to collect wrong amount,false statements representation attempted collect wrong amount,6,5,False statements or representation Attempted to collect wrong amount,Improper use of your report
9922526,92,C_92,2024-08-27,Fees or interest,Charged too much interest,Army And Air Force Exchange Service,CA,92310,Fees or interest Charged too much interest,fees interest charged much interest,1,6,Trouble during payment process Trying to communicate with the company to fix an issue while managing or servicing your loan,Attempts to collect debt not owed
9785167,94,C_94,2024-08-13,Problem with a purchase shown on your statement,Credit card company isn't resolving a dispute about a purchase on your statement,Citibank Na,NC,27006,Problem with a purchase shown on your statement Credit card company isn't resolving a dispute about a purchase on your statement,problem purchase shown statement credit card company isnt resolving dispute purchase statement,3,6,Trouble during payment process Trying to communicate with the company to fix an issue while managing or servicing your loan,Attempts to collect debt not owed
9786171,98,C_98,2024-08-13,Problem with a lender or other company charging your account,Money was taken from your account on the wrong day or for the wrong amount,Chime Financial Inc,AL,36867,Problem with a lender or other company charging your account Money was taken from your account on the wrong day or for the wrong amount,problem lender company charging account money taken account wrong day wrong amount,2,0,Attempts to collect debt not owed Debt is not yours,False statements or representation
9791213,99,C_99,2024-08-13,Trouble during payment process,"Escrow, taxes, or insurance",Freedom Mortgage Co,NV,89701,"Trouble during payment process Escrow, taxes, or insurance",trouble payment process escrow taxes insurance,3,0,Attempts to collect debt not owed Debt is not yours,False statements or representation
9790534,103,C_103,2024-08-13,Managing an account,Funds not handled or disbursed as instructed,Fifth Third Financial Co,TX,79605,Managing an account Funds not handled or disbursed as instructed,managing account funds handled disbursed instructed,3,6,Trouble during payment process Trying to communicate with the company to fix an issue while managing or servicing your loan,Attempts to collect debt not owed
10499452,105,C_105,2024-10-18,"Other features, terms, or problems",Other problem,The Aligned Co,MI,48221,"Other features, terms, or problems Other problem",features terms problems problem,25,0,Attempts to collect debt not owed Debt is not yours,False statements or representation
10442751,112,C_112,2024-10-14,False statements or representation,Attempted to collect wrong amount,Cascade Capital Llc,NM,88310,False statements or representation Attempted to collect wrong amount,false statements representation attempted collect wrong amount,27,5,False statements or representation Attempted to collect wrong amount,Improper use of your report
9785693,113,C_113,2024-08-13,Improper use of your report,Credit inquiries on your report that you don't recognize,Td Bank Us Holding Co,NY,11426,Improper use of your report Credit inquiries on your report that you don't recognize,improper use report credit inquiries report dont recognize,24,12,Improper use of your report Credit inquiries on your report that you don't recognize,Trouble during payment process
10577213,117,C_117,2024-10-25,Threatened to contact someone or share information improperly,Talked to a third-party about your debt,Diversified Adjustment Service Inc,OK,73044,Threatened to contact someone or share information improperly Talked to a third-party about your debt,threatened contact someone share information improperly talked thirdparty debt,19,15,Threatened to contact someone or share information improperly Talked to a third-party about your debt,Attempts to collect debt not owed
9840688,119,C_119,2024-08-18,Attempts to collect debt not owed,Debt is not yours,Amsher Co,FL,32507,Attempts to collect debt not owed Debt is not yours,attempts collect debt owed debt,20,8,Attempts to collect debt not owed Debt is not yours,Written notification about debt
9822585,120,C_120,2024-08-17,Improper use of your report,Reporting company used your report improperly,Cbc Co,PA,17042,Improper use of your report Reporting company used your report improperly,improper use report reporting company used report improperly,0,11,Improper use of your report Reporting company used your report improperly,Struggling to pay mortgage
9823000,121,C_121,2024-08-16,Improper use of your report,Credit inquiries on your report that you don't recognize,Capital One Financial Co,FL,32810,Improper use of your report Credit inquiries on your report that you don't recognize,improper use report credit inquiries report dont recognize,24,12,Improper use of your report Credit inquiries on your report that you don't recognize,Trouble during payment process
9836109,122,C_122,2024-08-17,Improper use of your report,Credit inquiries on your report that you don't recognize,Tesla Inc,CA,92651,Improper use of your report Credit inquiries on your report that you don't recognize,improper use report credit inquiries report dont recognize,24,12,Improper use of your report Credit inquiries on your report that you don't recognize,Trouble during payment process
9834818,126,C_126,2024-08-17,Problem with a company's investigation into an existing problem,Their investigation did not fix an error on your report,Marlette Funding Llc,NC,27332,Problem with a company's investigation into an existing problem Their investigation did not fix an error on your report,problem companys investigation existing problem investigation fix error report,4,4,Problem with a company's investigation into an existing problem Their investigation did not fix an error on your report,Trouble during payment process
9877386,127,C_127,2024-08-21,Improper use of your report,Credit inquiries on your report that you don't recognize,Onemain Finance Co,FL,33313,Improper use of your report Credit inquiries on your report that you don't recognize,improper use report credit inquiries report dont recognize,24,12,Improper use of your report Credit inquiries on your report that you don't recognize,Trouble during payment process
10313648,129,C_129,2024-10-02,Attempts to collect debt not owed,Debt is not yours,Law Offices Of Timothy M Sullivan,PA,15001,Attempts to collect debt not owed Debt is not yours,attempts collect debt owed debt,5,10,Attempts to collect debt not owed Debt is not yours,Attempts to collect debt not owed
10419005,130,C_130,2024-10-11,False statements or representation,Attempted to collect wrong amount,Spring Oaks Capital Llc,AL,35758,False statements or representation Attempted to collect wrong amount,false statements representation attempted collect wrong amount,6,5,False statements or representation Attempted to collect wrong amount,Improper use of your report
10503737,131,C_131,2024-10-18,Attempts to collect debt not owed,Debt was result of identity theft,Jpmorgan Chase Co,FL,32004,Attempts to collect debt not owed Debt was result of identity theft,attempts collect debt owed debt result identity theft,28,3,Attempts to collect debt not owed Debt was paid,Attempts to collect debt not owed
10613283,133,C_133,2024-10-29,Improper use of your report,Credit inquiries on your report that you don't recognize,Consumer Portfolio Services Inc,GA,30631,Improper use of your report Credit inquiries on your report that you don't recognize,improper use report credit inquiries report dont recognize,7,12,Improper use of your report Credit inquiries on your report that you don't recognize,Trouble during payment process
10417270,134,C_134,2024-10-11,Incorrect information on your report,Account information incorrect,Patientfi Llc,NY,11357,Incorrect information on your report Account information incorrect,incorrect information report account information incorrect,13,2,Took or threatened to take negative or legal action Threatened or suggested your credit would be damaged,Improper use of your report
10421878,137,C_137,2024-10-11,Attempts to collect debt not owed,Debt is not yours,Fair Co,FL,32829,Attempts to collect debt not owed Debt is not yours,attempts collect debt owed debt,5,10,Attempts to collect debt not owed Debt is not yours,Attempts to collect debt not owed
10566544,139,C_139,2024-10-24,Problem with a company's investigation into an existing problem,Difficulty submitting a dispute or getting information about a dispute over the phone,Barclays Bank Delaware,NJ,07751,Problem with a company's investigation into an existing problem Difficulty submitting a dispute or getting information about a dispute over the phone,problem companys investigation existing problem difficulty submitting dispute getting information dispute phone,4,4,Problem with a company's investigation into an existing problem Their investigation did not fix an error on your report,Trouble during payment process
10420776,141,C_141,2024-10-11,Problem with a company's investigation into an existing problem,Their investigation did not fix an error on your report,Microbilt  Prbc Formerly Cl Verify,NY,11003,Problem with a company's investigation into an existing problem Their investigation did not fix an error on your report,problem companys investigation existing problem investigation fix error report,4,4,Problem with a company's investigation into an existing problem Their investigation did not fix an error on your report,Trouble during payment process
10538835,142,C_142,2024-10-22,Written notification about debt,Notification didn't disclose it was an attempt to collect a debt,National Credit Adjusters Llc,TX,75180,Written notification about debt Notification didn't disclose it was an attempt to collect a debt,written notification debt notification didnt disclose attempt collect debt,9,0,Attempts to collect debt not owed Debt is not yours,False statements or representation
10446995,143,C_143,2024-10-14,Problem when making payments,Problem during payment process,Synovus Bank,WA,98223,Problem when making payments Problem during payment process,problem making payments problem payment process,3,6,Trouble during payment process Trying to communicate with the company to fix an issue while managing or servicing your loan,Attempts to collect debt not owed
10488822,145,C_145,2024-10-17,Managing an account,Problem using a debit or ATM card,United Services Automobile Association,FL,33622,Managing an account Problem using a debit or ATM card,managing account problem using debit atm card,1,6,Trouble during payment process Trying to communicate with the company to fix an issue while managing or servicing your loan,Attempts to collect debt not owed
10567625,146,C_146,2024-10-24,Incorrect information on your report,Information belongs to someone else,Lexisnexis,MD,21133,Incorrect information on your report Information belongs to someone else,incorrect information report information belongs someone else,12,13,Incorrect information on your report Information belongs to someone else,Incorrect information on your report
10524535,147,C_147,2024-10-21,Incorrect information on your report,Information belongs to someone else,First Credit Finance,TX,77469,Incorrect information on your report Information belongs to someone else,incorrect information report information belongs someone else,12,13,Incorrect information on your report Information belongs to someone else,Incorrect information on your report
10522939,149,C_149,2024-10-21,Incorrect information on your report,Information belongs to someone else,Self Financial Inc,PA,19022,Incorrect information on your report Information belongs to someone else,incorrect information report information belongs someone else,12,13,Incorrect information on your report Information belongs to someone else,Incorrect information on your report
10435370,151,C_151,2024-10-14,Improper use of your report,Reporting company used your report improperly,Credit Acceptance Co,IL,60411,Improper use of your report Reporting company used your report improperly,improper use report reporting company used report improperly,8,9,Improper use of your report Reporting company used your report improperly,Incorrect information on your report
10528588,152,C_152,2024-10-21,Problem with a company's investigation into an existing problem,Their investigation did not fix an error on your report,Opportunity Financial Llc,FL,34637,Problem with a company's investigation into an existing problem Their investigation did not fix an error on your report,problem companys investigation existing problem investigation fix error report,4,4,Problem with a company's investigation into an existing problem Their investigation did not fix an error on your report,Trouble during payment process
10510037,153,C_153,2024-10-19,Improper use of your report,Reporting company used your report improperly,The Bureaus Inc,FL,33032,Improper use of your report Reporting company used your report improperly,improper use report reporting company used report improperly,0,11,Improper use of your report Reporting company used your report improperly,Struggling to pay mortgage
10421432,159,C_159,2024-10-11,Managing the loan or lease,Problem with the interest rate,Santander Holdings Usa Inc,GU,96910,Managing the loan or lease Problem with the interest rate,managing loan lease problem interest rate,3,6,Trouble during payment process Trying to communicate with the company to fix an issue while managing or servicing your loan,Attempts to collect debt not owed
10511025,160,C_160,2024-10-19,Closing an account,Company closed your account,Early Warning Services Llc,MD,21207,Closing an account Company closed your account,closing account company closed account,3,6,Trouble during payment process Trying to communicate with the company to fix an issue while managing or servicing your loan,Attempts to collect debt not owed
10511573,161,C_161,2024-10-19,Other transaction problem,,Paypal Holdings Inc,,,Other transaction problem ,transaction problem,3,6,Trouble during payment process Trying to communicate with the company to fix an issue while managing or servicing your loan,Attempts to collect debt not owed
10464296,162,C_162,2024-10-15,False statements or representation,"Impersonated attorney, law enforcement, or government official",Statewide Credit Services Co,NY,10001,"False statements or representation Impersonated attorney, law enforcement, or government official",false statements representation impersonated attorney law enforcement government official,3,0,Attempts to collect debt not owed Debt is not yours,False statements or representation
10576614,165,C_165,2024-10-25,Attempts to collect debt not owed,Debt is not yours,Lela Mae Portfolio Management Group,CA,90505,Attempts to collect debt not owed Debt is not yours,attempts collect debt owed debt,20,8,Attempts to collect debt not owed Debt is not yours,Written notification about debt
10456800,166,C_166,2024-10-15,Attempts to collect debt not owed,Debt is not yours,Transworld Systems Inc,WA,98122,Attempts to collect debt not owed Debt is not yours,attempts collect debt owed debt,20,8,Attempts to collect debt not owed Debt is not yours,Written notification about debt
10415521,167,C_167,2024-10-09,Managing an account,Problem accessing account,Keycorp,WA,98122,Managing an account Problem accessing account,managing account problem accessing account,3,6,Trouble during payment process Trying to communicate with the company to fix an issue while managing or servicing your loan,Attempts to collect debt not owed
10435087,168,C_168,2024-10-12,Didn't provide services promised,,Credit Glory Llc,NY,10451,Didn't provide services promised ,didnt provide services promised,3,0,Attempts to collect debt not owed Debt is not yours,False statements or representation
10587055,170,C_170,2024-10-26,Improper use of your report,Reporting company used your report improperly,Navy Federal Credit Union,GA,30318,Improper use of your report Reporting company used your report improperly,improper use report reporting company used report improperly,8,9,Improper use of your report Reporting company used your report improperly,Incorrect information on your report
10568771,173,C_173,2024-10-25,Problem with fraud alerts or security freezes,,Id Analytics Inc,FL,32832,Problem with fraud alerts or security freezes ,problem fraud alerts security freezes,3,0,Attempts to collect debt not owed Debt is not yours,False statements or representation
10431821,174,C_174,2024-10-12,Took or threatened to take negative or legal action,Threatened or suggested your credit would be damaged,Radius Global Solutions Llc,OH,44121,Took or threatened to take negative or legal action Threatened or suggested your credit would be damaged,took threatened take negative legal action threatened suggested credit would damaged,18,2,Took or threatened to take negative or legal action Threatened or suggested your credit would be damaged,Improper use of your report
10525610,175,C_175,2024-10-21,Written notification about debt,Didn't receive notice of right to dispute,Nra Group Llc,NC,27006,Written notification about debt Didn't receive notice of right to dispute,written notification debt didnt receive notice right dispute,9,7,Written notification about debt Didn't receive notice of right to dispute,Improper use of your report
10438266,179,C_179,2024-10-13,Problem when making payments,,Sofi Technologies Inc,MD,20603,Problem when making payments ,problem making payments,1,6,Trouble during payment process Trying to communicate with the company to fix an issue while managing or servicing your loan,Attempts to collect debt not owed
10614436,180,C_180,2024-10-29,Problem with a company's investigation into an existing problem,Their investigation did not fix an error on your report,Credence Resource Management Llc,GA,31794,Problem with a company's investigation into an existing problem Their investigation did not fix an error on your report,problem companys investigation existing problem investigation fix error report,4,4,Problem with a company's investigation into an existing problem Their investigation did not fix an error on your report,Trouble during payment process
10592611,181,C_181,2024-10-28,False statements or representation,Attempted to collect wrong amount,Merchants Adjustment Service Inc,AL,36608,False statements or representation Attempted to collect wrong amount,false statements representation attempted collect wrong amount,27,5,False statements or representation Attempted to collect wrong amount,Improper use of your report
10419237,182,C_182,2024-10-11,Charged fees or interest you didn't expect,,World Acceptance Co,SC,29640,Charged fees or interest you didn't expect ,charged fees interest didnt expect,1,6,Trouble during payment process Trying to communicate with the company to fix an issue while managing or servicing your loan,Attempts to collect debt not owed
10547996,183,C_183,2024-10-23,Written notification about debt,Didn't receive notice of right to dispute,Harris  Harris Ltd,OH,43920,Written notification about debt Didn't receive notice of right to dispute,written notification debt didnt receive notice right dispute,9,7,Written notification about debt Didn't receive notice of right to dispute,Improper use of your report
10548163,184,C_184,2024-10-23,Problem with the payoff process at the end of the loan,,Lendingpoint Holdings Llc,TN,37128,Problem with the payoff process at the end of the loan ,problem payoff process end loan,3,6,Trouble during payment process Trying to communicate with the company to fix an issue while managing or servicing your loan,Attempts to collect debt not owed
10548991,186,C_186,2024-10-23,Problem with a lender or other company charging your account,Transaction was not authorized,Bmo Bank Na,IL,60639,Problem with a lender or other company charging your account Transaction was not authorized,problem lender company charging account transaction authorized,3,0,Attempts to collect debt not owed Debt is not yours,False statements or representation
10549168,188,C_188,2024-10-23,Improper use of your report,Credit inquiries on your report that you don't recognize,Bank Of America National Association,CA,90222,Improper use of your report Credit inquiries on your report that you don't recognize,improper use report credit inquiries report dont recognize,24,12,Improper use of your report Credit inquiries on your report that you don't recognize,Trouble during payment process
10560965,189,C_189,2024-10-24,Struggling to pay your loan,Denied request to lower payments,Larry H Miller Group Of Co,DC,20002,Struggling to pay your loan Denied request to lower payments,struggling pay loan denied request lower payments,3,6,Trouble during payment process Trying to communicate with the company to fix an issue while managing or servicing your loan,Attempts to collect debt not owed
10588408,190,C_190,2024-10-26,Improper use of your report,Reporting company used your report improperly,Factortrust Inc,MS,39759,Improper use of your report Reporting company used your report improperly,improper use report reporting company used report improperly,8,9,Improper use of your report Reporting company used your report improperly,Incorrect information on your report
10451297,194,C_194,2024-10-14,Attempts to collect debt not owed,Debt is not yours,Encore Capital Group Inc,MA,01902,Attempts to collect debt not owed Debt is not yours,attempts collect debt owed debt,5,10,Attempts to collect debt not owed Debt is not yours,Attempts to collect debt not owed
10396035,195,C_195,2024-10-09,Improper use of your report,Reporting company used your report improperly,Us Bancorp,FL,33406,Improper use of your report Reporting company used your report improperly,improper use report reporting company used report improperly,8,9,Improper use of your report Reporting company used your report improperly,Incorrect information on your report
10521795,196,C_196,2024-10-21,Incorrect information on your report,Public record information inaccurate,Lfg Data Services Holdings Lp,VA,20147,Incorrect information on your report Public record information inaccurate,incorrect information report public record information inaccurate,3,0,Attempts to collect debt not owed Debt is not yours,False statements or representation
10381542,197,C_197,2024-10-08,Managing an account,Deposits and withdrawals,Goldman Sa,OH,45039,Managing an account Deposits and withdrawals,managing account deposits withdrawals,3,6,Trouble during payment process Trying to communicate with the company to fix an issue while managing or servicing your loan,Attempts to collect debt not owed
10390014,198,C_198,2024-10-08,Incorrect information on your report,Information belongs to someone else,Toyota Motor Credit Co,IL,60409,Incorrect information on your report Information belongs to someone else,incorrect information report information belongs someone else,12,13,Incorrect information on your report Information belongs to someone else,Incorrect information on your report
10448621,199,C_199,2024-10-14,Incorrect information on your report,Account information incorrect,Sequium Asset Solutions Llc,GA,30127,Incorrect information on your report Account information incorrect,incorrect information report account information incorrect,13,2,Took or threatened to take negative or legal action Threatened or suggested your credit would be damaged,Improper use of your report
10493653,203,C_203,2024-10-17,Struggling to pay mortgage,"Trying to communicate with the company to fix an issue related to modification, forbearance, short sale, deed-in-lieu, bankruptcy, or foreclosure",Select Portfolio Servicing Inc,GA,30141,"Struggling to pay mortgage Trying to communicate with the company to fix an issue related to modification, forbearance, short sale, deed-in-lieu, bankruptcy, or foreclosure",struggling pay mortgage trying communicate company fix issue related modification forbearance short sale deedinlieu bankruptcy foreclosure,17,14,"Struggling to pay mortgage Trying to communicate with the company to fix an issue related to modification, forbearance, short sale, deed-in-lieu, bankruptcy, or foreclosure",Written notification about debt
10528334,208,C_208,2024-10-21,Problem with a company's investigation into an existing issue,Their investigation did not fix an error on your report,Contemporary Information Co,NC,27527,Problem with a company's investigation into an existing issue Their investigation did not fix an error on your report,problem companys investigation existing issue investigation fix error report,4,4,Problem with a company's investigation into an existing problem Their investigation did not fix an error on your report,Trouble during payment process
10380542,210,C_210,2024-10-08,Incorrect information on your report,Information is missing that should be on the report,Westlake Services Llc,GA,30238,Incorrect information on your report Information is missing that should be on the report,incorrect information report information missing report,12,13,Incorrect information on your report Information belongs to someone else,Incorrect information on your report
10550636,212,C_212,2024-10-23,Incorrect information on your report,Information belongs to someone else,Fidelity National Information Services Inc,MI,48912,Incorrect information on your report Information belongs to someone else,incorrect information report information belongs someone else,12,13,Incorrect information on your report Information belongs to someone else,Incorrect information on your report
10547912,213,C_213,2024-10-23,Closing on a mortgage,Trying to communicate with the company to fix an issue with the loan closing,New York Co,CA,93536,Closing on a mortgage Trying to communicate with the company to fix an issue with the loan closing,closing mortgage trying communicate company fix issue loan closing,3,0,Attempts to collect debt not owed Debt is not yours,False statements or representation
10456917,217,C_217,2024-10-15,Problem with a company's investigation into an existing issue,Problem with personal statement of dispute,Checkr Inc,TX,75074,Problem with a company's investigation into an existing issue Problem with personal statement of dispute,problem companys investigation existing issue problem personal statement dispute,4,4,Problem with a company's investigation into an existing problem Their investigation did not fix an error on your report,Trouble during payment process
10458590,218,C_218,2024-10-15,Managing the loan or lease,Problem with fees charged,Bethpage Federal Credit Union,NJ,07058,Managing the loan or lease Problem with fees charged,managing loan lease problem fees charged,3,6,Trouble during payment process Trying to communicate with the company to fix an issue while managing or servicing your loan,Attempts to collect debt not owed
10453213,223,C_223,2024-10-14,Problem with a purchase shown on your statement,Credit card company isn't resolving a dispute about a purchase on your statement,Citizens Financial Group Inc,HI,96822,Problem with a purchase shown on your statement Credit card company isn't resolving a dispute about a purchase on your statement,problem purchase shown statement credit card company isnt resolving dispute purchase statement,3,6,Trouble during payment process Trying to communicate with the company to fix an issue while managing or servicing your loan,Attempts to collect debt not owed
10393759,230,C_230,2024-10-09,Trouble during payment process,Trying to communicate with the company to fix an issue while managing or servicing your loan,Shellpoint Partners Llc,CO,80516,Trouble during payment process Trying to communicate with the company to fix an issue while managing or servicing your loan,trouble payment process trying communicate company fix issue managing servicing loan,3,6,Trouble during payment process Trying to communicate with the company to fix an issue while managing or servicing your loan,Attempts to collect debt not owed
10558508,234,C_234,2024-10-23,False statements or representation,Attempted to collect wrong amount,Sunrise Credit Services Inc,CO,80018,False statements or representation Attempted to collect wrong amount,false statements representation attempted collect wrong amount,6,5,False statements or representation Attempted to collect wrong amount,Improper use of your report
10528557,235,C_235,2024-10-21,Incorrect information on your report,Account information incorrect,American Profit Recovery Inc,NE,68123,Incorrect information on your report Account information incorrect,incorrect information report account information incorrect,13,2,Took or threatened to take negative or legal action Threatened or suggested your credit would be damaged,Improper use of your report
10551042,238,C_238,2024-10-23,Attempts to collect debt not owed,Debt is not yours,Summit Ar Inc,NY,11791,Attempts to collect debt not owed Debt is not yours,attempts collect debt owed debt,20,8,Attempts to collect debt not owed Debt is not yours,Written notification about debt
10383151,243,C_243,2024-10-08,Managing an account,Deposits and withdrawals,Truist Financial Co,GA,30001,Managing an account Deposits and withdrawals,managing account deposits withdrawals,3,6,Trouble during payment process Trying to communicate with the company to fix an issue while managing or servicing your loan,Attempts to collect debt not owed
10392013,246,C_246,2024-10-09,Attempts to collect debt not owed,Debt was paid,Bread Financial Holdings Inc,TX,77044,Attempts to collect debt not owed Debt was paid,attempts collect debt owed debt paid,25,0,Attempts to collect debt not owed Debt is not yours,False statements or representation
10411648,251,C_251,2024-10-10,False statements or representation,Attempted to collect wrong amount,Mccarthy Burgess  Wolff Inc,CA,90404,False statements or representation Attempted to collect wrong amount,false statements representation attempted collect wrong amount,27,5,False statements or representation Attempted to collect wrong amount,Improper use of your report
10517328,253,C_253,2024-10-20,Written notification about debt,Didn't receive notice of right to dispute,Cars Acquisition Llc,FL,32004,Written notification about debt Didn't receive notice of right to dispute,written notification debt didnt receive notice right dispute,9,7,Written notification about debt Didn't receive notice of right to dispute,Improper use of your report
10513376,254,C_254,2024-10-19,Written notification about debt,Didn't receive enough information to verify debt,Essential Lending Inc,LA,70058,Written notification about debt Didn't receive enough information to verify debt,written notification debt didnt receive enough information verify debt,16,16,Written notification about debt Didn't receive enough information to verify debt,Trouble during payment process
10500035,258,C_258,2024-10-18,Problem with a purchase shown on your statement,Credit card company isn't resolving a dispute about a purchase on your statement,Healthcare Finance Direct Llc,NY,14086,Problem with a purchase shown on your statement Credit card company isn't resolving a dispute about a purchase on your statement,problem purchase shown statement credit card company isnt resolving dispute purchase statement,3,6,Trouble during payment process Trying to communicate with the company to fix an issue while managing or servicing your loan,Attempts to collect debt not owed
10499035,259,C_259,2024-10-18,Written notification about debt,Didn't receive notice of right to dispute,Wlcc,AZ,85382,Written notification about debt Didn't receive notice of right to dispute,written notification debt didnt receive notice right dispute,9,7,Written notification about debt Didn't receive notice of right to dispute,Improper use of your report
10516468,262,C_262,2024-10-21,Closing on a mortgage,Trying to communicate with the company to fix an issue with the loan closing,Pennymac Loan Services Llc,WA,98387,Closing on a mortgage Trying to communicate with the company to fix an issue with the loan closing,closing mortgage trying communicate company fix issue loan closing,3,0,Attempts to collect debt not owed Debt is not yours,False statements or representation
10470749,264,C_264,2024-10-17,Dealing with your lender or servicer,Received bad information about your loan,Maximus Federal Services Inc,PA,19150,Dealing with your lender or servicer Received bad information about your loan,dealing lender servicer received bad information loan,3,0,Attempts to collect debt not owed Debt is not yours,False statements or representation
10461825,266,C_266,2024-10-15,Improper use of your report,Reporting company used your report improperly,Ccm Finance Llc,TX,77047,Improper use of your report Reporting company used your report improperly,improper use report reporting company used report improperly,8,9,Improper use of your report Reporting company used your report improperly,Incorrect information on your report
10463131,269,C_269,2024-10-15,Dealing with your lender or servicer,Received bad information about your loan,Navient Solutions Llc,GA,30294,Dealing with your lender or servicer Received bad information about your loan,dealing lender servicer received bad information loan,3,0,Attempts to collect debt not owed Debt is not yours,False statements or representation
10463968,271,C_271,2024-10-15,Attempts to collect debt not owed,Debt is not yours,Paramount Recovery Systems Lp,SC,29115,Attempts to collect debt not owed Debt is not yours,attempts collect debt owed debt,23,0,Attempts to collect debt not owed Debt is not yours,False statements or representation
10521058,273,C_273,2024-10-21,Attempts to collect debt not owed,Debt was result of identity theft,Absolute Resolutions Co,DE,19973,Attempts to collect debt not owed Debt was result of identity theft,attempts collect debt owed debt result identity theft,15,1,Attempts to collect debt not owed Debt was result of identity theft,Struggling to pay mortgage
10479294,275,C_275,2024-10-16,Attempts to collect debt not owed,Debt is not yours,Possible Financial Inc,NY,11553,Attempts to collect debt not owed Debt is not yours,attempts collect debt owed debt,23,0,Attempts to collect debt not owed Debt is not yours,False statements or representation
10419687,276,C_276,2024-10-11,Dealing with your lender or servicer,Trouble with how payments are being handled,Nelnet Inc,IN,46208,Dealing with your lender or servicer Trouble with how payments are being handled,dealing lender servicer trouble payments handled,3,0,Attempts to collect debt not owed Debt is not yours,False statements or representation
10361607,277,C_277,2024-10-07,Problem when making payments,,Paramount Gr Holdings Llc,MD,20331,Problem when making payments ,problem making payments,1,6,Trouble during payment process Trying to communicate with the company to fix an issue while managing or servicing your loan,Attempts to collect debt not owed
10409080,278,C_278,2024-10-10,Problem getting a card or closing an account,Trouble closing card,Neon Newco Co,NV,89147,Problem getting a card or closing an account Trouble closing card,problem getting card closing account trouble closing card,3,6,Trouble during payment process Trying to communicate with the company to fix an issue while managing or servicing your loan,Attempts to collect debt not owed
10425414,279,C_279,2024-10-11,Unauthorized transactions or other transaction problem,,Coinbase Inc,AZ,86336,Unauthorized transactions or other transaction problem ,unauthorized transactions transaction problem,15,0,Attempts to collect debt not owed Debt is not yours,False statements or representation
10375436,280,C_280,2024-10-07,Written notification about debt,Didn't receive enough information to verify debt,United Co,GA,30043,Written notification about debt Didn't receive enough information to verify debt,written notification debt didnt receive enough information verify debt,16,16,Written notification about debt Didn't receive enough information to verify debt,Trouble during payment process
10413414,282,C_282,2024-10-10,Dealing with your lender or servicer,Trouble with how payments are being handled,Edfinancial Services,KY,40004,Dealing with your lender or servicer Trouble with how payments are being handled,dealing lender servicer trouble payments handled,3,0,Attempts to collect debt not owed Debt is not yours,False statements or representation
9778420,285,C_285,2024-08-09,"Other features, terms, or problems",Other problem,Clgf Holdco Llc,AZ,85001,"Other features, terms, or problems Other problem",features terms problems problem,25,0,Attempts to collect debt not owed Debt is not yours,False statements or representation
9743313,286,C_286,2024-08-08,Communication tactics,"Used obscene, profane, or other abusive language",Cmre Financial Services Inc,CA,90001,"Communication tactics Used obscene, profane, or other abusive language",communication tactics used obscene profane abusive language,2,15,Threatened to contact someone or share information improperly Talked to a third-party about your debt,Attempts to collect debt not owed
9777413,287,C_287,2024-08-09,Attempts to collect debt not owed,Debt is not yours,Southwest Credit Systems Lp,CA,94605,Attempts to collect debt not owed Debt is not yours,attempts collect debt owed debt,23,0,Attempts to collect debt not owed Debt is not yours,False statements or representation
10510003,288,C_288,2024-10-19,Fraud or scam,,Foris Dax Inc,FL,33322,Fraud or scam ,fraud scam,3,0,Attempts to collect debt not owed Debt is not yours,False statements or representation
10492641,289,C_289,2024-10-17,Took or threatened to take negative or legal action,Sued you in a state where you do not live or did not sign for the debt,Genesys National Recovery Inc,PR,00730,Took or threatened to take negative or legal action Sued you in a state where you do not live or did not sign for the debt,took threatened take negative legal action sued state live sign debt,3,2,Took or threatened to take negative or legal action Threatened or suggested your credit would be damaged,Improper use of your report
10512395,291,C_291,2024-10-19,Attempts to collect debt not owed,Debt was paid,Tekcollect Inc,OK,73132,Attempts to collect debt not owed Debt was paid,attempts collect debt owed debt paid,10,3,Attempts to collect debt not owed Debt was paid,Attempts to collect debt not owed
10438419,292,C_292,2024-10-13,Struggling to pay mortgage,"Trying to communicate with the company to fix an issue related to modification, forbearance, short sale, deed-in-lieu, bankruptcy, or foreclosure",Vanderbilt Mortgage  Finance Inc,NC,27006,"Struggling to pay mortgage Trying to communicate with the company to fix an issue related to modification, forbearance, short sale, deed-in-lieu, bankruptcy, or foreclosure",struggling pay mortgage trying communicate company fix issue related modification forbearance short sale deedinlieu bankruptcy foreclosure,17,14,"Struggling to pay mortgage Trying to communicate with the company to fix an issue related to modification, forbearance, short sale, deed-in-lieu, bankruptcy, or foreclosure",Written notification about debt
10420940,294,C_294,2024-10-11,Trouble during payment process,Trying to communicate with the company to fix an issue while managing or servicing your loan,Burke Moore Law Group Llp,CA,90001,Trouble during payment process Trying to communicate with the company to fix an issue while managing or servicing your loan,trouble payment process trying communicate company fix issue managing servicing loan,3,6,Trouble during payment process Trying to communicate with the company to fix an issue while managing or servicing your loan,Attempts to collect debt not owed
10421137,295,C_295,2024-10-11,Managing an account,Funds not handled or disbursed as instructed,First Technology Federal Credit Union,OH,43054,Managing an account Funds not handled or disbursed as instructed,managing account funds handled disbursed instructed,3,6,Trouble during payment process Trying to communicate with the company to fix an issue while managing or servicing your loan,Attempts to collect debt not owed
10512363,298,C_298,2024-10-19,Attempts to collect debt not owed,Debt is not yours,Consumer Adjustment Co,CA,91915,Attempts to collect debt not owed Debt is not yours,attempts collect debt owed debt,23,0,Attempts to collect debt not owed Debt is not yours,False statements or representation
10493907,299,C_299,2024-10-17,Took or threatened to take negative or legal action,Threatened or suggested your credit would be damaged,Express Recovery Services Inc,VA,23220,Took or threatened to take negative or legal action Threatened or suggested your credit would be damaged,took threatened take negative legal action threatened suggested credit would damaged,18,2,Took or threatened to take negative or legal action Threatened or suggested your credit would be damaged,Improper use of your report
10583109,300,C_300,2024-10-25,Improper use of your report,Reporting company used your report improperly,Ability Recovery Services Llc,GA,30238,Improper use of your report Reporting company used your report improperly,improper use report reporting company used report improperly,8,9,Improper use of your report Reporting company used your report improperly,Incorrect information on your report
10583666,301,C_301,2024-10-25,Incorrect information on your report,Personal information incorrect,National Co,LA,70503,Incorrect information on your report Personal information incorrect,incorrect information report personal information incorrect,3,0,Attempts to collect debt not owed Debt is not yours,False statements or representation
10560650,306,C_306,2024-10-24,Incorrect information on your report,Information belongs to someone else,Indebted Co,PA,19150,Incorrect information on your report Information belongs to someone else,incorrect information report information belongs someone else,12,13,Incorrect information on your report Information belongs to someone else,Incorrect information on your report
10499654,307,C_307,2024-10-18,Attempts to collect debt not owed,Debt is not yours,Lj Ross Associates,OH,43229,Attempts to collect debt not owed Debt is not yours,attempts collect debt owed debt,23,0,Attempts to collect debt not owed Debt is not yours,False statements or representation
10496776,308,C_308,2024-10-19,Communication tactics,"You told them to stop contacting you, but they keep trying",Bell Global Services Llc,CA,94401,"Communication tactics You told them to stop contacting you, but they keep trying",communication tactics told stop contacting keep trying,3,6,Trouble during payment process Trying to communicate with the company to fix an issue while managing or servicing your loan,Attempts to collect debt not owed
10564470,314,C_314,2024-10-24,Incorrect information on your report,Account information incorrect,Betternoi Llc,FL,34746,Incorrect information on your report Account information incorrect,incorrect information report account information incorrect,13,2,Took or threatened to take negative or legal action Threatened or suggested your credit would be damaged,Improper use of your report
10494622,315,C_315,2024-10-17,Repossession,Loan balance remaining after the vehicle is repossessed and sold,Mercedes Benz Financial Services,CA,90001,Repossession Loan balance remaining after the vehicle is repossessed and sold,repossession loan balance remaining vehicle repossessed sold,22,14,"Struggling to pay mortgage Trying to communicate with the company to fix an issue related to modification, forbearance, short sale, deed-in-lieu, bankruptcy, or foreclosure",Written notification about debt
10369041,316,C_316,2024-10-08,False statements or representation,Attempted to collect wrong amount,Uscb Inc,CA,95841,False statements or representation Attempted to collect wrong amount,false statements representation attempted collect wrong amount,27,5,False statements or representation Attempted to collect wrong amount,Improper use of your report
9823927,322,C_322,2024-08-16,Other service problem,,Block Inc,OR,97229,Other service problem ,service problem,3,0,Attempts to collect debt not owed Debt is not yours,False statements or representation
10499949,323,C_323,2024-10-18,Charged fees or interest you didn't expect,,Paytomorrow Llc,UT,84404,Charged fees or interest you didn't expect ,charged fees interest didnt expect,1,6,Trouble during payment process Trying to communicate with the company to fix an issue while managing or servicing your loan,Attempts to collect debt not owed
10616498,324,C_324,2024-10-29,Improper use of your report,Reporting company used your report improperly,Bankers Auto Acceptance,CA,90001,Improper use of your report Reporting company used your report improperly,improper use report reporting company used report improperly,8,9,Improper use of your report Reporting company used your report improperly,Incorrect information on your report
10559626,331,C_331,2024-10-24,Written notification about debt,Didn't receive enough information to verify debt,United Credit And Co,NC,27545,Written notification about debt Didn't receive enough information to verify debt,written notification debt didnt receive enough information verify debt,16,16,Written notification about debt Didn't receive enough information to verify debt,Trouble during payment process
10489922,333,C_333,2024-10-17,Trouble during payment process,Fees charged,Acrisure Mortgage Partners Llc,NV,89166,Trouble during payment process Fees charged,trouble payment process fees charged,3,6,Trouble during payment process Trying to communicate with the company to fix an issue while managing or servicing your loan,Attempts to collect debt not owed
10566665,334,C_334,2024-10-24,Written notification about debt,Didn't receive enough information to verify debt,Account Managers Inc,WA,98466,Written notification about debt Didn't receive enough information to verify debt,written notification debt didnt receive enough information verify debt,16,16,Written notification about debt Didn't receive enough information to verify debt,Trouble during payment process
10567185,337,C_337,2024-10-24,Attempts to collect debt not owed,Debt was result of identity theft,First Federal Credit Co,FL,32818,Attempts to collect debt not owed Debt was result of identity theft,attempts collect debt owed debt result identity theft,28,3,Attempts to collect debt not owed Debt was paid,Attempts to collect debt not owed
10566391,339,C_339,2024-10-24,Applying for a mortgage or refinancing an existing mortgage,Application denials,St Mortgage Co,FL,32256,Applying for a mortgage or refinancing an existing mortgage Application denials,applying mortgage refinancing existing mortgage application denials,2,0,Attempts to collect debt not owed Debt is not yours,False statements or representation
10546411,341,C_341,2024-10-23,Problem with a company's investigation into an existing problem,Their investigation did not fix an error on your report,Castle Credit Co,TX,78214,Problem with a company's investigation into an existing problem Their investigation did not fix an error on your report,problem companys investigation existing problem investigation fix error report,4,4,Problem with a company's investigation into an existing problem Their investigation did not fix an error on your report,Trouble during payment process
10552933,344,C_344,2024-10-23,Managing the loan or lease,Billing problem,Mt Bank Co,NM,88220,Managing the loan or lease Billing problem,managing loan lease billing problem,3,6,Trouble during payment process Trying to communicate with the company to fix an issue while managing or servicing your loan,Attempts to collect debt not owed
10457563,346,C_346,2024-10-15,Problem with a purchase shown on your statement,Credit card company isn't resolving a dispute about a purchase on your statement,Tomocredit Inc,CA,90001,Problem with a purchase shown on your statement Credit card company isn't resolving a dispute about a purchase on your statement,problem purchase shown statement credit card company isnt resolving dispute purchase statement,3,6,Trouble during payment process Trying to communicate with the company to fix an issue while managing or servicing your loan,Attempts to collect debt not owed
10523553,352,C_352,2024-10-21,Incorrect information on your report,Account information incorrect,Alorica Inc,AL,35004,Incorrect information on your report Account information incorrect,incorrect information report account information incorrect,13,2,Took or threatened to take negative or legal action Threatened or suggested your credit would be damaged,Improper use of your report
10518031,354,C_354,2024-10-20,Attempts to collect debt not owed,Debt is not yours,Enium Capital Group Llc,CO,80909,Attempts to collect debt not owed Debt is not yours,attempts collect debt owed debt,20,8,Attempts to collect debt not owed Debt is not yours,Written notification about debt
10514116,357,C_357,2024-10-20,False statements or representation,Attempted to collect wrong amount,Higher Education Servicing Co,TX,79924,False statements or representation Attempted to collect wrong amount,false statements representation attempted collect wrong amount,6,5,False statements or representation Attempted to collect wrong amount,Improper use of your report
10489111,360,C_360,2024-10-17,Incorrect information on your report,Account status incorrect,Continental Finance Co,IA,50501,Incorrect information on your report Account status incorrect,incorrect information report account status incorrect,14,13,Incorrect information on your report Information belongs to someone else,Incorrect information on your report
10542609,363,C_363,2024-10-21,Trouble during payment process,Payment process,Selene Holdings Llc,FL,34759,Trouble during payment process Payment process,trouble payment process payment process,3,6,Trouble during payment process Trying to communicate with the company to fix an issue while managing or servicing your loan,Attempts to collect debt not owed
10432678,364,C_364,2024-10-12,Incorrect information on your report,Information belongs to someone else,Corelogic Inc,NC,28269,Incorrect information on your report Information belongs to someone else,incorrect information report information belongs someone else,12,13,Incorrect information on your report Information belongs to someone else,Incorrect information on your report
10506964,366,C_366,2024-10-18,Attempts to collect debt not owed,Debt was paid,Ctech Co,NJ,08087,Attempts to collect debt not owed Debt was paid,attempts collect debt owed debt paid,25,0,Attempts to collect debt not owed Debt is not yours,False statements or representation
10524409,370,C_370,2024-10-21,Managing the loan or lease,Problem with fees charged,Apg Financial Inc,UT,84005,Managing the loan or lease Problem with fees charged,managing loan lease problem fees charged,3,6,Trouble during payment process Trying to communicate with the company to fix an issue while managing or servicing your loan,Attempts to collect debt not owed
10499828,371,C_371,2024-10-18,False statements or representation,Attempted to collect wrong amount,National Co,GA,39842,False statements or representation Attempted to collect wrong amount,false statements representation attempted collect wrong amount,27,5,False statements or representation Attempted to collect wrong amount,Improper use of your report
10500951,374,C_374,2024-10-18,Struggling to repay your loan,Can't temporarily delay making payments,Earnest Inc,MD,20720,Struggling to repay your loan Can't temporarily delay making payments,struggling repay loan cant temporarily delay making payments,3,6,Trouble during payment process Trying to communicate with the company to fix an issue while managing or servicing your loan,Attempts to collect debt not owed
10527535,376,C_376,2024-10-18,Incorrect information on your report,Information belongs to someone else,Atlanticus Services Co,NY,10002,Incorrect information on your report Information belongs to someone else,incorrect information report information belongs someone else,12,13,Incorrect information on your report Information belongs to someone else,Incorrect information on your report
10432947,377,C_377,2024-10-12,Took or threatened to take negative or legal action,Threatened or suggested your credit would be damaged,Exeter Finance Llc,KY,41274,Took or threatened to take negative or legal action Threatened or suggested your credit would be damaged,took threatened take negative legal action threatened suggested credit would damaged,18,2,Took or threatened to take negative or legal action Threatened or suggested your credit would be damaged,Improper use of your report
10530957,380,C_380,2024-10-21,Written notification about debt,Didn't receive enough information to verify debt,Velocity Portfolio Group,TX,77040,Written notification about debt Didn't receive enough information to verify debt,written notification debt didnt receive enough information verify debt,11,7,Written notification about debt Didn't receive notice of right to dispute,Improper use of your report
10507887,382,C_382,2024-10-20,Took or threatened to take negative or legal action,Sued you without properly notifying you of lawsuit,Andrews Co,IN,46806,Took or threatened to take negative or legal action Sued you without properly notifying you of lawsuit,took threatened take negative legal action sued without properly notifying lawsuit,13,2,Took or threatened to take negative or legal action Threatened or suggested your credit would be damaged,Improper use of your report
10504660,383,C_383,2024-10-18,Improper use of your report,Reporting company used your report improperly,Tulsa Adjustment Bureau,UT,84404,Improper use of your report Reporting company used your report improperly,improper use report reporting company used report improperly,8,9,Improper use of your report Reporting company used your report improperly,Incorrect information on your report
10433275,387,C_387,2024-10-12,Struggling to repay your loan,Can't get other flexible options for repaying your loan,Climb Credit Inc,KY,40511,Struggling to repay your loan Can't get other flexible options for repaying your loan,struggling repay loan cant get flexible options repaying loan,3,6,Trouble during payment process Trying to communicate with the company to fix an issue while managing or servicing your loan,Attempts to collect debt not owed
10511582,389,C_389,2024-10-19,Attempts to collect debt not owed,Debt is not yours,Eastern Account Systems Of Co,AL,36092,Attempts to collect debt not owed Debt is not yours,attempts collect debt owed debt,5,10,Attempts to collect debt not owed Debt is not yours,Attempts to collect debt not owed
10486432,396,C_396,2024-10-17,Incorrect information on your report,Account information incorrect,Ford Motor Credit Co,CA,92780,Incorrect information on your report Account information incorrect,incorrect information report account information incorrect,13,2,Took or threatened to take negative or legal action Threatened or suggested your credit would be damaged,Improper use of your report
10488276,401,C_401,2024-10-17,Managing an account,Deposits and withdrawals,Southstate Co,SC,29001,Managing an account Deposits and withdrawals,managing account deposits withdrawals,3,6,Trouble during payment process Trying to communicate with the company to fix an issue while managing or servicing your loan,Attempts to collect debt not owed
10505035,402,C_402,2024-10-18,Attempts to collect debt not owed,Debt was paid,American Management Services Inc,UT,84651,Attempts to collect debt not owed Debt was paid,attempts collect debt owed debt paid,25,0,Attempts to collect debt not owed Debt is not yours,False statements or representation
10449496,403,C_403,2024-10-14,Managing an account,Deposits and withdrawals,Indie Technology Dba Found,TX,77541,Managing an account Deposits and withdrawals,managing account deposits withdrawals,3,6,Trouble during payment process Trying to communicate with the company to fix an issue while managing or servicing your loan,Attempts to collect debt not owed
10433593,404,C_404,2024-10-12,Incorrect information on your report,Account status incorrect,Carmax Inc,NC,28110,Incorrect information on your report Account status incorrect,incorrect information report account status incorrect,26,2,Took or threatened to take negative or legal action Threatened or suggested your credit would be damaged,Improper use of your report
10438228,405,C_405,2024-10-13,Written notification about debt,Didn't receive enough information to verify debt,Firstsource Business Process Services Llc,NH,03062,Written notification about debt Didn't receive enough information to verify debt,written notification debt didnt receive enough information verify debt,11,7,Written notification about debt Didn't receive notice of right to dispute,Improper use of your report
10434816,406,C_406,2024-10-12,Written notification about debt,Didn't receive enough information to verify debt,Revenue Enterprises Llc,OK,73160,Written notification about debt Didn't receive enough information to verify debt,written notification debt didnt receive enough information verify debt,11,7,Written notification about debt Didn't receive notice of right to dispute,Improper use of your report
10296755,407,C_407,2024-09-30,False statements or representation,Attempted to collect wrong amount,National Credit Systemsinc,SC,29662,False statements or representation Attempted to collect wrong amount,false statements representation attempted collect wrong amount,27,5,False statements or representation Attempted to collect wrong amount,Improper use of your report
10434438,408,C_408,2024-10-12,Attempts to collect debt not owed,Debt is not yours,Rentdebt Automated Co,TX,77598,Attempts to collect debt not owed Debt is not yours,attempts collect debt owed debt,23,0,Attempts to collect debt not owed Debt is not yours,False statements or representation
10445173,409,C_409,2024-10-15,Attempts to collect debt not owed,Debt was result of identity theft,Huntington National Bank The,MI,48021,Attempts to collect debt not owed Debt was result of identity theft,attempts collect debt owed debt result identity theft,28,3,Attempts to collect debt not owed Debt was paid,Attempts to collect debt not owed
10445508,413,C_413,2024-10-15,Trouble during payment process,Trying to communicate with the company to fix an issue while managing or servicing your loan,Fay Servicing Llc,NC,28235,Trouble during payment process Trying to communicate with the company to fix an issue while managing or servicing your loan,trouble payment process trying communicate company fix issue managing servicing loan,3,6,Trouble during payment process Trying to communicate with the company to fix an issue while managing or servicing your loan,Attempts to collect debt not owed
10449192,416,C_416,2024-10-14,Took or threatened to take negative or legal action,Threatened or suggested your credit would be damaged,Law Office Of Michael J Scott Pc,TX,73301,Took or threatened to take negative or legal action Threatened or suggested your credit would be damaged,took threatened take negative legal action threatened suggested credit would damaged,18,2,Took or threatened to take negative or legal action Threatened or suggested your credit would be damaged,Improper use of your report
10434969,417,C_417,2024-10-12,Took or threatened to take negative or legal action,Sued you without properly notifying you of lawsuit,Klima Peters  Daly Pa,VA,23503,Took or threatened to take negative or legal action Sued you without properly notifying you of lawsuit,took threatened take negative legal action sued without properly notifying lawsuit,13,2,Took or threatened to take negative or legal action Threatened or suggested your credit would be damaged,Improper use of your report
10426590,418,C_418,2024-10-11,Incorrect information on your report,Public record information inaccurate,Certified Credit Reporting Inc,UM,96901,Incorrect information on your report Public record information inaccurate,incorrect information report public record information inaccurate,3,0,Attempts to collect debt not owed Debt is not yours,False statements or representation
10463346,419,C_419,2024-10-15,Struggling to pay mortgage,"Trying to communicate with the company to fix an issue related to modification, forbearance, short sale, deed-in-lieu, bankruptcy, or foreclosure",Planet Home Lending Llc,CA,95992,"Struggling to pay mortgage Trying to communicate with the company to fix an issue related to modification, forbearance, short sale, deed-in-lieu, bankruptcy, or foreclosure",struggling pay mortgage trying communicate company fix issue related modification forbearance short sale deedinlieu bankruptcy foreclosure,17,14,"Struggling to pay mortgage Trying to communicate with the company to fix an issue related to modification, forbearance, short sale, deed-in-lieu, bankruptcy, or foreclosure",Written notification about debt
10426303,420,C_420,2024-10-12,Written notification about debt,Didn't receive enough information to verify debt,Collections Acquisition Co,SC,29483,Written notification about debt Didn't receive enough information to verify debt,written notification debt didnt receive enough information verify debt,11,7,Written notification about debt Didn't receive notice of right to dispute,Improper use of your report
10428917,421,C_421,2024-10-11,Improper use of your report,Reporting company used your report improperly,Lendbuzz Inc,FL,33486,Improper use of your report Reporting company used your report improperly,improper use report reporting company used report improperly,0,11,Improper use of your report Reporting company used your report improperly,Struggling to pay mortgage
10427734,422,C_422,2024-10-11,Attempts to collect debt not owed,Debt is not yours,Mandarich Law Group Llp,FL,33803,Attempts to collect debt not owed Debt is not yours,attempts collect debt owed debt,20,8,Attempts to collect debt not owed Debt is not yours,Written notification about debt
10520681,425,C_425,2024-10-22,Incorrect information on your report,Account information incorrect,World Omni Financial Co,FL,34231,Incorrect information on your report Account information incorrect,incorrect information report account information incorrect,13,2,Took or threatened to take negative or legal action Threatened or suggested your credit would be damaged,Improper use of your report
10412880,426,C_426,2024-10-10,Threatened to contact someone or share information improperly,Talked to a third-party about your debt,Wa Intermediate Co,GA,30024,Threatened to contact someone or share information improperly Talked to a third-party about your debt,threatened contact someone share information improperly talked thirdparty debt,19,15,Threatened to contact someone or share information improperly Talked to a third-party about your debt,Attempts to collect debt not owed
10420390,428,C_428,2024-10-11,Problems at the end of the loan or lease,Problem extending the lease,Nissan Motor Acceptance Co,NY,12522,Problems at the end of the loan or lease Problem extending the lease,problems end loan lease problem extending lease,3,6,Trouble during payment process Trying to communicate with the company to fix an issue while managing or servicing your loan,Attempts to collect debt not owed
10524764,429,C_429,2024-10-21,Written notification about debt,Didn't receive enough information to verify debt,Unifin Inc,AL,35004,Written notification about debt Didn't receive enough information to verify debt,written notification debt didnt receive enough information verify debt,16,16,Written notification about debt Didn't receive enough information to verify debt,Trouble during payment process
10411300,430,C_430,2024-10-10,False statements or representation,Attempted to collect wrong amount,Westcreek Financial,GA,30092,False statements or representation Attempted to collect wrong amount,false statements representation attempted collect wrong amount,6,5,False statements or representation Attempted to collect wrong amount,Improper use of your report
10558527,431,C_431,2024-10-23,Improper use of your report,Credit inquiries on your report that you don't recognize,Open Dealer Exchange Llc,GA,30680,Improper use of your report Credit inquiries on your report that you don't recognize,improper use report credit inquiries report dont recognize,7,12,Improper use of your report Credit inquiries on your report that you don't recognize,Trouble during payment process
10540857,432,C_432,2024-10-22,Attempts to collect debt not owed,Debt is not yours,Io Inc,GA,30058,Attempts to collect debt not owed Debt is not yours,attempts collect debt owed debt,5,10,Attempts to collect debt not owed Debt is not yours,Attempts to collect debt not owed
10418959,433,C_433,2024-10-11,Managing an account,Problem accessing account,Charles Schwab Co,NY,11217,Managing an account Problem accessing account,managing account problem accessing account,3,6,Trouble during payment process Trying to communicate with the company to fix an issue while managing or servicing your loan,Attempts to collect debt not owed
10471857,434,C_434,2024-10-17,False statements or representation,Attempted to collect wrong amount,Caine  Weiner Co,NJ,07306,False statements or representation Attempted to collect wrong amount,false statements representation attempted collect wrong amount,6,5,False statements or representation Attempted to collect wrong amount,Improper use of your report
10499315,436,C_436,2024-10-18,Attempts to collect debt not owed,Debt is not yours,Trueaccord Co,MI,48001,Attempts to collect debt not owed Debt is not yours,attempts collect debt owed debt,20,8,Attempts to collect debt not owed Debt is not yours,Written notification about debt
10411845,437,C_437,2024-10-10,Charged fees or interest you didn't expect,,Dave Operating Llc,TX,78665,Charged fees or interest you didn't expect ,charged fees interest didnt expect,1,6,Trouble during payment process Trying to communicate with the company to fix an issue while managing or servicing your loan,Attempts to collect debt not owed
10415794,438,C_438,2024-10-10,Other transaction problem,,Bank Of New York Mellon Co,NY,10001,Other transaction problem ,transaction problem,3,6,Trouble during payment process Trying to communicate with the company to fix an issue while managing or servicing your loan,Attempts to collect debt not owed
10359609,439,C_439,2024-10-05,Problem with a company's investigation into an existing problem,Their investigation did not fix an error on your report,Nationwide Acceptance Llc,FL,32303,Problem with a company's investigation into an existing problem Their investigation did not fix an error on your report,problem companys investigation existing problem investigation fix error report,4,4,Problem with a company's investigation into an existing problem Their investigation did not fix an error on your report,Trouble during payment process
10327625,440,C_440,2024-10-02,Problem with a company's investigation into an existing problem,Investigation took more than 30 days,Mercury Financial Intermediate Llc,MD,21229,Problem with a company's investigation into an existing problem Investigation took more than 30 days,problem companys investigation existing problem investigation took days,4,4,Problem with a company's investigation into an existing problem Their investigation did not fix an error on your report,Trouble during payment process
10397494,441,C_441,2024-10-10,Incorrect information on your report,Account status incorrect,Ccf Intermediate Holdings Llc,CO,80014,Incorrect information on your report Account status incorrect,incorrect information report account status incorrect,26,2,Took or threatened to take negative or legal action Threatened or suggested your credit would be damaged,Improper use of your report
10525505,442,C_442,2024-10-21,False statements or representation,Attempted to collect wrong amount,Southern Financial Systems Inc,MS,39402,False statements or representation Attempted to collect wrong amount,false statements representation attempted collect wrong amount,6,5,False statements or representation Attempted to collect wrong amount,Improper use of your report
10459944,446,C_446,2024-10-15,Problem with a purchase or transfer,Charged for a purchase or transfer you did not make with the card,Comerica,GA,31516,Problem with a purchase or transfer Charged for a purchase or transfer you did not make with the card,problem purchase transfer charged purchase transfer make card,3,6,Trouble during payment process Trying to communicate with the company to fix an issue while managing or servicing your loan,Attempts to collect debt not owed
10437271,447,C_447,2024-10-13,Incorrect information on your report,Account information incorrect,Kikoff Inc,CA,95821,Incorrect information on your report Account information incorrect,incorrect information report account information incorrect,13,2,Took or threatened to take negative or legal action Threatened or suggested your credit would be damaged,Improper use of your report
10435271,448,C_448,2024-10-12,Attempts to collect debt not owed,Debt is not yours,Delphi Law Group Llp,CA,92506,Attempts to collect debt not owed Debt is not yours,attempts collect debt owed debt,21,3,Attempts to collect debt not owed Debt was paid,Attempts to collect debt not owed
10473976,449,C_449,2024-10-16,Problem with a company's investigation into an existing problem,Their investigation did not fix an error on your report,Avant Holding Co,VA,20040,Problem with a company's investigation into an existing problem Their investigation did not fix an error on your report,problem companys investigation existing problem investigation fix error report,4,4,Problem with a company's investigation into an existing problem Their investigation did not fix an error on your report,Trouble during payment process
10448913,450,C_450,2024-10-14,Communication tactics,Frequent or repeated calls,Aespheaa,TX,77346,Communication tactics Frequent or repeated calls,communication tactics frequent repeated calls,3,1,Attempts to collect debt not owed Debt was result of identity theft,Struggling to pay mortgage
10373431,452,C_452,2024-10-07,False statements or representation,Attempted to collect wrong amount,Bth Management,TX,77429,False statements or representation Attempted to collect wrong amount,false statements representation attempted collect wrong amount,27,5,False statements or representation Attempted to collect wrong amount,Improper use of your report
10139782,453,C_453,2024-09-16,Attempts to collect debt not owed,Debt was result of identity theft,Credit Co,LA,70001,Attempts to collect debt not owed Debt was result of identity theft,attempts collect debt owed debt result identity theft,15,1,Attempts to collect debt not owed Debt was result of identity theft,Struggling to pay mortgage
10579866,454,C_454,2024-10-25,Electronic communications,Frequent or repeated messages,Medical Data Systems Inc,SC,29588,Electronic communications Frequent or repeated messages,electronic communications frequent repeated messages,3,2,Took or threatened to take negative or legal action Threatened or suggested your credit would be damaged,Improper use of your report
10449644,456,C_456,2024-10-14,False statements or representation,Attempted to collect wrong amount,Valentine And Kebartas Inc,NJ,08527,False statements or representation Attempted to collect wrong amount,false statements representation attempted collect wrong amount,27,5,False statements or representation Attempted to collect wrong amount,Improper use of your report
10560339,457,C_457,2024-10-24,Managing an account,Problem using a debit or ATM card,Transferwise Ltd,MN,55124,Managing an account Problem using a debit or ATM card,managing account problem using debit atm card,1,6,Trouble during payment process Trying to communicate with the company to fix an issue while managing or servicing your loan,Attempts to collect debt not owed
10571340,458,C_458,2024-10-25,Improper use of your report,Credit inquiries on your report that you don't recognize,Avid Acceptance Llc,IL,60409,Improper use of your report Credit inquiries on your report that you don't recognize,improper use report credit inquiries report dont recognize,24,12,Improper use of your report Credit inquiries on your report that you don't recognize,Trouble during payment process
10254258,459,C_459,2024-09-24,Improper use of your report,Credit inquiries on your report that you don't recognize,Toyota Credit De Puerto Rico Co,PR,00623,Improper use of your report Credit inquiries on your report that you don't recognize,improper use report credit inquiries report dont recognize,7,12,Improper use of your report Credit inquiries on your report that you don't recognize,Trouble during payment process
10267337,460,C_460,2024-09-27,Unauthorized transactions or other transaction problem,,Solo Funds Inc,TX,75034,Unauthorized transactions or other transaction problem ,unauthorized transactions transaction problem,15,0,Attempts to collect debt not owed Debt is not yours,False statements or representation
10510961,461,C_461,2024-10-19,Electronic communications,Frequent or repeated messages,Halsted Financial Services Llc,GA,30066,Electronic communications Frequent or repeated messages,electronic communications frequent repeated messages,3,2,Took or threatened to take negative or legal action Threatened or suggested your credit would be damaged,Improper use of your report
10474612,462,C_462,2024-10-16,Attempts to collect debt not owed,Debt is not yours,Credit Co,FL,34746,Attempts to collect debt not owed Debt is not yours,attempts collect debt owed debt,5,10,Attempts to collect debt not owed Debt is not yours,Attempts to collect debt not owed
10561300,464,C_464,2024-10-24,Took or threatened to take negative or legal action,Threatened or suggested your credit would be damaged,Kbr Inc,TX,77082,Took or threatened to take negative or legal action Threatened or suggested your credit would be damaged,took threatened take negative legal action threatened suggested credit would damaged,18,2,Took or threatened to take negative or legal action Threatened or suggested your credit would be damaged,Improper use of your report
10284408,465,C_465,2024-09-28,Closing an account,Can't close your account,Banc Of California Inc,CA,90001,Closing an account Can't close your account,closing account cant close account,3,6,Trouble during payment process Trying to communicate with the company to fix an issue while managing or servicing your loan,Attempts to collect debt not owed
10563089,466,C_466,2024-10-24,Written notification about debt,Didn't receive enough information to verify debt,Receivables Management Partners Llc,IN,46220,Written notification about debt Didn't receive enough information to verify debt,written notification debt didnt receive enough information verify debt,11,7,Written notification about debt Didn't receive notice of right to dispute,Improper use of your report
10541896,467,C_467,2024-10-22,Took or threatened to take negative or legal action,Threatened or suggested your credit would be damaged,Aldous  Associates Pllc,NY,10459,Took or threatened to take negative or legal action Threatened or suggested your credit would be damaged,took threatened take negative legal action threatened suggested credit would damaged,18,2,Took or threatened to take negative or legal action Threatened or suggested your credit would be damaged,Improper use of your report
10565652,468,C_468,2024-10-24,Problem with a company's investigation into an existing problem,Their investigation did not fix an error on your report,Bepensa Capital Inc,PA,19126,Problem with a company's investigation into an existing problem Their investigation did not fix an error on your report,problem companys investigation existing problem investigation fix error report,4,4,Problem with a company's investigation into an existing problem Their investigation did not fix an error on your report,Trouble during payment process
10548843,469,C_469,2024-10-24,Took or threatened to take negative or legal action,Threatened or suggested your credit would be damaged,Security Credit Services Llc,NJ,07016,Took or threatened to take negative or legal action Threatened or suggested your credit would be damaged,took threatened take negative legal action threatened suggested credit would damaged,18,2,Took or threatened to take negative or legal action Threatened or suggested your credit would be damaged,Improper use of your report
10432277,470,C_470,2024-10-12,Repossession,Loan balance remaining after the vehicle is repossessed and sold,Byrider Franchising Llc,TN,37090,Repossession Loan balance remaining after the vehicle is repossessed and sold,repossession loan balance remaining vehicle repossessed sold,22,14,"Struggling to pay mortgage Trying to communicate with the company to fix an issue related to modification, forbearance, short sale, deed-in-lieu, bankruptcy, or foreclosure",Written notification about debt
10561458,471,C_471,2024-10-24,Improper use of your report,Reporting company used your report improperly,Gla Co,KY,40502,Improper use of your report Reporting company used your report improperly,improper use report reporting company used report improperly,0,11,Improper use of your report Reporting company used your report improperly,Struggling to pay mortgage
10512954,472,C_472,2024-10-19,Incorrect information on your report,Information belongs to someone else,Hw Holding Inc,GA,30236,Incorrect information on your report Information belongs to someone else,incorrect information report information belongs someone else,12,13,Incorrect information on your report Information belongs to someone else,Incorrect information on your report
10556453,473,C_473,2024-10-23,Incorrect information on your report,Information belongs to someone else,Credit Karma Llc,WA,98031,Incorrect information on your report Information belongs to someone else,incorrect information report information belongs someone else,12,13,Incorrect information on your report Information belongs to someone else,Incorrect information on your report
10471895,474,C_474,2024-10-16,Improper use of your report,Credit inquiries on your report that you don't recognize,Ldf Holdings Llc,FL,33175,Improper use of your report Credit inquiries on your report that you don't recognize,improper use report credit inquiries report dont recognize,7,12,Improper use of your report Credit inquiries on your report that you don't recognize,Trouble during payment process
10439695,475,C_475,2024-10-13,Improper use of your report,Reporting company used your report improperly,Security Finance Co,NC,28269,Improper use of your report Reporting company used your report improperly,improper use report reporting company used report improperly,8,9,Improper use of your report Reporting company used your report improperly,Incorrect information on your report
10440563,476,C_476,2024-10-13,Improper use of your report,Reporting company used your report improperly,First National Bank Of Omaha,PA,19124,Improper use of your report Reporting company used your report improperly,improper use report reporting company used report improperly,8,9,Improper use of your report Reporting company used your report improperly,Incorrect information on your report
10442143,477,C_477,2024-10-13,Other transaction problem,,Mercury Technologies Inc,KY,40509,Other transaction problem ,transaction problem,3,6,Trouble during payment process Trying to communicate with the company to fix an issue while managing or servicing your loan,Attempts to collect debt not owed
10535493,479,C_479,2024-10-22,Communication tactics,Frequent or repeated calls,Chaplin  Papa Pc,VA,20190,Communication tactics Frequent or repeated calls,communication tactics frequent repeated calls,3,1,Attempts to collect debt not owed Debt was result of identity theft,Struggling to pay mortgage
10448015,480,C_480,2024-10-14,Problem with a company's investigation into an existing problem,Their investigation did not fix an error on your report,Veros Credit Llc,TX,77065,Problem with a company's investigation into an existing problem Their investigation did not fix an error on your report,problem companys investigation existing problem investigation fix error report,4,4,Problem with a company's investigation into an existing problem Their investigation did not fix an error on your report,Trouble during payment process
10535171,481,C_481,2024-10-22,Incorrect information on your report,Information belongs to someone else,Credit Union Mortgage Association Inc,TN,37206,Incorrect information on your report Information belongs to someone else,incorrect information report information belongs someone else,12,13,Incorrect information on your report Information belongs to someone else,Incorrect information on your report
10420902,482,C_482,2024-10-11,Trouble during payment process,"Escrow, taxes, or insurance",Lakeview Loan Servicing Llc,TX,75154,"Trouble during payment process Escrow, taxes, or insurance",trouble payment process escrow taxes insurance,3,0,Attempts to collect debt not owed Debt is not yours,False statements or representation
10556540,484,C_484,2024-10-23,Incorrect information on your report,Account status incorrect,The Receivable Management Services Llc,IL,61449,Incorrect information on your report Account status incorrect,incorrect information report account status incorrect,26,2,Took or threatened to take negative or legal action Threatened or suggested your credit would be damaged,Improper use of your report
10551222,486,C_486,2024-10-23,Attempts to collect debt not owed,Debt is not yours,Nathan  Nathan Pc,GA,30014,Attempts to collect debt not owed Debt is not yours,attempts collect debt owed debt,23,0,Attempts to collect debt not owed Debt is not yours,False statements or representation
10476748,487,C_487,2024-10-16,Written notification about debt,Didn't receive enough information to verify debt,Credit Co,TX,75407,Written notification about debt Didn't receive enough information to verify debt,written notification debt didnt receive enough information verify debt,16,16,Written notification about debt Didn't receive enough information to verify debt,Trouble during payment process
10217057,488,C_488,2024-09-24,Attempts to collect debt not owed,Debt was paid,Hsbc North America Holdings Inc,LA,70810,Attempts to collect debt not owed Debt was paid,attempts collect debt owed debt paid,10,0,Attempts to collect debt not owed Debt is not yours,False statements or representation
10455775,489,C_489,2024-10-16,Communication tactics,Frequent or repeated calls,Red Target Llc,WA,98036,Communication tactics Frequent or repeated calls,communication tactics frequent repeated calls,3,1,Attempts to collect debt not owed Debt was result of identity theft,Struggling to pay mortgage
10414922,490,C_490,2024-10-10,False statements or representation,Attempted to collect wrong amount,Midatlantic Finance Co,NC,27006,False statements or representation Attempted to collect wrong amount,false statements representation attempted collect wrong amount,6,5,False statements or representation Attempted to collect wrong amount,Improper use of your report
10524597,494,C_494,2024-10-21,Fraud or scam,,Remitly Inc,TN,38139,Fraud or scam ,fraud scam,3,0,Attempts to collect debt not owed Debt is not yours,False statements or representation
10512581,495,C_495,2024-10-19,Written notification about debt,Didn't receive enough information to verify debt,The Cmi Group Inc,TX,75208,Written notification about debt Didn't receive enough information to verify debt,written notification debt didnt receive enough information verify debt,16,16,Written notification about debt Didn't receive enough information to verify debt,Trouble during payment process
10456885,496,C_496,2024-10-15,Attempts to collect debt not owed,Debt was paid,Rausch Sturm Llp,TX,77494,Attempts to collect debt not owed Debt was paid,attempts collect debt owed debt paid,10,0,Attempts to collect debt not owed Debt is not yours,False statements or representation
10458345,497,C_497,2024-10-15,Struggling to pay mortgage,Foreclosure,Peer Advisors Llc,CT,06854,Struggling to pay mortgage Foreclosure,struggling pay mortgage foreclosure,17,14,"Struggling to pay mortgage Trying to communicate with the company to fix an issue related to modification, forbearance, short sale, deed-in-lieu, bankruptcy, or foreclosure",Written notification about debt
10539281,498,C_498,2024-10-22,Written notification about debt,Didn't receive enough information to verify debt,Sun Loan Co,NM,87106,Written notification about debt Didn't receive enough information to verify debt,written notification debt didnt receive enough information verify debt,11,7,Written notification about debt Didn't receive notice of right to dispute,Improper use of your report
10433211,499,C_499,2024-10-12,False statements or representation,Attempted to collect wrong amount,Frostarnett Co,KS,66002,False statements or representation Attempted to collect wrong amount,false statements representation attempted collect wrong amount,27,5,False statements or representation Attempted to collect wrong amount,Improper use of your report
10432832,500,C_500,2024-10-12,Attempts to collect debt not owed,Debt is not yours,Ts Holdings,TN,37214,Attempts to collect debt not owed Debt is not yours,attempts collect debt owed debt,23,0,Attempts to collect debt not owed Debt is not yours,False statements or representation
10412136,501,C_501,2024-10-10,Applying for a mortgage or refinancing an existing mortgage,Trying to communicate with the company to fix an issue with the application process,United Shore Financial Services Llc,NC,28376,Applying for a mortgage or refinancing an existing mortgage Trying to communicate with the company to fix an issue with the application process,applying mortgage refinancing existing mortgage trying communicate company fix issue application process,3,0,Attempts to collect debt not owed Debt is not yours,False statements or representation
10447011,502,C_502,2024-10-14,Improper use of your report,Reporting company used your report improperly,Oportun Financial Co,PA,19144,Improper use of your report Reporting company used your report improperly,improper use report reporting company used report improperly,8,9,Improper use of your report Reporting company used your report improperly,Incorrect information on your report
10518203,503,C_503,2024-10-20,False statements or representation,Attempted to collect wrong amount,Financial Assistance Inc,WA,98516,False statements or representation Attempted to collect wrong amount,false statements representation attempted collect wrong amount,6,5,False statements or representation Attempted to collect wrong amount,Improper use of your report
10559431,504,C_504,2024-10-24,Written notification about debt,Didn't receive enough information to verify debt,Grant Mercantile Ag,IL,60438,Written notification about debt Didn't receive enough information to verify debt,written notification debt didnt receive enough information verify debt,16,16,Written notification about debt Didn't receive enough information to verify debt,Trouble during payment process
10434365,505,C_505,2024-10-12,Incorrect information on your report,Information belongs to someone else,First Portfolio Servicing Inc,TX,79761,Incorrect information on your report Information belongs to someone else,incorrect information report information belongs someone else,12,13,Incorrect information on your report Information belongs to someone else,Incorrect information on your report
10433789,506,C_506,2024-10-12,Incorrect information on your report,Account status incorrect,General Motors Financial Co,FL,33025,Incorrect information on your report Account status incorrect,incorrect information report account status incorrect,14,13,Incorrect information on your report Information belongs to someone else,Incorrect information on your report
9949502,507,C_507,2024-08-28,Attempts to collect debt not owed,Debt is not yours,Neuhauser Law Pllc,OH,43001,Attempts to collect debt not owed Debt is not yours,attempts collect debt owed debt,5,10,Attempts to collect debt not owed Debt is not yours,Attempts to collect debt not owed
10439412,508,C_508,2024-10-13,Getting a loan,Loan opened without my consent or knowledge,Slm Co,PA,15001,Getting a loan Loan opened without my consent or knowledge,getting loan loan opened without consent knowledge,3,6,Trouble during payment process Trying to communicate with the company to fix an issue while managing or servicing your loan,Attempts to collect debt not owed
10423477,510,C_510,2024-10-12,Didn't provide services promised,,Bridge It Inc,AZ,86409,Didn't provide services promised ,didnt provide services promised,3,0,Attempts to collect debt not owed Debt is not yours,False statements or representation
10434539,512,C_512,2024-10-12,False statements or representation,Attempted to collect wrong amount,Sentry Credit Inc,GA,30080,False statements or representation Attempted to collect wrong amount,false statements representation attempted collect wrong amount,27,5,False statements or representation Attempted to collect wrong amount,Improper use of your report
10426884,514,C_514,2024-10-11,Charged fees or interest you didn't expect,,Axos Financial Inc,AZ,85326,Charged fees or interest you didn't expect ,charged fees interest didnt expect,1,6,Trouble during payment process Trying to communicate with the company to fix an issue while managing or servicing your loan,Attempts to collect debt not owed
10428073,515,C_515,2024-10-11,Attempts to collect debt not owed,Debt was paid,Real Time Group Inc,CA,90001,Attempts to collect debt not owed Debt was paid,attempts collect debt owed debt paid,10,3,Attempts to collect debt not owed Debt was paid,Attempts to collect debt not owed
10428136,516,C_516,2024-10-11,Incorrect information on your report,Information belongs to someone else,Ava Finance Inc,GA,30144,Incorrect information on your report Information belongs to someone else,incorrect information report information belongs someone else,12,13,Incorrect information on your report Information belongs to someone else,Incorrect information on your report
10448361,517,C_517,2024-10-14,Incorrect information on your report,Account status incorrect,Cherry Technologies Inc,CA,91202,Incorrect information on your report Account status incorrect,incorrect information report account status incorrect,14,13,Incorrect information on your report Information belongs to someone else,Incorrect information on your report
10506889,518,C_518,2024-10-18,Fraud or scam,,Billcom Llc,GA,30097,Fraud or scam ,fraud scam,3,0,Attempts to collect debt not owed Debt is not yours,False statements or representation
10417307,519,C_519,2024-10-11,Problem when making payments,,Enova International Inc,NJ,07008,Problem when making payments ,problem making payments,1,6,Trouble during payment process Trying to communicate with the company to fix an issue while managing or servicing your loan,Attempts to collect debt not owed
10367130,520,C_520,2024-10-08,Unauthorized transactions or other transaction problem,,Novo Platform Inc,CA,92833,Unauthorized transactions or other transaction problem ,unauthorized transactions transaction problem,15,0,Attempts to collect debt not owed Debt is not yours,False statements or representation
10385718,521,C_521,2024-10-08,Closing an account,Funds not received from closed account,First Bancorp North Carolina,SC,29611,Closing an account Funds not received from closed account,closing account funds received closed account,2,0,Attempts to collect debt not owed Debt is not yours,False statements or representation
10548970,523,C_523,2024-10-24,Attempts to collect debt not owed,Debt is not yours,Regional Management Co,IL,60633,Attempts to collect debt not owed Debt is not yours,attempts collect debt owed debt,5,10,Attempts to collect debt not owed Debt is not yours,Attempts to collect debt not owed
10526379,525,C_525,2024-10-21,Getting a loan or lease,Credit denial,Porsche Financial Services Inc,FL,32836,Getting a loan or lease Credit denial,getting loan lease credit denial,3,6,Trouble during payment process Trying to communicate with the company to fix an issue while managing or servicing your loan,Attempts to collect debt not owed
10371024,526,C_526,2024-10-07,Incorrect information on your report,Information belongs to someone else,Ascent Holding Co,CA,94063,Incorrect information on your report Information belongs to someone else,incorrect information report information belongs someone else,12,13,Incorrect information on your report Information belongs to someone else,Incorrect information on your report
10359195,528,C_528,2024-10-05,Improper use of your report,Reporting company used your report improperly,Mrs Bpo Llc,MI,48001,Improper use of your report Reporting company used your report improperly,improper use report reporting company used report improperly,0,11,Improper use of your report Reporting company used your report improperly,Struggling to pay mortgage
10491580,529,C_529,2024-10-17,Closing an account,Can't close your account,Apelles Llc,MI,48331,Closing an account Can't close your account,closing account cant close account,3,6,Trouble during payment process Trying to communicate with the company to fix an issue while managing or servicing your loan,Attempts to collect debt not owed
10417681,530,C_530,2024-10-11,Trouble during payment process,Fees charged,Banner Co,OR,97223,Trouble during payment process Fees charged,trouble payment process fees charged,3,6,Trouble during payment process Trying to communicate with the company to fix an issue while managing or servicing your loan,Attempts to collect debt not owed
10505207,531,C_531,2024-10-18,Threatened to contact someone or share information improperly,Talked to a third-party about your debt,Orion Capital Solutions Llc,CA,91340,Threatened to contact someone or share information improperly Talked to a third-party about your debt,threatened contact someone share information improperly talked thirdparty debt,19,15,Threatened to contact someone or share information improperly Talked to a third-party about your debt,Attempts to collect debt not owed
10588347,532,C_532,2024-10-26,Improper use of your report,Reporting company used your report improperly,Monterey Financial Services Llc,CA,91591,Improper use of your report Reporting company used your report improperly,improper use report reporting company used report improperly,8,9,Improper use of your report Reporting company used your report improperly,Incorrect information on your report
10418258,533,C_533,2024-10-11,Took or threatened to take negative or legal action,Collected or attempted to collect exempt funds,Lloyd  Mcdaniel Plc,MI,48036,Took or threatened to take negative or legal action Collected or attempted to collect exempt funds,took threatened take negative legal action collected attempted collect exempt funds,3,0,Attempts to collect debt not owed Debt is not yours,False statements or representation
10504805,534,C_534,2024-10-18,Written notification about debt,Didn't receive enough information to verify debt,Law Offices Of Robert J Co,CA,90302,Written notification about debt Didn't receive enough information to verify debt,written notification debt didnt receive enough information verify debt,16,16,Written notification about debt Didn't receive enough information to verify debt,Trouble during payment process
10510982,535,C_535,2024-10-19,False statements or representation,Attempted to collect wrong amount,Acima Credit Llc,NC,27610,False statements or representation Attempted to collect wrong amount,false statements representation attempted collect wrong amount,6,5,False statements or representation Attempted to collect wrong amount,Improper use of your report
10512292,536,C_536,2024-10-19,Attempts to collect debt not owed,Debt is not yours,Lendmark Financial Services,SC,29621,Attempts to collect debt not owed Debt is not yours,attempts collect debt owed debt,21,3,Attempts to collect debt not owed Debt was paid,Attempts to collect debt not owed
10296357,537,C_537,2024-09-30,Closing on a mortgage,Trying to communicate with the company to fix an issue with the loan closing,Onity Group Inc,NY,11429,Closing on a mortgage Trying to communicate with the company to fix an issue with the loan closing,closing mortgage trying communicate company fix issue loan closing,3,0,Attempts to collect debt not owed Debt is not yours,False statements or representation
10470279,538,C_538,2024-10-17,Written notification about debt,Didn't receive enough information to verify debt,Procollect Inc,TX,76063,Written notification about debt Didn't receive enough information to verify debt,written notification debt didnt receive enough information verify debt,11,7,Written notification about debt Didn't receive notice of right to dispute,Improper use of your report
10494268,540,C_540,2024-10-17,Improper use of your report,Reporting company used your report improperly,The Cbe Group Inc,FL,33135,Improper use of your report Reporting company used your report improperly,improper use report reporting company used report improperly,0,11,Improper use of your report Reporting company used your report improperly,Struggling to pay mortgage
10474730,541,C_541,2024-10-16,Communication tactics,Frequent or repeated calls,Monarch Recovery Holdings Inc,KY,41091,Communication tactics Frequent or repeated calls,communication tactics frequent repeated calls,3,1,Attempts to collect debt not owed Debt was result of identity theft,Struggling to pay mortgage
10478849,542,C_542,2024-10-16,Trouble during payment process,Payment process,Lennar Financial Services Llc,CO,80001,Trouble during payment process Payment process,trouble payment process payment process,3,6,Trouble during payment process Trying to communicate with the company to fix an issue while managing or servicing your loan,Attempts to collect debt not owed
10434517,543,C_543,2024-10-12,Incorrect information on your report,Account information incorrect,Nav Technologies Inc,FL,34972,Incorrect information on your report Account information incorrect,incorrect information report account information incorrect,13,2,Took or threatened to take negative or legal action Threatened or suggested your credit would be damaged,Improper use of your report
10457728,544,C_544,2024-10-15,False statements or representation,Attempted to collect wrong amount,Continental Services Group Inc Dba Co,NC,28025,False statements or representation Attempted to collect wrong amount,false statements representation attempted collect wrong amount,27,5,False statements or representation Attempted to collect wrong amount,Improper use of your report
10419708,545,C_545,2024-10-11,Incorrect information on your report,Information belongs to someone else,Boeing Employees Credit Union,WA,98031,Incorrect information on your report Information belongs to someone else,incorrect information report information belongs someone else,12,13,Incorrect information on your report Information belongs to someone else,Incorrect information on your report
10413490,546,C_546,2024-10-10,Incorrect information on your report,Information belongs to someone else,United Panam Financial Co,CA,92683,Incorrect information on your report Information belongs to someone else,incorrect information report information belongs someone else,12,13,Incorrect information on your report Information belongs to someone else,Incorrect information on your report
10414213,547,C_547,2024-10-10,Applying for a mortgage or refinancing an existing mortgage,Loan estimate or other related disclosures,Amerisave Mortgage Co,MI,49203,Applying for a mortgage or refinancing an existing mortgage Loan estimate or other related disclosures,applying mortgage refinancing existing mortgage loan estimate related disclosures,26,0,Attempts to collect debt not owed Debt is not yours,False statements or representation
10456811,548,C_548,2024-10-15,Attempts to collect debt not owed,Debt is not yours,Cavalry Investments Llc,TX,77081,Attempts to collect debt not owed Debt is not yours,attempts collect debt owed debt,21,3,Attempts to collect debt not owed Debt was paid,Attempts to collect debt not owed
10450597,550,C_550,2024-10-14,False statements or representation,Attempted to collect wrong amount,Colony Brands Inc,PA,19120,False statements or representation Attempted to collect wrong amount,false statements representation attempted collect wrong amount,6,5,False statements or representation Attempted to collect wrong amount,Improper use of your report
10434145,551,C_551,2024-10-12,Written notification about debt,Didn't receive notice of right to dispute,Omega Rms Llc,AZ,85226,Written notification about debt Didn't receive notice of right to dispute,written notification debt didnt receive notice right dispute,9,7,Written notification about debt Didn't receive notice of right to dispute,Improper use of your report
10425893,552,C_552,2024-10-12,Improper use of your report,Reporting company used your report improperly,American Credit Acceptance Llc,FL,32004,Improper use of your report Reporting company used your report improperly,improper use report reporting company used report improperly,0,11,Improper use of your report Reporting company used your report improperly,Struggling to pay mortgage
10476236,554,C_554,2024-10-16,False statements or representation,Attempted to collect wrong amount,Checkredi Of Kentucky Llc,OR,97214,False statements or representation Attempted to collect wrong amount,false statements representation attempted collect wrong amount,27,5,False statements or representation Attempted to collect wrong amount,Improper use of your report
10412021,555,C_555,2024-10-10,Written notification about debt,Didn't receive enough information to verify debt,Professional Finance Co,CO,80209,Written notification about debt Didn't receive enough information to verify debt,written notification debt didnt receive enough information verify debt,11,7,Written notification about debt Didn't receive notice of right to dispute,Improper use of your report
10470183,556,C_556,2024-10-16,Struggling to pay mortgage,"An existing modification, forbearance plan, short sale, or other loss mitigation relief",Carrington Mortgage Services Llc,MD,20904,"Struggling to pay mortgage An existing modification, forbearance plan, short sale, or other loss mitigation relief",struggling pay mortgage existing modification forbearance plan short sale loss mitigation relief,17,14,"Struggling to pay mortgage Trying to communicate with the company to fix an issue related to modification, forbearance, short sale, deed-in-lieu, bankruptcy, or foreclosure",Written notification about debt
10207877,557,C_557,2024-09-22,Attempts to collect debt not owed,Debt was result of identity theft,Pdq Services Inc,GA,30238,Attempts to collect debt not owed Debt was result of identity theft,attempts collect debt owed debt result identity theft,15,1,Attempts to collect debt not owed Debt was result of identity theft,Struggling to pay mortgage
10439508,559,C_559,2024-10-13,Managing an account,Fee problem,Live Oak Bancshares Inc,VA,22204,Managing an account Fee problem,managing account fee problem,1,6,Trouble during payment process Trying to communicate with the company to fix an issue while managing or servicing your loan,Attempts to collect debt not owed
10432316,560,C_560,2024-10-12,Problem with a company's investigation into an existing problem,Their investigation did not fix an error on your report,Associated Banccorp,OH,44130,Problem with a company's investigation into an existing problem Their investigation did not fix an error on your report,problem companys investigation existing problem investigation fix error report,4,4,Problem with a company's investigation into an existing problem Their investigation did not fix an error on your report,Trouble during payment process
10522629,561,C_561,2024-10-21,Attempts to collect debt not owed,Debt was paid,Property Receivables Co,FL,34212,Attempts to collect debt not owed Debt was paid,attempts collect debt owed debt paid,10,3,Attempts to collect debt not owed Debt was paid,Attempts to collect debt not owed
10432621,562,C_562,2024-10-12,Problem with a purchase or transfer,Charged for a purchase or transfer you did not make with the card,Sezzle Inc,CT,06450,Problem with a purchase or transfer Charged for a purchase or transfer you did not make with the card,problem purchase transfer charged purchase transfer make card,3,6,Trouble during payment process Trying to communicate with the company to fix an issue while managing or servicing your loan,Attempts to collect debt not owed
10540983,563,C_563,2024-10-22,Attempts to collect debt not owed,Debt was paid,Lockhart Morris  Montgomery Inc,WI,53154,Attempts to collect debt not owed Debt was paid,attempts collect debt owed debt paid,10,3,Attempts to collect debt not owed Debt was paid,Attempts to collect debt not owed
10565675,565,C_565,2024-10-24,Problem when making payments,,Hanwha Qcells Usa Co,CA,94541,Problem when making payments ,problem making payments,1,6,Trouble during payment process Trying to communicate with the company to fix an issue while managing or servicing your loan,Attempts to collect debt not owed
10438959,566,C_566,2024-10-13,Written notification about debt,Didn't receive enough information to verify debt,Source Receivables Management Llc,IL,60804,Written notification about debt Didn't receive enough information to verify debt,written notification debt didnt receive enough information verify debt,16,16,Written notification about debt Didn't receive enough information to verify debt,Trouble during payment process
10070163,567,C_567,2024-09-11,Improper use of your report,Reporting company used your report improperly,Ncc Holdings Llc,TX,75704,Improper use of your report Reporting company used your report improperly,improper use report reporting company used report improperly,0,11,Improper use of your report Reporting company used your report improperly,Struggling to pay mortgage
10486472,568,C_568,2024-10-17,Improper use of your report,Reporting company used your report improperly,Online Information Services Inc,NC,28513,Improper use of your report Reporting company used your report improperly,improper use report reporting company used report improperly,0,11,Improper use of your report Reporting company used your report improperly,Struggling to pay mortgage
10524815,569,C_569,2024-10-21,Credit monitoring or identity theft protection services,Received unwanted marketing or advertising,Nfm Inc,FL,34449,Credit monitoring or identity theft protection services Received unwanted marketing or advertising,credit monitoring identity theft protection services received unwanted marketing advertising,8,9,Improper use of your report Reporting company used your report improperly,Incorrect information on your report
10526004,570,C_570,2024-10-21,False statements or representation,"Impersonated attorney, law enforcement, or government official",Stenger  Stenger Pc,CO,80601,"False statements or representation Impersonated attorney, law enforcement, or government official",false statements representation impersonated attorney law enforcement government official,3,0,Attempts to collect debt not owed Debt is not yours,False statements or representation
10564621,572,C_572,2024-10-24,Didn't provide services promised,,Bys Llc,TX,78415,Didn't provide services promised ,didnt provide services promised,3,0,Attempts to collect debt not owed Debt is not yours,False statements or representation
9911101,573,C_573,2024-08-20,Problem with a lender or other company charging your account,Transaction was not authorized,Mountain America Federal Credit Union,UT,84041,Problem with a lender or other company charging your account Transaction was not authorized,problem lender company charging account transaction authorized,3,0,Attempts to collect debt not owed Debt is not yours,False statements or representation
10548889,576,C_576,2024-10-24,Didn't provide services promised,,Secure One Financial Inc,TX,73301,Didn't provide services promised ,didnt provide services promised,3,0,Attempts to collect debt not owed Debt is not yours,False statements or representation
10459106,577,C_577,2024-10-15,Managing an account,Deposits and withdrawals,Skrill Usa Inc,FL,33076,Managing an account Deposits and withdrawals,managing account deposits withdrawals,3,6,Trouble during payment process Trying to communicate with the company to fix an issue while managing or servicing your loan,Attempts to collect debt not owed
10467521,578,C_578,2024-10-15,Attempts to collect debt not owed,Debt was result of identity theft,Professional Debt Mediation Inc,FL,33055,Attempts to collect debt not owed Debt was result of identity theft,attempts collect debt owed debt result identity theft,28,3,Attempts to collect debt not owed Debt was paid,Attempts to collect debt not owed
10449074,580,C_580,2024-10-14,Attempts to collect debt not owed,Debt was paid,Penn Credit Co,PA,19147,Attempts to collect debt not owed Debt was paid,attempts collect debt owed debt paid,10,0,Attempts to collect debt not owed Debt is not yours,False statements or representation
10526477,582,C_582,2024-10-21,Incorrect information on your report,Account information incorrect,Upstart Holdings Inc,MI,48001,Incorrect information on your report Account information incorrect,incorrect information report account information incorrect,13,2,Took or threatened to take negative or legal action Threatened or suggested your credit would be damaged,Improper use of your report
10524211,583,C_583,2024-10-21,Attempts to collect debt not owed,Debt was paid,American Co,MD,20331,Attempts to collect debt not owed Debt was paid,attempts collect debt owed debt paid,10,0,Attempts to collect debt not owed Debt is not yours,False statements or representation
10411797,584,C_584,2024-10-10,Managing an account,Deposits and withdrawals,Everbank National Association,AR,72113,Managing an account Deposits and withdrawals,managing account deposits withdrawals,3,6,Trouble during payment process Trying to communicate with the company to fix an issue while managing or servicing your loan,Attempts to collect debt not owed
10433263,585,C_585,2024-10-12,Struggling to pay your loan,Denied request to lower payments,Greenstate Credit Union,IA,50001,Struggling to pay your loan Denied request to lower payments,struggling pay loan denied request lower payments,3,6,Trouble during payment process Trying to communicate with the company to fix an issue while managing or servicing your loan,Attempts to collect debt not owed
10416036,586,C_586,2024-10-10,Written notification about debt,Didn't receive enough information to verify debt,Credit International Co,OH,44140,Written notification about debt Didn't receive enough information to verify debt,written notification debt didnt receive enough information verify debt,11,7,Written notification about debt Didn't receive notice of right to dispute,Improper use of your report
10420848,587,C_587,2024-10-11,Incorrect information on your report,Account status incorrect,Us Auto Credit Co,KY,40003,Incorrect information on your report Account status incorrect,incorrect information report account status incorrect,26,2,Took or threatened to take negative or legal action Threatened or suggested your credit would be damaged,Improper use of your report
10405894,588,C_588,2024-10-09,Charged fees or interest you didn't expect,,Aqua Finance Inc,FL,33178,Charged fees or interest you didn't expect ,charged fees interest didnt expect,1,6,Trouble during payment process Trying to communicate with the company to fix an issue while managing or servicing your loan,Attempts to collect debt not owed
10525497,589,C_589,2024-10-21,Incorrect information on your report,Account status incorrect,Automobile Acceptance Co,GA,30228,Incorrect information on your report Account status incorrect,incorrect information report account status incorrect,26,2,Took or threatened to take negative or legal action Threatened or suggested your credit would be damaged,Improper use of your report
10401436,590,C_590,2024-10-09,False statements or representation,Attempted to collect wrong amount,Lacy Katzen Llp,NY,11374,False statements or representation Attempted to collect wrong amount,false statements representation attempted collect wrong amount,6,5,False statements or representation Attempted to collect wrong amount,Improper use of your report
10418632,591,C_591,2024-10-11,Struggling to pay your loan,Denied request to lower payments,Bridgecrest Acceptance Co,TX,77515,Struggling to pay your loan Denied request to lower payments,struggling pay loan denied request lower payments,3,6,Trouble during payment process Trying to communicate with the company to fix an issue while managing or servicing your loan,Attempts to collect debt not owed
10397467,592,C_592,2024-10-10,Repossession,Company explaining amount owed,Nafco Finance,ID,83651,Repossession Company explaining amount owed,repossession company explaining amount owed,22,14,"Struggling to pay mortgage Trying to communicate with the company to fix an issue related to modification, forbearance, short sale, deed-in-lieu, bankruptcy, or foreclosure",Written notification about debt
10414727,593,C_593,2024-10-10,Trouble during payment process,Private mortgage insurance (PMI),Midfirst Bank,MN,56560,Trouble during payment process Private mortgage insurance (PMI),trouble payment process private mortgage insurance pmi,3,6,Trouble during payment process Trying to communicate with the company to fix an issue while managing or servicing your loan,Attempts to collect debt not owed
10401180,595,C_595,2024-10-10,Improper use of your report,Reporting company used your report improperly,Moneylion Inc,NC,27006,Improper use of your report Reporting company used your report improperly,improper use report reporting company used report improperly,8,9,Improper use of your report Reporting company used your report improperly,Incorrect information on your report
10073242,597,C_597,2024-09-11,Charged fees or interest you didn't expect,,Credit Central Holdings Llc,AL,35020,Charged fees or interest you didn't expect ,charged fees interest didnt expect,1,6,Trouble during payment process Trying to communicate with the company to fix an issue while managing or servicing your loan,Attempts to collect debt not owed
10409811,598,C_598,2024-10-10,Managing an account,Funds not handled or disbursed as instructed,Provident Financial Services Inc,GA,30040,Managing an account Funds not handled or disbursed as instructed,managing account funds handled disbursed instructed,3,6,Trouble during payment process Trying to communicate with the company to fix an issue while managing or servicing your loan,Attempts to collect debt not owed
10409164,599,C_599,2024-10-10,Repossession,Loan balance remaining after the vehicle is repossessed and sold,Global Lending Services Llc,GA,30016,Repossession Loan balance remaining after the vehicle is repossessed and sold,repossession loan balance remaining vehicle repossessed sold,22,14,"Struggling to pay mortgage Trying to communicate with the company to fix an issue related to modification, forbearance, short sale, deed-in-lieu, bankruptcy, or foreclosure",Written notification about debt
10374057,600,C_600,2024-10-07,Problem getting a card or closing an account,Trouble getting a working replacement card,Incomm Holdings Inc,TN,37055,Problem getting a card or closing an account Trouble getting a working replacement card,problem getting card closing account trouble getting working replacement card,3,6,Trouble during payment process Trying to communicate with the company to fix an issue while managing or servicing your loan,Attempts to collect debt not owed
10429334,602,C_602,2024-10-11,Problem with a lender or other company charging your account,Transaction was not authorized,Valley National Bancorp,NJ,07823,Problem with a lender or other company charging your account Transaction was not authorized,problem lender company charging account transaction authorized,3,0,Attempts to collect debt not owed Debt is not yours,False statements or representation
10425977,603,C_603,2024-10-11,Applying for a mortgage or refinancing an existing mortgage,Changes in loan terms during the application process,Guaranteed Rate Inc,CA,95973,Applying for a mortgage or refinancing an existing mortgage Changes in loan terms during the application process,applying mortgage refinancing existing mortgage changes loan terms application process,2,0,Attempts to collect debt not owed Debt is not yours,False statements or representation
10439378,606,C_606,2024-10-13,Other transaction problem,,Conduent Inc,NV,88901,Other transaction problem ,transaction problem,3,6,Trouble during payment process Trying to communicate with the company to fix an issue while managing or servicing your loan,Attempts to collect debt not owed
10527527,607,C_607,2024-10-21,Improper use of your report,Credit inquiries on your report that you don't recognize,Advantage Credit Inc,TX,77493,Improper use of your report Credit inquiries on your report that you don't recognize,improper use report credit inquiries report dont recognize,7,12,Improper use of your report Credit inquiries on your report that you don't recognize,Trouble during payment process
10528354,611,C_611,2024-10-21,Didn't provide services promised,,Truebill Inc,FL,33311,Didn't provide services promised ,didnt provide services promised,3,0,Attempts to collect debt not owed Debt is not yours,False statements or representation
10485487,613,C_613,2024-10-17,False statements or representation,Attempted to collect wrong amount,Williams  Fudge Inc,FL,33647,False statements or representation Attempted to collect wrong amount,false statements representation attempted collect wrong amount,6,5,False statements or representation Attempted to collect wrong amount,Improper use of your report
10429243,615,C_615,2024-10-11,Incorrect information on your report,Account information incorrect,Randolphbrooks Federal Credit Union,TX,75078,Incorrect information on your report Account information incorrect,incorrect information report account information incorrect,13,2,Took or threatened to take negative or legal action Threatened or suggested your credit would be damaged,Improper use of your report
10419072,616,C_616,2024-10-11,Struggling to pay mortgage,"Trying to communicate with the company to fix an issue related to modification, forbearance, short sale, deed-in-lieu, bankruptcy, or foreclosure",Triad Financial Services Inc,TX,73301,"Struggling to pay mortgage Trying to communicate with the company to fix an issue related to modification, forbearance, short sale, deed-in-lieu, bankruptcy, or foreclosure",struggling pay mortgage trying communicate company fix issue related modification forbearance short sale deedinlieu bankruptcy foreclosure,17,14,"Struggling to pay mortgage Trying to communicate with the company to fix an issue related to modification, forbearance, short sale, deed-in-lieu, bankruptcy, or foreclosure",Written notification about debt
10492267,620,C_620,2024-10-17,Problem with a company's investigation into an existing problem,Was not notified of investigation status or results,Security Service Federal Credit Union,CO,80011,Problem with a company's investigation into an existing problem Was not notified of investigation status or results,problem companys investigation existing problem notified investigation status results,4,4,Problem with a company's investigation into an existing problem Their investigation did not fix an error on your report,Trouble during payment process
10456768,621,C_621,2024-10-15,Trouble using your card,Can't use card to make purchases,Pentagon Federal Credit Union,FL,33446,Trouble using your card Can't use card to make purchases,trouble using card cant use card make purchases,3,6,Trouble during payment process Trying to communicate with the company to fix an issue while managing or servicing your loan,Attempts to collect debt not owed
10512324,622,C_622,2024-10-19,Incorrect information on your report,Account information incorrect,Duvera Billing Services Llc,PA,19126,Incorrect information on your report Account information incorrect,incorrect information report account information incorrect,13,2,Took or threatened to take negative or legal action Threatened or suggested your credit would be damaged,Improper use of your report
10455624,623,C_623,2024-10-16,Managing an account,Funds not handled or disbursed as instructed,Optum Bank Inc,TN,37174,Managing an account Funds not handled or disbursed as instructed,managing account funds handled disbursed instructed,3,6,Trouble during payment process Trying to communicate with the company to fix an issue while managing or servicing your loan,Attempts to collect debt not owed
10457989,624,C_624,2024-10-15,Struggling to pay your loan,,Bankers Healthcare Group Llc,MA,02048,Struggling to pay your loan ,struggling pay loan,3,6,Trouble during payment process Trying to communicate with the company to fix an issue while managing or servicing your loan,Attempts to collect debt not owed
10458458,625,C_625,2024-10-15,Attempts to collect debt not owed,Debt is not yours,Debt Recovery Solutions Llc,NV,89014,Attempts to collect debt not owed Debt is not yours,attempts collect debt owed debt,20,8,Attempts to collect debt not owed Debt is not yours,Written notification about debt
10462203,626,C_626,2024-10-15,Incorrect information on your report,Information belongs to someone else,Dignifi,WA,98208,Incorrect information on your report Information belongs to someone else,incorrect information report information belongs someone else,12,13,Incorrect information on your report Information belongs to someone else,Incorrect information on your report
10464475,627,C_627,2024-10-15,Took or threatened to take negative or legal action,Threatened or suggested your credit would be damaged,Berman  Rabin Pa,IA,50021,Took or threatened to take negative or legal action Threatened or suggested your credit would be damaged,took threatened take negative legal action threatened suggested credit would damaged,18,2,Took or threatened to take negative or legal action Threatened or suggested your credit would be damaged,Improper use of your report
10422505,629,C_629,2024-10-11,Written notification about debt,Didn't receive notice of right to dispute,Contract Callers Inc,CA,93773,Written notification about debt Didn't receive notice of right to dispute,written notification debt didnt receive notice right dispute,9,7,Written notification about debt Didn't receive notice of right to dispute,Improper use of your report
10441756,631,C_631,2024-10-14,Money was not available when promised,,Newport Intermediate Inc,,,Money was not available when promised ,money available promised,26,6,Trouble during payment process Trying to communicate with the company to fix an issue while managing or servicing your loan,Attempts to collect debt not owed
10438188,632,C_632,2024-10-13,Attempts to collect debt not owed,Debt was result of identity theft,Northstar Location Services Llc,CO,80550,Attempts to collect debt not owed Debt was result of identity theft,attempts collect debt owed debt result identity theft,28,3,Attempts to collect debt not owed Debt was paid,Attempts to collect debt not owed
10414631,633,C_633,2024-10-10,Can't stop withdrawals from your bank account,,Wolf River Development Co,OH,44128,Can't stop withdrawals from your bank account ,cant stop withdrawals bank account,3,0,Attempts to collect debt not owed Debt is not yours,False statements or representation
10434744,634,C_634,2024-10-12,Managing the loan or lease,Problem with fees charged,Hyundai Capital America,TX,73301,Managing the loan or lease Problem with fees charged,managing loan lease problem fees charged,3,6,Trouble during payment process Trying to communicate with the company to fix an issue while managing or servicing your loan,Attempts to collect debt not owed
10499625,635,C_635,2024-10-18,Money was not available when promised,,Bam Management Us Holdings Inc,NJ,08502,Money was not available when promised ,money available promised,26,6,Trouble during payment process Trying to communicate with the company to fix an issue while managing or servicing your loan,Attempts to collect debt not owed
9809513,637,C_637,2024-08-16,Problem with a company's investigation into an existing problem,Investigation took more than 30 days,United Revenue Co,TX,76063,Problem with a company's investigation into an existing problem Investigation took more than 30 days,problem companys investigation existing problem investigation took days,4,4,Problem with a company's investigation into an existing problem Their investigation did not fix an error on your report,Trouble during payment process
10382122,638,C_638,2024-10-09,Improper use of your report,Reporting company used your report improperly,Lake Michigan Credit Union,MI,49507,Improper use of your report Reporting company used your report improperly,improper use report reporting company used report improperly,0,11,Improper use of your report Reporting company used your report improperly,Struggling to pay mortgage
10432268,639,C_639,2024-10-12,Threatened to contact someone or share information improperly,Talked to a third-party about your debt,Collection Management Holdings Llc,FL,33614,Threatened to contact someone or share information improperly Talked to a third-party about your debt,threatened contact someone share information improperly talked thirdparty debt,19,15,Threatened to contact someone or share information improperly Talked to a third-party about your debt,Attempts to collect debt not owed
10414139,640,C_640,2024-10-10,Took or threatened to take negative or legal action,Sued you without properly notifying you of lawsuit,Butler And Associates Pa,KS,66002,Took or threatened to take negative or legal action Sued you without properly notifying you of lawsuit,took threatened take negative legal action sued without properly notifying lawsuit,13,2,Took or threatened to take negative or legal action Threatened or suggested your credit would be damaged,Improper use of your report
10416056,641,C_641,2024-10-10,Attempts to collect debt not owed,Debt was result of identity theft,Rc Willey,NV,89031,Attempts to collect debt not owed Debt was result of identity theft,attempts collect debt owed debt result identity theft,15,1,Attempts to collect debt not owed Debt was result of identity theft,Struggling to pay mortgage
10363920,642,C_642,2024-10-06,Problem with a company's investigation into an existing problem,Investigation took more than 30 days,Credit Fresh Holdings Inc,HI,96707,Problem with a company's investigation into an existing problem Investigation took more than 30 days,problem companys investigation existing problem investigation took days,4,4,Problem with a company's investigation into an existing problem Their investigation did not fix an error on your report,Trouble during payment process
10412931,643,C_643,2024-10-10,Improper use of your report,Credit inquiries on your report that you don't recognize,Crosscountry Mortgage Llc,NY,11216,Improper use of your report Credit inquiries on your report that you don't recognize,improper use report credit inquiries report dont recognize,7,12,Improper use of your report Credit inquiries on your report that you don't recognize,Trouble during payment process
10413565,644,C_644,2024-10-10,Incorrect information on your report,Account information incorrect,Kimball Tirey  St John Llp,CA,90014,Incorrect information on your report Account information incorrect,incorrect information report account information incorrect,13,2,Took or threatened to take negative or legal action Threatened or suggested your credit would be damaged,Improper use of your report
10404772,645,C_645,2024-10-09,False statements or representation,Attempted to collect wrong amount,Uscb Co,IN,46714,False statements or representation Attempted to collect wrong amount,false statements representation attempted collect wrong amount,6,5,False statements or representation Attempted to collect wrong amount,Improper use of your report
10459847,647,C_647,2024-10-15,Communication tactics,Frequent or repeated calls,Finance System Of Green Bay Inc,WI,53093,Communication tactics Frequent or repeated calls,communication tactics frequent repeated calls,3,1,Attempts to collect debt not owed Debt was result of identity theft,Struggling to pay mortgage
10412714,648,C_648,2024-10-10,Trouble during payment process,Trying to communicate with the company to fix an issue while managing or servicing your loan,Loancare Llc,CA,92029,Trouble during payment process Trying to communicate with the company to fix an issue while managing or servicing your loan,trouble payment process trying communicate company fix issue managing servicing loan,3,6,Trouble during payment process Trying to communicate with the company to fix an issue while managing or servicing your loan,Attempts to collect debt not owed
10457273,649,C_649,2024-10-15,Struggling to pay mortgage,"Applying for or obtaining a modification, forbearance plan, short sale, or deed-in-lieu",Amerihome Mortgage Co,LA,70461,"Struggling to pay mortgage Applying for or obtaining a modification, forbearance plan, short sale, or deed-in-lieu",struggling pay mortgage applying obtaining modification forbearance plan short sale deedinlieu,17,14,"Struggling to pay mortgage Trying to communicate with the company to fix an issue related to modification, forbearance, short sale, deed-in-lieu, bankruptcy, or foreclosure",Written notification about debt
10467952,651,C_651,2024-10-16,Incorrect information on your report,Information belongs to someone else,American First Finance Inc,PA,19142,Incorrect information on your report Information belongs to someone else,incorrect information report information belongs someone else,12,13,Incorrect information on your report Information belongs to someone else,Incorrect information on your report
10438222,652,C_652,2024-10-13,Dealing with your lender or servicer,Problem with customer service,Goal Structured Solutions Llc,FL,32707,Dealing with your lender or servicer Problem with customer service,dealing lender servicer problem customer service,3,0,Attempts to collect debt not owed Debt is not yours,False statements or representation
10527147,653,C_653,2024-10-21,Struggling to pay your loan,,Robinson Economic Development Co,MA,01801,Struggling to pay your loan ,struggling pay loan,3,6,Trouble during payment process Trying to communicate with the company to fix an issue while managing or servicing your loan,Attempts to collect debt not owed
10499872,656,C_656,2024-10-18,Trouble during payment process,Trying to communicate with the company to fix an issue while managing or servicing your loan,Neighborhood Capital Funding Inc,IA,50501,Trouble during payment process Trying to communicate with the company to fix an issue while managing or servicing your loan,trouble payment process trying communicate company fix issue managing servicing loan,3,6,Trouble during payment process Trying to communicate with the company to fix an issue while managing or servicing your loan,Attempts to collect debt not owed
10463717,658,C_658,2024-10-15,Problem when making payments,,Atlas Credit Co,TX,77530,Problem when making payments ,problem making payments,1,6,Trouble during payment process Trying to communicate with the company to fix an issue while managing or servicing your loan,Attempts to collect debt not owed
10555871,660,C_660,2024-10-23,Attempts to collect debt not owed,Debt was paid,Jon Barry And Associates Inc,NC,28214,Attempts to collect debt not owed Debt was paid,attempts collect debt owed debt paid,10,3,Attempts to collect debt not owed Debt was paid,Attempts to collect debt not owed
10481809,661,C_661,2024-10-16,Electronic communications,"You told them to stop contacting you, but they keep trying",Triverity Inc,OR,97477,"Electronic communications You told them to stop contacting you, but they keep trying",electronic communications told stop contacting keep trying,3,6,Trouble during payment process Trying to communicate with the company to fix an issue while managing or servicing your loan,Attempts to collect debt not owed
10205422,662,C_662,2024-09-23,Improper use of your report,Credit inquiries on your report that you don't recognize,The Capital Good Fund,FL,33009,Improper use of your report Credit inquiries on your report that you don't recognize,improper use report credit inquiries report dont recognize,7,12,Improper use of your report Credit inquiries on your report that you don't recognize,Trouble during payment process
10448170,664,C_664,2024-10-14,Written notification about debt,Didn't receive enough information to verify debt,Central Portfolio Co,CA,90001,Written notification about debt Didn't receive enough information to verify debt,written notification debt didnt receive enough information verify debt,16,16,Written notification about debt Didn't receive enough information to verify debt,Trouble during payment process
10365636,665,C_665,2024-10-07,False statements or representation,Told you not to respond to a lawsuit they filed against you,Diverse Funding Associates Llc,NC,28262,False statements or representation Told you not to respond to a lawsuit they filed against you,false statements representation told respond lawsuit filed,3,0,Attempts to collect debt not owed Debt is not yours,False statements or representation
10330823,666,C_666,2024-10-03,Incorrect information on your report,Account information incorrect,American Honda Finance Co,FL,33442,Incorrect information on your report Account information incorrect,incorrect information report account information incorrect,13,2,Took or threatened to take negative or legal action Threatened or suggested your credit would be damaged,Improper use of your report
10477849,667,C_667,2024-10-16,Took or threatened to take negative or legal action,Sued you without properly notifying you of lawsuit,Aldridge Pite Haan Llp,GA,30906,Took or threatened to take negative or legal action Sued you without properly notifying you of lawsuit,took threatened take negative legal action sued without properly notifying lawsuit,13,2,Took or threatened to take negative or legal action Threatened or suggested your credit would be damaged,Improper use of your report
9919368,671,C_671,2024-08-26,Took or threatened to take negative or legal action,Threatened to sue you for very old debt,States Resources Co,MS,38601,Took or threatened to take negative or legal action Threatened to sue you for very old debt,took threatened take negative legal action threatened sue old debt,3,2,Took or threatened to take negative or legal action Threatened or suggested your credit would be damaged,Improper use of your report
10553616,672,C_672,2024-10-23,Attempts to collect debt not owed,Debt is not yours,Bull City Financial Solutions Inc,FL,32958,Attempts to collect debt not owed Debt is not yours,attempts collect debt owed debt,23,0,Attempts to collect debt not owed Debt is not yours,False statements or representation
10321337,675,C_675,2024-10-02,Took or threatened to take negative or legal action,Threatened or suggested your credit would be damaged,State Co,MO,64063,Took or threatened to take negative or legal action Threatened or suggested your credit would be damaged,took threatened take negative legal action threatened suggested credit would damaged,18,2,Took or threatened to take negative or legal action Threatened or suggested your credit would be damaged,Improper use of your report
10315151,677,C_677,2024-10-01,Attempts to collect debt not owed,Debt is not yours,Wsfs Financial Co,CA,94551,Attempts to collect debt not owed Debt is not yours,attempts collect debt owed debt,23,0,Attempts to collect debt not owed Debt is not yours,False statements or representation
10549612,678,C_678,2024-10-24,False statements or representation,Attempted to collect wrong amount,Crown Asset Management Llc,TX,77006,False statements or representation Attempted to collect wrong amount,false statements representation attempted collect wrong amount,27,5,False statements or representation Attempted to collect wrong amount,Improper use of your report
10466121,679,C_679,2024-10-15,Took or threatened to take negative or legal action,Threatened or suggested your credit would be damaged,Vw Credit Inc,FL,33186,Took or threatened to take negative or legal action Threatened or suggested your credit would be damaged,took threatened take negative legal action threatened suggested credit would damaged,18,2,Took or threatened to take negative or legal action Threatened or suggested your credit would be damaged,Improper use of your report
10350356,681,C_681,2024-10-04,Managing the loan or lease,Problem with fees charged,Drivetime,MN,55110,Managing the loan or lease Problem with fees charged,managing loan lease problem fees charged,3,6,Trouble during payment process Trying to communicate with the company to fix an issue while managing or servicing your loan,Attempts to collect debt not owed
10376575,684,C_684,2024-10-07,Took or threatened to take negative or legal action,Seized or attempted to seize your property,Portnoy Schneck Llc,NY,10028,Took or threatened to take negative or legal action Seized or attempted to seize your property,took threatened take negative legal action seized attempted seize property,29,0,Attempts to collect debt not owed Debt is not yours,False statements or representation
10361732,685,C_685,2024-10-07,Managing an account,Problem using a debit or ATM card,Finco Services Inc,NJ,07103,Managing an account Problem using a debit or ATM card,managing account problem using debit atm card,1,6,Trouble during payment process Trying to communicate with the company to fix an issue while managing or servicing your loan,Attempts to collect debt not owed
10413866,688,C_688,2024-10-10,Unauthorized withdrawals or charges,,Ram America Inc,,,Unauthorized withdrawals or charges ,unauthorized withdrawals charges,3,0,Attempts to collect debt not owed Debt is not yours,False statements or representation
9884697,693,C_693,2024-08-22,Attempts to collect debt not owed,Debt was result of identity theft,Quality Asset Recovery Llc,AL,36108,Attempts to collect debt not owed Debt was result of identity theft,attempts collect debt owed debt result identity theft,28,3,Attempts to collect debt not owed Debt was paid,Attempts to collect debt not owed
9879137,694,C_694,2024-08-21,Written notification about debt,Didn't receive enough information to verify debt,Professional Recovery Management,SC,29646,Written notification about debt Didn't receive enough information to verify debt,written notification debt didnt receive enough information verify debt,11,7,Written notification about debt Didn't receive notice of right to dispute,Improper use of your report
10562532,695,C_695,2024-10-24,False statements or representation,"Impersonated attorney, law enforcement, or government official",Collection Professionals Inc,TX,76133,"False statements or representation Impersonated attorney, law enforcement, or government official",false statements representation impersonated attorney law enforcement government official,3,0,Attempts to collect debt not owed Debt is not yours,False statements or representation
10411808,696,C_696,2024-10-10,Attempts to collect debt not owed,Debt was paid,Guardian Capital Management Hawaii Llc,TX,78624,Attempts to collect debt not owed Debt was paid,attempts collect debt owed debt paid,10,3,Attempts to collect debt not owed Debt was paid,Attempts to collect debt not owed
10414801,697,C_697,2024-10-09,Managing an account,Deposits and withdrawals,First Horizon Bank,SC,29611,Managing an account Deposits and withdrawals,managing account deposits withdrawals,3,6,Trouble during payment process Trying to communicate with the company to fix an issue while managing or servicing your loan,Attempts to collect debt not owed
10534268,698,C_698,2024-10-22,Struggling to pay your loan,,Cashrepublic Holdings Inc,FL,33545,Struggling to pay your loan ,struggling pay loan,3,6,Trouble during payment process Trying to communicate with the company to fix an issue while managing or servicing your loan,Attempts to collect debt not owed
10397659,699,C_699,2024-10-10,Repossession,Company communicating payment assistance or payment extension options,Allied Union Group Inc,GA,30034,Repossession Company communicating payment assistance or payment extension options,repossession company communicating payment assistance payment extension options,22,14,"Struggling to pay mortgage Trying to communicate with the company to fix an issue related to modification, forbearance, short sale, deed-in-lieu, bankruptcy, or foreclosure",Written notification about debt
10321375,701,C_701,2024-10-02,Other transaction problem,,Winklevoss Exchange Llc,AR,71601,Other transaction problem ,transaction problem,3,6,Trouble during payment process Trying to communicate with the company to fix an issue while managing or servicing your loan,Attempts to collect debt not owed
10527731,702,C_702,2024-10-21,Attempts to collect debt not owed,Debt is not yours,Merchants Credit Guide Co,IL,60426,Attempts to collect debt not owed Debt is not yours,attempts collect debt owed debt,5,10,Attempts to collect debt not owed Debt is not yours,Attempts to collect debt not owed
10516176,704,C_704,2024-10-21,Incorrect information on your report,Information belongs to someone else,Grant  Weber,CA,91350,Incorrect information on your report Information belongs to someone else,incorrect information report information belongs someone else,12,13,Incorrect information on your report Information belongs to someone else,Incorrect information on your report
10246189,705,C_705,2024-09-25,Written notification about debt,Didn't receive enough information to verify debt,Rtr Financial Services Inc,NY,10301,Written notification about debt Didn't receive enough information to verify debt,written notification debt didnt receive enough information verify debt,16,16,Written notification about debt Didn't receive enough information to verify debt,Trouble during payment process
10375916,708,C_708,2024-10-07,Written notification about debt,Didn't receive enough information to verify debt,January Technologies Inc,TX,77429,Written notification about debt Didn't receive enough information to verify debt,written notification debt didnt receive enough information verify debt,16,16,Written notification about debt Didn't receive enough information to verify debt,Trouble during payment process
10334664,709,C_709,2024-10-03,Took or threatened to take negative or legal action,Threatened or suggested your credit would be damaged,Adler Wallach  Associates Inc,NV,89044,Took or threatened to take negative or legal action Threatened or suggested your credit would be damaged,took threatened take negative legal action threatened suggested credit would damaged,18,2,Took or threatened to take negative or legal action Threatened or suggested your credit would be damaged,Improper use of your report
10403505,710,C_710,2024-10-09,Problem with a company's investigation into an existing problem,Difficulty submitting a dispute or getting information about a dispute over the phone,Nations Direct Mortgage Llc,CA,90001,Problem with a company's investigation into an existing problem Difficulty submitting a dispute or getting information about a dispute over the phone,problem companys investigation existing problem difficulty submitting dispute getting information dispute phone,4,4,Problem with a company's investigation into an existing problem Their investigation did not fix an error on your report,Trouble during payment process
10402217,711,C_711,2024-10-09,Can't stop withdrawals from your bank account,,Florida Financial Management Dba Lend A Dollar,TX,73301,Can't stop withdrawals from your bank account ,cant stop withdrawals bank account,3,0,Attempts to collect debt not owed Debt is not yours,False statements or representation
10440927,713,C_713,2024-10-13,Attempts to collect debt not owed,Debt is not yours,Velo Law Office,MI,48227,Attempts to collect debt not owed Debt is not yours,attempts collect debt owed debt,20,8,Attempts to collect debt not owed Debt is not yours,Written notification about debt
9834934,715,C_715,2024-08-17,Attempts to collect debt not owed,Debt is not yours,Millco Management,FL,32839,Attempts to collect debt not owed Debt is not yours,attempts collect debt owed debt,20,8,Attempts to collect debt not owed Debt is not yours,Written notification about debt
9786556,717,C_717,2024-08-13,Incorrect information on your report,Account status incorrect,St Franklin Financial Co,AL,35216,Incorrect information on your report Account status incorrect,incorrect information report account status incorrect,26,2,Took or threatened to take negative or legal action Threatened or suggested your credit would be damaged,Improper use of your report
9764478,718,C_718,2024-08-12,Struggling to pay mortgage,"Trying to communicate with the company to fix an issue related to modification, forbearance, short sale, deed-in-lieu, bankruptcy, or foreclosure",Webster Bank National Association,CT,06897,"Struggling to pay mortgage Trying to communicate with the company to fix an issue related to modification, forbearance, short sale, deed-in-lieu, bankruptcy, or foreclosure",struggling pay mortgage trying communicate company fix issue related modification forbearance short sale deedinlieu bankruptcy foreclosure,17,14,"Struggling to pay mortgage Trying to communicate with the company to fix an issue related to modification, forbearance, short sale, deed-in-lieu, bankruptcy, or foreclosure",Written notification about debt
9762315,719,C_719,2024-08-11,Problem with a company's investigation into an existing problem,Investigation took more than 30 days,Preferred Credit Inc,TX,77433,Problem with a company's investigation into an existing problem Investigation took more than 30 days,problem companys investigation existing problem investigation took days,4,4,Problem with a company's investigation into an existing problem Their investigation did not fix an error on your report,Trouble during payment process
9733617,720,C_720,2024-08-08,Managing an account,Problem using a debit or ATM card,Zions Bancorporation,PA,15001,Managing an account Problem using a debit or ATM card,managing account problem using debit atm card,1,6,Trouble during payment process Trying to communicate with the company to fix an issue while managing or servicing your loan,Attempts to collect debt not owed
10533100,721,C_721,2024-10-23,Attempts to collect debt not owed,Debt was already discharged in bankruptcy and is no longer owed,Meridian Financial Services Inc,NY,13905,Attempts to collect debt not owed Debt was already discharged in bankruptcy and is no longer owed,attempts collect debt owed debt already discharged bankruptcy longer owed,10,2,Took or threatened to take negative or legal action Threatened or suggested your credit would be damaged,Improper use of your report
9742064,724,C_724,2024-08-07,Communication tactics,"Used obscene, profane, or other abusive language",Curo Intermediate Holdings,AL,35004,"Communication tactics Used obscene, profane, or other abusive language",communication tactics used obscene profane abusive language,2,15,Threatened to contact someone or share information improperly Talked to a third-party about your debt,Attempts to collect debt not owed
10418382,728,C_728,2024-10-11,Attempts to collect debt not owed,Debt was result of identity theft,Upgrade Inc,NY,10001,Attempts to collect debt not owed Debt was result of identity theft,attempts collect debt owed debt result identity theft,28,3,Attempts to collect debt not owed Debt was paid,Attempts to collect debt not owed
10539698,729,C_729,2024-10-22,False statements or representation,Attempted to collect wrong amount,Weltman Weinberg  Reis Co,VA,22003,False statements or representation Attempted to collect wrong amount,false statements representation attempted collect wrong amount,6,5,False statements or representation Attempted to collect wrong amount,Improper use of your report
10539742,731,C_731,2024-10-22,Electronic communications,Frequent or repeated messages,Rozlin Financial Group Inc,IL,61604,Electronic communications Frequent or repeated messages,electronic communications frequent repeated messages,3,2,Took or threatened to take negative or legal action Threatened or suggested your credit would be damaged,Improper use of your report
10410399,733,C_733,2024-10-10,Unauthorized withdrawals or charges,,Dobberstein Law Firm Llc,TN,37388,Unauthorized withdrawals or charges ,unauthorized withdrawals charges,3,0,Attempts to collect debt not owed Debt is not yours,False statements or representation
10390845,737,C_737,2024-10-09,Problems at the end of the loan or lease,Unable to receive car title or other problem after the loan is paid off,Commerce Bank,TX,76028,Problems at the end of the loan or lease Unable to receive car title or other problem after the loan is paid off,problems end loan lease unable receive car title problem loan paid,3,6,Trouble during payment process Trying to communicate with the company to fix an issue while managing or servicing your loan,Attempts to collect debt not owed
10318607,738,C_738,2024-10-03,Managing an account,Banking errors,Old National Bancorp,TN,37355,Managing an account Banking errors,managing account banking errors,3,6,Trouble during payment process Trying to communicate with the company to fix an issue while managing or servicing your loan,Attempts to collect debt not owed
10436273,741,C_741,2024-10-14,Attempts to collect debt not owed,Debt is not yours,Conns Inc,TX,77632,Attempts to collect debt not owed Debt is not yours,attempts collect debt owed debt,20,8,Attempts to collect debt not owed Debt is not yours,Written notification about debt
10410667,742,C_742,2024-10-10,Attempts to collect debt not owed,Debt was result of identity theft,First Credit Services Inc,FL,33313,Attempts to collect debt not owed Debt was result of identity theft,attempts collect debt owed debt result identity theft,15,1,Attempts to collect debt not owed Debt was result of identity theft,Struggling to pay mortgage
10516603,743,C_743,2024-10-21,False statements or representation,Attempted to collect wrong amount,Ar Resources Inc,FL,32340,False statements or representation Attempted to collect wrong amount,false statements representation attempted collect wrong amount,6,5,False statements or representation Attempted to collect wrong amount,Improper use of your report
10410015,745,C_745,2024-10-10,Took or threatened to take negative or legal action,Threatened to sue you for very old debt,Advance America Cash Advance Centers Inc,TN,37042,Took or threatened to take negative or legal action Threatened to sue you for very old debt,took threatened take negative legal action threatened sue old debt,13,2,Took or threatened to take negative or legal action Threatened or suggested your credit would be damaged,Improper use of your report
10413369,746,C_746,2024-10-10,Managing an account,Funds not handled or disbursed as instructed,Wesbanco Bank Inc,KY,40160,Managing an account Funds not handled or disbursed as instructed,managing account funds handled disbursed instructed,3,6,Trouble during payment process Trying to communicate with the company to fix an issue while managing or servicing your loan,Attempts to collect debt not owed
10415279,747,C_747,2024-10-10,Closing an account,Funds not received from closed account,Relay Financial Us Co,GA,30044,Closing an account Funds not received from closed account,closing account funds received closed account,2,0,Attempts to collect debt not owed Debt is not yours,False statements or representation
10413645,749,C_749,2024-10-10,Confusing or missing disclosures,,Worldremit Co,TX,76116,Confusing or missing disclosures ,confusing missing disclosures,26,0,Attempts to collect debt not owed Debt is not yours,False statements or representation
10413847,750,C_750,2024-10-10,Improper use of your report,Reporting company used your report improperly,America First Federal Credit Union,CA,95337,Improper use of your report Reporting company used your report improperly,improper use report reporting company used report improperly,8,9,Improper use of your report Reporting company used your report improperly,Incorrect information on your report
10402113,751,C_751,2024-10-09,Managing an account,Funds not handled or disbursed as instructed,First Citizens Bancshares Inc,AZ,85027,Managing an account Funds not handled or disbursed as instructed,managing account funds handled disbursed instructed,3,6,Trouble during payment process Trying to communicate with the company to fix an issue while managing or servicing your loan,Attempts to collect debt not owed
9982476,753,C_753,2024-09-01,Problem with a purchase shown on your statement,Credit card company isn't resolving a dispute about a purchase on your statement,Meta Payments Inc,CO,80001,Problem with a purchase shown on your statement Credit card company isn't resolving a dispute about a purchase on your statement,problem purchase shown statement credit card company isnt resolving dispute purchase statement,3,6,Trouble during payment process Trying to communicate with the company to fix an issue while managing or servicing your loan,Attempts to collect debt not owed
10452523,754,C_754,2024-10-14,Written notification about debt,Notification didn't disclose it was an attempt to collect a debt,Sunbit Inc,TX,76134,Written notification about debt Notification didn't disclose it was an attempt to collect a debt,written notification debt notification didnt disclose attempt collect debt,9,0,Attempts to collect debt not owed Debt is not yours,False statements or representation
10402418,755,C_755,2024-10-09,Written notification about debt,Didn't receive notice of right to dispute,Leafy Financial Llc,TX,75771,Written notification about debt Didn't receive notice of right to dispute,written notification debt didnt receive notice right dispute,9,7,Written notification about debt Didn't receive notice of right to dispute,Improper use of your report
10383944,756,C_756,2024-10-08,Trouble during payment process,Lien release,Siwell Inc,NC,27006,Trouble during payment process Lien release,trouble payment process lien release,3,6,Trouble during payment process Trying to communicate with the company to fix an issue while managing or servicing your loan,Attempts to collect debt not owed
10557152,757,C_757,2024-10-23,Trouble during payment process,Trying to communicate with the company to fix an issue while managing or servicing your loan,Broker Solutions Inc,TX,77373,Trouble during payment process Trying to communicate with the company to fix an issue while managing or servicing your loan,trouble payment process trying communicate company fix issue managing servicing loan,3,6,Trouble during payment process Trying to communicate with the company to fix an issue while managing or servicing your loan,Attempts to collect debt not owed
10534974,759,C_759,2024-10-22,Incorrect information on your report,Information belongs to someone else,Roadrunner Account Services Llc,CA,90251,Incorrect information on your report Information belongs to someone else,incorrect information report information belongs someone else,12,13,Incorrect information on your report Information belongs to someone else,Incorrect information on your report
10525594,760,C_760,2024-10-21,Problem with a lender or other company charging your account,Transaction was not authorized,Columbia Banking System Inc,ID,83835,Problem with a lender or other company charging your account Transaction was not authorized,problem lender company charging account transaction authorized,3,0,Attempts to collect debt not owed Debt is not yours,False statements or representation
10510915,761,C_761,2024-10-19,Improper use of your report,Reporting company used your report improperly,Gfs Ii Llc,MI,48089,Improper use of your report Reporting company used your report improperly,improper use report reporting company used report improperly,8,9,Improper use of your report Reporting company used your report improperly,Incorrect information on your report
10510939,762,C_762,2024-10-19,Improper use of your report,Credit inquiries on your report that you don't recognize,Transform Credit Inc,IL,60517,Improper use of your report Credit inquiries on your report that you don't recognize,improper use report credit inquiries report dont recognize,7,12,Improper use of your report Credit inquiries on your report that you don't recognize,Trouble during payment process
10500764,763,C_763,2024-10-18,Written notification about debt,Didn't receive notice of right to dispute,Optio Solutions Llc,IL,60649,Written notification about debt Didn't receive notice of right to dispute,written notification debt didnt receive notice right dispute,9,7,Written notification about debt Didn't receive notice of right to dispute,Improper use of your report
10502591,764,C_764,2024-10-18,Attempts to collect debt not owed,Debt is not yours,Acq Holdings Llc,TX,75253,Attempts to collect debt not owed Debt is not yours,attempts collect debt owed debt,21,3,Attempts to collect debt not owed Debt was paid,Attempts to collect debt not owed
10517050,765,C_765,2024-10-21,Problem caused by your funds being low,Overdrafts and overdraft fees,Rarogers Inc,VA,22026,Problem caused by your funds being low Overdrafts and overdraft fees,problem caused funds low overdrafts overdraft fees,2,0,Attempts to collect debt not owed Debt is not yours,False statements or representation
10493225,767,C_767,2024-10-17,False statements or representation,Attempted to collect wrong amount,Eastern Revenue Inc,PA,17011,False statements or representation Attempted to collect wrong amount,false statements representation attempted collect wrong amount,27,5,False statements or representation Attempted to collect wrong amount,Improper use of your report
10494090,770,C_770,2024-10-17,Struggling to pay your loan,,Minto Financial Dba Minto Money,CO,80120,Struggling to pay your loan ,struggling pay loan,3,6,Trouble during payment process Trying to communicate with the company to fix an issue while managing or servicing your loan,Attempts to collect debt not owed
10485469,772,C_772,2024-10-17,Communication tactics,Frequent or repeated calls,Recovery Management Solutions Llc,OH,43001,Communication tactics Frequent or repeated calls,communication tactics frequent repeated calls,3,1,Attempts to collect debt not owed Debt was result of identity theft,Struggling to pay mortgage
10490653,773,C_773,2024-10-17,Trouble during payment process,Loan sold or transferred to another company,Servicemac Llc,HI,96720,Trouble during payment process Loan sold or transferred to another company,trouble payment process loan sold transferred another company,3,6,Trouble during payment process Trying to communicate with the company to fix an issue while managing or servicing your loan,Attempts to collect debt not owed
10462649,774,C_774,2024-10-15,Attempts to collect debt not owed,Debt is not yours,The Best Service Co,FL,34471,Attempts to collect debt not owed Debt is not yours,attempts collect debt owed debt,23,0,Attempts to collect debt not owed Debt is not yours,False statements or representation
10449636,777,C_777,2024-10-14,Attempts to collect debt not owed,Debt is not yours,Capital Co,NJ,08046,Attempts to collect debt not owed Debt is not yours,attempts collect debt owed debt,5,10,Attempts to collect debt not owed Debt is not yours,Attempts to collect debt not owed
10500451,778,C_778,2024-10-18,False statements or representation,Attempted to collect wrong amount,Mar Joe Enterprises,VA,22193,False statements or representation Attempted to collect wrong amount,false statements representation attempted collect wrong amount,6,5,False statements or representation Attempted to collect wrong amount,Improper use of your report
10452856,779,C_779,2024-10-14,Trouble during payment process,"Escrow, taxes, or insurance",Mortgage Research Center Llc,WV,26588,"Trouble during payment process Escrow, taxes, or insurance",trouble payment process escrow taxes insurance,3,0,Attempts to collect debt not owed Debt is not yours,False statements or representation
10481835,781,C_781,2024-10-16,Improper use of your report,Reporting company used your report improperly,Neighborhood Autos Llc,TX,75216,Improper use of your report Reporting company used your report improperly,improper use report reporting company used report improperly,8,9,Improper use of your report Reporting company used your report improperly,Incorrect information on your report
10415564,782,C_782,2024-10-10,Closing on a mortgage,Changes in loan terms during or after closing,Edge Home Finance Co,MO,64012,Closing on a mortgage Changes in loan terms during or after closing,closing mortgage changes loan terms closing,2,0,Attempts to collect debt not owed Debt is not yours,False statements or representation
10433766,784,C_784,2024-10-12,Written notification about debt,Didn't receive enough information to verify debt,Helvey  Associates Inc,OH,45216,Written notification about debt Didn't receive enough information to verify debt,written notification debt didnt receive enough information verify debt,16,16,Written notification about debt Didn't receive enough information to verify debt,Trouble during payment process
10433285,785,C_785,2024-10-12,Problems at the end of the loan or lease,Problem related to refinancing,Caribou Financial Inc,NC,28273,Problems at the end of the loan or lease Problem related to refinancing,problems end loan lease problem related refinancing,3,6,Trouble during payment process Trying to communicate with the company to fix an issue while managing or servicing your loan,Attempts to collect debt not owed
9813353,786,C_786,2024-08-15,Fraud or scam,,Payward Ventures Inc,,,Fraud or scam ,fraud scam,3,0,Attempts to collect debt not owed Debt is not yours,False statements or representation
10373602,788,C_788,2024-10-07,Dealing with your lender or servicer,Need information about your loan balance or loan terms,Iqor Us Inc,NY,11434,Dealing with your lender or servicer Need information about your loan balance or loan terms,dealing lender servicer need information loan balance loan terms,3,0,Attempts to collect debt not owed Debt is not yours,False statements or representation
9817808,789,C_789,2024-08-15,Didn't provide services promised,,Sandalwood Solutions,IA,51649,Didn't provide services promised ,didnt provide services promised,3,0,Attempts to collect debt not owed Debt is not yours,False statements or representation
10404905,794,C_794,2024-10-09,Attempts to collect debt not owed,Debt was paid,Troy Capital Llc,OH,43219,Attempts to collect debt not owed Debt was paid,attempts collect debt owed debt paid,10,0,Attempts to collect debt not owed Debt is not yours,False statements or representation
10325403,795,C_795,2024-10-02,Improper use of your report,Reporting company used your report improperly,Loqbox Us Inc,NY,10001,Improper use of your report Reporting company used your report improperly,improper use report reporting company used report improperly,0,11,Improper use of your report Reporting company used your report improperly,Struggling to pay mortgage
9789984,798,C_798,2024-08-13,Attempts to collect debt not owed,Debt was already discharged in bankruptcy and is no longer owed,Midsouth Adjustment Co,AR,72032,Attempts to collect debt not owed Debt was already discharged in bankruptcy and is no longer owed,attempts collect debt owed debt already discharged bankruptcy longer owed,10,2,Took or threatened to take negative or legal action Threatened or suggested your credit would be damaged,Improper use of your report
9744823,799,C_799,2024-08-08,Attempts to collect debt not owed,Debt was paid,Remex Inc,MD,21239,Attempts to collect debt not owed Debt was paid,attempts collect debt owed debt paid,10,0,Attempts to collect debt not owed Debt is not yours,False statements or representation
9792114,800,C_800,2024-08-14,Problem with fraud alerts or security freezes,,Mib Group Inc,FL,34744,Problem with fraud alerts or security freezes ,problem fraud alerts security freezes,3,0,Attempts to collect debt not owed Debt is not yours,False statements or representation
9786671,806,C_806,2024-08-13,Attempts to collect debt not owed,Debt is not yours,Eos Holdings Inc,NJ,07003,Attempts to collect debt not owed Debt is not yours,attempts collect debt owed debt,5,10,Attempts to collect debt not owed Debt is not yours,Attempts to collect debt not owed
10343866,809,C_809,2024-10-05,Fraud or scam,,Hope Bancorp Inc,CA,92037,Fraud or scam ,fraud scam,3,0,Attempts to collect debt not owed Debt is not yours,False statements or representation
10539297,810,C_810,2024-10-22,Improper use of your report,Received unsolicited financial product or insurance offers after opting out,Home Loan Center Inc,TX,76102,Improper use of your report Received unsolicited financial product or insurance offers after opting out,improper use report received unsolicited financial product insurance offers opting,8,9,Improper use of your report Reporting company used your report improperly,Incorrect information on your report
10046866,814,C_814,2024-09-06,Getting a loan or lease,High-pressure sales tactics,Skopos Financial Llc,DC,20090,Getting a loan or lease High-pressure sales tactics,getting loan lease highpressure sales tactics,3,6,Trouble during payment process Trying to communicate with the company to fix an issue while managing or servicing your loan,Attempts to collect debt not owed
10531210,815,C_815,2024-10-21,Attempts to collect debt not owed,Debt is not yours,Zions Debt Holdings,IL,60629,Attempts to collect debt not owed Debt is not yours,attempts collect debt owed debt,20,8,Attempts to collect debt not owed Debt is not yours,Written notification about debt
10355248,816,C_816,2024-10-05,Trouble during payment process,"Escrow, taxes, or insurance",Ld Holdings Group Llc,AZ,85706,"Trouble during payment process Escrow, taxes, or insurance",trouble payment process escrow taxes insurance,3,0,Attempts to collect debt not owed Debt is not yours,False statements or representation
10394286,818,C_818,2024-10-09,Incorrect information on your report,Account information incorrect,Alliant Credit Union,IL,60477,Incorrect information on your report Account information incorrect,incorrect information report account information incorrect,13,2,Took or threatened to take negative or legal action Threatened or suggested your credit would be damaged,Improper use of your report
10403595,819,C_819,2024-10-09,Problem with fraud alerts or security freezes,,Global Payments Direct Inc,FL,34120,Problem with fraud alerts or security freezes ,problem fraud alerts security freezes,3,0,Attempts to collect debt not owed Debt is not yours,False statements or representation
10390896,822,C_822,2024-10-09,Attempts to collect debt not owed,Debt is not yours,National Enterprise Systems Inc,NV,89106,Attempts to collect debt not owed Debt is not yours,attempts collect debt owed debt,20,8,Attempts to collect debt not owed Debt is not yours,Written notification about debt
10516933,824,C_824,2024-10-21,Attempts to collect debt not owed,Debt is not yours,Pronto Finance Inc,IN,46405,Attempts to collect debt not owed Debt is not yours,attempts collect debt owed debt,5,10,Attempts to collect debt not owed Debt is not yours,Attempts to collect debt not owed
10416227,825,C_825,2024-10-10,Attempts to collect debt not owed,Debt is not yours,Rent Recovery Solutions,NC,28215,Attempts to collect debt not owed Debt is not yours,attempts collect debt owed debt,5,10,Attempts to collect debt not owed Debt is not yours,Attempts to collect debt not owed
10199520,826,C_826,2024-09-21,Repossession,Loan balance remaining after the vehicle is repossessed and sold,Olin Berthelot  Associates Llc,MO,63113,Repossession Loan balance remaining after the vehicle is repossessed and sold,repossession loan balance remaining vehicle repossessed sold,22,14,"Struggling to pay mortgage Trying to communicate with the company to fix an issue related to modification, forbearance, short sale, deed-in-lieu, bankruptcy, or foreclosure",Written notification about debt
10166221,828,C_828,2024-09-18,Attempts to collect debt not owed,Debt is not yours,Allstate Lending Group Inc,IL,60625,Attempts to collect debt not owed Debt is not yours,attempts collect debt owed debt,5,10,Attempts to collect debt not owed Debt is not yours,Attempts to collect debt not owed
10118828,830,C_830,2024-09-13,Problem with a company's investigation into an existing problem,Investigation took more than 30 days,Mobiloans Llc,FL,33615,Problem with a company's investigation into an existing problem Investigation took more than 30 days,problem companys investigation existing problem investigation took days,4,4,Problem with a company's investigation into an existing problem Their investigation did not fix an error on your report,Trouble during payment process
10174636,831,C_831,2024-09-18,Incorrect information on your report,Account status incorrect,Servicer Under Co,CA,92672,Incorrect information on your report Account status incorrect,incorrect information report account status incorrect,14,13,Incorrect information on your report Information belongs to someone else,Incorrect information on your report
10515060,833,C_833,2024-10-20,Took or threatened to take negative or legal action,Threatened or suggested your credit would be damaged,Denefits Llc,MD,20874,Took or threatened to take negative or legal action Threatened or suggested your credit would be damaged,took threatened take negative legal action threatened suggested credit would damaged,18,2,Took or threatened to take negative or legal action Threatened or suggested your credit would be damaged,Improper use of your report
10509540,836,C_836,2024-10-19,Improper use of your report,Reporting company used your report improperly,Merchants And Medical Credit Co,MS,38601,Improper use of your report Reporting company used your report improperly,improper use report reporting company used report improperly,0,11,Improper use of your report Reporting company used your report improperly,Struggling to pay mortgage
10383366,840,C_840,2024-10-08,Fraud or scam,,Carvana Group Llc,FL,33321,Fraud or scam ,fraud scam,3,0,Attempts to collect debt not owed Debt is not yours,False statements or representation
10517560,841,C_841,2024-10-20,Dealing with your lender or servicer,Received bad information about your loan,Heartland Payment Systems Inc,CA,95608,Dealing with your lender or servicer Received bad information about your loan,dealing lender servicer received bad information loan,3,0,Attempts to collect debt not owed Debt is not yours,False statements or representation
10509780,843,C_843,2024-10-19,Incorrect information on your report,Information is incorrect,John C Heath Attorney At Law Pllc,GA,30274,Incorrect information on your report Information is incorrect,incorrect information report information incorrect,12,13,Incorrect information on your report Information belongs to someone else,Incorrect information on your report
10525840,844,C_844,2024-10-21,Managing an account,Cashing a check,Bok Financial Co,OK,74134,Managing an account Cashing a check,managing account cashing check,3,6,Trouble during payment process Trying to communicate with the company to fix an issue while managing or servicing your loan,Attempts to collect debt not owed
10369909,849,C_849,2024-10-07,Incorrect information on your report,Account status incorrect,Blincloans Inc,AL,35160,Incorrect information on your report Account status incorrect,incorrect information report account status incorrect,14,13,Incorrect information on your report Information belongs to someone else,Incorrect information on your report
10516334,851,C_851,2024-10-21,Problem with a company's investigation into an existing problem,Their investigation did not fix an error on your report,Concord Servicing Co,CA,92544,Problem with a company's investigation into an existing problem Their investigation did not fix an error on your report,problem companys investigation existing problem investigation fix error report,4,4,Problem with a company's investigation into an existing problem Their investigation did not fix an error on your report,Trouble during payment process
10498595,852,C_852,2024-10-18,False statements or representation,Attempted to collect wrong amount,Southern Management Systems Inc,TX,77072,False statements or representation Attempted to collect wrong amount,false statements representation attempted collect wrong amount,6,5,False statements or representation Attempted to collect wrong amount,Improper use of your report
10321141,854,C_854,2024-10-02,Charged fees or interest you didn't expect,,Benht Economic Development Co,TN,37010,Charged fees or interest you didn't expect ,charged fees interest didnt expect,1,6,Trouble during payment process Trying to communicate with the company to fix an issue while managing or servicing your loan,Attempts to collect debt not owed
10509405,855,C_855,2024-10-20,False statements or representation,Attempted to collect wrong amount,Phillips Co,IL,60436,False statements or representation Attempted to collect wrong amount,false statements representation attempted collect wrong amount,6,5,False statements or representation Attempted to collect wrong amount,Improper use of your report
10509278,857,C_857,2024-10-20,Attempts to collect debt not owed,Debt was paid,Creditors Bureau Associates,GA,30019,Attempts to collect debt not owed Debt was paid,attempts collect debt owed debt paid,10,3,Attempts to collect debt not owed Debt was paid,Attempts to collect debt not owed
10422526,858,C_858,2024-10-11,Other transaction problem,,Moneygram Payment Systems Worldwide Inc,,,Other transaction problem ,transaction problem,3,6,Trouble during payment process Trying to communicate with the company to fix an issue while managing or servicing your loan,Attempts to collect debt not owed
10511549,862,C_862,2024-10-19,Written notification about debt,Didn't receive enough information to verify debt,Security Credit Systems Inc,NY,14608,Written notification about debt Didn't receive enough information to verify debt,written notification debt didnt receive enough information verify debt,11,7,Written notification about debt Didn't receive notice of right to dispute,Improper use of your report
10476701,870,C_870,2024-10-16,Incorrect information on your report,Information belongs to someone else,Kovo,NY,10701,Incorrect information on your report Information belongs to someone else,incorrect information report information belongs someone else,12,13,Incorrect information on your report Information belongs to someone else,Incorrect information on your report
10504976,875,C_875,2024-10-18,Improper use of your report,Reporting company used your report improperly,Mountain Land Co,UT,84404,Improper use of your report Reporting company used your report improperly,improper use report reporting company used report improperly,0,11,Improper use of your report Reporting company used your report improperly,Struggling to pay mortgage
10499787,878,C_878,2024-10-18,Incorrect information on your report,Information belongs to someone else,Harley Davidson Financial Services Inc,CA,90220,Incorrect information on your report Information belongs to someone else,incorrect information report information belongs someone else,12,13,Incorrect information on your report Information belongs to someone else,Incorrect information on your report
10517331,879,C_879,2024-10-20,Incorrect information on your report,Information belongs to someone else,The Savings Group Inc,FL,33177,Incorrect information on your report Information belongs to someone else,incorrect information report information belongs someone else,12,13,Incorrect information on your report Information belongs to someone else,Incorrect information on your report
10461582,880,C_880,2024-10-15,False statements or representation,Attempted to collect wrong amount,Alliance One Inc,CO,80238,False statements or representation Attempted to collect wrong amount,false statements representation attempted collect wrong amount,6,5,False statements or representation Attempted to collect wrong amount,Improper use of your report
10529432,884,C_884,2024-10-20,Improper use of your report,Reporting company used your report improperly,Bilateral Credit Co,MD,20716,Improper use of your report Reporting company used your report improperly,improper use report reporting company used report improperly,8,9,Improper use of your report Reporting company used your report improperly,Incorrect information on your report
10517453,888,C_888,2024-10-20,Improper use of your report,Credit inquiries on your report that you don't recognize,Stellantis Financial Services Us Co,FL,33177,Improper use of your report Credit inquiries on your report that you don't recognize,improper use report credit inquiries report dont recognize,7,12,Improper use of your report Credit inquiries on your report that you don't recognize,Trouble during payment process
10517454,890,C_890,2024-10-20,Improper use of your report,Credit inquiries on your report that you don't recognize,Mechanics Bank,FL,33177,Improper use of your report Credit inquiries on your report that you don't recognize,improper use report credit inquiries report dont recognize,7,12,Improper use of your report Credit inquiries on your report that you don't recognize,Trouble during payment process
10505422,891,C_891,2024-10-18,Written notification about debt,Didn't receive notice of right to dispute,Hcfs Healthcare Financial Services Of Teamhealth,NY,13502,Written notification about debt Didn't receive notice of right to dispute,written notification debt didnt receive notice right dispute,9,7,Written notification about debt Didn't receive notice of right to dispute,Improper use of your report
10271479,892,C_892,2024-09-27,Written notification about debt,Didn't receive enough information to verify debt,Medical Business Bureau,IL,60609,Written notification about debt Didn't receive enough information to verify debt,written notification debt didnt receive enough information verify debt,16,16,Written notification about debt Didn't receive enough information to verify debt,Trouble during payment process
10413653,897,C_897,2024-10-10,Attempts to collect debt not owed,Debt was result of identity theft,Ars National Services Inc,PR,00678,Attempts to collect debt not owed Debt was result of identity theft,attempts collect debt owed debt result identity theft,15,1,Attempts to collect debt not owed Debt was result of identity theft,Struggling to pay mortgage
10359379,899,C_899,2024-09-20,Attempts to collect debt not owed,Debt was paid,Cedars Business Services Llc,AR,72543,Attempts to collect debt not owed Debt was paid,attempts collect debt owed debt paid,10,3,Attempts to collect debt not owed Debt was paid,Attempts to collect debt not owed
10514134,903,C_903,2024-10-20,False statements or representation,Attempted to collect wrong amount,Collections Unlimited Of Texas Inc,TX,79924,False statements or representation Attempted to collect wrong amount,false statements representation attempted collect wrong amount,27,5,False statements or representation Attempted to collect wrong amount,Improper use of your report
10415699,907,C_907,2024-10-10,Charged fees or interest you didn't expect,,A Premium Acceptance Inc,KS,67216,Charged fees or interest you didn't expect ,charged fees interest didnt expect,1,6,Trouble during payment process Trying to communicate with the company to fix an issue while managing or servicing your loan,Attempts to collect debt not owed
10488372,910,C_910,2024-10-17,Attempts to collect debt not owed,Debt is not yours,Flexshopper Inc,TX,76179,Attempts to collect debt not owed Debt is not yours,attempts collect debt owed debt,20,8,Attempts to collect debt not owed Debt is not yours,Written notification about debt
10493972,914,C_914,2024-10-17,False statements or representation,Attempted to collect wrong amount,Citizens Debt Relief Llc,TX,77065,False statements or representation Attempted to collect wrong amount,false statements representation attempted collect wrong amount,27,5,False statements or representation Attempted to collect wrong amount,Improper use of your report
10400957,916,C_916,2024-10-10,Struggling to pay your loan,,Solar Mosaic Llc,CA,92408,Struggling to pay your loan ,struggling pay loan,3,6,Trouble during payment process Trying to communicate with the company to fix an issue while managing or servicing your loan,Attempts to collect debt not owed
10012540,917,C_917,2024-09-04,Confusing or misleading advertising or marketing,,Better Debt Solutions Llc,NC,27006,Confusing or misleading advertising or marketing ,confusing misleading advertising marketing,3,6,Trouble during payment process Trying to communicate with the company to fix an issue while managing or servicing your loan,Attempts to collect debt not owed
10437527,918,C_918,2024-10-13,Struggling to pay your loan,,Sunlight Financial Llc,CA,90249,Struggling to pay your loan ,struggling pay loan,3,6,Trouble during payment process Trying to communicate with the company to fix an issue while managing or servicing your loan,Attempts to collect debt not owed
10551244,923,C_923,2024-10-23,Attempts to collect debt not owed,Debt was result of identity theft,Waypoint Resource Group Llc,NV,89147,Attempts to collect debt not owed Debt was result of identity theft,attempts collect debt owed debt result identity theft,28,3,Attempts to collect debt not owed Debt was paid,Attempts to collect debt not owed
10488901,924,C_924,2024-10-17,Improper use of your report,Reporting company used your report improperly,Oliphant Financial Llc,NY,13207,Improper use of your report Reporting company used your report improperly,improper use report reporting company used report improperly,8,9,Improper use of your report Reporting company used your report improperly,Incorrect information on your report
10506869,925,C_925,2024-10-18,Took or threatened to take negative or legal action,Seized or attempted to seize your property,Fidelity Properties Inc,OH,44601,Took or threatened to take negative or legal action Seized or attempted to seize your property,took threatened take negative legal action seized attempted seize property,29,0,Attempts to collect debt not owed Debt is not yours,False statements or representation
10506944,929,C_929,2024-10-17,Written notification about debt,Didn't receive notice of right to dispute,Certified Solutions Inc,NJ,07728,Written notification about debt Didn't receive notice of right to dispute,written notification debt didnt receive notice right dispute,9,7,Written notification about debt Didn't receive notice of right to dispute,Improper use of your report
10487278,932,C_932,2024-10-17,Incorrect information on your report,Information belongs to someone else,Americollect,GA,31409,Incorrect information on your report Information belongs to someone else,incorrect information report information belongs someone else,12,13,Incorrect information on your report Information belongs to someone else,Incorrect information on your report
10461200,933,C_933,2024-10-15,False statements or representation,Attempted to collect wrong amount,Debt Co,MO,63001,False statements or representation Attempted to collect wrong amount,false statements representation attempted collect wrong amount,27,5,False statements or representation Attempted to collect wrong amount,Improper use of your report
10401927,937,C_937,2024-10-09,Written notification about debt,Didn't receive notice of right to dispute,Nationwide Capital Services Llc,GA,30132,Written notification about debt Didn't receive notice of right to dispute,written notification debt didnt receive notice right dispute,9,7,Written notification about debt Didn't receive notice of right to dispute,Improper use of your report
10372435,938,C_938,2024-10-07,Charged fees or interest you didn't expect,,Klarna Ab,PA,19150,Charged fees or interest you didn't expect ,charged fees interest didnt expect,1,6,Trouble during payment process Trying to communicate with the company to fix an issue while managing or servicing your loan,Attempts to collect debt not owed
10462360,946,C_946,2024-10-15,Improper use of your report,Credit inquiries on your report that you don't recognize,William D Meeker Enterprises Inc,MD,21213,Improper use of your report Credit inquiries on your report that you don't recognize,improper use report credit inquiries report dont recognize,24,12,Improper use of your report Credit inquiries on your report that you don't recognize,Trouble during payment process
10461453,947,C_947,2024-10-15,Written notification about debt,Didn't receive enough information to verify debt,Capital Management Services Lp,SC,29550,Written notification about debt Didn't receive enough information to verify debt,written notification debt didnt receive enough information verify debt,16,16,Written notification about debt Didn't receive enough information to verify debt,Trouble during payment process
10468230,951,C_951,2024-10-16,Written notification about debt,Didn't receive enough information to verify debt,Admin Recovery Llc,NJ,08021,Written notification about debt Didn't receive enough information to verify debt,written notification debt didnt receive enough information verify debt,16,16,Written notification about debt Didn't receive enough information to verify debt,Trouble during payment process
10465765,954,C_954,2024-10-15,Written notification about debt,Didn't receive enough information to verify debt,Tsc Accounts Receivable Solutions,OK,73110,Written notification about debt Didn't receive enough information to verify debt,written notification debt didnt receive enough information verify debt,16,16,Written notification about debt Didn't receive enough information to verify debt,Trouble during payment process
10389335,955,C_955,2024-10-08,Struggling to pay mortgage,"Trying to communicate with the company to fix an issue related to modification, forbearance, short sale, deed-in-lieu, bankruptcy, or foreclosure",Fairway Independent Mortgage Co,GA,30294,"Struggling to pay mortgage Trying to communicate with the company to fix an issue related to modification, forbearance, short sale, deed-in-lieu, bankruptcy, or foreclosure",struggling pay mortgage trying communicate company fix issue related modification forbearance short sale deedinlieu bankruptcy foreclosure,17,14,"Struggling to pay mortgage Trying to communicate with the company to fix an issue related to modification, forbearance, short sale, deed-in-lieu, bankruptcy, or foreclosure",Written notification about debt
10445339,960,C_960,2024-10-15,Attempts to collect debt not owed,Debt is not yours,Aspen National Financial Inc,NY,10001,Attempts to collect debt not owed Debt is not yours,attempts collect debt owed debt,5,10,Attempts to collect debt not owed Debt is not yours,Attempts to collect debt not owed
10490380,962,C_962,2024-10-17,Written notification about debt,Didn't receive notice of right to dispute,Riverview Law Office Pllc,MN,55110,Written notification about debt Didn't receive notice of right to dispute,written notification debt didnt receive notice right dispute,9,7,Written notification about debt Didn't receive notice of right to dispute,Improper use of your report
10402387,963,C_963,2024-10-09,Incorrect information on your report,Account information incorrect,State Employees Credit Union,NC,28314,Incorrect information on your report Account information incorrect,incorrect information report account information incorrect,13,2,Took or threatened to take negative or legal action Threatened or suggested your credit would be damaged,Improper use of your report
10477513,964,C_964,2024-10-16,False statements or representation,Attempted to collect wrong amount,Duncan Solutions Lnc,GA,31721,False statements or representation Attempted to collect wrong amount,false statements representation attempted collect wrong amount,27,5,False statements or representation Attempted to collect wrong amount,Improper use of your report
10599382,967,C_967,2024-10-28,Took or threatened to take negative or legal action,Seized or attempted to seize your property,Credico Inc,SD,57001,Took or threatened to take negative or legal action Seized or attempted to seize your property,took threatened take negative legal action seized attempted seize property,29,0,Attempts to collect debt not owed Debt is not yours,False statements or representation
10403898,969,C_969,2024-10-09,Written notification about debt,Notification didn't disclose it was an attempt to collect a debt,Pressler  Pressler Llp,NY,13601,Written notification about debt Notification didn't disclose it was an attempt to collect a debt,written notification debt notification didnt disclose attempt collect debt,9,0,Attempts to collect debt not owed Debt is not yours,False statements or representation
10403683,970,C_970,2024-10-09,Written notification about debt,Didn't receive notice of right to dispute,Patenaude  Felix A Professional Co,CA,95307,Written notification about debt Didn't receive notice of right to dispute,written notification debt didnt receive notice right dispute,9,7,Written notification about debt Didn't receive notice of right to dispute,Improper use of your report
10404552,973,C_973,2024-10-09,Improper use of your report,Reporting company used your report improperly,Cng Financial Co,MI,48141,Improper use of your report Reporting company used your report improperly,improper use report reporting company used report improperly,0,11,Improper use of your report Reporting company used your report improperly,Struggling to pay mortgage
10480008,974,C_974,2024-10-16,Attempts to collect debt not owed,Debt is not yours,Transfinancial Co,LA,70807,Attempts to collect debt not owed Debt is not yours,attempts collect debt owed debt,23,0,Attempts to collect debt not owed Debt is not yours,False statements or representation
10397145,976,C_976,2024-10-10,Struggling to pay mortgage,"Trying to communicate with the company to fix an issue related to modification, forbearance, short sale, deed-in-lieu, bankruptcy, or foreclosure",Statebridge Co,CA,91745,"Struggling to pay mortgage Trying to communicate with the company to fix an issue related to modification, forbearance, short sale, deed-in-lieu, bankruptcy, or foreclosure",struggling pay mortgage trying communicate company fix issue related modification forbearance short sale deedinlieu bankruptcy foreclosure,17,14,"Struggling to pay mortgage Trying to communicate with the company to fix an issue related to modification, forbearance, short sale, deed-in-lieu, bankruptcy, or foreclosure",Written notification about debt
10391618,978,C_978,2024-10-09,Improper use of your report,Credit inquiries on your report that you don't recognize,Autonation Enterprises Inc,FL,33174,Improper use of your report Credit inquiries on your report that you don't recognize,improper use report credit inquiries report dont recognize,7,12,Improper use of your report Credit inquiries on your report that you don't recognize,Trouble during payment process
10438634,980,C_980,2024-10-13,Repossession,Loan balance remaining after the vehicle is repossessed and sold,Automotive Credit Co,TN,37206,Repossession Loan balance remaining after the vehicle is repossessed and sold,repossession loan balance remaining vehicle repossessed sold,22,14,"Struggling to pay mortgage Trying to communicate with the company to fix an issue related to modification, forbearance, short sale, deed-in-lieu, bankruptcy, or foreclosure",Written notification about debt
10382141,984,C_984,2024-10-09,Improper use of your report,Reporting company used your report improperly,Customers Bancorp Inc,MI,49507,Improper use of your report Reporting company used your report improperly,improper use report reporting company used report improperly,8,9,Improper use of your report Reporting company used your report improperly,Incorrect information on your report
10582814,985,C_985,2024-10-25,Threatened to contact someone or share information improperly,Contacted you after you asked them to stop,Professional Co,WI,53216,Threatened to contact someone or share information improperly Contacted you after you asked them to stop,threatened contact someone share information improperly contacted asked stop,19,15,Threatened to contact someone or share information improperly Talked to a third-party about your debt,Attempts to collect debt not owed
10392083,988,C_988,2024-10-09,Attempts to collect debt not owed,Debt is not yours,Rfna Lp,GA,30064,Attempts to collect debt not owed Debt is not yours,attempts collect debt owed debt,23,0,Attempts to collect debt not owed Debt is not yours,False statements or representation
10432722,990,C_990,2024-10-12,Attempts to collect debt not owed,Debt was result of identity theft,Red River Credit Co,OK,73114,Attempts to collect debt not owed Debt was result of identity theft,attempts collect debt owed debt result identity theft,15,1,Attempts to collect debt not owed Debt was result of identity theft,Struggling to pay mortgage
10432577,993,C_993,2024-10-12,Problem with customer service,,Brock  Scott Pllc,FL,33409,Problem with customer service ,problem customer service,3,0,Attempts to collect debt not owed Debt is not yours,False statements or representation
10364084,994,C_994,2024-10-06,Problem with a company's investigation into an existing problem,Investigation took more than 30 days,Lendingusa,CO,80138,Problem with a company's investigation into an existing problem Investigation took more than 30 days,problem companys investigation existing problem investigation took days,4,4,Problem with a company's investigation into an existing problem Their investigation did not fix an error on your report,Trouble during payment process
10432642,996,C_996,2024-10-12,Written notification about debt,Didn't receive enough information to verify debt,Pendrick Capital Partners,NY,13116,Written notification about debt Didn't receive enough information to verify debt,written notification debt didnt receive enough information verify debt,11,7,Written notification about debt Didn't receive notice of right to dispute,Improper use of your report
10392294,1002,C_1002,2024-10-09,Written notification about debt,Didn't receive notice of right to dispute,Atlantic Recovery Solutions Llc,VT,05602,Written notification about debt Didn't receive notice of right to dispute,written notification debt didnt receive notice right dispute,9,7,Written notification about debt Didn't receive notice of right to dispute,Improper use of your report
10433888,1003,C_1003,2024-10-12,Written notification about debt,Didn't receive notice of right to dispute,Berlinwheeler Inc,AZ,85226,Written notification about debt Didn't receive notice of right to dispute,written notification debt didnt receive notice right dispute,9,7,Written notification about debt Didn't receive notice of right to dispute,Improper use of your report
10384441,1004,C_1004,2024-10-08,Trouble during payment process,Paying off the loan,Community Loan Servicing Llc,CA,91202,Trouble during payment process Paying off the loan,trouble payment process paying loan,3,6,Trouble during payment process Trying to communicate with the company to fix an issue while managing or servicing your loan,Attempts to collect debt not owed
10434407,1006,C_1006,2024-10-12,Took or threatened to take negative or legal action,Collected or attempted to collect exempt funds,Ras Lavrar Llc,GA,30014,Took or threatened to take negative or legal action Collected or attempted to collect exempt funds,took threatened take negative legal action collected attempted collect exempt funds,3,0,Attempts to collect debt not owed Debt is not yours,False statements or representation
10358607,1007,C_1007,2024-10-05,Dealing with your lender or servicer,Trouble with how payments are being handled,Abrahamsen Gindin Llc,NY,11434,Dealing with your lender or servicer Trouble with how payments are being handled,dealing lender servicer trouble payments handled,3,0,Attempts to collect debt not owed Debt is not yours,False statements or representation
10445401,1008,C_1008,2024-10-15,False statements or representation,Attempted to collect wrong amount,Lcb Rent Reporting Ltd,GA,31701,False statements or representation Attempted to collect wrong amount,false statements representation attempted collect wrong amount,6,5,False statements or representation Attempted to collect wrong amount,Improper use of your report
10230578,1010,C_1010,2024-09-24,Getting a line of credit,,First Hawaiian Inc,HI,96720,Getting a line of credit ,getting line credit,3,6,Trouble during payment process Trying to communicate with the company to fix an issue while managing or servicing your loan,Attempts to collect debt not owed
10417216,1012,C_1012,2024-10-11,Attempts to collect debt not owed,Debt was paid,Municipal Co,IL,60620,Attempts to collect debt not owed Debt was paid,attempts collect debt owed debt paid,10,0,Attempts to collect debt not owed Debt is not yours,False statements or representation
10385887,1013,C_1013,2024-10-08,Problem when making payments,,Tower Loan Of Mississippi Inc,LA,70001,Problem when making payments ,problem making payments,1,6,Trouble during payment process Trying to communicate with the company to fix an issue while managing or servicing your loan,Attempts to collect debt not owed
10379477,1014,C_1014,2024-10-08,Attempts to collect debt not owed,Debt is not yours,Credit Card Receivables Fund Inc,LA,70001,Attempts to collect debt not owed Debt is not yours,attempts collect debt owed debt,23,0,Attempts to collect debt not owed Debt is not yours,False statements or representation
10450360,1015,C_1015,2024-10-14,Improper use of your report,Reporting company used your report improperly,Auto Trakk Llc,PA,19143,Improper use of your report Reporting company used your report improperly,improper use report reporting company used report improperly,0,11,Improper use of your report Reporting company used your report improperly,Struggling to pay mortgage
10385194,1016,C_1016,2024-10-08,Attempts to collect debt not owed,Debt was result of identity theft,Hovg Llc,FL,33054,Attempts to collect debt not owed Debt was result of identity theft,attempts collect debt owed debt result identity theft,15,1,Attempts to collect debt not owed Debt was result of identity theft,Struggling to pay mortgage
8938923,1017,C_1017,2024-05-07,Trouble during payment process,Payment process,Doxo Inc,FL,33147,Trouble during payment process Payment process,trouble payment process payment process,3,6,Trouble during payment process Trying to communicate with the company to fix an issue while managing or servicing your loan,Attempts to collect debt not owed
10455870,1019,C_1019,2024-10-16,Struggling to pay mortgage,"Trying to communicate with the company to fix an issue related to modification, forbearance, short sale, deed-in-lieu, bankruptcy, or foreclosure",Colorado Housing And Finance Authority,CO,80013,"Struggling to pay mortgage Trying to communicate with the company to fix an issue related to modification, forbearance, short sale, deed-in-lieu, bankruptcy, or foreclosure",struggling pay mortgage trying communicate company fix issue related modification forbearance short sale deedinlieu bankruptcy foreclosure,17,14,"Struggling to pay mortgage Trying to communicate with the company to fix an issue related to modification, forbearance, short sale, deed-in-lieu, bankruptcy, or foreclosure",Written notification about debt
10456214,1020,C_1020,2024-10-16,Improper use of your report,Reporting company used your report improperly,Constar Financial Services Llc,GA,30519,Improper use of your report Reporting company used your report improperly,improper use report reporting company used report improperly,8,9,Improper use of your report Reporting company used your report improperly,Incorrect information on your report
10386559,1022,C_1022,2024-10-08,Attempts to collect debt not owed,Debt was paid,S  S Recovery Inc,TX,78613,Attempts to collect debt not owed Debt was paid,attempts collect debt owed debt paid,10,3,Attempts to collect debt not owed Debt was paid,Attempts to collect debt not owed
10386468,1023,C_1023,2024-10-08,Took or threatened to take negative or legal action,Threatened or suggested your credit would be damaged,Asset Recovery Solutions Llc,IN,47909,Took or threatened to take negative or legal action Threatened or suggested your credit would be damaged,took threatened take negative legal action threatened suggested credit would damaged,18,2,Took or threatened to take negative or legal action Threatened or suggested your credit would be damaged,Improper use of your report
10449676,1025,C_1025,2024-10-14,Other transaction problem,,Chime Inc,CA,90028,Other transaction problem ,transaction problem,3,6,Trouble during payment process Trying to communicate with the company to fix an issue while managing or servicing your loan,Attempts to collect debt not owed
10411434,1026,C_1026,2024-10-10,Trouble during payment process,Trying to communicate with the company to fix an issue while managing or servicing your loan,Lima One Capital Llc,NJ,07850,Trouble during payment process Trying to communicate with the company to fix an issue while managing or servicing your loan,trouble payment process trying communicate company fix issue managing servicing loan,3,6,Trouble during payment process Trying to communicate with the company to fix an issue while managing or servicing your loan,Attempts to collect debt not owed
10390375,1028,C_1028,2024-10-08,Attempts to collect debt not owed,Debt was result of identity theft,Trident Asset Management Llc,CA,92782,Attempts to collect debt not owed Debt was result of identity theft,attempts collect debt owed debt result identity theft,15,1,Attempts to collect debt not owed Debt was result of identity theft,Struggling to pay mortgage
10371069,1029,C_1029,2024-10-07,Attempts to collect debt not owed,Debt was paid,Rubin  Rothman Llc,CT,06614,Attempts to collect debt not owed Debt was paid,attempts collect debt owed debt paid,10,3,Attempts to collect debt not owed Debt was paid,Attempts to collect debt not owed
10390188,1030,C_1030,2024-10-08,Communication tactics,"You told them to stop contacting you, but they keep trying",Fms Inc,NC,27410,"Communication tactics You told them to stop contacting you, but they keep trying",communication tactics told stop contacting keep trying,3,6,Trouble during payment process Trying to communicate with the company to fix an issue while managing or servicing your loan,Attempts to collect debt not owed
10411296,1031,C_1031,2024-10-10,Threatened to contact someone or share information improperly,Contacted your employer,Da Services Llc,PA,15642,Threatened to contact someone or share information improperly Contacted your employer,threatened contact someone share information improperly contacted employer,19,15,Threatened to contact someone or share information improperly Talked to a third-party about your debt,Attempts to collect debt not owed
10511213,1035,C_1035,2024-10-19,Unexpected or other fees,,Payfare International Inc,VA,23222,Unexpected or other fees ,unexpected fees,1,6,Trouble during payment process Trying to communicate with the company to fix an issue while managing or servicing your loan,Attempts to collect debt not owed
10479012,1038,C_1038,2024-10-16,Written notification about debt,Didn't receive notice of right to dispute,Linebarger Goggan Blair Sa,FL,33168,Written notification about debt Didn't receive notice of right to dispute,written notification debt didnt receive notice right dispute,9,7,Written notification about debt Didn't receive notice of right to dispute,Improper use of your report
10396826,1039,C_1039,2024-10-08,Attempts to collect debt not owed,Debt is not yours,International Co,OK,73013,Attempts to collect debt not owed Debt is not yours,attempts collect debt owed debt,21,3,Attempts to collect debt not owed Debt was paid,Attempts to collect debt not owed
10359473,1041,C_1041,2024-10-05,Incorrect information on your report,Account information incorrect,Nerdwallet Inc,CA,93307,Incorrect information on your report Account information incorrect,incorrect information report account information incorrect,13,2,Took or threatened to take negative or legal action Threatened or suggested your credit would be damaged,Improper use of your report
10378396,1042,C_1042,2024-10-07,Improper use of your report,Reporting company used your report improperly,Servisfirst Bancshares Inc,NC,28025,Improper use of your report Reporting company used your report improperly,improper use report reporting company used report improperly,8,9,Improper use of your report Reporting company used your report improperly,Incorrect information on your report
10578257,1045,C_1045,2024-10-25,Improper use of your report,Credit inquiries on your report that you don't recognize,Family Choice Financial Inc,MS,38601,Improper use of your report Credit inquiries on your report that you don't recognize,improper use report credit inquiries report dont recognize,7,12,Improper use of your report Credit inquiries on your report that you don't recognize,Trouble during payment process
10315702,1047,C_1047,2024-10-03,Improper use of your report,Reporting company used your report improperly,Settlementone Valuation Llc,NJ,07011,Improper use of your report Reporting company used your report improperly,improper use report reporting company used report improperly,8,9,Improper use of your report Reporting company used your report improperly,Incorrect information on your report
10411811,1049,C_1049,2024-10-10,Incorrect information on your report,Account information incorrect,Village Capital  Investment Llc,NC,28056,Incorrect information on your report Account information incorrect,incorrect information report account information incorrect,13,2,Took or threatened to take negative or legal action Threatened or suggested your credit would be damaged,Improper use of your report
10517581,1050,C_1050,2024-10-20,Money was not available when promised,,Blockchaincom Inc,,,Money was not available when promised ,money available promised,26,6,Trouble during payment process Trying to communicate with the company to fix an issue while managing or servicing your loan,Attempts to collect debt not owed
10371041,1051,C_1051,2024-10-07,Trouble during payment process,Trying to communicate with the company to fix an issue while managing or servicing your loan,Aldridge Pite Llp,CA,92804,Trouble during payment process Trying to communicate with the company to fix an issue while managing or servicing your loan,trouble payment process trying communicate company fix issue managing servicing loan,3,6,Trouble during payment process Trying to communicate with the company to fix an issue while managing or servicing your loan,Attempts to collect debt not owed
10305977,1053,C_1053,2024-10-01,Communication tactics,Frequent or repeated calls,Unity Asset Management,TN,37122,Communication tactics Frequent or repeated calls,communication tactics frequent repeated calls,3,1,Attempts to collect debt not owed Debt was result of identity theft,Struggling to pay mortgage
10267796,1055,C_1055,2024-09-27,Managing an account,Problem using a debit or ATM card,Fb Financial Co,TN,37129,Managing an account Problem using a debit or ATM card,managing account problem using debit atm card,1,6,Trouble during payment process Trying to communicate with the company to fix an issue while managing or servicing your loan,Attempts to collect debt not owed
10460050,1057,C_1057,2024-10-15,Attempts to collect debt not owed,Debt is not yours,Jnr Adjustment Co,GA,30809,Attempts to collect debt not owed Debt is not yours,attempts collect debt owed debt,23,0,Attempts to collect debt not owed Debt is not yours,False statements or representation
10246892,1058,C_1058,2024-09-25,Took or threatened to take negative or legal action,Threatened or suggested your credit would be damaged,Jana Ferrell  Associates Llc,TX,73301,Took or threatened to take negative or legal action Threatened or suggested your credit would be damaged,took threatened take negative legal action threatened suggested credit would damaged,18,2,Took or threatened to take negative or legal action Threatened or suggested your credit would be damaged,Improper use of your report
10371846,1060,C_1060,2024-10-07,Money was not available when promised,,Taptap Send Inc,TN,37130,Money was not available when promised ,money available promised,26,6,Trouble during payment process Trying to communicate with the company to fix an issue while managing or servicing your loan,Attempts to collect debt not owed
10467883,1062,C_1062,2024-10-16,Attempts to collect debt not owed,Debt was paid,Universal Account Servicing Llc,CA,90247,Attempts to collect debt not owed Debt was paid,attempts collect debt owed debt paid,10,3,Attempts to collect debt not owed Debt was paid,Attempts to collect debt not owed
10502707,1064,C_1064,2024-10-18,Took or threatened to take negative or legal action,Threatened to arrest you or take you to jail if you do not pay,Blitt And Gaines Pc,MO,64117,Took or threatened to take negative or legal action Threatened to arrest you or take you to jail if you do not pay,took threatened take negative legal action threatened arrest take jail pay,2,15,Threatened to contact someone or share information improperly Talked to a third-party about your debt,Attempts to collect debt not owed
10374796,1065,C_1065,2024-10-07,Managing an account,Funds not handled or disbursed as instructed,Renasant Co,MS,38601,Managing an account Funds not handled or disbursed as instructed,managing account funds handled disbursed instructed,3,6,Trouble during payment process Trying to communicate with the company to fix an issue while managing or servicing your loan,Attempts to collect debt not owed
10028458,1066,C_1066,2024-09-05,Money was not available when promised,,Sigue Co,IN,46001,Money was not available when promised ,money available promised,26,6,Trouble during payment process Trying to communicate with the company to fix an issue while managing or servicing your loan,Attempts to collect debt not owed
10488472,1067,C_1067,2024-10-17,Managing an account,Deposits and withdrawals,Umb Financial Co,IN,46037,Managing an account Deposits and withdrawals,managing account deposits withdrawals,3,6,Trouble during payment process Trying to communicate with the company to fix an issue while managing or servicing your loan,Attempts to collect debt not owed
10471961,1068,C_1068,2024-10-16,Getting a credit card,Card opened without my consent or knowledge,Uhg Llc,IL,61013,Getting a credit card Card opened without my consent or knowledge,getting credit card card opened without consent knowledge,3,6,Trouble during payment process Trying to communicate with the company to fix an issue while managing or servicing your loan,Attempts to collect debt not owed
10378111,1070,C_1070,2024-10-07,Improper use of your report,Reporting company used your report improperly,Automotive Services Finance Inc,VA,23513,Improper use of your report Reporting company used your report improperly,improper use report reporting company used report improperly,0,11,Improper use of your report Reporting company used your report improperly,Struggling to pay mortgage
10474700,1071,C_1071,2024-10-16,Written notification about debt,Didn't receive enough information to verify debt,Consumer Co,NC,28205,Written notification about debt Didn't receive enough information to verify debt,written notification debt didnt receive enough information verify debt,11,7,Written notification about debt Didn't receive notice of right to dispute,Improper use of your report
10405716,1072,C_1072,2024-10-09,Took or threatened to take negative or legal action,Sued you in a state where you do not live or did not sign for the debt,Triton Recovery Group,CA,91387,Took or threatened to take negative or legal action Sued you in a state where you do not live or did not sign for the debt,took threatened take negative legal action sued state live sign debt,3,2,Took or threatened to take negative or legal action Threatened or suggested your credit would be damaged,Improper use of your report
10603258,1073,C_1073,2024-10-28,Attempts to collect debt not owed,Debt was paid,Residentcollect Inc,TX,75067,Attempts to collect debt not owed Debt was paid,attempts collect debt owed debt paid,10,0,Attempts to collect debt not owed Debt is not yours,False statements or representation
10492007,1074,C_1074,2024-10-17,Managing the loan or lease,Problem with additional products or services purchased with the loan,Sol Acceptance,CA,91792,Managing the loan or lease Problem with additional products or services purchased with the loan,managing loan lease problem additional products services purchased loan,3,6,Trouble during payment process Trying to communicate with the company to fix an issue while managing or servicing your loan,Attempts to collect debt not owed
10361045,1076,C_1076,2024-10-07,Attempts to collect debt not owed,Debt is not yours,Benjamin Chaise Recovery Services Llc,IL,60001,Attempts to collect debt not owed Debt is not yours,attempts collect debt owed debt,21,3,Attempts to collect debt not owed Debt was paid,Attempts to collect debt not owed
10455902,1077,C_1077,2024-10-16,Incorrect information on your report,Account status incorrect,Suncoast Credit Union,FL,34142,Incorrect information on your report Account status incorrect,incorrect information report account status incorrect,14,13,Incorrect information on your report Information belongs to someone else,Incorrect information on your report
10457041,1078,C_1078,2024-10-15,Improper use of your report,Credit inquiries on your report that you don't recognize,Lentegrity Management Llc,FL,33126,Improper use of your report Credit inquiries on your report that you don't recognize,improper use report credit inquiries report dont recognize,7,12,Improper use of your report Credit inquiries on your report that you don't recognize,Trouble during payment process
10450009,1079,C_1079,2024-10-14,Attempts to collect debt not owed,Debt is not yours,Arcadia Holdings Llc,DC,20224,Attempts to collect debt not owed Debt is not yours,attempts collect debt owed debt,21,3,Attempts to collect debt not owed Debt was paid,Attempts to collect debt not owed
10502968,1080,C_1080,2024-10-18,Attempts to collect debt not owed,Debt is not yours,American Co,OH,45419,Attempts to collect debt not owed Debt is not yours,attempts collect debt owed debt,21,3,Attempts to collect debt not owed Debt was paid,Attempts to collect debt not owed
10431451,1083,C_1083,2024-10-13,Took or threatened to take negative or legal action,Sued you without properly notifying you of lawsuit,Suttell Hammer  White Ps,CA,91754,Took or threatened to take negative or legal action Sued you without properly notifying you of lawsuit,took threatened take negative legal action sued without properly notifying lawsuit,13,2,Took or threatened to take negative or legal action Threatened or suggested your credit would be damaged,Improper use of your report
10401465,1084,C_1084,2024-10-09,Trouble during payment process,Private mortgage insurance (PMI),Roundpoint Mortgage Servicing Llc,CO,80013,Trouble during payment process Private mortgage insurance (PMI),trouble payment process private mortgage insurance pmi,3,6,Trouble during payment process Trying to communicate with the company to fix an issue while managing or servicing your loan,Attempts to collect debt not owed
10572263,1085,C_1085,2024-10-25,Attempts to collect debt not owed,Debt is not yours,J J Marshall  Associates Inc,SC,29680,Attempts to collect debt not owed Debt is not yours,attempts collect debt owed debt,23,0,Attempts to collect debt not owed Debt is not yours,False statements or representation
10548133,1086,C_1086,2024-10-23,Attempts to collect debt not owed,Debt is not yours,National Co,MI,48442,Attempts to collect debt not owed Debt is not yours,attempts collect debt owed debt,23,0,Attempts to collect debt not owed Debt is not yours,False statements or representation
10548023,1087,C_1087,2024-10-23,Applying for a mortgage or refinancing an existing mortgage,Confusing or misleading advertising or marketing,Secure One Capital Co,CA,92808,Applying for a mortgage or refinancing an existing mortgage Confusing or misleading advertising or marketing,applying mortgage refinancing existing mortgage confusing misleading advertising marketing,3,6,Trouble during payment process Trying to communicate with the company to fix an issue while managing or servicing your loan,Attempts to collect debt not owed
10501716,1088,C_1088,2024-10-18,Took or threatened to take negative or legal action,Sued you without properly notifying you of lawsuit,Marcadis Singer Pa,FL,32931,Took or threatened to take negative or legal action Sued you without properly notifying you of lawsuit,took threatened take negative legal action sued without properly notifying lawsuit,13,2,Took or threatened to take negative or legal action Threatened or suggested your credit would be damaged,Improper use of your report
10504297,1089,C_1089,2024-10-18,False statements or representation,Attempted to collect wrong amount,Dlc Llc,GA,30080,False statements or representation Attempted to collect wrong amount,false statements representation attempted collect wrong amount,27,5,False statements or representation Attempted to collect wrong amount,Improper use of your report
10488015,1090,C_1090,2024-10-17,False statements or representation,Attempted to collect wrong amount,Pier Special Opportunities Fund Lp,GA,30080,False statements or representation Attempted to collect wrong amount,false statements representation attempted collect wrong amount,6,5,False statements or representation Attempted to collect wrong amount,Improper use of your report
10475246,1091,C_1091,2024-10-16,Improper use of your report,Credit inquiries on your report that you don't recognize,Prosper Marketplace Inc,GA,30152,Improper use of your report Credit inquiries on your report that you don't recognize,improper use report credit inquiries report dont recognize,7,12,Improper use of your report Credit inquiries on your report that you don't recognize,Trouble during payment process
10475638,1092,C_1092,2024-10-16,Attempts to collect debt not owed,Debt was paid,Valor Intelligent Processing Llc,TN,38018,Attempts to collect debt not owed Debt was paid,attempts collect debt owed debt paid,10,3,Attempts to collect debt not owed Debt was paid,Attempts to collect debt not owed
10561327,1093,C_1093,2024-10-24,Improper use of your report,Reporting company used your report improperly,Pacific Credit Exchange Co,CA,95821,Improper use of your report Reporting company used your report improperly,improper use report reporting company used report improperly,8,9,Improper use of your report Reporting company used your report improperly,Incorrect information on your report
10557348,1094,C_1094,2024-10-23,Improper use of your report,Credit inquiries on your report that you don't recognize,Neu Money Inc,OH,43209,Improper use of your report Credit inquiries on your report that you don't recognize,improper use report credit inquiries report dont recognize,7,12,Improper use of your report Credit inquiries on your report that you don't recognize,Trouble during payment process
10557823,1095,C_1095,2024-10-23,Communication tactics,Frequent or repeated calls,Omnipoint Capital,NY,14425,Communication tactics Frequent or repeated calls,communication tactics frequent repeated calls,3,1,Attempts to collect debt not owed Debt was result of identity theft,Struggling to pay mortgage
10464516,1097,C_1097,2024-10-15,Closing on a mortgage,Closing disclosure or other related disclosures,Paramount Residential Mortgage Group,CA,92392,Closing on a mortgage Closing disclosure or other related disclosures,closing mortgage closing disclosure related disclosures,26,1,Attempts to collect debt not owed Debt was result of identity theft,Struggling to pay mortgage
10472071,1098,C_1098,2024-10-17,Unauthorized transactions or other transaction problem,,Bright Capital Inc,TN,37010,Unauthorized transactions or other transaction problem ,unauthorized transactions transaction problem,15,0,Attempts to collect debt not owed Debt is not yours,False statements or representation
10468211,1099,C_1099,2024-10-16,Attempts to collect debt not owed,Debt is not yours,Dfc Global Co,MA,02145,Attempts to collect debt not owed Debt is not yours,attempts collect debt owed debt,20,8,Attempts to collect debt not owed Debt is not yours,Written notification about debt
10533060,1100,C_1100,2024-10-23,Attempts to collect debt not owed,Debt is not yours,Aargon Agency Inc,NV,89135,Attempts to collect debt not owed Debt is not yours,attempts collect debt owed debt,20,8,Attempts to collect debt not owed Debt is not yours,Written notification about debt
10437735,1101,C_1101,2024-10-13,Improper use of your report,Reporting company used your report improperly,Oasis Legal Finance Holding Co,WI,53223,Improper use of your report Reporting company used your report improperly,improper use report reporting company used report improperly,0,11,Improper use of your report Reporting company used your report improperly,Struggling to pay mortgage
10477110,1102,C_1102,2024-10-16,Dealing with your lender or servicer,Need information about your loan balance or loan terms,Southwood Financial Llc,TN,37207,Dealing with your lender or servicer Need information about your loan balance or loan terms,dealing lender servicer need information loan balance loan terms,3,0,Attempts to collect debt not owed Debt is not yours,False statements or representation
10468651,1107,C_1107,2024-10-16,Took or threatened to take negative or legal action,Threatened to sue you for very old debt,Upstate Remedial Management Inc,PA,15122,Took or threatened to take negative or legal action Threatened to sue you for very old debt,took threatened take negative legal action threatened sue old debt,13,2,Took or threatened to take negative or legal action Threatened or suggested your credit would be damaged,Improper use of your report
10438270,1108,C_1108,2024-10-13,Attempts to collect debt not owed,Debt is not yours,Paramount Capital Group Inc,AL,35758,Attempts to collect debt not owed Debt is not yours,attempts collect debt owed debt,5,10,Attempts to collect debt not owed Debt is not yours,Attempts to collect debt not owed
10456844,1114,C_1114,2024-10-15,Took or threatened to take negative or legal action,Threatened to arrest you or take you to jail if you do not pay,Andover Auto Sales Inc,KY,40515,Took or threatened to take negative or legal action Threatened to arrest you or take you to jail if you do not pay,took threatened take negative legal action threatened arrest take jail pay,2,15,Threatened to contact someone or share information improperly Talked to a third-party about your debt,Attempts to collect debt not owed
10457764,1115,C_1115,2024-10-15,Closing an account,Can't close your account,Cadence Bank,UT,84037,Closing an account Can't close your account,closing account cant close account,3,6,Trouble during payment process Trying to communicate with the company to fix an issue while managing or servicing your loan,Attempts to collect debt not owed
10510087,1117,C_1117,2024-10-19,False statements or representation,Attempted to collect wrong amount,Law Offices Of Hayt Hayt  Landau Llc,NJ,07643,False statements or representation Attempted to collect wrong amount,false statements representation attempted collect wrong amount,6,5,False statements or representation Attempted to collect wrong amount,Improper use of your report
10304841,1118,C_1118,2024-10-01,False statements or representation,Attempted to collect wrong amount,Advanced Co,TX,75204,False statements or representation Attempted to collect wrong amount,false statements representation attempted collect wrong amount,6,5,False statements or representation Attempted to collect wrong amount,Improper use of your report
10527234,1119,C_1119,2024-10-21,Incorrect information on your report,Information is incorrect,Sterling Infosystems Inc,DC,20019,Incorrect information on your report Information is incorrect,incorrect information report information incorrect,12,13,Incorrect information on your report Information belongs to someone else,Incorrect information on your report
10315344,1121,C_1121,2024-10-02,Improper use of your report,Credit inquiries on your report that you don't recognize,Entrata Inc,CT,06903,Improper use of your report Credit inquiries on your report that you don't recognize,improper use report credit inquiries report dont recognize,24,12,Improper use of your report Credit inquiries on your report that you don't recognize,Trouble during payment process
10334916,1124,C_1124,2024-10-02,Trouble during payment process,Payment process,Figure Technologies Inc,AZ,85022,Trouble during payment process Payment process,trouble payment process payment process,3,6,Trouble during payment process Trying to communicate with the company to fix an issue while managing or servicing your loan,Attempts to collect debt not owed
10604647,1125,C_1125,2024-10-28,Closing on a mortgage,Closing disclosure or other related disclosures,American Internet Mortgage,NY,10024,Closing on a mortgage Closing disclosure or other related disclosures,closing mortgage closing disclosure related disclosures,26,1,Attempts to collect debt not owed Debt was result of identity theft,Struggling to pay mortgage
10546380,1126,C_1126,2024-10-23,Took or threatened to take negative or legal action,Threatened or suggested your credit would be damaged,Keynote Co,IL,61107,Took or threatened to take negative or legal action Threatened or suggested your credit would be damaged,took threatened take negative legal action threatened suggested credit would damaged,18,2,Took or threatened to take negative or legal action Threatened or suggested your credit would be damaged,Improper use of your report
10364966,1127,C_1127,2024-10-06,Improper use of your report,Report provided to employer without your written authorization,Townebank,VA,23224,Improper use of your report Report provided to employer without your written authorization,improper use report report provided employer without written authorization,8,9,Improper use of your report Reporting company used your report improperly,Incorrect information on your report
10574428,1128,C_1128,2024-10-26,Attempts to collect debt not owed,Debt is not yours,Southwest Recovery Services Inc,NJ,08046,Attempts to collect debt not owed Debt is not yours,attempts collect debt owed debt,5,10,Attempts to collect debt not owed Debt is not yours,Attempts to collect debt not owed
10520470,1129,C_1129,2024-10-22,Attempts to collect debt not owed,Debt was paid,Carteryoung Inc,GA,31558,Attempts to collect debt not owed Debt was paid,attempts collect debt owed debt paid,25,0,Attempts to collect debt not owed Debt is not yours,False statements or representation
10524132,1130,C_1130,2024-10-21,Trouble during payment process,Loan sold or transferred to another company,Cornerstone First Mortgage Inc,FL,33610,Trouble during payment process Loan sold or transferred to another company,trouble payment process loan sold transferred another company,3,6,Trouble during payment process Trying to communicate with the company to fix an issue while managing or servicing your loan,Attempts to collect debt not owed
10442266,1132,C_1132,2024-10-14,Incorrect information on your report,Account status incorrect,Georgia Student Finance Authority,GA,30016,Incorrect information on your report Account status incorrect,incorrect information report account status incorrect,14,13,Incorrect information on your report Information belongs to someone else,Incorrect information on your report
10463784,1133,C_1133,2024-10-15,Incorrect information on your report,Old information reappears or never goes away,First Advantage Co,FL,32444,Incorrect information on your report Old information reappears or never goes away,incorrect information report old information reappears never goes away,13,2,Took or threatened to take negative or legal action Threatened or suggested your credit would be damaged,Improper use of your report
10368540,1134,C_1134,2024-10-07,Written notification about debt,Didn't receive enough information to verify debt,Financial Co,NJ,07442,Written notification about debt Didn't receive enough information to verify debt,written notification debt didnt receive enough information verify debt,16,16,Written notification about debt Didn't receive enough information to verify debt,Trouble during payment process
10474861,1135,C_1135,2024-10-16,Didn't provide services promised,,Debt Inc,FL,33844,Didn't provide services promised ,didnt provide services promised,3,0,Attempts to collect debt not owed Debt is not yours,False statements or representation
10510374,1136,C_1136,2024-10-19,Communication tactics,"You told them to stop contacting you, but they keep trying",Financial Management Solutions Llc,MD,20785,"Communication tactics You told them to stop contacting you, but they keep trying",communication tactics told stop contacting keep trying,3,6,Trouble during payment process Trying to communicate with the company to fix an issue while managing or servicing your loan,Attempts to collect debt not owed
10517185,1137,C_1137,2024-10-20,Incorrect information on your report,Account status incorrect,American International Finance Inc,IN,46254,Incorrect information on your report Account status incorrect,incorrect information report account status incorrect,26,2,Took or threatened to take negative or legal action Threatened or suggested your credit would be damaged,Improper use of your report
10509083,1140,C_1140,2024-10-20,Attempts to collect debt not owed,Debt is not yours,Reliant Capital Solutions Llc,FL,33138,Attempts to collect debt not owed Debt is not yours,attempts collect debt owed debt,23,0,Attempts to collect debt not owed Debt is not yours,False statements or representation
9920714,1142,C_1142,2024-08-25,Problem when making payments,,Scratch Financial Inc,CA,90290,Problem when making payments ,problem making payments,1,6,Trouble during payment process Trying to communicate with the company to fix an issue while managing or servicing your loan,Attempts to collect debt not owed
9879199,1143,C_1143,2024-08-21,Attempts to collect debt not owed,Debt is not yours,Mars Inc,IL,60617,Attempts to collect debt not owed Debt is not yours,attempts collect debt owed debt,20,8,Attempts to collect debt not owed Debt is not yours,Written notification about debt
10438090,1144,C_1144,2024-10-13,Incorrect information on your report,Old information reappears or never goes away,Firstpoint Co,NC,27520,Incorrect information on your report Old information reappears or never goes away,incorrect information report old information reappears never goes away,13,2,Took or threatened to take negative or legal action Threatened or suggested your credit would be damaged,Improper use of your report
10377096,1145,C_1145,2024-10-07,Getting a credit card,Card opened without my consent or knowledge,Payactiv Inc,PA,15001,Getting a credit card Card opened without my consent or knowledge,getting credit card card opened without consent knowledge,3,6,Trouble during payment process Trying to communicate with the company to fix an issue while managing or servicing your loan,Attempts to collect debt not owed
10500299,1146,C_1146,2024-10-18,"Managing, opening, or closing your mobile wallet account",,Google Co,NV,89134,"Managing, opening, or closing your mobile wallet account ",managing opening closing mobile wallet account,3,6,Trouble during payment process Trying to communicate with the company to fix an issue while managing or servicing your loan,Attempts to collect debt not owed
10464584,1148,C_1148,2024-10-15,Communication tactics,Frequent or repeated calls,Phoenix Financial Services Llc,NC,28027,Communication tactics Frequent or repeated calls,communication tactics frequent repeated calls,3,1,Attempts to collect debt not owed Debt was result of identity theft,Struggling to pay mortgage
10438947,1149,C_1149,2024-10-13,Incorrect information on your report,Account information incorrect,Chacon Autos Ltd,TX,76022,Incorrect information on your report Account information incorrect,incorrect information report account information incorrect,13,2,Took or threatened to take negative or legal action Threatened or suggested your credit would be damaged,Improper use of your report
9832584,1150,C_1150,2024-08-17,Written notification about debt,Didn't receive enough information to verify debt,Andreu Palma  Andreu Pl,FL,33884,Written notification about debt Didn't receive enough information to verify debt,written notification debt didnt receive enough information verify debt,16,16,Written notification about debt Didn't receive enough information to verify debt,Trouble during payment process
10512224,1151,C_1151,2024-10-19,Closing on a mortgage,Changes in loan terms during or after closing,Nexa Mortgage Llc,FL,32004,Closing on a mortgage Changes in loan terms during or after closing,closing mortgage changes loan terms closing,2,0,Attempts to collect debt not owed Debt is not yours,False statements or representation
10401994,1154,C_1154,2024-10-09,Repossession,Lender trying to repossess or disable the vehicle,Bmw Financial Services Na Llc,CA,91708,Repossession Lender trying to repossess or disable the vehicle,repossession lender trying repossess disable vehicle,22,14,"Struggling to pay mortgage Trying to communicate with the company to fix an issue related to modification, forbearance, short sale, deed-in-lieu, bankruptcy, or foreclosure",Written notification about debt
10440175,1155,C_1155,2024-10-13,Attempts to collect debt not owed,Debt is not yours,Sequoia Financial Services,CA,90069,Attempts to collect debt not owed Debt is not yours,attempts collect debt owed debt,23,0,Attempts to collect debt not owed Debt is not yours,False statements or representation
10440465,1156,C_1156,2024-10-13,Attempts to collect debt not owed,Debt was paid,Bremer Bank National Association,MN,56301,Attempts to collect debt not owed Debt was paid,attempts collect debt owed debt paid,10,3,Attempts to collect debt not owed Debt was paid,Attempts to collect debt not owed
10425143,1158,C_1158,2024-10-11,Attempts to collect debt not owed,Debt is not yours,Mutual Management Services Llc,HI,96793,Attempts to collect debt not owed Debt is not yours,attempts collect debt owed debt,23,0,Attempts to collect debt not owed Debt is not yours,False statements or representation
10556824,1159,C_1159,2024-10-23,Unable to get your credit report or credit score,Other problem getting your report or credit score,Verisk Analytics Inc,FL,34106,Unable to get your credit report or credit score Other problem getting your report or credit score,unable get credit report credit score problem getting report credit score,7,12,Improper use of your report Credit inquiries on your report that you don't recognize,Trouble during payment process
10418858,1162,C_1162,2024-10-11,Took or threatened to take negative or legal action,Seized or attempted to seize your property,Eaton Group Attorneys Llc,LA,70117,Took or threatened to take negative or legal action Seized or attempted to seize your property,took threatened take negative legal action seized attempted seize property,29,0,Attempts to collect debt not owed Debt is not yours,False statements or representation
10406326,1164,C_1164,2024-10-11,Communication tactics,"Used obscene, profane, or other abusive language",Complete Credit Solutions Inc,TX,75154,"Communication tactics Used obscene, profane, or other abusive language",communication tactics used obscene profane abusive language,2,15,Threatened to contact someone or share information improperly Talked to a third-party about your debt,Attempts to collect debt not owed
10399985,1165,C_1165,2024-10-09,Improper use of your report,Reporting company used your report improperly,Applied Data Finance Llc,FL,33570,Improper use of your report Reporting company used your report improperly,improper use report reporting company used report improperly,8,9,Improper use of your report Reporting company used your report improperly,Incorrect information on your report
10488992,1166,C_1166,2024-10-17,Struggling to pay mortgage,"Trying to communicate with the company to fix an issue related to modification, forbearance, short sale, deed-in-lieu, bankruptcy, or foreclosure",Trustmark Co,TX,77047,"Struggling to pay mortgage Trying to communicate with the company to fix an issue related to modification, forbearance, short sale, deed-in-lieu, bankruptcy, or foreclosure",struggling pay mortgage trying communicate company fix issue related modification forbearance short sale deedinlieu bankruptcy foreclosure,17,14,"Struggling to pay mortgage Trying to communicate with the company to fix an issue related to modification, forbearance, short sale, deed-in-lieu, bankruptcy, or foreclosure",Written notification about debt
10413300,1167,C_1167,2024-10-10,Written notification about debt,Didn't receive enough information to verify debt,Us Co,AZ,85044,Written notification about debt Didn't receive enough information to verify debt,written notification debt didnt receive enough information verify debt,16,16,Written notification about debt Didn't receive enough information to verify debt,Trouble during payment process
10493308,1168,C_1168,2024-10-17,Written notification about debt,Didn't receive enough information to verify debt,Javitch Block  Rathbone Llc,OH,44035,Written notification about debt Didn't receive enough information to verify debt,written notification debt didnt receive enough information verify debt,16,16,Written notification about debt Didn't receive enough information to verify debt,Trouble during payment process
10369733,1169,C_1169,2024-10-07,Managing an account,Deposits and withdrawals,Bci Financial Group Inc,CA,92630,Managing an account Deposits and withdrawals,managing account deposits withdrawals,3,6,Trouble during payment process Trying to communicate with the company to fix an issue while managing or servicing your loan,Attempts to collect debt not owed
10304537,1170,C_1170,2024-10-01,Written notification about debt,Didn't receive notice of right to dispute,Coast To Co,CA,94112,Written notification about debt Didn't receive notice of right to dispute,written notification debt didnt receive notice right dispute,9,7,Written notification about debt Didn't receive notice of right to dispute,Improper use of your report
10036593,1173,C_1173,2024-09-07,Incorrect information on your report,Personal information incorrect,Scoutlogic Inc,OH,43001,Incorrect information on your report Personal information incorrect,incorrect information report personal information incorrect,3,0,Attempts to collect debt not owed Debt is not yours,False statements or representation
10379237,1174,C_1174,2024-10-08,Incorrect information on your report,Account status incorrect,Hayt Hayt  Landau Pl Fl,MI,48205,Incorrect information on your report Account status incorrect,incorrect information report account status incorrect,26,2,Took or threatened to take negative or legal action Threatened or suggested your credit would be damaged,Improper use of your report
10393718,1175,C_1175,2024-10-09,Written notification about debt,Didn't receive enough information to verify debt,Aussrq Holdings Llc,OH,43017,Written notification about debt Didn't receive enough information to verify debt,written notification debt didnt receive enough information verify debt,11,7,Written notification about debt Didn't receive notice of right to dispute,Improper use of your report
10393743,1178,C_1178,2024-10-09,Communication tactics,"Used obscene, profane, or other abusive language",Shepherd Outsourcing Llc,CA,90703,"Communication tactics Used obscene, profane, or other abusive language",communication tactics used obscene profane abusive language,2,15,Threatened to contact someone or share information improperly Talked to a third-party about your debt,Attempts to collect debt not owed
9641438,1179,C_1179,2024-07-25,Attempts to collect debt not owed,Debt is not yours,Sf Vago Llc,GA,30213,Attempts to collect debt not owed Debt is not yours,attempts collect debt owed debt,5,10,Attempts to collect debt not owed Debt is not yours,Attempts to collect debt not owed
10380820,1181,C_1181,2024-10-08,Attempts to collect debt not owed,Debt is not yours,Paid In Full Inc,AZ,85142,Attempts to collect debt not owed Debt is not yours,attempts collect debt owed debt,5,10,Attempts to collect debt not owed Debt is not yours,Attempts to collect debt not owed
9896951,1182,C_1182,2024-08-23,Problem with fraud alerts or security freezes,,Milliman Inc,CO,80249,Problem with fraud alerts or security freezes ,problem fraud alerts security freezes,3,0,Attempts to collect debt not owed Debt is not yours,False statements or representation
10438920,1183,C_1183,2024-10-13,Written notification about debt,Didn't receive enough information to verify debt,Patient Accounting Service Center,PA,15001,Written notification about debt Didn't receive enough information to verify debt,written notification debt didnt receive enough information verify debt,16,16,Written notification about debt Didn't receive enough information to verify debt,Trouble during payment process
10440083,1186,C_1186,2024-10-13,Closing on a mortgage,Changes in loan terms during or after closing,Security National Financial Co,UT,84780,Closing on a mortgage Changes in loan terms during or after closing,closing mortgage changes loan terms closing,2,0,Attempts to collect debt not owed Debt is not yours,False statements or representation
10390944,1190,C_1190,2024-10-09,Problem with fraud alerts or security freezes,,Crosscheck Inc,FL,33463,Problem with fraud alerts or security freezes ,problem fraud alerts security freezes,3,0,Attempts to collect debt not owed Debt is not yours,False statements or representation
10382261,1191,C_1191,2024-10-08,Problem with a company's investigation into an existing problem,Investigation took more than 30 days,M G Credit Inc,FL,32095,Problem with a company's investigation into an existing problem Investigation took more than 30 days,problem companys investigation existing problem investigation took days,4,4,Problem with a company's investigation into an existing problem Their investigation did not fix an error on your report,Trouble during payment process
10441613,1192,C_1192,2024-10-14,Improper use of your report,Reporting company used your report improperly,Dhi Mortgage Co,LA,70058,Improper use of your report Reporting company used your report improperly,improper use report reporting company used report improperly,0,11,Improper use of your report Reporting company used your report improperly,Struggling to pay mortgage
10195168,1194,C_1194,2024-09-20,Attempts to collect debt not owed,Debt is not yours,Williams Rush  Associates Llc,NC,27587,Attempts to collect debt not owed Debt is not yours,attempts collect debt owed debt,20,8,Attempts to collect debt not owed Debt is not yours,Written notification about debt
10396924,1196,C_1196,2024-10-10,Problem with a company's investigation into an existing problem,Their investigation did not fix an error on your report,Kingston Data  Credit International Inc,IL,60620,Problem with a company's investigation into an existing problem Their investigation did not fix an error on your report,problem companys investigation existing problem investigation fix error report,4,4,Problem with a company's investigation into an existing problem Their investigation did not fix an error on your report,Trouble during payment process
10402803,1197,C_1197,2024-10-09,Problem with a company's investigation into an existing problem,Their investigation did not fix an error on your report,Key  Recovery Inc,IL,60639,Problem with a company's investigation into an existing problem Their investigation did not fix an error on your report,problem companys investigation existing problem investigation fix error report,4,4,Problem with a company's investigation into an existing problem Their investigation did not fix an error on your report,Trouble during payment process
9915814,1198,C_1198,2024-08-26,Attempts to collect debt not owed,Debt was paid,Driveway Finance Co,CA,90016,Attempts to collect debt not owed Debt was paid,attempts collect debt owed debt paid,25,0,Attempts to collect debt not owed Debt is not yours,False statements or representation
9905930,1199,C_1199,2024-08-23,Problem with fraud alerts or security freezes,,Carco Group Inc,FL,34135,Problem with fraud alerts or security freezes ,problem fraud alerts security freezes,3,0,Attempts to collect debt not owed Debt is not yours,False statements or representation
10604206,1205,C_1205,2024-10-28,Attempts to collect debt not owed,Debt is not yours,Mendelson Law Firm,TN,38106,Attempts to collect debt not owed Debt is not yours,attempts collect debt owed debt,5,10,Attempts to collect debt not owed Debt is not yours,Attempts to collect debt not owed
10409176,1206,C_1206,2024-10-10,Improper use of your report,Credit inquiries on your report that you don't recognize,Waterfall Revenue Group,FL,33309,Improper use of your report Credit inquiries on your report that you don't recognize,improper use report credit inquiries report dont recognize,7,12,Improper use of your report Credit inquiries on your report that you don't recognize,Trouble during payment process
10122673,1207,C_1207,2024-09-14,"Advertising and marketing, including promotional offers",Didn't receive advertised or promotional terms,South Exchange Inc,GA,30043,"Advertising and marketing, including promotional offers Didn't receive advertised or promotional terms",advertising marketing including promotional offers didnt receive advertised promotional terms,3,6,Trouble during payment process Trying to communicate with the company to fix an issue while managing or servicing your loan,Attempts to collect debt not owed
10606890,1214,C_1214,2024-10-28,Took or threatened to take negative or legal action,Seized or attempted to seize your property,Slovin  Associates Co,KY,40003,Took or threatened to take negative or legal action Seized or attempted to seize your property,took threatened take negative legal action seized attempted seize property,29,0,Attempts to collect debt not owed Debt is not yours,False statements or representation
10553087,1215,C_1215,2024-10-23,Getting a credit card,Card opened without my consent or knowledge,Steel River Systems Llc,IL,60459,Getting a credit card Card opened without my consent or knowledge,getting credit card card opened without consent knowledge,3,6,Trouble during payment process Trying to communicate with the company to fix an issue while managing or servicing your loan,Attempts to collect debt not owed
10479717,1217,C_1217,2024-10-16,Charged fees or interest you didn't expect,,Sop Pioneer Partners Lp,AE,09001,Charged fees or interest you didn't expect ,charged fees interest didnt expect,1,6,Trouble during payment process Trying to communicate with the company to fix an issue while managing or servicing your loan,Attempts to collect debt not owed
10605882,1219,C_1219,2024-10-28,Took or threatened to take negative or legal action,Threatened or suggested your credit would be damaged,Lien Receivables Llc,,,Took or threatened to take negative or legal action Threatened or suggested your credit would be damaged,took threatened take negative legal action threatened suggested credit would damaged,18,2,Took or threatened to take negative or legal action Threatened or suggested your credit would be damaged,Improper use of your report
10450819,1223,C_1223,2024-10-14,Incorrect information on your report,Account status incorrect,Digital Federal Credit Union,AZ,85001,Incorrect information on your report Account status incorrect,incorrect information report account status incorrect,26,2,Took or threatened to take negative or legal action Threatened or suggested your credit would be damaged,Improper use of your report
10417595,1224,C_1224,2024-10-11,False statements or representation,Attempted to collect wrong amount,The Moore Law Group,CA,90077,False statements or representation Attempted to collect wrong amount,false statements representation attempted collect wrong amount,27,5,False statements or representation Attempted to collect wrong amount,Improper use of your report
10560417,1228,C_1228,2024-10-24,Closing on a mortgage,Closing disclosure or other related disclosures,Freedom Financial Network,PA,16066,Closing on a mortgage Closing disclosure or other related disclosures,closing mortgage closing disclosure related disclosures,26,1,Attempts to collect debt not owed Debt was result of identity theft,Struggling to pay mortgage
10354029,1233,C_1233,2024-10-03,Didn't provide services promised,,Complete Professional Recovery Llc,GA,30078,Didn't provide services promised ,didnt provide services promised,3,0,Attempts to collect debt not owed Debt is not yours,False statements or representation
10439016,1234,C_1234,2024-10-13,"Other features, terms, or problems",Other problem,Americor Funding Llc,NV,89701,"Other features, terms, or problems Other problem",features terms problems problem,25,0,Attempts to collect debt not owed Debt is not yours,False statements or representation
10423349,1243,C_1243,2024-10-12,Written notification about debt,Didn't receive notice of right to dispute,Weber  Olcese Plc,MI,48150,Written notification about debt Didn't receive notice of right to dispute,written notification debt didnt receive notice right dispute,9,7,Written notification about debt Didn't receive notice of right to dispute,Improper use of your report
9121788,1248,C_1248,2024-05-29,Improper use of your report,Reporting company used your report improperly,Ac Autopay Llc Denver Co,CA,92630,Improper use of your report Reporting company used your report improperly,improper use report reporting company used report improperly,8,9,Improper use of your report Reporting company used your report improperly,Incorrect information on your report
10496338,1249,C_1249,2024-10-18,Problem with a company's investigation into an existing issue,Their investigation did not fix an error on your report,Certegy Holdings Llc,WA,99350,Problem with a company's investigation into an existing issue Their investigation did not fix an error on your report,problem companys investigation existing issue investigation fix error report,4,4,Problem with a company's investigation into an existing problem Their investigation did not fix an error on your report,Trouble during payment process
9863783,1250,C_1250,2024-08-20,Problem when making payments,,Garrison Investment Group,TX,78217,Problem when making payments ,problem making payments,1,6,Trouble during payment process Trying to communicate with the company to fix an issue while managing or servicing your loan,Attempts to collect debt not owed
10558635,1253,C_1253,2024-10-23,Took or threatened to take negative or legal action,Threatened to sue you for very old debt,Auto Credit Usa,OH,43560,Took or threatened to take negative or legal action Threatened to sue you for very old debt,took threatened take negative legal action threatened sue old debt,13,2,Took or threatened to take negative or legal action Threatened or suggested your credit would be damaged,Improper use of your report
10558137,1254,C_1254,2024-10-23,Incorrect information on your report,Information belongs to someone else,Hatfield Inc,TX,77584,Incorrect information on your report Information belongs to someone else,incorrect information report information belongs someone else,12,13,Incorrect information on your report Information belongs to someone else,Incorrect information on your report
9849901,1261,C_1261,2024-08-19,Opening an account,Account opened without my consent or knowledge,Org Gc Gp Buyer Llc,MI,48235,Opening an account Account opened without my consent or knowledge,opening account account opened without consent knowledge,3,6,Trouble during payment process Trying to communicate with the company to fix an issue while managing or servicing your loan,Attempts to collect debt not owed
10557587,1263,C_1263,2024-10-23,Struggling to repay your loan,Problem lowering your monthly payments,Lendkey Technologies Inc,MD,20747,Struggling to repay your loan Problem lowering your monthly payments,struggling repay loan problem lowering monthly payments,3,6,Trouble during payment process Trying to communicate with the company to fix an issue while managing or servicing your loan,Attempts to collect debt not owed
9803093,1264,C_1264,2024-08-14,Closing an account,Funds not received from closed account,Bank Of Hawaii Co,FL,33166,Closing an account Funds not received from closed account,closing account funds received closed account,2,0,Attempts to collect debt not owed Debt is not yours,False statements or representation
10539582,1265,C_1265,2024-10-22,Took or threatened to take negative or legal action,Threatened or suggested your credit would be damaged,Rauchmilliken International Inc,TX,75002,Took or threatened to take negative or legal action Threatened or suggested your credit would be damaged,took threatened take negative legal action threatened suggested credit would damaged,18,2,Took or threatened to take negative or legal action Threatened or suggested your credit would be damaged,Improper use of your report
10540463,1268,C_1268,2024-10-22,Electronic communications,"Used obscene, profane, or other abusive language",Advanced Recovery Group Llc,MI,48001,"Electronic communications Used obscene, profane, or other abusive language",electronic communications used obscene profane abusive language,2,15,Threatened to contact someone or share information improperly Talked to a third-party about your debt,Attempts to collect debt not owed
9791813,1270,C_1270,2024-08-14,Getting the loan,,Greensky Operations Llc,CA,91730,Getting the loan ,getting loan,3,0,Attempts to collect debt not owed Debt is not yours,False statements or representation
10589505,1271,C_1271,2024-10-26,Attempts to collect debt not owed,Debt is not yours,Mercantile Adjustment Bureau Llc,TX,77026,Attempts to collect debt not owed Debt is not yours,attempts collect debt owed debt,21,3,Attempts to collect debt not owed Debt was paid,Attempts to collect debt not owed
9804850,1272,C_1272,2024-08-14,Improper use of your report,Credit inquiries on your report that you don't recognize,Gva Holdings Llc,AZ,85021,Improper use of your report Credit inquiries on your report that you don't recognize,improper use report credit inquiries report dont recognize,7,12,Improper use of your report Credit inquiries on your report that you don't recognize,Trouble during payment process
10606880,1275,C_1275,2024-10-28,Attempts to collect debt not owed,Debt is not yours,First Financial Resources Inc,IL,60453,Attempts to collect debt not owed Debt is not yours,attempts collect debt owed debt,5,10,Attempts to collect debt not owed Debt is not yours,Attempts to collect debt not owed
10593340,1279,C_1279,2024-10-27,False statements or representation,Attempted to collect wrong amount,Receivable Management Group Inc,TX,75087,False statements or representation Attempted to collect wrong amount,false statements representation attempted collect wrong amount,6,5,False statements or representation Attempted to collect wrong amount,Improper use of your report
9832468,1280,C_1280,2024-08-18,Attempts to collect debt not owed,Debt is not yours,Southern Auto Finance Co,FL,33025,Attempts to collect debt not owed Debt is not yours,attempts collect debt owed debt,5,10,Attempts to collect debt not owed Debt is not yours,Attempts to collect debt not owed
10593212,1282,C_1282,2024-10-28,Electronic communications,"You told them to stop contacting you, but they keep trying",Torriere Holdings Inc,IL,60649,"Electronic communications You told them to stop contacting you, but they keep trying",electronic communications told stop contacting keep trying,3,6,Trouble during payment process Trying to communicate with the company to fix an issue while managing or servicing your loan,Attempts to collect debt not owed
10589195,1283,C_1283,2024-10-26,False statements or representation,Attempted to collect wrong amount,Credit Service International Co,AL,35242,False statements or representation Attempted to collect wrong amount,false statements representation attempted collect wrong amount,27,5,False statements or representation Attempted to collect wrong amount,Improper use of your report
9841516,1284,C_1284,2024-08-18,Trouble using the card,Trouble getting information about the card,Blackhawk Network Holdings Inc,TN,37934,Trouble using the card Trouble getting information about the card,trouble using card trouble getting information card,3,6,Trouble during payment process Trying to communicate with the company to fix an issue while managing or servicing your loan,Attempts to collect debt not owed
9823240,1286,C_1286,2024-08-16,Attempts to collect debt not owed,Debt was result of identity theft,California Business Bureau Inc,CA,91335,Attempts to collect debt not owed Debt was result of identity theft,attempts collect debt owed debt result identity theft,15,1,Attempts to collect debt not owed Debt was result of identity theft,Struggling to pay mortgage
10042756,1287,C_1287,2024-09-06,Unauthorized withdrawals or charges,,Strategic Financial Solutions Llc,VA,23834,Unauthorized withdrawals or charges ,unauthorized withdrawals charges,3,0,Attempts to collect debt not owed Debt is not yours,False statements or representation
10562803,1293,C_1293,2024-10-24,Attempts to collect debt not owed,Debt was paid,North American Credit Services,MS,38863,Attempts to collect debt not owed Debt was paid,attempts collect debt owed debt paid,10,3,Attempts to collect debt not owed Debt was paid,Attempts to collect debt not owed
9835058,1294,C_1294,2024-08-17,Unexpected or other fees,,Credova Holdings Inc,MI,48001,Unexpected or other fees ,unexpected fees,1,6,Trouble during payment process Trying to communicate with the company to fix an issue while managing or servicing your loan,Attempts to collect debt not owed
10449617,1296,C_1296,2024-10-14,Incorrect information on your report,Information belongs to someone else,Fuel Capital Group,FL,33579,Incorrect information on your report Information belongs to someone else,incorrect information report information belongs someone else,12,13,Incorrect information on your report Information belongs to someone else,Incorrect information on your report
9835215,1297,C_1297,2024-08-17,Incorrect information on your report,Account information incorrect,Yamaha Motor Finance Co,PA,19121,Incorrect information on your report Account information incorrect,incorrect information report account information incorrect,13,2,Took or threatened to take negative or legal action Threatened or suggested your credit would be damaged,Improper use of your report
10451737,1300,C_1300,2024-10-14,Attempts to collect debt not owed,Debt is not yours,The Phoenix Recovery Group,TX,78240,Attempts to collect debt not owed Debt is not yours,attempts collect debt owed debt,5,10,Attempts to collect debt not owed Debt is not yours,Attempts to collect debt not owed
10562898,1303,C_1303,2024-10-24,Incorrect information on your report,Account status incorrect,Michael Wayne Investment,VA,23834,Incorrect information on your report Account status incorrect,incorrect information report account status incorrect,14,13,Incorrect information on your report Information belongs to someone else,Incorrect information on your report
9813235,1304,C_1304,2024-08-15,Attempts to collect debt not owed,Debt is not yours,Ray Klein Inc,OH,44314,Attempts to collect debt not owed Debt is not yours,attempts collect debt owed debt,5,10,Attempts to collect debt not owed Debt is not yours,Attempts to collect debt not owed
9829689,1306,C_1306,2024-08-16,Problem with a company's investigation into an existing problem,Their investigation did not fix an error on your report,Watercress Financial Group Llc,VA,20110,Problem with a company's investigation into an existing problem Their investigation did not fix an error on your report,problem companys investigation existing problem investigation fix error report,4,4,Problem with a company's investigation into an existing problem Their investigation did not fix an error on your report,Trouble during payment process
9813367,1308,C_1308,2024-08-15,Managing an account,Problem accessing account,Arvest Bank Group Inc,OK,74354,Managing an account Problem accessing account,managing account problem accessing account,3,6,Trouble during payment process Trying to communicate with the company to fix an issue while managing or servicing your loan,Attempts to collect debt not owed
10246974,1313,C_1313,2024-09-25,Written notification about debt,Didn't receive enough information to verify debt,Hunt  Kahn Pa,FL,33177,Written notification about debt Didn't receive enough information to verify debt,written notification debt didnt receive enough information verify debt,11,7,Written notification about debt Didn't receive notice of right to dispute,Improper use of your report
9811544,1315,C_1315,2024-08-15,Confusing or missing disclosures,,Easier Funding Llc,TX,77459,Confusing or missing disclosures ,confusing missing disclosures,26,0,Attempts to collect debt not owed Debt is not yours,False statements or representation
9815792,1316,C_1316,2024-08-15,Took or threatened to take negative or legal action,Sued you without properly notifying you of lawsuit,Tsarouhis Law Group Llc,NJ,08701,Took or threatened to take negative or legal action Sued you without properly notifying you of lawsuit,took threatened take negative legal action sued without properly notifying lawsuit,13,2,Took or threatened to take negative or legal action Threatened or suggested your credit would be damaged,Improper use of your report
9817464,1317,C_1317,2024-08-15,Didn't provide services promised,,The J G Wentworth Co,MO,63368,Didn't provide services promised ,didnt provide services promised,3,0,Attempts to collect debt not owed Debt is not yours,False statements or representation
10498565,1323,C_1323,2024-10-18,Took or threatened to take negative or legal action,Threatened or suggested your credit would be damaged,Asset Co,TX,73301,Took or threatened to take negative or legal action Threatened or suggested your credit would be damaged,took threatened take negative legal action threatened suggested credit would damaged,18,2,Took or threatened to take negative or legal action Threatened or suggested your credit would be damaged,Improper use of your report
9815201,1324,C_1324,2024-08-15,Written notification about debt,Didn't receive enough information to verify debt,Singlepoint Gi,NV,89032,Written notification about debt Didn't receive enough information to verify debt,written notification debt didnt receive enough information verify debt,16,16,Written notification about debt Didn't receive enough information to verify debt,Trouble during payment process
10499621,1326,C_1326,2024-10-18,Incorrect information on your report,Information belongs to someone else,Investment Retrievers Inc,FL,34119,Incorrect information on your report Information belongs to someone else,incorrect information report information belongs someone else,12,13,Incorrect information on your report Information belongs to someone else,Incorrect information on your report
10499455,1327,C_1327,2024-10-18,Attempts to collect debt not owed,Debt is not yours,Finance System Of Richmond Inc,CA,92592,Attempts to collect debt not owed Debt is not yours,attempts collect debt owed debt,21,3,Attempts to collect debt not owed Debt was paid,Attempts to collect debt not owed
9796736,1328,C_1328,2024-08-14,Communication tactics,Frequent or repeated calls,Automoney Inc,SC,29445,Communication tactics Frequent or repeated calls,communication tactics frequent repeated calls,3,1,Attempts to collect debt not owed Debt was result of identity theft,Struggling to pay mortgage
9800307,1329,C_1329,2024-08-14,Managing an account,Problem accessing account,First National Bank Of Pennsylvania,VA,22201,Managing an account Problem accessing account,managing account problem accessing account,3,6,Trouble during payment process Trying to communicate with the company to fix an issue while managing or servicing your loan,Attempts to collect debt not owed
9899668,1330,C_1330,2024-08-23,Attempts to collect debt not owed,Debt is not yours,Professional Credit Management Inc,FL,32935,Attempts to collect debt not owed Debt is not yours,attempts collect debt owed debt,20,8,Attempts to collect debt not owed Debt is not yours,Written notification about debt
10403975,1331,C_1331,2024-10-09,Closing an account,Company closed your account,Banco Popular De Puerto Rico,NY,10462,Closing an account Company closed your account,closing account company closed account,3,6,Trouble during payment process Trying to communicate with the company to fix an issue while managing or servicing your loan,Attempts to collect debt not owed
10285611,1333,C_1333,2024-09-28,Struggling to pay mortgage,Foreclosure,Gateway First Bank,SC,29527,Struggling to pay mortgage Foreclosure,struggling pay mortgage foreclosure,17,14,"Struggling to pay mortgage Trying to communicate with the company to fix an issue related to modification, forbearance, short sale, deed-in-lieu, bankruptcy, or foreclosure",Written notification about debt
10427509,1334,C_1334,2024-10-11,Can't stop withdrawals from your bank account,,Uetsa Tsakits Inc,IN,46001,Can't stop withdrawals from your bank account ,cant stop withdrawals bank account,3,0,Attempts to collect debt not owed Debt is not yours,False statements or representation
9893136,1338,C_1338,2024-08-22,Communication tactics,Frequent or repeated calls,Professional Receivables Network,KS,67207,Communication tactics Frequent or repeated calls,communication tactics frequent repeated calls,3,1,Attempts to collect debt not owed Debt was result of identity theft,Struggling to pay mortgage
10358220,1342,C_1342,2024-10-05,Problem with a company's investigation into an existing problem,Their investigation did not fix an error on your report,Adir International Llc,CA,92626,Problem with a company's investigation into an existing problem Their investigation did not fix an error on your report,problem companys investigation existing problem investigation fix error report,4,4,Problem with a company's investigation into an existing problem Their investigation did not fix an error on your report,Trouble during payment process
10578439,1344,C_1344,2024-10-25,Threatened to contact someone or share information improperly,Talked to a third-party about your debt,Arm Professional Services Llc,TX,77407,Threatened to contact someone or share information improperly Talked to a third-party about your debt,threatened contact someone share information improperly talked thirdparty debt,19,15,Threatened to contact someone or share information improperly Talked to a third-party about your debt,Attempts to collect debt not owed
10370426,1345,C_1345,2024-10-07,Didn't provide services promised,,Panamerican Co,AZ,85711,Didn't provide services promised ,didnt provide services promised,3,0,Attempts to collect debt not owed Debt is not yours,False statements or representation
10440267,1346,C_1346,2024-10-13,Repossession,Company explaining amount owed,Sensible Auto Lending Llc,CT,06604,Repossession Company explaining amount owed,repossession company explaining amount owed,22,14,"Struggling to pay mortgage Trying to communicate with the company to fix an issue related to modification, forbearance, short sale, deed-in-lieu, bankruptcy, or foreclosure",Written notification about debt
10426328,1352,C_1352,2024-10-11,Other transaction problem,,Ria Envia Llc,NY,11373,Other transaction problem ,transaction problem,3,6,Trouble during payment process Trying to communicate with the company to fix an issue while managing or servicing your loan,Attempts to collect debt not owed
10387655,1354,C_1354,2024-10-08,Improper use of your report,Reporting company used your report improperly,Zarzaur And Schwartz Pc,AL,35004,Improper use of your report Reporting company used your report improperly,improper use report reporting company used report improperly,8,9,Improper use of your report Reporting company used your report improperly,Incorrect information on your report
9894306,1356,C_1356,2024-08-22,Incorrect information on your report,Account status incorrect,Bsi Financial Holdings Inc,CO,80908,Incorrect information on your report Account status incorrect,incorrect information report account status incorrect,14,13,Incorrect information on your report Information belongs to someone else,Incorrect information on your report
9895878,1360,C_1360,2024-08-22,Attempts to collect debt not owed,Debt is not yours,Client Services Inc,VA,22554,Attempts to collect debt not owed Debt is not yours,attempts collect debt owed debt,20,8,Attempts to collect debt not owed Debt is not yours,Written notification about debt
10437333,1361,C_1361,2024-10-14,False statements or representation,Indicated you were committing crime by not paying debt,Kirschenbaum  Phillips Pc,NY,10462,False statements or representation Indicated you were committing crime by not paying debt,false statements representation indicated committing crime paying debt,3,0,Attempts to collect debt not owed Debt is not yours,False statements or representation
10328914,1369,C_1369,2024-10-04,Communication tactics,Frequent or repeated calls,Simm Associates Inc,NY,11767,Communication tactics Frequent or repeated calls,communication tactics frequent repeated calls,3,1,Attempts to collect debt not owed Debt was result of identity theft,Struggling to pay mortgage
10320191,1375,C_1375,2024-10-02,Struggling to pay mortgage,Foreclosure,Sun West Mortgage Co,OR,97001,Struggling to pay mortgage Foreclosure,struggling pay mortgage foreclosure,17,14,"Struggling to pay mortgage Trying to communicate with the company to fix an issue related to modification, forbearance, short sale, deed-in-lieu, bankruptcy, or foreclosure",Written notification about debt
10601994,1379,C_1379,2024-10-28,Communication tactics,"Used obscene, profane, or other abusive language",Titan Revenue Solutions,CA,92336,"Communication tactics Used obscene, profane, or other abusive language",communication tactics used obscene profane abusive language,2,15,Threatened to contact someone or share information improperly Talked to a third-party about your debt,Attempts to collect debt not owed
10410887,1381,C_1381,2024-10-10,Threatened to contact someone or share information improperly,Talked to a third-party about your debt,Dsr Holdings Group Llc,GA,31204,Threatened to contact someone or share information improperly Talked to a third-party about your debt,threatened contact someone share information improperly talked thirdparty debt,19,15,Threatened to contact someone or share information improperly Talked to a third-party about your debt,Attempts to collect debt not owed
10604460,1384,C_1384,2024-10-28,False statements or representation,Attempted to collect wrong amount,Bonneville Billing And Co,IN,46714,False statements or representation Attempted to collect wrong amount,false statements representation attempted collect wrong amount,6,5,False statements or representation Attempted to collect wrong amount,Improper use of your report
10604531,1385,C_1385,2024-10-28,Attempts to collect debt not owed,Debt is not yours,Ideal Co,FL,33326,Attempts to collect debt not owed Debt is not yours,attempts collect debt owed debt,5,10,Attempts to collect debt not owed Debt is not yours,Attempts to collect debt not owed
10605987,1386,C_1386,2024-10-28,Struggling to pay your loan,Denied request to lower payments,Hgregcom,FL,32218,Struggling to pay your loan Denied request to lower payments,struggling pay loan denied request lower payments,3,6,Trouble during payment process Trying to communicate with the company to fix an issue while managing or servicing your loan,Attempts to collect debt not owed
10396139,1388,C_1388,2024-10-09,Attempts to collect debt not owed,Debt is not yours,Glasser And Glasser Plc,VA,20040,Attempts to collect debt not owed Debt is not yours,attempts collect debt owed debt,5,10,Attempts to collect debt not owed Debt is not yours,Attempts to collect debt not owed
10395851,1391,C_1391,2024-10-09,Improper use of your report,Reporting company used your report improperly,Cornerstone Holdings Inc,AK,99507,Improper use of your report Reporting company used your report improperly,improper use report reporting company used report improperly,8,9,Improper use of your report Reporting company used your report improperly,Incorrect information on your report
10349087,1392,C_1392,2024-10-04,Trouble during payment process,Trying to communicate with the company to fix an issue while managing or servicing your loan,Washington Federal Bank,CA,94112,Trouble during payment process Trying to communicate with the company to fix an issue while managing or servicing your loan,trouble payment process trying communicate company fix issue managing servicing loan,3,6,Trouble during payment process Trying to communicate with the company to fix an issue while managing or servicing your loan,Attempts to collect debt not owed
10354039,1393,C_1393,2024-10-04,Incorrect information on your report,Public record information inaccurate,Accurate Background,MI,48001,Incorrect information on your report Public record information inaccurate,incorrect information report public record information inaccurate,3,0,Attempts to collect debt not owed Debt is not yours,False statements or representation
10341304,1400,C_1400,2024-10-04,Applying for a mortgage or refinancing an existing mortgage,Loan estimate or other related disclosures,Wmc Mortgage Llc,WA,99352,Applying for a mortgage or refinancing an existing mortgage Loan estimate or other related disclosures,applying mortgage refinancing existing mortgage loan estimate related disclosures,26,0,Attempts to collect debt not owed Debt is not yours,False statements or representation
10410365,1401,C_1401,2024-10-10,Written notification about debt,Didn't receive enough information to verify debt,The Stark Co,MN,55001,Written notification about debt Didn't receive enough information to verify debt,written notification debt didnt receive enough information verify debt,11,7,Written notification about debt Didn't receive notice of right to dispute,Improper use of your report
10598782,1402,C_1402,2024-10-29,Problem with a company's investigation into an existing problem,Investigation took more than 30 days,Hillcrest Davidson  Associates,MS,38860,Problem with a company's investigation into an existing problem Investigation took more than 30 days,problem companys investigation existing problem investigation took days,4,4,Problem with a company's investigation into an existing problem Their investigation did not fix an error on your report,Trouble during payment process
10598500,1404,C_1404,2024-10-29,Problem with a company's investigation into an existing problem,Investigation took more than 30 days,Express Co,MS,38860,Problem with a company's investigation into an existing problem Investigation took more than 30 days,problem companys investigation existing problem investigation took days,4,4,Problem with a company's investigation into an existing problem Their investigation did not fix an error on your report,Trouble during payment process
10598721,1406,C_1406,2024-10-29,Problem with a company's investigation into an existing problem,Investigation took more than 30 days,Cc Financial,MS,38860,Problem with a company's investigation into an existing problem Investigation took more than 30 days,problem companys investigation existing problem investigation took days,4,4,Problem with a company's investigation into an existing problem Their investigation did not fix an error on your report,Trouble during payment process
10598284,1407,C_1407,2024-10-29,Applying for a mortgage or refinancing an existing mortgage,Changes in loan terms during the application process,Easyknock,NC,28401,Applying for a mortgage or refinancing an existing mortgage Changes in loan terms during the application process,applying mortgage refinancing existing mortgage changes loan terms application process,2,0,Attempts to collect debt not owed Debt is not yours,False statements or representation
10592768,1408,C_1408,2024-10-28,Attempts to collect debt not owed,Debt was paid,Credit Systems International Inc,TX,77304,Attempts to collect debt not owed Debt was paid,attempts collect debt owed debt paid,25,0,Attempts to collect debt not owed Debt is not yours,False statements or representation
10594800,1409,C_1409,2024-10-27,False statements or representation,Attempted to collect wrong amount,Franklin Co,MS,39046,False statements or representation Attempted to collect wrong amount,false statements representation attempted collect wrong amount,6,5,False statements or representation Attempted to collect wrong amount,Improper use of your report
10270129,1411,C_1411,2024-09-27,Struggling to pay mortgage,Foreclosure,Sn Servicing Co,IL,60430,Struggling to pay mortgage Foreclosure,struggling pay mortgage foreclosure,17,14,"Struggling to pay mortgage Trying to communicate with the company to fix an issue related to modification, forbearance, short sale, deed-in-lieu, bankruptcy, or foreclosure",Written notification about debt
10586773,1412,C_1412,2024-10-26,Attempts to collect debt not owed,Debt is not yours,Elevate Recoveries Llc,SC,29732,Attempts to collect debt not owed Debt is not yours,attempts collect debt owed debt,5,10,Attempts to collect debt not owed Debt is not yours,Attempts to collect debt not owed
10491846,1413,C_1413,2024-10-17,Attempts to collect debt not owed,Debt is not yours,Associated Credit Services Inc,TX,75104,Attempts to collect debt not owed Debt is not yours,attempts collect debt owed debt,5,10,Attempts to collect debt not owed Debt is not yours,Attempts to collect debt not owed
10588680,1414,C_1414,2024-10-26,Incorrect information on your report,Personal information incorrect,General Mortgage Capital Co,NY,10001,Incorrect information on your report Personal information incorrect,incorrect information report personal information incorrect,3,0,Attempts to collect debt not owed Debt is not yours,False statements or representation
10490670,1415,C_1415,2024-10-17,Attempts to collect debt not owed,Debt is not yours,Law Office Of Brett M Borland Pc,NY,13502,Attempts to collect debt not owed Debt is not yours,attempts collect debt owed debt,20,8,Attempts to collect debt not owed Debt is not yours,Written notification about debt
10261908,1417,C_1417,2024-09-26,Struggling to pay mortgage,Foreclosure,State Home Mortgage,GA,30318,Struggling to pay mortgage Foreclosure,struggling pay mortgage foreclosure,17,14,"Struggling to pay mortgage Trying to communicate with the company to fix an issue related to modification, forbearance, short sale, deed-in-lieu, bankruptcy, or foreclosure",Written notification about debt
10524730,1418,C_1418,2024-10-21,Written notification about debt,Didn't receive notice of right to dispute,Herbert P Sears Co,CA,92108,Written notification about debt Didn't receive notice of right to dispute,written notification debt didnt receive notice right dispute,9,7,Written notification about debt Didn't receive notice of right to dispute,Improper use of your report
10589346,1419,C_1419,2024-10-26,Incorrect information on your report,Account status incorrect,All State Credit Bureau Inc,MI,48207,Incorrect information on your report Account status incorrect,incorrect information report account status incorrect,26,2,Took or threatened to take negative or legal action Threatened or suggested your credit would be damaged,Improper use of your report
10513867,1420,C_1420,2024-10-20,Attempts to collect debt not owed,Debt was paid,National Recovery Solutions Llc,FL,32004,Attempts to collect debt not owed Debt was paid,attempts collect debt owed debt paid,25,0,Attempts to collect debt not owed Debt is not yours,False statements or representation
10399167,1422,C_1422,2024-10-09,Attempts to collect debt not owed,Debt is not yours,The Outsource Group Inc,TX,78239,Attempts to collect debt not owed Debt is not yours,attempts collect debt owed debt,5,10,Attempts to collect debt not owed Debt is not yours,Attempts to collect debt not owed
10415224,1423,C_1423,2024-10-10,Improper use of your report,Credit inquiries on your report that you don't recognize,All Credit Co,FL,33126,Improper use of your report Credit inquiries on your report that you don't recognize,improper use report credit inquiries report dont recognize,7,12,Improper use of your report Credit inquiries on your report that you don't recognize,Trouble during payment process
10518606,1425,C_1425,2024-10-20,Repossession,Loan balance remaining after the vehicle is repossessed and sold,Debois Inc,OH,44127,Repossession Loan balance remaining after the vehicle is repossessed and sold,repossession loan balance remaining vehicle repossessed sold,22,14,"Struggling to pay mortgage Trying to communicate with the company to fix an issue related to modification, forbearance, short sale, deed-in-lieu, bankruptcy, or foreclosure",Written notification about debt
10510690,1426,C_1426,2024-10-19,Improper use of your report,Credit inquiries on your report that you don't recognize,Volvo Car Financial Services Us Llc,WI,53225,Improper use of your report Credit inquiries on your report that you don't recognize,improper use report credit inquiries report dont recognize,7,12,Improper use of your report Credit inquiries on your report that you don't recognize,Trouble during payment process
10347505,1427,C_1427,2024-10-03,Managing an account,Problem accessing account,Global Credit Union,AK,99507,Managing an account Problem accessing account,managing account problem accessing account,3,6,Trouble during payment process Trying to communicate with the company to fix an issue while managing or servicing your loan,Attempts to collect debt not owed
10509314,1430,C_1430,2024-10-20,Managing an account,Deposits and withdrawals,Cullenfrost Bankers Inc,MD,20601,Managing an account Deposits and withdrawals,managing account deposits withdrawals,3,6,Trouble during payment process Trying to communicate with the company to fix an issue while managing or servicing your loan,Attempts to collect debt not owed
10485673,1431,C_1431,2024-10-17,Dealing with your lender or servicer,Need information about your loan balance or loan terms,College Ave Student Loan Servicing Llc,IL,60441,Dealing with your lender or servicer Need information about your loan balance or loan terms,dealing lender servicer need information loan balance loan terms,3,0,Attempts to collect debt not owed Debt is not yours,False statements or representation
10487465,1432,C_1432,2024-10-17,False statements or representation,Attempted to collect wrong amount,Asset Recovery Bureau Llc,SC,29171,False statements or representation Attempted to collect wrong amount,false statements representation attempted collect wrong amount,27,5,False statements or representation Attempted to collect wrong amount,Improper use of your report
10502783,1435,C_1435,2024-10-18,Attempts to collect debt not owed,Debt was result of identity theft,Financial Recovery Services Inc,NY,11969,Attempts to collect debt not owed Debt was result of identity theft,attempts collect debt owed debt result identity theft,15,1,Attempts to collect debt not owed Debt was result of identity theft,Struggling to pay mortgage
10504908,1436,C_1436,2024-10-18,Written notification about debt,Didn't receive enough information to verify debt,Malen  Associates Pc,NY,10001,Written notification about debt Didn't receive enough information to verify debt,written notification debt didnt receive enough information verify debt,11,7,Written notification about debt Didn't receive notice of right to dispute,Improper use of your report
10502408,1437,C_1437,2024-10-18,Attempts to collect debt not owed,Debt is not yours,Avante,TX,75104,Attempts to collect debt not owed Debt is not yours,attempts collect debt owed debt,20,8,Attempts to collect debt not owed Debt is not yours,Written notification about debt
10571255,1438,C_1438,2024-10-25,Charged fees or interest you didn't expect,,Sulphur Bank Rancheria Enterprises,MI,48313,Charged fees or interest you didn't expect ,charged fees interest didnt expect,1,6,Trouble during payment process Trying to communicate with the company to fix an issue while managing or servicing your loan,Attempts to collect debt not owed
10480007,1439,C_1439,2024-10-16,Written notification about debt,Notification didn't disclose it was an attempt to collect a debt,Harvard Co,GA,30004,Written notification about debt Notification didn't disclose it was an attempt to collect a debt,written notification debt notification didnt disclose attempt collect debt,9,0,Attempts to collect debt not owed Debt is not yours,False statements or representation
10489770,1440,C_1440,2024-10-17,False statements or representation,Attempted to collect wrong amount,Coast Professional Inc,NY,10701,False statements or representation Attempted to collect wrong amount,false statements representation attempted collect wrong amount,6,5,False statements or representation Attempted to collect wrong amount,Improper use of your report
10326563,1441,C_1441,2024-10-02,Attempts to collect debt not owed,Debt was result of identity theft,Michael J Adams Pc,TX,77377,Attempts to collect debt not owed Debt was result of identity theft,attempts collect debt owed debt result identity theft,28,3,Attempts to collect debt not owed Debt was paid,Attempts to collect debt not owed
10198653,1443,C_1443,2024-09-21,Improper use of your report,Reporting company used your report improperly,Financial Business And Co,TX,77087,Improper use of your report Reporting company used your report improperly,improper use report reporting company used report improperly,8,9,Improper use of your report Reporting company used your report improperly,Incorrect information on your report
10484082,1444,C_1444,2024-10-18,False statements or representation,Attempted to collect wrong amount,Commercial Acceptance Co,PA,17366,False statements or representation Attempted to collect wrong amount,false statements representation attempted collect wrong amount,6,5,False statements or representation Attempted to collect wrong amount,Improper use of your report
10547058,1445,C_1445,2024-10-22,Problem with a lender or other company charging your account,Transaction was not authorized,Nbt Bancorp Inc,NY,13833,Problem with a lender or other company charging your account Transaction was not authorized,problem lender company charging account transaction authorized,3,0,Attempts to collect debt not owed Debt is not yours,False statements or representation
10467980,1447,C_1447,2024-10-16,Improper use of your report,Reporting company used your report improperly,First Help Financial Llc,FL,33570,Improper use of your report Reporting company used your report improperly,improper use report reporting company used report improperly,0,11,Improper use of your report Reporting company used your report improperly,Struggling to pay mortgage
10464669,1448,C_1448,2024-10-15,Charged upfront or unexpected fees,,Afni Inc,NY,11590,Charged upfront or unexpected fees ,charged upfront unexpected fees,3,6,Trouble during payment process Trying to communicate with the company to fix an issue while managing or servicing your loan,Attempts to collect debt not owed
10465871,1449,C_1449,2024-10-15,Managing an account,Problem accessing account,Vystar Credit Union,FL,32738,Managing an account Problem accessing account,managing account problem accessing account,3,6,Trouble during payment process Trying to communicate with the company to fix an issue while managing or servicing your loan,Attempts to collect debt not owed
10329815,1450,C_1450,2024-10-03,False statements or representation,Attempted to collect wrong amount,The Law Offices Of Mitchell D Bluhm  Associates,FL,32825,False statements or representation Attempted to collect wrong amount,false statements representation attempted collect wrong amount,27,5,False statements or representation Attempted to collect wrong amount,Improper use of your report
10466480,1451,C_1451,2024-10-15,Incorrect information on your report,Account information incorrect,Kora Financial,FL,32828,Incorrect information on your report Account information incorrect,incorrect information report account information incorrect,13,2,Took or threatened to take negative or legal action Threatened or suggested your credit would be damaged,Improper use of your report
10350490,1452,C_1452,2024-10-04,Incorrect information on your report,Public record information inaccurate,Federal Adjustment Bureau Inc,OH,43119,Incorrect information on your report Public record information inaccurate,incorrect information report public record information inaccurate,3,0,Attempts to collect debt not owed Debt is not yours,False statements or representation
10421313,1453,C_1453,2024-10-11,Managing an account,Deposits and withdrawals,Global Tellink Co,IN,46914,Managing an account Deposits and withdrawals,managing account deposits withdrawals,3,6,Trouble during payment process Trying to communicate with the company to fix an issue while managing or servicing your loan,Attempts to collect debt not owed
9950921,1455,C_1455,2024-08-28,Incorrect information on your report,Information belongs to someone else,Resolve Partners Llc,GA,30342,Incorrect information on your report Information belongs to someone else,incorrect information report information belongs someone else,12,13,Incorrect information on your report Information belongs to someone else,Incorrect information on your report
10461970,1456,C_1456,2024-10-15,Attempts to collect debt not owed,Debt was paid,Bay Area Receivables Inc,DE,19966,Attempts to collect debt not owed Debt was paid,attempts collect debt owed debt paid,25,0,Attempts to collect debt not owed Debt is not yours,False statements or representation
10365214,1457,C_1457,2024-10-06,False statements or representation,Attempted to collect wrong amount,Viking Client Services,MN,55119,False statements or representation Attempted to collect wrong amount,false statements representation attempted collect wrong amount,6,5,False statements or representation Attempted to collect wrong amount,Improper use of your report
10333468,1459,C_1459,2024-10-03,Applying for a mortgage or refinancing an existing mortgage,Confusing or misleading advertising or marketing,American Financing Co,CO,80016,Applying for a mortgage or refinancing an existing mortgage Confusing or misleading advertising or marketing,applying mortgage refinancing existing mortgage confusing misleading advertising marketing,3,6,Trouble during payment process Trying to communicate with the company to fix an issue while managing or servicing your loan,Attempts to collect debt not owed
10417896,1460,C_1460,2024-10-11,Communication tactics,Frequent or repeated calls,Synergetic Co,OK,74115,Communication tactics Frequent or repeated calls,communication tactics frequent repeated calls,3,1,Attempts to collect debt not owed Debt was result of identity theft,Struggling to pay mortgage
10420101,1461,C_1461,2024-10-11,False statements or representation,Attempted to collect wrong amount,Fh Cann  Associates Inc,VA,23669,False statements or representation Attempted to collect wrong amount,false statements representation attempted collect wrong amount,27,5,False statements or representation Attempted to collect wrong amount,Improper use of your report
10418129,1462,C_1462,2024-10-11,Getting the loan,,Rockloans Holdings Llc,CO,80237,Getting the loan ,getting loan,3,0,Attempts to collect debt not owed Debt is not yours,False statements or representation
10285550,1463,C_1463,2024-09-29,Attempts to collect debt not owed,Debt was paid,Credit Center Llc,CT,06119,Attempts to collect debt not owed Debt was paid,attempts collect debt owed debt paid,25,0,Attempts to collect debt not owed Debt is not yours,False statements or representation
10413782,1464,C_1464,2024-10-10,Took or threatened to take negative or legal action,Threatened or suggested your credit would be damaged,Nationwide Recovery Systems Ltd,TX,75070,Took or threatened to take negative or legal action Threatened or suggested your credit would be damaged,took threatened take negative legal action threatened suggested credit would damaged,18,2,Took or threatened to take negative or legal action Threatened or suggested your credit would be damaged,Improper use of your report
10381351,1465,C_1465,2024-10-09,Problem with a company's investigation into an existing problem,Their investigation did not fix an error on your report,Empower Finance Inc,GA,30047,Problem with a company's investigation into an existing problem Their investigation did not fix an error on your report,problem companys investigation existing problem investigation fix error report,4,4,Problem with a company's investigation into an existing problem Their investigation did not fix an error on your report,Trouble during payment process
10372174,1466,C_1466,2024-10-07,Improper use of your report,Reporting company used your report improperly,Americash Holding Llc,IL,60001,Improper use of your report Reporting company used your report improperly,improper use report reporting company used report improperly,0,11,Improper use of your report Reporting company used your report improperly,Struggling to pay mortgage
10377975,1467,C_1467,2024-10-07,Incorrect information on your report,Account status incorrect,Ofg Bancorp,PR,00727,Incorrect information on your report Account status incorrect,incorrect information report account status incorrect,14,13,Incorrect information on your report Information belongs to someone else,Incorrect information on your report
10347041,1468,C_1468,2024-10-04,Written notification about debt,Didn't receive notice of right to dispute,Sir Finance Co,WI,53001,Written notification about debt Didn't receive notice of right to dispute,written notification debt didnt receive notice right dispute,9,7,Written notification about debt Didn't receive notice of right to dispute,Improper use of your report
10319387,1470,C_1470,2024-10-02,Took or threatened to take negative or legal action,Threatened or suggested your credit would be damaged,Consumer Financial Services,FL,34472,Took or threatened to take negative or legal action Threatened or suggested your credit would be damaged,took threatened take negative legal action threatened suggested credit would damaged,18,2,Took or threatened to take negative or legal action Threatened or suggested your credit would be damaged,Improper use of your report
10552744,1471,C_1471,2024-10-23,Improper use of your report,Reporting company used your report improperly,Creditninja Lending Llc,AZ,85042,Improper use of your report Reporting company used your report improperly,improper use report reporting company used report improperly,8,9,Improper use of your report Reporting company used your report improperly,Incorrect information on your report
10539376,1472,C_1472,2024-10-22,Took or threatened to take negative or legal action,Threatened or suggested your credit would be damaged,Debt Co,CA,91350,Took or threatened to take negative or legal action Threatened or suggested your credit would be damaged,took threatened take negative legal action threatened suggested credit would damaged,18,2,Took or threatened to take negative or legal action Threatened or suggested your credit would be damaged,Improper use of your report
10542029,1473,C_1473,2024-10-22,Took or threatened to take negative or legal action,Threatened or suggested your credit would be damaged,Peter Roberts  Associates Inc,CT,06704,Took or threatened to take negative or legal action Threatened or suggested your credit would be damaged,took threatened take negative legal action threatened suggested credit would damaged,18,2,Took or threatened to take negative or legal action Threatened or suggested your credit would be damaged,Improper use of your report
10543878,1474,C_1474,2024-10-22,Closing on a mortgage,Delays with the closing process,Supreme Lending,GA,30506,Closing on a mortgage Delays with the closing process,closing mortgage delays closing process,2,0,Attempts to collect debt not owed Debt is not yours,False statements or representation
10412536,1475,C_1475,2024-10-10,Threatened to contact someone or share information improperly,Contacted you after you asked them to stop,Westernshamrock Co,TX,73301,Threatened to contact someone or share information improperly Contacted you after you asked them to stop,threatened contact someone share information improperly contacted asked stop,19,15,Threatened to contact someone or share information improperly Talked to a third-party about your debt,Attempts to collect debt not owed
10520508,1476,C_1476,2024-10-22,Incorrect information on your report,Account information incorrect,Collection Bureau Of The Hudson Valley Inc,VA,23223,Incorrect information on your report Account information incorrect,incorrect information report account information incorrect,13,2,Took or threatened to take negative or legal action Threatened or suggested your credit would be damaged,Improper use of your report
10417124,1477,C_1477,2024-10-11,Incorrect information on your report,Account information incorrect,Opportunity Fund,GA,30909,Incorrect information on your report Account information incorrect,incorrect information report account information incorrect,13,2,Took or threatened to take negative or legal action Threatened or suggested your credit would be damaged,Improper use of your report
10412188,1478,C_1478,2024-10-10,Communication tactics,Frequent or repeated calls,Arcon Credit Solutions Llc,TN,37138,Communication tactics Frequent or repeated calls,communication tactics frequent repeated calls,3,1,Attempts to collect debt not owed Debt was result of identity theft,Struggling to pay mortgage
10436334,1480,C_1480,2024-10-14,Took or threatened to take negative or legal action,Collected or attempted to collect exempt funds,Gurstel Law Firm Pc,MN,55001,Took or threatened to take negative or legal action Collected or attempted to collect exempt funds,took threatened take negative legal action collected attempted collect exempt funds,3,0,Attempts to collect debt not owed Debt is not yours,False statements or representation
10441320,1481,C_1481,2024-10-14,Written notification about debt,Didn't receive notice of right to dispute,Silverman Theologou Llp,FL,34983,Written notification about debt Didn't receive notice of right to dispute,written notification debt didnt receive notice right dispute,9,7,Written notification about debt Didn't receive notice of right to dispute,Improper use of your report
10409972,1482,C_1482,2024-10-10,Problem with a company's investigation into an existing problem,Their investigation did not fix an error on your report,Hunt  Henriques,CA,90036,Problem with a company's investigation into an existing problem Their investigation did not fix an error on your report,problem companys investigation existing problem investigation fix error report,4,4,Problem with a company's investigation into an existing problem Their investigation did not fix an error on your report,Trouble during payment process
9741574,1483,C_1483,2024-08-07,False statements or representation,Attempted to collect wrong amount,Nexum Group Inc,TX,75056,False statements or representation Attempted to collect wrong amount,false statements representation attempted collect wrong amount,6,5,False statements or representation Attempted to collect wrong amount,Improper use of your report
9742291,1484,C_1484,2024-08-07,Struggling to pay your loan,,Big Picture Loans Llc,OH,44128,Struggling to pay your loan ,struggling pay loan,3,6,Trouble during payment process Trying to communicate with the company to fix an issue while managing or servicing your loan,Attempts to collect debt not owed
9685449,1485,C_1485,2024-08-01,Attempts to collect debt not owed,Debt was result of identity theft,Pcr Group,MI,48197,Attempts to collect debt not owed Debt was result of identity theft,attempts collect debt owed debt result identity theft,28,3,Attempts to collect debt not owed Debt was paid,Attempts to collect debt not owed
10449668,1486,C_1486,2024-10-14,Closing on a mortgage,Trying to communicate with the company to fix an issue with the loan closing,Better Mortgage Inc,VA,23832,Closing on a mortgage Trying to communicate with the company to fix an issue with the loan closing,closing mortgage trying communicate company fix issue loan closing,3,0,Attempts to collect debt not owed Debt is not yours,False statements or representation
10535418,1487,C_1487,2024-10-22,Incorrect information on your report,Personal information incorrect,Rm Galicia Inc,CA,91325,Incorrect information on your report Personal information incorrect,incorrect information report personal information incorrect,3,0,Attempts to collect debt not owed Debt is not yours,False statements or representation
10368537,1488,C_1488,2024-10-07,Closing an account,Can't close your account,Nexbank Capital Inc,FL,32653,Closing an account Can't close your account,closing account cant close account,3,6,Trouble during payment process Trying to communicate with the company to fix an issue while managing or servicing your loan,Attempts to collect debt not owed
10218020,1489,C_1489,2024-09-23,Attempts to collect debt not owed,Debt is not yours,Pollack  Rosen Pa,CA,90703,Attempts to collect debt not owed Debt is not yours,attempts collect debt owed debt,23,0,Attempts to collect debt not owed Debt is not yours,False statements or representation
10417366,1490,C_1490,2024-10-11,Attempts to collect debt not owed,Debt is not yours,Commercial Trade Inc,OH,43001,Attempts to collect debt not owed Debt is not yours,attempts collect debt owed debt,20,8,Attempts to collect debt not owed Debt is not yours,Written notification about debt
10453243,1491,C_1491,2024-10-14,False statements or representation,Attempted to collect wrong amount,Christus Health,TX,73301,False statements or representation Attempted to collect wrong amount,false statements representation attempted collect wrong amount,27,5,False statements or representation Attempted to collect wrong amount,Improper use of your report
10310801,1493,C_1493,2024-10-01,False statements or representation,"Impersonated attorney, law enforcement, or government official",Commercial Services Group Inc,GA,30180,"False statements or representation Impersonated attorney, law enforcement, or government official",false statements representation impersonated attorney law enforcement government official,3,0,Attempts to collect debt not owed Debt is not yours,False statements or representation
10245027,1494,C_1494,2024-09-25,Incorrect information on your report,Account status incorrect,Click N Close Inc,MI,48506,Incorrect information on your report Account status incorrect,incorrect information report account status incorrect,14,13,Incorrect information on your report Information belongs to someone else,Incorrect information on your report
10615286,1496,C_1496,2024-10-29,Problems at the end of the loan or lease,Problem with paying off the loan,Lobel Financial Co,FL,33020,Problems at the end of the loan or lease Problem with paying off the loan,problems end loan lease problem paying loan,3,6,Trouble during payment process Trying to communicate with the company to fix an issue while managing or servicing your loan,Attempts to collect debt not owed
10432307,1497,C_1497,2024-10-12,Repossession,Company communicating payment assistance or payment extension options,American Cycle Finance Inc,FL,33138,Repossession Company communicating payment assistance or payment extension options,repossession company communicating payment assistance payment extension options,22,14,"Struggling to pay mortgage Trying to communicate with the company to fix an issue related to modification, forbearance, short sale, deed-in-lieu, bankruptcy, or foreclosure",Written notification about debt
10536154,1498,C_1498,2024-10-22,False statements or representation,Attempted to collect wrong amount,Fig Tech Inc,TX,77065,False statements or representation Attempted to collect wrong amount,false statements representation attempted collect wrong amount,6,5,False statements or representation Attempted to collect wrong amount,Improper use of your report
10604745,1501,C_1501,2024-10-28,Closing on a mortgage,Closing disclosure or other related disclosures,First Co,PA,15904,Closing on a mortgage Closing disclosure or other related disclosures,closing mortgage closing disclosure related disclosures,26,1,Attempts to collect debt not owed Debt was result of identity theft,Struggling to pay mortgage
10604795,1502,C_1502,2024-10-28,Attempts to collect debt not owed,Debt was paid,National Business Factors,NV,88901,Attempts to collect debt not owed Debt was paid,attempts collect debt owed debt paid,25,0,Attempts to collect debt not owed Debt is not yours,False statements or representation
10543281,1503,C_1503,2024-10-22,Problem with a company's investigation into an existing problem,Their investigation did not fix an error on your report,Atg Credit Llc,AL,35004,Problem with a company's investigation into an existing problem Their investigation did not fix an error on your report,problem companys investigation existing problem investigation fix error report,4,4,Problem with a company's investigation into an existing problem Their investigation did not fix an error on your report,Trouble during payment process
10467959,1504,C_1504,2024-10-13,Written notification about debt,Didn't receive notice of right to dispute,Ncsplus Inc,FL,32004,Written notification about debt Didn't receive notice of right to dispute,written notification debt didnt receive notice right dispute,9,7,Written notification about debt Didn't receive notice of right to dispute,Improper use of your report
10320004,1505,C_1505,2024-10-02,False statements or representation,Attempted to collect wrong amount,A Loans Inc,TX,75056,False statements or representation Attempted to collect wrong amount,false statements representation attempted collect wrong amount,27,5,False statements or representation Attempted to collect wrong amount,Improper use of your report
10339147,1506,C_1506,2024-10-03,Improper use of your report,Credit inquiries on your report that you don't recognize,Go Capital Holdings Llc,NC,27006,Improper use of your report Credit inquiries on your report that you don't recognize,improper use report credit inquiries report dont recognize,24,12,Improper use of your report Credit inquiries on your report that you don't recognize,Trouble during payment process
10419443,1507,C_1507,2024-10-11,Took or threatened to take negative or legal action,Threatened to sue you for very old debt,Community Health Investment Co,NM,88012,Took or threatened to take negative or legal action Threatened to sue you for very old debt,took threatened take negative legal action threatened sue old debt,3,2,Took or threatened to take negative or legal action Threatened or suggested your credit would be damaged,Improper use of your report
10418853,1508,C_1508,2024-10-11,Improper use of your report,Reporting company used your report improperly,Arc Management Group Llc,GA,30038,Improper use of your report Reporting company used your report improperly,improper use report reporting company used report improperly,0,11,Improper use of your report Reporting company used your report improperly,Struggling to pay mortgage
10582802,1509,C_1509,2024-10-25,Threatened to contact someone or share information improperly,Talked to a third-party about your debt,Drb Llc,MI,48915,Threatened to contact someone or share information improperly Talked to a third-party about your debt,threatened contact someone share information improperly talked thirdparty debt,19,15,Threatened to contact someone or share information improperly Talked to a third-party about your debt,Attempts to collect debt not owed
10410120,1510,C_1510,2024-10-10,Problem with a company's investigation into an existing issue,Their investigation did not fix an error on your report,Ridge  Valley Realty Inc,CO,80922,Problem with a company's investigation into an existing issue Their investigation did not fix an error on your report,problem companys investigation existing issue investigation fix error report,4,4,Problem with a company's investigation into an existing problem Their investigation did not fix an error on your report,Trouble during payment process
10415519,1511,C_1511,2024-10-10,Trouble during payment process,Payment process,Midwest Loan Services Inc,TX,75126,Trouble during payment process Payment process,trouble payment process payment process,3,6,Trouble during payment process Trying to communicate with the company to fix an issue while managing or servicing your loan,Attempts to collect debt not owed
9871742,1512,C_1512,2024-08-21,Confusing or misleading advertising or marketing,,Lendtable Inc,OH,43001,Confusing or misleading advertising or marketing ,confusing misleading advertising marketing,3,6,Trouble during payment process Trying to communicate with the company to fix an issue while managing or servicing your loan,Attempts to collect debt not owed
10591233,1513,C_1513,2024-10-27,Opening an account,Unable to open an account,Ameris Bancorp,GA,30350,Opening an account Unable to open an account,opening account unable open account,3,6,Trouble during payment process Trying to communicate with the company to fix an issue while managing or servicing your loan,Attempts to collect debt not owed
10163868,1514,C_1514,2024-09-18,Written notification about debt,Didn't receive enough information to verify debt,Accelerated Co,WA,98374,Written notification about debt Didn't receive enough information to verify debt,written notification debt didnt receive enough information verify debt,16,16,Written notification about debt Didn't receive enough information to verify debt,Trouble during payment process
10499767,1515,C_1515,2024-10-18,Opening an account,Unable to open an account,First Foundation Inc,TX,77808,Opening an account Unable to open an account,opening account unable open account,3,6,Trouble during payment process Trying to communicate with the company to fix an issue while managing or servicing your loan,Attempts to collect debt not owed
10502203,1516,C_1516,2024-10-18,Written notification about debt,Didn't receive enough information to verify debt,Messerli  Kramer Pa,NY,10468,Written notification about debt Didn't receive enough information to verify debt,written notification debt didnt receive enough information verify debt,11,7,Written notification about debt Didn't receive notice of right to dispute,Improper use of your report
10584314,1518,C_1518,2024-10-25,Didn't provide services promised,,Consumer Legal Group Pc,AZ,85019,Didn't provide services promised ,didnt provide services promised,3,0,Attempts to collect debt not owed Debt is not yours,False statements or representation
10587731,1520,C_1520,2024-10-26,Improper use of your report,Reporting company used your report improperly,Wheels Financial Group Llc,CA,94587,Improper use of your report Reporting company used your report improperly,improper use report reporting company used report improperly,0,11,Improper use of your report Reporting company used your report improperly,Struggling to pay mortgage
10311342,1521,C_1521,2024-10-01,Incorrect information on your report,Information belongs to someone else,Designed Receivable Solutions Inc,CA,91356,Incorrect information on your report Information belongs to someone else,incorrect information report information belongs someone else,12,13,Incorrect information on your report Information belongs to someone else,Incorrect information on your report
10136502,1522,C_1522,2024-09-16,Managing the loan or lease,Loan sold or transferred to another company,Peritus Portfolio Services Ii Llc,MD,20601,Managing the loan or lease Loan sold or transferred to another company,managing loan lease loan sold transferred another company,3,6,Trouble during payment process Trying to communicate with the company to fix an issue while managing or servicing your loan,Attempts to collect debt not owed
10322362,1523,C_1523,2024-10-02,False statements or representation,Attempted to collect wrong amount,Starmark Financial Llc,TX,77044,False statements or representation Attempted to collect wrong amount,false statements representation attempted collect wrong amount,6,5,False statements or representation Attempted to collect wrong amount,Improper use of your report
10391567,1525,C_1525,2024-10-09,Closing on a mortgage,Closing disclosure or other related disclosures,Atlantic Bay Mortgage Group Llc,VA,23434,Closing on a mortgage Closing disclosure or other related disclosures,closing mortgage closing disclosure related disclosures,26,1,Attempts to collect debt not owed Debt was result of identity theft,Struggling to pay mortgage
10503667,1526,C_1526,2024-10-18,Received a loan you didn't apply for,,Fundo Llc,IL,60202,Received a loan you didn't apply for ,received loan didnt apply,3,6,Trouble during payment process Trying to communicate with the company to fix an issue while managing or servicing your loan,Attempts to collect debt not owed
10485173,1527,C_1527,2024-10-17,Threatened to contact someone or share information improperly,Talked to a third-party about your debt,Amigos Prstamos,AZ,85138,Threatened to contact someone or share information improperly Talked to a third-party about your debt,threatened contact someone share information improperly talked thirdparty debt,19,15,Threatened to contact someone or share information improperly Talked to a third-party about your debt,Attempts to collect debt not owed
10393191,1528,C_1528,2024-10-09,Problem with fraud alerts or security freezes,,Cmg Mortgage Inc,PA,15701,Problem with fraud alerts or security freezes ,problem fraud alerts security freezes,3,0,Attempts to collect debt not owed Debt is not yours,False statements or representation
10327968,1529,C_1529,2024-10-04,Attempts to collect debt not owed,Debt was result of identity theft,Allied Co,NV,89121,Attempts to collect debt not owed Debt was result of identity theft,attempts collect debt owed debt result identity theft,28,3,Attempts to collect debt not owed Debt was paid,Attempts to collect debt not owed
10299048,1530,C_1530,2024-09-30,Incorrect information on your report,Old information reappears or never goes away,Sg And Associates,TX,77045,Incorrect information on your report Old information reappears or never goes away,incorrect information report old information reappears never goes away,13,2,Took or threatened to take negative or legal action Threatened or suggested your credit would be damaged,Improper use of your report
10567006,1531,C_1531,2024-10-24,Attempts to collect debt not owed,Debt is not yours,St Results Billings Co,NC,28326,Attempts to collect debt not owed Debt is not yours,attempts collect debt owed debt,20,8,Attempts to collect debt not owed Debt is not yours,Written notification about debt
10552894,1533,C_1533,2024-10-23,Struggling to pay your loan,,Bluechip Financial,OH,44128,Struggling to pay your loan ,struggling pay loan,3,6,Trouble during payment process Trying to communicate with the company to fix an issue while managing or servicing your loan,Attempts to collect debt not owed
10298135,1534,C_1534,2024-09-30,Written notification about debt,Didn't receive enough information to verify debt,Guglielmo And Associates,NV,89139,Written notification about debt Didn't receive enough information to verify debt,written notification debt didnt receive enough information verify debt,11,7,Written notification about debt Didn't receive notice of right to dispute,Improper use of your report
10475714,1535,C_1535,2024-10-16,Written notification about debt,Didn't receive enough information to verify debt,Jacob Law Group Pllc,MS,38655,Written notification about debt Didn't receive enough information to verify debt,written notification debt didnt receive enough information verify debt,11,7,Written notification about debt Didn't receive notice of right to dispute,Improper use of your report
10524870,1536,C_1536,2024-10-21,Problem with customer service,,Amscot Co,FL,34761,Problem with customer service ,problem customer service,3,0,Attempts to collect debt not owed Debt is not yours,False statements or representation
10478464,1537,C_1537,2024-10-16,Applying for a mortgage or refinancing an existing mortgage,Changes in loan terms during the application process,First Co,MI,48001,Applying for a mortgage or refinancing an existing mortgage Changes in loan terms during the application process,applying mortgage refinancing existing mortgage changes loan terms application process,2,0,Attempts to collect debt not owed Debt is not yours,False statements or representation
10320599,1538,C_1538,2024-10-02,Incorrect information on your report,Information belongs to someone else,Deinde Online Services Llc,FL,32301,Incorrect information on your report Information belongs to someone else,incorrect information report information belongs someone else,12,13,Incorrect information on your report Information belongs to someone else,Incorrect information on your report
10480671,1539,C_1539,2024-10-16,Closing on a mortgage,Closing disclosure or other related disclosures,Pultegroup Inc,NC,28411,Closing on a mortgage Closing disclosure or other related disclosures,closing mortgage closing disclosure related disclosures,26,1,Attempts to collect debt not owed Debt was result of identity theft,Struggling to pay mortgage
10523662,1540,C_1540,2024-10-21,Problem caused by your funds being low,Bounced checks or returned payments,Direct Inc,WA,98122,Problem caused by your funds being low Bounced checks or returned payments,problem caused funds low bounced checks returned payments,2,0,Attempts to collect debt not owed Debt is not yours,False statements or representation
10481741,1542,C_1542,2024-10-16,Improper use of your report,Reporting company used your report improperly,Guild Holdings Co,TX,73301,Improper use of your report Reporting company used your report improperly,improper use report reporting company used report improperly,8,9,Improper use of your report Reporting company used your report improperly,Incorrect information on your report
10522505,1543,C_1543,2024-10-21,Trouble during payment process,Payment process,Mutual Of Omaha Mortgage Llc,NE,68046,Trouble during payment process Payment process,trouble payment process payment process,3,6,Trouble during payment process Trying to communicate with the company to fix an issue while managing or servicing your loan,Attempts to collect debt not owed
10356548,1544,C_1544,2024-10-06,Problem with a company's investigation into an existing issue,Difficulty submitting a dispute or getting information about a dispute over the phone,Park Hill Holdings,CA,90001,Problem with a company's investigation into an existing issue Difficulty submitting a dispute or getting information about a dispute over the phone,problem companys investigation existing issue difficulty submitting dispute getting information dispute phone,4,4,Problem with a company's investigation into an existing problem Their investigation did not fix an error on your report,Trouble during payment process
10320216,1545,C_1545,2024-10-02,Managing an account,Deposits and withdrawals,Schoolsfirst Federal Credit Union,CT,06450,Managing an account Deposits and withdrawals,managing account deposits withdrawals,3,6,Trouble during payment process Trying to communicate with the company to fix an issue while managing or servicing your loan,Attempts to collect debt not owed
10393579,1547,C_1547,2024-10-09,Getting a loan,Changes in terms mid-deal or after closing,Meritize Financial Inc,AZ,85382,Getting a loan Changes in terms mid-deal or after closing,getting loan changes terms middeal closing,2,0,Attempts to collect debt not owed Debt is not yours,False statements or representation
10290732,1548,C_1548,2024-10-01,Lost or stolen money order,,Pls Group Inc,ND,58504,Lost or stolen money order ,lost stolen money order,15,1,Attempts to collect debt not owed Debt was result of identity theft,Struggling to pay mortgage
10446390,1549,C_1549,2024-10-14,Improper use of your report,Credit inquiries on your report that you don't recognize,Wood Finance Inc,TX,76036,Improper use of your report Credit inquiries on your report that you don't recognize,improper use report credit inquiries report dont recognize,24,12,Improper use of your report Credit inquiries on your report that you don't recognize,Trouble during payment process
10332632,1550,C_1550,2024-09-30,Vehicle was repossessed or sold the vehicle,,Vin Title Llc,TX,78251,Vehicle was repossessed or sold the vehicle ,vehicle repossessed sold vehicle,22,14,"Struggling to pay mortgage Trying to communicate with the company to fix an issue related to modification, forbearance, short sale, deed-in-lieu, bankruptcy, or foreclosure",Written notification about debt
10457461,1551,C_1551,2024-10-15,Attempts to collect debt not owed,Debt is not yours,Prince Parker  Associates,IL,60001,Attempts to collect debt not owed Debt is not yours,attempts collect debt owed debt,5,10,Attempts to collect debt not owed Debt is not yours,Attempts to collect debt not owed
10448917,1552,C_1552,2024-10-14,Money was taken from your bank account on the wrong day or for the wrong amount,,Albert Co,NH,03031,Money was taken from your bank account on the wrong day or for the wrong amount ,money taken bank account wrong day wrong amount,2,0,Attempts to collect debt not owed Debt is not yours,False statements or representation
10449081,1554,C_1554,2024-10-14,False statements or representation,Indicated you were committing crime by not paying debt,Resurgence Legal Group Pc,CA,95422,False statements or representation Indicated you were committing crime by not paying debt,false statements representation indicated committing crime paying debt,3,0,Attempts to collect debt not owed Debt is not yours,False statements or representation
10448959,1555,C_1555,2024-10-14,Attempts to collect debt not owed,Debt is not yours,Revco Management Llc,NJ,07108,Attempts to collect debt not owed Debt is not yours,attempts collect debt owed debt,5,10,Attempts to collect debt not owed Debt is not yours,Attempts to collect debt not owed
10435114,1556,C_1556,2024-10-12,Charged fees or interest you didn't expect,,Rosebud Economic Development Co,KY,40216,Charged fees or interest you didn't expect ,charged fees interest didnt expect,1,6,Trouble during payment process Trying to communicate with the company to fix an issue while managing or servicing your loan,Attempts to collect debt not owed
10365301,1557,C_1557,2024-10-06,Incorrect information on your report,Account status incorrect,Ad Mortgage Llc,FL,33312,Incorrect information on your report Account status incorrect,incorrect information report account status incorrect,14,13,Incorrect information on your report Information belongs to someone else,Incorrect information on your report
10465527,1558,C_1558,2024-10-15,Written notification about debt,Didn't receive notice of right to dispute,Holloway Credit Solutions,AL,35004,Written notification about debt Didn't receive notice of right to dispute,written notification debt didnt receive notice right dispute,9,7,Written notification about debt Didn't receive notice of right to dispute,Improper use of your report
10427638,1559,C_1559,2024-10-11,Improper use of your report,Credit inquiries on your report that you don't recognize,Ll Services Parent Llc,LA,70001,Improper use of your report Credit inquiries on your report that you don't recognize,improper use report credit inquiries report dont recognize,24,12,Improper use of your report Credit inquiries on your report that you don't recognize,Trouble during payment process
10395846,1560,C_1560,2024-10-09,Repossession,Company explaining amount owed,Lendsmart Inc,CA,92311,Repossession Company explaining amount owed,repossession company explaining amount owed,22,14,"Struggling to pay mortgage Trying to communicate with the company to fix an issue related to modification, forbearance, short sale, deed-in-lieu, bankruptcy, or foreclosure",Written notification about debt
10420256,1561,C_1561,2024-10-11,Incorrect information on your report,Public record information inaccurate,One Source Technology,MD,21222,Incorrect information on your report Public record information inaccurate,incorrect information report public record information inaccurate,3,0,Attempts to collect debt not owed Debt is not yours,False statements or representation
10442674,1562,C_1562,2024-10-14,Closing an account,Funds not received from closed account,Firstbank,AZ,85345,Closing an account Funds not received from closed account,closing account funds received closed account,2,0,Attempts to collect debt not owed Debt is not yours,False statements or representation
10459329,1564,C_1564,2024-10-15,Trouble during payment process,"Escrow, taxes, or insurance",Dovenmuehle Mortgage Inc,CA,92886,"Trouble during payment process Escrow, taxes, or insurance",trouble payment process escrow taxes insurance,3,0,Attempts to collect debt not owed Debt is not yours,False statements or representation
10410046,1565,C_1565,2024-10-10,Struggling to pay your loan,,Tesani Management Inc,UT,84010,Struggling to pay your loan ,struggling pay loan,3,6,Trouble during payment process Trying to communicate with the company to fix an issue while managing or servicing your loan,Attempts to collect debt not owed
10499849,1566,C_1566,2024-10-15,Took or threatened to take negative or legal action,Collected or attempted to collect exempt funds,Tenaglia  Hunt Pa,NJ,07111,Took or threatened to take negative or legal action Collected or attempted to collect exempt funds,took threatened take negative legal action collected attempted collect exempt funds,3,0,Attempts to collect debt not owed Debt is not yours,False statements or representation
10385390,1567,C_1567,2024-10-08,False statements or representation,Attempted to collect wrong amount,Gfs Inc,MO,63001,False statements or representation Attempted to collect wrong amount,false statements representation attempted collect wrong amount,6,5,False statements or representation Attempted to collect wrong amount,Improper use of your report
10394510,1568,C_1568,2024-10-09,Repossession,Voluntary repossession,Firstbank Puerto Rico,PR,00601,Repossession Voluntary repossession,repossession voluntary repossession,22,14,"Struggling to pay mortgage Trying to communicate with the company to fix an issue related to modification, forbearance, short sale, deed-in-lieu, bankruptcy, or foreclosure",Written notification about debt
10419940,1569,C_1569,2024-10-11,False statements or representation,Attempted to collect wrong amount,Automated Accounts Inc,ID,83843,False statements or representation Attempted to collect wrong amount,false statements representation attempted collect wrong amount,6,5,False statements or representation Attempted to collect wrong amount,Improper use of your report
9907308,1570,C_1570,2024-08-23,Getting a credit card,Application denied,Sparrow Financial Inc,OH,45662,Getting a credit card Application denied,getting credit card application denied,3,6,Trouble during payment process Trying to communicate with the company to fix an issue while managing or servicing your loan,Attempts to collect debt not owed
10393570,1571,C_1571,2024-10-09,Attempts to collect debt not owed,Debt was result of identity theft,Cac Financial Co,GA,30001,Attempts to collect debt not owed Debt was result of identity theft,attempts collect debt owed debt result identity theft,15,1,Attempts to collect debt not owed Debt was result of identity theft,Struggling to pay mortgage
10539913,1573,C_1573,2024-10-22,Problem with a company's investigation into an existing issue,Their investigation did not fix an error on your report,Vertical Screen,AR,71601,Problem with a company's investigation into an existing issue Their investigation did not fix an error on your report,problem companys investigation existing issue investigation fix error report,4,4,Problem with a company's investigation into an existing problem Their investigation did not fix an error on your report,Trouble during payment process
10138583,1574,C_1574,2024-09-16,Trouble during payment process,Fees charged,Data Mortgage Inc,IA,50313,Trouble during payment process Fees charged,trouble payment process fees charged,3,6,Trouble during payment process Trying to communicate with the company to fix an issue while managing or servicing your loan,Attempts to collect debt not owed
10528377,1575,C_1575,2024-10-21,False statements or representation,Attempted to collect wrong amount,Chaparral Inc,OH,43607,False statements or representation Attempted to collect wrong amount,false statements representation attempted collect wrong amount,27,5,False statements or representation Attempted to collect wrong amount,Improper use of your report
10594124,1577,C_1577,2024-10-27,Attempts to collect debt not owed,Debt is not yours,King Of Credit Financial Inc,TX,79912,Attempts to collect debt not owed Debt is not yours,attempts collect debt owed debt,23,0,Attempts to collect debt not owed Debt is not yours,False statements or representation
10485706,1578,C_1578,2024-10-17,Problem with a company's investigation into an existing problem,Their investigation did not fix an error on your report,Auto Advantage Finance Llc,TX,76522,Problem with a company's investigation into an existing problem Their investigation did not fix an error on your report,problem companys investigation existing problem investigation fix error report,4,4,Problem with a company's investigation into an existing problem Their investigation did not fix an error on your report,Trouble during payment process
10375934,1579,C_1579,2024-10-07,Attempts to collect debt not owed,Debt was result of identity theft,Modlin Slinsky Pa,CA,91606,Attempts to collect debt not owed Debt was result of identity theft,attempts collect debt owed debt result identity theft,28,3,Attempts to collect debt not owed Debt was paid,Attempts to collect debt not owed
9949748,1580,C_1580,2024-08-28,"Other features, terms, or problems",Other problem,Eml Payments Usa Llc,NY,11221,"Other features, terms, or problems Other problem",features terms problems problem,25,0,Attempts to collect debt not owed Debt is not yours,False statements or representation
10473250,1581,C_1581,2024-10-16,Trouble during payment process,Interest rate,Fci Lender Services Inc,NY,10026,Trouble during payment process Interest rate,trouble payment process interest rate,3,6,Trouble during payment process Trying to communicate with the company to fix an issue while managing or servicing your loan,Attempts to collect debt not owed
10477176,1583,C_1583,2024-10-16,Unauthorized withdrawals or charges,,Harpeth Financial Services Llc,TN,38023,Unauthorized withdrawals or charges ,unauthorized withdrawals charges,3,0,Attempts to collect debt not owed Debt is not yours,False statements or representation
10109843,1584,C_1584,2024-09-13,Other service problem,,Coinflip Llc,CO,80916,Other service problem ,service problem,3,0,Attempts to collect debt not owed Debt is not yours,False statements or representation
10422569,1585,C_1585,2024-10-11,Incorrect information on your report,Account status incorrect,Pomelo International Inc,TX,73301,Incorrect information on your report Account status incorrect,incorrect information report account status incorrect,14,13,Incorrect information on your report Information belongs to someone else,Incorrect information on your report
10462641,1586,C_1586,2024-10-15,Improper use of your report,Reporting company used your report improperly,Concorde Auto Management Llc  Dba Co,TX,75115,Improper use of your report Reporting company used your report improperly,improper use report reporting company used report improperly,0,11,Improper use of your report Reporting company used your report improperly,Struggling to pay mortgage
10226016,1587,C_1587,2024-09-24,Struggling to pay your loan,,Next Level Finance Partners Llc,NY,11433,Struggling to pay your loan ,struggling pay loan,3,6,Trouble during payment process Trying to communicate with the company to fix an issue while managing or servicing your loan,Attempts to collect debt not owed
10400105,1589,C_1589,2024-10-08,Struggling to pay mortgage,Foreclosure,Law Offices Of Alan J Waintraub Pllc,NJ,08724,Struggling to pay mortgage Foreclosure,struggling pay mortgage foreclosure,17,14,"Struggling to pay mortgage Trying to communicate with the company to fix an issue related to modification, forbearance, short sale, deed-in-lieu, bankruptcy, or foreclosure",Written notification about debt
9937453,1590,C_1590,2024-08-27,Improper use of your report,Reporting company used your report improperly,United Co,CT,06105,Improper use of your report Reporting company used your report improperly,improper use report reporting company used report improperly,0,11,Improper use of your report Reporting company used your report improperly,Struggling to pay mortgage
10412749,1592,C_1592,2024-10-10,Written notification about debt,Didn't receive notice of right to dispute,Cb Inc,MT,59001,Written notification about debt Didn't receive notice of right to dispute,written notification debt didnt receive notice right dispute,9,7,Written notification about debt Didn't receive notice of right to dispute,Improper use of your report
9873495,1594,C_1594,2024-08-21,Opening an account,Account opened without my consent or knowledge,Card Co,NJ,08648,Opening an account Account opened without my consent or knowledge,opening account account opened without consent knowledge,3,6,Trouble during payment process Trying to communicate with the company to fix an issue while managing or servicing your loan,Attempts to collect debt not owed
9872429,1595,C_1595,2024-08-22,Attempts to collect debt not owed,Debt is not yours,Rs Clark And Associates Inc,TX,75070,Attempts to collect debt not owed Debt is not yours,attempts collect debt owed debt,5,10,Attempts to collect debt not owed Debt is not yours,Attempts to collect debt not owed
9838951,1596,C_1596,2024-08-19,Problem with a company's investigation into an existing problem,Their investigation did not fix an error on your report,Viva Finance Inc,GA,30349,Problem with a company's investigation into an existing problem Their investigation did not fix an error on your report,problem companys investigation existing problem investigation fix error report,4,4,Problem with a company's investigation into an existing problem Their investigation did not fix an error on your report,Trouble during payment process
10372854,1597,C_1597,2024-10-07,Charged fees or interest you didn't expect,,Zip Co,TX,75010,Charged fees or interest you didn't expect ,charged fees interest didnt expect,1,6,Trouble during payment process Trying to communicate with the company to fix an issue while managing or servicing your loan,Attempts to collect debt not owed
9832955,1598,C_1598,2024-08-17,Opening an account,Didn't receive terms that were advertised,Northwest Bancshares Inc,PA,15206,Opening an account Didn't receive terms that were advertised,opening account didnt receive terms advertised,3,6,Trouble during payment process Trying to communicate with the company to fix an issue while managing or servicing your loan,Attempts to collect debt not owed
10372317,1599,C_1599,2024-10-07,Took or threatened to take negative or legal action,Seized or attempted to seize your property,Bww Law Group Llc,MD,20721,Took or threatened to take negative or legal action Seized or attempted to seize your property,took threatened take negative legal action seized attempted seize property,29,0,Attempts to collect debt not owed Debt is not yours,False statements or representation
9823030,1600,C_1600,2024-08-16,Problem with a lender or other company charging your account,Can't stop withdrawals from your account,Flexible Finance Inc,CA,91730,Problem with a lender or other company charging your account Can't stop withdrawals from your account,problem lender company charging account cant stop withdrawals account,3,0,Attempts to collect debt not owed Debt is not yours,False statements or representation
10370661,1601,C_1601,2024-10-07,Managing an account,Funds not handled or disbursed as instructed,City National Bank,CA,90292,Managing an account Funds not handled or disbursed as instructed,managing account funds handled disbursed instructed,3,6,Trouble during payment process Trying to communicate with the company to fix an issue while managing or servicing your loan,Attempts to collect debt not owed
10209849,1603,C_1603,2024-09-23,Attempts to collect debt not owed,Debt is not yours,Advantage Co,VA,23325,Attempts to collect debt not owed Debt is not yours,attempts collect debt owed debt,20,8,Attempts to collect debt not owed Debt is not yours,Written notification about debt
10281666,1605,C_1605,2024-09-29,Managing an account,Deposits and withdrawals,Morgan Stanley Co,CA,90211,Managing an account Deposits and withdrawals,managing account deposits withdrawals,3,6,Trouble during payment process Trying to communicate with the company to fix an issue while managing or servicing your loan,Attempts to collect debt not owed
9799679,1606,C_1606,2024-08-14,Attempts to collect debt not owed,Debt was result of identity theft,Rmsrecovery Management Services Inc,NC,28273,Attempts to collect debt not owed Debt was result of identity theft,attempts collect debt owed debt result identity theft,15,1,Attempts to collect debt not owed Debt was result of identity theft,Struggling to pay mortgage
10285266,1608,C_1608,2024-09-29,Attempts to collect debt not owed,Debt was result of identity theft,Bounce Ai Inc,GA,30126,Attempts to collect debt not owed Debt was result of identity theft,attempts collect debt owed debt result identity theft,15,1,Attempts to collect debt not owed Debt was result of identity theft,Struggling to pay mortgage
9816558,1609,C_1609,2024-08-15,Problem with a lender or other company charging your account,Transaction was not authorized,Cibc Bancorp Usa Inc,NC,28054,Problem with a lender or other company charging your account Transaction was not authorized,problem lender company charging account transaction authorized,3,0,Attempts to collect debt not owed Debt is not yours,False statements or representation
9783495,1610,C_1610,2024-08-13,Took or threatened to take negative or legal action,Sued you without properly notifying you of lawsuit,Stillman Law Office Llc,MA,01001,Took or threatened to take negative or legal action Sued you without properly notifying you of lawsuit,took threatened take negative legal action sued without properly notifying lawsuit,13,2,Took or threatened to take negative or legal action Threatened or suggested your credit would be damaged,Improper use of your report
10283411,1612,C_1612,2024-09-29,Trouble during payment process,Trying to communicate with the company to fix an issue while managing or servicing your loan,Standard Mortgage Co,LA,70461,Trouble during payment process Trying to communicate with the company to fix an issue while managing or servicing your loan,trouble payment process trying communicate company fix issue managing servicing loan,3,6,Trouble during payment process Trying to communicate with the company to fix an issue while managing or servicing your loan,Attempts to collect debt not owed
10390975,1613,C_1613,2024-10-09,Struggling to pay your loan,,Cashcall Inc,CA,90036,Struggling to pay your loan ,struggling pay loan,3,6,Trouble during payment process Trying to communicate with the company to fix an issue while managing or servicing your loan,Attempts to collect debt not owed
10328587,1614,C_1614,2024-10-04,Incorrect information on your report,Information belongs to someone else,Second Alliance Inc,CA,93257,Incorrect information on your report Information belongs to someone else,incorrect information report information belongs someone else,12,13,Incorrect information on your report Information belongs to someone else,Incorrect information on your report
10352639,1615,C_1615,2024-10-03,Didn't provide services promised,,Olympus Llc,CA,94044,Didn't provide services promised ,didnt provide services promised,3,0,Attempts to collect debt not owed Debt is not yours,False statements or representation
10338627,1616,C_1616,2024-10-03,Attempts to collect debt not owed,Debt is not yours,Jim Bottin Enterprises Inc,GA,30314,Attempts to collect debt not owed Debt is not yours,attempts collect debt owed debt,5,10,Attempts to collect debt not owed Debt is not yours,Attempts to collect debt not owed
10481869,1617,C_1617,2024-10-14,Attempts to collect debt not owed,Debt is not yours,First Financial Bankshares Inc,TX,77632,Attempts to collect debt not owed Debt is not yours,attempts collect debt owed debt,20,8,Attempts to collect debt not owed Debt is not yours,Written notification about debt
10503423,1618,C_1618,2024-10-18,Attempts to collect debt not owed,Debt is not yours,Metro Co,CO,80001,Attempts to collect debt not owed Debt is not yours,attempts collect debt owed debt,20,8,Attempts to collect debt not owed Debt is not yours,Written notification about debt
10499222,1619,C_1619,2024-10-18,Written notification about debt,Didn't receive enough information to verify debt,Credit Bureau Systems Inc,IN,46001,Written notification about debt Didn't receive enough information to verify debt,written notification debt didnt receive enough information verify debt,11,7,Written notification about debt Didn't receive notice of right to dispute,Improper use of your report
10590919,1620,C_1620,2024-10-27,Took or threatened to take negative or legal action,Sued you without properly notifying you of lawsuit,Levy  Associates Llc,OH,43001,Took or threatened to take negative or legal action Sued you without properly notifying you of lawsuit,took threatened take negative legal action sued without properly notifying lawsuit,13,2,Took or threatened to take negative or legal action Threatened or suggested your credit would be damaged,Improper use of your report
10507665,1622,C_1622,2024-10-18,Confusing or misleading advertising or marketing,,Bursey  Associates Pc,AZ,85297,Confusing or misleading advertising or marketing ,confusing misleading advertising marketing,3,6,Trouble during payment process Trying to communicate with the company to fix an issue while managing or servicing your loan,Attempts to collect debt not owed
10474681,1624,C_1624,2024-10-16,Attempts to collect debt not owed,Debt was result of identity theft,Alliant Capital Management Llc,OH,43228,Attempts to collect debt not owed Debt was result of identity theft,attempts collect debt owed debt result identity theft,15,1,Attempts to collect debt not owed Debt was result of identity theft,Struggling to pay mortgage
10475794,1626,C_1626,2024-10-16,Incorrect information on your report,Account status incorrect,Simmons First National Co,TN,38125,Incorrect information on your report Account status incorrect,incorrect information report account status incorrect,14,13,Incorrect information on your report Information belongs to someone else,Incorrect information on your report
10581577,1630,C_1630,2024-10-25,Closing on a mortgage,Delays with the closing process,American Heritage Lending Llc,IN,46001,Closing on a mortgage Delays with the closing process,closing mortgage delays closing process,2,0,Attempts to collect debt not owed Debt is not yours,False statements or representation
10581330,1631,C_1631,2024-10-25,Attempts to collect debt not owed,Debt was result of identity theft,Second Round Limited Partnership Austin Tx Branch,FL,34608,Attempts to collect debt not owed Debt was result of identity theft,attempts collect debt owed debt result identity theft,28,3,Attempts to collect debt not owed Debt was paid,Attempts to collect debt not owed
10393217,1633,C_1633,2024-10-09,Closing on a mortgage,Closing disclosure or other related disclosures,Mortgage Solutions Of Co,GA,30906,Closing on a mortgage Closing disclosure or other related disclosures,closing mortgage closing disclosure related disclosures,26,1,Attempts to collect debt not owed Debt was result of identity theft,Struggling to pay mortgage
10307971,1634,C_1634,2024-10-01,Written notification about debt,Didn't receive enough information to verify debt,Advanced Recovery Systems Inc,MS,39401,Written notification about debt Didn't receive enough information to verify debt,written notification debt didnt receive enough information verify debt,16,16,Written notification about debt Didn't receive enough information to verify debt,Trouble during payment process
10512370,1635,C_1635,2024-10-19,Improper use of your report,Reporting company used your report improperly,Wallace Management Co,MO,63011,Improper use of your report Reporting company used your report improperly,improper use report reporting company used report improperly,8,9,Improper use of your report Reporting company used your report improperly,Incorrect information on your report
10220164,1636,C_1636,2024-09-23,Communication tactics,"Used obscene, profane, or other abusive language",The Leviton Law Firm Ltd,NC,27591,"Communication tactics Used obscene, profane, or other abusive language",communication tactics used obscene profane abusive language,2,15,Threatened to contact someone or share information improperly Talked to a third-party about your debt,Attempts to collect debt not owed
10418500,1637,C_1637,2024-10-11,Written notification about debt,Didn't receive enough information to verify debt,Avadyne Health Holdings Inc,AZ,85284,Written notification about debt Didn't receive enough information to verify debt,written notification debt didnt receive enough information verify debt,11,7,Written notification about debt Didn't receive notice of right to dispute,Improper use of your report
10511755,1638,C_1638,2024-10-19,Improper use of your report,Received unsolicited financial product or insurance offers after opting out,Tradestation Group Inc,CA,90001,Improper use of your report Received unsolicited financial product or insurance offers after opting out,improper use report received unsolicited financial product insurance offers opting,8,9,Improper use of your report Reporting company used your report improperly,Incorrect information on your report
10513032,1639,C_1639,2024-10-19,Problem with a company's investigation into an existing problem,Their investigation did not fix an error on your report,Credit Technologies Inc,VA,20040,Problem with a company's investigation into an existing problem Their investigation did not fix an error on your report,problem companys investigation existing problem investigation fix error report,4,4,Problem with a company's investigation into an existing problem Their investigation did not fix an error on your report,Trouble during payment process
10622813,1640,C_1640,2024-10-30,False statements or representation,Attempted to collect wrong amount,Rsi Enterprises Inc,CA,90019,False statements or representation Attempted to collect wrong amount,false statements representation attempted collect wrong amount,27,5,False statements or representation Attempted to collect wrong amount,Improper use of your report
10610464,1641,C_1641,2024-10-30,Written notification about debt,Didn't receive notice of right to dispute,Credit Bureau Of York Inc,VA,23454,Written notification about debt Didn't receive notice of right to dispute,written notification debt didnt receive notice right dispute,9,7,Written notification about debt Didn't receive notice of right to dispute,Improper use of your report
10556492,1642,C_1642,2024-10-23,Charged fees or interest you didn't expect,,Uprova Credit Llc,NJ,08050,Charged fees or interest you didn't expect ,charged fees interest didnt expect,1,6,Trouble during payment process Trying to communicate with the company to fix an issue while managing or servicing your loan,Attempts to collect debt not owed
10488827,1643,C_1643,2024-10-17,Attempts to collect debt not owed,Debt was result of identity theft,Plusfour Inc,CA,95422,Attempts to collect debt not owed Debt was result of identity theft,attempts collect debt owed debt result identity theft,28,3,Attempts to collect debt not owed Debt was paid,Attempts to collect debt not owed
10617770,1644,C_1644,2024-10-29,Improper use of your report,Credit inquiries on your report that you don't recognize,Premium Credit Bureau,NY,11717,Improper use of your report Credit inquiries on your report that you don't recognize,improper use report credit inquiries report dont recognize,7,12,Improper use of your report Credit inquiries on your report that you don't recognize,Trouble during payment process
10618682,1645,C_1645,2024-10-29,Attempts to collect debt not owed,Debt is not yours,Midwest Fidelity Services Llc,AR,72125,Attempts to collect debt not owed Debt is not yours,attempts collect debt owed debt,5,10,Attempts to collect debt not owed Debt is not yours,Attempts to collect debt not owed
9530210,1646,C_1646,2024-07-16,Incorrect information on your report,Information belongs to someone else,Millennium Financial Group Llc,NY,12524,Incorrect information on your report Information belongs to someone else,incorrect information report information belongs someone else,12,13,Incorrect information on your report Information belongs to someone else,Incorrect information on your report
10578344,1647,C_1647,2024-10-25,Money was not available when promised,,Webull Pay Holdings Us Inc,IA,50317,Money was not available when promised ,money available promised,26,6,Trouble during payment process Trying to communicate with the company to fix an issue while managing or servicing your loan,Attempts to collect debt not owed
10375991,1648,C_1648,2024-10-07,Took or threatened to take negative or legal action,Seized or attempted to seize your property,Movement Mortgage Llc,MD,20746,Took or threatened to take negative or legal action Seized or attempted to seize your property,took threatened take negative legal action seized attempted seize property,29,0,Attempts to collect debt not owed Debt is not yours,False statements or representation
10492846,1649,C_1649,2024-10-17,Charged fees or interest you didn't expect,,Big City Finance Lllp,TX,76522,Charged fees or interest you didn't expect ,charged fees interest didnt expect,1,6,Trouble during payment process Trying to communicate with the company to fix an issue while managing or servicing your loan,Attempts to collect debt not owed
10580628,1651,C_1651,2024-10-25,Struggling to pay your loan,,Lac Co,SC,29407,Struggling to pay your loan ,struggling pay loan,3,6,Trouble during payment process Trying to communicate with the company to fix an issue while managing or servicing your loan,Attempts to collect debt not owed
10411474,1652,C_1652,2024-10-10,Attempts to collect debt not owed,Debt is not yours,Great American Finance Co,PA,15001,Attempts to collect debt not owed Debt is not yours,attempts collect debt owed debt,20,8,Attempts to collect debt not owed Debt is not yours,Written notification about debt
10352013,1654,C_1654,2024-10-04,Attempts to collect debt not owed,Debt was paid,Synter Resource Group Llc,CA,90405,Attempts to collect debt not owed Debt was paid,attempts collect debt owed debt paid,25,0,Attempts to collect debt not owed Debt is not yours,False statements or representation
10548740,1657,C_1657,2024-10-24,False statements or representation,Attempted to collect wrong amount,Tate And Kirlin Assoc,FL,34952,False statements or representation Attempted to collect wrong amount,false statements representation attempted collect wrong amount,27,5,False statements or representation Attempted to collect wrong amount,Improper use of your report
10221609,1658,C_1658,2024-09-23,Written notification about debt,Didn't receive enough information to verify debt,Protas Spivok Co,MD,20774,Written notification about debt Didn't receive enough information to verify debt,written notification debt didnt receive enough information verify debt,16,16,Written notification about debt Didn't receive enough information to verify debt,Trouble during payment process
9985945,1659,C_1659,2024-08-29,Written notification about debt,Didn't receive enough information to verify debt,Fresno Credit Bureau,CA,94706,Written notification about debt Didn't receive enough information to verify debt,written notification debt didnt receive enough information verify debt,16,16,Written notification about debt Didn't receive enough information to verify debt,Trouble during payment process
10429421,1660,C_1660,2024-10-11,Improper use of your report,Credit inquiries on your report that you don't recognize,Informative Research,TX,77047,Improper use of your report Credit inquiries on your report that you don't recognize,improper use report credit inquiries report dont recognize,7,12,Improper use of your report Credit inquiries on your report that you don't recognize,Trouble during payment process
10582215,1661,C_1661,2024-10-25,Improper use of your report,Credit inquiries on your report that you don't recognize,Lugano Capital Inc,FL,33319,Improper use of your report Credit inquiries on your report that you don't recognize,improper use report credit inquiries report dont recognize,7,12,Improper use of your report Credit inquiries on your report that you don't recognize,Trouble during payment process
10405464,1663,C_1663,2024-10-09,Attempts to collect debt not owed,Debt is not yours,The Co,NY,10001,Attempts to collect debt not owed Debt is not yours,attempts collect debt owed debt,5,10,Attempts to collect debt not owed Debt is not yours,Attempts to collect debt not owed
10583302,1664,C_1664,2024-10-25,Attempts to collect debt not owed,Debt was paid,Tromberg Morris  Parnters Pllc,NJ,08012,Attempts to collect debt not owed Debt was paid,attempts collect debt owed debt paid,25,0,Attempts to collect debt not owed Debt is not yours,False statements or representation
10507660,1667,C_1667,2024-10-18,Improper use of your report,Reporting company used your report improperly,Thrift Investment Co,NJ,07201,Improper use of your report Reporting company used your report improperly,improper use report reporting company used report improperly,0,11,Improper use of your report Reporting company used your report improperly,Struggling to pay mortgage
10553362,1668,C_1668,2024-10-23,Problem with a lender or other company charging your account,Transaction was not authorized,Advantagefirst Lending Inc,CA,90001,Problem with a lender or other company charging your account Transaction was not authorized,problem lender company charging account transaction authorized,3,0,Attempts to collect debt not owed Debt is not yours,False statements or representation
10485613,1670,C_1670,2024-10-17,Other transaction problem,,Paysend Us Llc,,,Other transaction problem ,transaction problem,3,6,Trouble during payment process Trying to communicate with the company to fix an issue while managing or servicing your loan,Attempts to collect debt not owed
10489026,1671,C_1671,2024-10-17,Communication tactics,Frequent or repeated calls,Mnet Financial Inc,CA,94114,Communication tactics Frequent or repeated calls,communication tactics frequent repeated calls,3,1,Attempts to collect debt not owed Debt was result of identity theft,Struggling to pay mortgage
10336579,1674,C_1674,2024-10-03,Didn't provide services promised,,Credible Labs Inc,VA,23229,Didn't provide services promised ,didnt provide services promised,3,0,Attempts to collect debt not owed Debt is not yours,False statements or representation
10491281,1675,C_1675,2024-10-17,Applying for a mortgage or refinancing an existing mortgage,Loan estimate or other related disclosures,Money Management International Inc,LA,71303,Applying for a mortgage or refinancing an existing mortgage Loan estimate or other related disclosures,applying mortgage refinancing existing mortgage loan estimate related disclosures,26,0,Attempts to collect debt not owed Debt is not yours,False statements or representation
10493964,1676,C_1676,2024-10-17,Trouble during payment process,Loan sold or transferred to another company,Kind Holdings Llc,TX,78613,Trouble during payment process Loan sold or transferred to another company,trouble payment process loan sold transferred another company,3,6,Trouble during payment process Trying to communicate with the company to fix an issue while managing or servicing your loan,Attempts to collect debt not owed
10320232,1677,C_1677,2024-10-02,Attempts to collect debt not owed,Debt was paid,Nationwide Credit Co,CA,93101,Attempts to collect debt not owed Debt was paid,attempts collect debt owed debt paid,25,0,Attempts to collect debt not owed Debt is not yours,False statements or representation
10439251,1679,C_1679,2024-10-13,Improper use of your report,Reporting company used your report improperly,Mullooly Jeffrey Rooney  Flynn,NJ,07522,Improper use of your report Reporting company used your report improperly,improper use report reporting company used report improperly,8,9,Improper use of your report Reporting company used your report improperly,Incorrect information on your report
10350311,1683,C_1683,2024-10-04,False statements or representation,Attempted to collect wrong amount,Nar Inc,WI,53222,False statements or representation Attempted to collect wrong amount,false statements representation attempted collect wrong amount,6,5,False statements or representation Attempted to collect wrong amount,Improper use of your report
10383858,1684,C_1684,2024-10-08,Attempts to collect debt not owed,Debt is not yours,American Adjustment Bureauinc,CT,06001,Attempts to collect debt not owed Debt is not yours,attempts collect debt owed debt,5,10,Attempts to collect debt not owed Debt is not yours,Attempts to collect debt not owed
10378099,1685,C_1685,2024-10-07,Problem with a company's investigation into an existing problem,Their investigation did not fix an error on your report,Happy Money Inc,NY,10467,Problem with a company's investigation into an existing problem Their investigation did not fix an error on your report,problem companys investigation existing problem investigation fix error report,4,4,Problem with a company's investigation into an existing problem Their investigation did not fix an error on your report,Trouble during payment process
10312203,1686,C_1686,2024-10-01,Trouble using your card,Can't use card to make purchases,Total Card Inc,CT,06001,Trouble using your card Can't use card to make purchases,trouble using card cant use card make purchases,3,6,Trouble during payment process Trying to communicate with the company to fix an issue while managing or servicing your loan,Attempts to collect debt not owed
10383271,1687,C_1687,2024-10-08,Repossession,Loan balance remaining after the vehicle is repossessed and sold,State Cap Auto Finance Inc,RI,02895,Repossession Loan balance remaining after the vehicle is repossessed and sold,repossession loan balance remaining vehicle repossessed sold,22,14,"Struggling to pay mortgage Trying to communicate with the company to fix an issue related to modification, forbearance, short sale, deed-in-lieu, bankruptcy, or foreclosure",Written notification about debt
10296307,1688,C_1688,2024-09-30,Threatened to contact someone or share information improperly,Talked to a third-party about your debt,Shermeta Law Group Pllc,MI,48457,Threatened to contact someone or share information improperly Talked to a third-party about your debt,threatened contact someone share information improperly talked thirdparty debt,19,15,Threatened to contact someone or share information improperly Talked to a third-party about your debt,Attempts to collect debt not owed
9539893,1689,C_1689,2024-07-17,Applying for a mortgage or refinancing an existing mortgage,Changes in loan terms during the application process,Southeast Mortgage Of Ga Inc,GA,30033,Applying for a mortgage or refinancing an existing mortgage Changes in loan terms during the application process,applying mortgage refinancing existing mortgage changes loan terms application process,2,0,Attempts to collect debt not owed Debt is not yours,False statements or representation
9698784,1691,C_1691,2024-08-03,Attempts to collect debt not owed,Debt was already discharged in bankruptcy and is no longer owed,Works  Lentz Of Tulsa Inc,OK,73001,Attempts to collect debt not owed Debt was already discharged in bankruptcy and is no longer owed,attempts collect debt owed debt already discharged bankruptcy longer owed,10,2,Took or threatened to take negative or legal action Threatened or suggested your credit would be damaged,Improper use of your report
10419252,1692,C_1692,2024-10-11,Electronic communications,Frequent or repeated messages,Glass Mountain Capital Llc,CA,90254,Electronic communications Frequent or repeated messages,electronic communications frequent repeated messages,3,2,Took or threatened to take negative or legal action Threatened or suggested your credit would be damaged,Improper use of your report
10332784,1693,C_1693,2024-10-03,Attempts to collect debt not owed,Debt is not yours,Midstate Co,IL,61820,Attempts to collect debt not owed Debt is not yours,attempts collect debt owed debt,5,10,Attempts to collect debt not owed Debt is not yours,Attempts to collect debt not owed
10503841,1694,C_1694,2024-10-18,Took or threatened to take negative or legal action,Threatened or suggested your credit would be damaged,Medicalcommercial Audit Inc,MO,63117,Took or threatened to take negative or legal action Threatened or suggested your credit would be damaged,took threatened take negative legal action threatened suggested credit would damaged,18,2,Took or threatened to take negative or legal action Threatened or suggested your credit would be damaged,Improper use of your report
10323137,1696,C_1696,2024-10-02,Written notification about debt,Didn't receive enough information to verify debt,Commercial Industries Services Co,KS,67846,Written notification about debt Didn't receive enough information to verify debt,written notification debt didnt receive enough information verify debt,16,16,Written notification about debt Didn't receive enough information to verify debt,Trouble during payment process
10403947,1697,C_1697,2024-10-09,Struggling to pay mortgage,Foreclosure,Weichert Financial Services,NJ,07522,Struggling to pay mortgage Foreclosure,struggling pay mortgage foreclosure,17,14,"Struggling to pay mortgage Trying to communicate with the company to fix an issue related to modification, forbearance, short sale, deed-in-lieu, bankruptcy, or foreclosure",Written notification about debt
10289494,1698,C_1698,2024-10-01,Unexpected or other fees,,B Inc,NC,28659,Unexpected or other fees ,unexpected fees,1,6,Trouble during payment process Trying to communicate with the company to fix an issue while managing or servicing your loan,Attempts to collect debt not owed
10325767,1699,C_1699,2024-10-02,Trouble during payment process,Payment process,Kentucky Housing Co,KY,40003,Trouble during payment process Payment process,trouble payment process payment process,3,6,Trouble during payment process Trying to communicate with the company to fix an issue while managing or servicing your loan,Attempts to collect debt not owed
10373056,1700,C_1700,2024-10-07,Attempts to collect debt not owed,Debt was paid,Scheer Green  Burke Lpa,LA,70001,Attempts to collect debt not owed Debt was paid,attempts collect debt owed debt paid,25,0,Attempts to collect debt not owed Debt is not yours,False statements or representation
10418022,1701,C_1701,2024-10-11,Dealing with your lender or servicer,Need information about your loan balance or loan terms,Brazos Higher Education Authority Inc,CA,91504,Dealing with your lender or servicer Need information about your loan balance or loan terms,dealing lender servicer need information loan balance loan terms,3,0,Attempts to collect debt not owed Debt is not yours,False statements or representation
10475450,1702,C_1702,2024-10-16,Incorrect information on your report,Old information reappears or never goes away,Cso Financial,OR,97478,Incorrect information on your report Old information reappears or never goes away,incorrect information report old information reappears never goes away,13,2,Took or threatened to take negative or legal action Threatened or suggested your credit would be damaged,Improper use of your report
10262508,1703,C_1703,2024-09-26,Dealing with your lender or servicer,Trouble with how payments are being handled,J  B Endeavors Llc,FL,33409,Dealing with your lender or servicer Trouble with how payments are being handled,dealing lender servicer trouble payments handled,3,0,Attempts to collect debt not owed Debt is not yours,False statements or representation
10419307,1704,C_1704,2024-10-11,Attempts to collect debt not owed,Debt is not yours,Collection Bureau Of America Ltd,TX,76179,Attempts to collect debt not owed Debt is not yours,attempts collect debt owed debt,23,0,Attempts to collect debt not owed Debt is not yours,False statements or representation
10470976,1705,C_1705,2024-10-17,Incorrect information on your report,Account information incorrect,Momnt Technologies Inc,GA,30127,Incorrect information on your report Account information incorrect,incorrect information report account information incorrect,13,2,Took or threatened to take negative or legal action Threatened or suggested your credit would be damaged,Improper use of your report
10512866,1706,C_1706,2024-10-19,Communication tactics,"You told them to stop contacting you, but they keep trying",Credit Bureau Services Association,NV,89147,"Communication tactics You told them to stop contacting you, but they keep trying",communication tactics told stop contacting keep trying,3,6,Trouble during payment process Trying to communicate with the company to fix an issue while managing or servicing your loan,Attempts to collect debt not owed
10257146,1709,C_1709,2024-09-26,False statements or representation,Attempted to collect wrong amount,Pinnacle Recovery Inc,CA,91752,False statements or representation Attempted to collect wrong amount,false statements representation attempted collect wrong amount,6,5,False statements or representation Attempted to collect wrong amount,Improper use of your report
10481100,1710,C_1710,2024-10-16,Applying for a mortgage or refinancing an existing mortgage,Trying to communicate with the company to fix an issue with the application process,Washington Trust Bank Financial Co,WA,99201,Applying for a mortgage or refinancing an existing mortgage Trying to communicate with the company to fix an issue with the application process,applying mortgage refinancing existing mortgage trying communicate company fix issue application process,3,0,Attempts to collect debt not owed Debt is not yours,False statements or representation
10343849,1711,C_1711,2024-10-05,Improper use of your report,Reporting company used your report improperly,San Diego Co,CA,92126,Improper use of your report Reporting company used your report improperly,improper use report reporting company used report improperly,8,9,Improper use of your report Reporting company used your report improperly,Incorrect information on your report
10479755,1712,C_1712,2024-10-16,Managing an account,Deposits and withdrawals,Golden  Credit Union The,CA,95209,Managing an account Deposits and withdrawals,managing account deposits withdrawals,3,6,Trouble during payment process Trying to communicate with the company to fix an issue while managing or servicing your loan,Attempts to collect debt not owed
10405378,1717,C_1717,2024-10-09,Managing an account,Banking errors,Atlantic Union Bankshares Co,VA,20148,Managing an account Banking errors,managing account banking errors,3,6,Trouble during payment process Trying to communicate with the company to fix an issue while managing or servicing your loan,Attempts to collect debt not owed
9743448,1718,C_1718,2024-08-08,Improper use of your report,Report provided to employer without your written authorization,Taproot Financial Llc,FL,33178,Improper use of your report Report provided to employer without your written authorization,improper use report report provided employer without written authorization,8,9,Improper use of your report Reporting company used your report improperly,Incorrect information on your report
10419511,1721,C_1721,2024-10-11,Attempts to collect debt not owed,Debt was result of identity theft,The B  F Co,OK,73114,Attempts to collect debt not owed Debt was result of identity theft,attempts collect debt owed debt result identity theft,15,1,Attempts to collect debt not owed Debt was result of identity theft,Struggling to pay mortgage
9841056,1722,C_1722,2024-08-18,Attempts to collect debt not owed,Debt is not yours,Midwest Credit Co,IL,60517,Attempts to collect debt not owed Debt is not yours,attempts collect debt owed debt,23,0,Attempts to collect debt not owed Debt is not yours,False statements or representation
9824105,1723,C_1723,2024-08-16,Problem with a company's investigation into an existing problem,Their investigation did not fix an error on your report,Uplift Inc,MO,64081,Problem with a company's investigation into an existing problem Their investigation did not fix an error on your report,problem companys investigation existing problem investigation fix error report,4,4,Problem with a company's investigation into an existing problem Their investigation did not fix an error on your report,Trouble during payment process
9797296,1725,C_1725,2024-08-14,Improper use of your report,Credit inquiries on your report that you don't recognize,Credit Bureau Of Co,KS,66002,Improper use of your report Credit inquiries on your report that you don't recognize,improper use report credit inquiries report dont recognize,24,12,Improper use of your report Credit inquiries on your report that you don't recognize,Trouble during payment process
10394397,1726,C_1726,2024-10-09,Written notification about debt,Didn't receive notice of right to dispute,Collection Bureau Of Fort Walton Beach Inc,NC,27834,Written notification about debt Didn't receive notice of right to dispute,written notification debt didnt receive notice right dispute,9,7,Written notification about debt Didn't receive notice of right to dispute,Improper use of your report
10380808,1727,C_1727,2024-10-09,Attempts to collect debt not owed,Debt is not yours,Kashable Llc,IN,46410,Attempts to collect debt not owed Debt is not yours,attempts collect debt owed debt,21,3,Attempts to collect debt not owed Debt was paid,Attempts to collect debt not owed
10527299,1728,C_1728,2024-10-21,Applying for a mortgage or refinancing an existing mortgage,Confusing or misleading advertising or marketing,Chrysalis Holdings Llc,ID,83201,Applying for a mortgage or refinancing an existing mortgage Confusing or misleading advertising or marketing,applying mortgage refinancing existing mortgage confusing misleading advertising marketing,3,6,Trouble during payment process Trying to communicate with the company to fix an issue while managing or servicing your loan,Attempts to collect debt not owed
10358136,1729,C_1729,2024-10-06,Problem with additional add-on products or services,,Perpay Inc,GA,30040,Problem with additional add-on products or services ,problem additional addon products services,3,0,Attempts to collect debt not owed Debt is not yours,False statements or representation
10447164,1730,C_1730,2024-10-14,Closing on a mortgage,Fees or costs after closing,Old Republic National Title Holding Co,IL,60069,Closing on a mortgage Fees or costs after closing,closing mortgage fees costs closing,2,0,Attempts to collect debt not owed Debt is not yours,False statements or representation
10491075,1731,C_1731,2024-10-17,Getting a line of credit,,Blue Front Financial Llc,CO,80220,Getting a line of credit ,getting line credit,3,6,Trouble during payment process Trying to communicate with the company to fix an issue while managing or servicing your loan,Attempts to collect debt not owed
10332697,1732,C_1732,2024-10-03,Communication tactics,Frequent or repeated calls,Thunderbird Co,AZ,85204,Communication tactics Frequent or repeated calls,communication tactics frequent repeated calls,3,1,Attempts to collect debt not owed Debt was result of identity theft,Struggling to pay mortgage
10440986,1733,C_1733,2024-10-13,Incorrect information on your report,Information belongs to someone else,Mcneil  Meyers Asset Management Group Llc,FL,32824,Incorrect information on your report Information belongs to someone else,incorrect information report information belongs someone else,12,13,Incorrect information on your report Information belongs to someone else,Incorrect information on your report
10415387,1734,C_1734,2024-10-10,Attempts to collect debt not owed,Debt was paid,Data Search Ny Inc,WI,53818,Attempts to collect debt not owed Debt was paid,attempts collect debt owed debt paid,25,0,Attempts to collect debt not owed Debt is not yours,False statements or representation
10334860,1736,C_1736,2024-10-03,Improper use of your report,Reporting company used your report improperly,Local Finance Llc,FL,32004,Improper use of your report Reporting company used your report improperly,improper use report reporting company used report improperly,0,11,Improper use of your report Reporting company used your report improperly,Struggling to pay mortgage
10403569,1737,C_1737,2024-10-09,Managing an account,Problem accessing account,Texas Capital Bancshares Inc,IL,60091,Managing an account Problem accessing account,managing account problem accessing account,3,6,Trouble during payment process Trying to communicate with the company to fix an issue while managing or servicing your loan,Attempts to collect debt not owed
10403949,1738,C_1738,2024-10-09,Improper use of your report,Reporting company used your report improperly,Lcs Financial Services Co,TX,77055,Improper use of your report Reporting company used your report improperly,improper use report reporting company used report improperly,0,11,Improper use of your report Reporting company used your report improperly,Struggling to pay mortgage
10589342,1740,C_1740,2024-10-26,Improper use of your report,Reporting company used your report improperly,Americas Carmart Inc,AR,72204,Improper use of your report Reporting company used your report improperly,improper use report reporting company used report improperly,0,11,Improper use of your report Reporting company used your report improperly,Struggling to pay mortgage
10420494,1741,C_1741,2024-10-11,Applying for a mortgage or refinancing an existing mortgage,Delays in the application process,Nvr Inc,NY,10303,Applying for a mortgage or refinancing an existing mortgage Delays in the application process,applying mortgage refinancing existing mortgage delays application process,2,0,Attempts to collect debt not owed Debt is not yours,False statements or representation
10239538,1743,C_1743,2024-09-24,Getting the loan,,Fulton Financial Co,PA,17111,Getting the loan ,getting loan,3,0,Attempts to collect debt not owed Debt is not yours,False statements or representation
10418893,1745,C_1745,2024-10-11,Written notification about debt,Didn't receive notice of right to dispute,Collections Usa Inc,SC,29210,Written notification about debt Didn't receive notice of right to dispute,written notification debt didnt receive notice right dispute,9,7,Written notification about debt Didn't receive notice of right to dispute,Improper use of your report
10286898,1746,C_1746,2024-09-28,Closing on a mortgage,Changes in loan terms during or after closing,Brightfunders Llc,GA,30328,Closing on a mortgage Changes in loan terms during or after closing,closing mortgage changes loan terms closing,2,0,Attempts to collect debt not owed Debt is not yours,False statements or representation
10398623,1749,C_1749,2024-10-09,Written notification about debt,Didn't receive enough information to verify debt,Community Reinvestment Fund,NC,27215,Written notification about debt Didn't receive enough information to verify debt,written notification debt didnt receive enough information verify debt,16,16,Written notification about debt Didn't receive enough information to verify debt,Trouble during payment process
10386168,1750,C_1750,2024-10-08,Struggling to pay mortgage,"Applying for or obtaining a modification, forbearance plan, short sale, or deed-in-lieu",Franklin Credit Management Co,CA,94066,"Struggling to pay mortgage Applying for or obtaining a modification, forbearance plan, short sale, or deed-in-lieu",struggling pay mortgage applying obtaining modification forbearance plan short sale deedinlieu,17,14,"Struggling to pay mortgage Trying to communicate with the company to fix an issue related to modification, forbearance, short sale, deed-in-lieu, bankruptcy, or foreclosure",Written notification about debt
9832327,1751,C_1751,2024-08-17,Problem caused by your funds being low,Non-sufficient funds and associated fees,De Lage Landen Finance Llc,SC,29483,Problem caused by your funds being low Non-sufficient funds and associated fees,problem caused funds low nonsufficient funds associated fees,2,0,Attempts to collect debt not owed Debt is not yours,False statements or representation
10216920,1752,C_1752,2024-09-24,Trouble using the card,Trouble using the card to spend money in a store or online,Payomatic,NY,10023,Trouble using the card Trouble using the card to spend money in a store or online,trouble using card trouble using card spend money store online,3,6,Trouble during payment process Trying to communicate with the company to fix an issue while managing or servicing your loan,Attempts to collect debt not owed
10538077,1753,C_1753,2024-10-22,Problem with a company's investigation into an existing problem,Investigation took more than 30 days,Heritage Financial Group Inc,IL,60619,Problem with a company's investigation into an existing problem Investigation took more than 30 days,problem companys investigation existing problem investigation took days,4,4,Problem with a company's investigation into an existing problem Their investigation did not fix an error on your report,Trouble during payment process
10519802,1755,C_1755,2024-10-22,Repossession,Account reinstatement or redemption after repossession,United Auto Acceptance,GA,30001,Repossession Account reinstatement or redemption after repossession,repossession account reinstatement redemption repossession,22,14,"Struggling to pay mortgage Trying to communicate with the company to fix an issue related to modification, forbearance, short sale, deed-in-lieu, bankruptcy, or foreclosure",Written notification about debt
9723909,1756,C_1756,2024-08-06,Written notification about debt,Didn't receive enough information to verify debt,Professional Credit Analysts Of Mn Inc,MN,55305,Written notification about debt Didn't receive enough information to verify debt,written notification debt didnt receive enough information verify debt,11,7,Written notification about debt Didn't receive notice of right to dispute,Improper use of your report
10149424,1757,C_1757,2024-09-17,Managing an account,Deposits and withdrawals,Deutsche Bank,PA,15001,Managing an account Deposits and withdrawals,managing account deposits withdrawals,3,6,Trouble during payment process Trying to communicate with the company to fix an issue while managing or servicing your loan,Attempts to collect debt not owed
10393276,1758,C_1758,2024-10-09,Attempts to collect debt not owed,Debt is not yours,Hancock Whitney Bank,WI,53503,Attempts to collect debt not owed Debt is not yours,attempts collect debt owed debt,21,3,Attempts to collect debt not owed Debt was paid,Attempts to collect debt not owed
10490812,1759,C_1759,2024-10-17,Incorrect information on your report,Public record information inaccurate,Southern Loans Inc,NC,28513,Incorrect information on your report Public record information inaccurate,incorrect information report public record information inaccurate,3,0,Attempts to collect debt not owed Debt is not yours,False statements or representation
10449596,1760,C_1760,2024-10-14,Communication tactics,Frequent or repeated calls,Professional Service Bureau,AZ,85212,Communication tactics Frequent or repeated calls,communication tactics frequent repeated calls,3,1,Attempts to collect debt not owed Debt was result of identity theft,Struggling to pay mortgage
10494148,1761,C_1761,2024-10-17,Incorrect information on your report,Public record information inaccurate,Time Investment Co,NC,28513,Incorrect information on your report Public record information inaccurate,incorrect information report public record information inaccurate,3,0,Attempts to collect debt not owed Debt is not yours,False statements or representation
10438433,1762,C_1762,2024-10-13,Communication tactics,"You told them to stop contacting you, but they keep trying",Courtesy Finance Llc,GA,30346,"Communication tactics You told them to stop contacting you, but they keep trying",communication tactics told stop contacting keep trying,3,6,Trouble during payment process Trying to communicate with the company to fix an issue while managing or servicing your loan,Attempts to collect debt not owed
10440474,1763,C_1763,2024-10-13,Attempts to collect debt not owed,Debt was paid,Delta Management Group Inc,MN,56301,Attempts to collect debt not owed Debt was paid,attempts collect debt owed debt paid,10,3,Attempts to collect debt not owed Debt was paid,Attempts to collect debt not owed
10395227,1764,C_1764,2024-10-09,Closing an account,Fees charged for closing account,East West Bank,GA,30080,Closing an account Fees charged for closing account,closing account fees charged closing account,2,0,Attempts to collect debt not owed Debt is not yours,False statements or representation
10463764,1765,C_1765,2024-10-15,False statements or representation,Attempted to collect wrong amount,Forest Recovery Services Llc,TX,77098,False statements or representation Attempted to collect wrong amount,false statements representation attempted collect wrong amount,27,5,False statements or representation Attempted to collect wrong amount,Improper use of your report
10472649,1766,C_1766,2024-10-16,Attempts to collect debt not owed,Debt was result of identity theft,Sarma,TX,77071,Attempts to collect debt not owed Debt was result of identity theft,attempts collect debt owed debt result identity theft,15,1,Attempts to collect debt not owed Debt was result of identity theft,Struggling to pay mortgage
9297496,1767,C_1767,2024-06-19,Communication tactics,"You told them to stop contacting you, but they keep trying",Contract Resolve Group Llc,CA,92505,"Communication tactics You told them to stop contacting you, but they keep trying",communication tactics told stop contacting keep trying,3,6,Trouble during payment process Trying to communicate with the company to fix an issue while managing or servicing your loan,Attempts to collect debt not owed
8673688,1769,C_1769,2024-04-01,Applying for a mortgage or refinancing an existing mortgage,Application denials,Consumer Real Estate Finance Co,PA,17901,Applying for a mortgage or refinancing an existing mortgage Application denials,applying mortgage refinancing existing mortgage application denials,2,0,Attempts to collect debt not owed Debt is not yours,False statements or representation
10360484,1771,C_1771,2024-10-05,Trouble during payment process,Payment process,Watermark Capital Inc,CA,91739,Trouble during payment process Payment process,trouble payment process payment process,3,6,Trouble during payment process Trying to communicate with the company to fix an issue while managing or servicing your loan,Attempts to collect debt not owed
10391564,1772,C_1772,2024-10-09,Improper use of your report,Reporting company used your report improperly,Collection Management Services Inc,MS,38671,Improper use of your report Reporting company used your report improperly,improper use report reporting company used report improperly,8,9,Improper use of your report Reporting company used your report improperly,Incorrect information on your report
10312764,1773,C_1773,2024-10-01,Attempts to collect debt not owed,Debt was already discharged in bankruptcy and is no longer owed,Superior Holdings Llc,OH,43701,Attempts to collect debt not owed Debt was already discharged in bankruptcy and is no longer owed,attempts collect debt owed debt already discharged bankruptcy longer owed,10,2,Took or threatened to take negative or legal action Threatened or suggested your credit would be damaged,Improper use of your report
10409986,1774,C_1774,2024-10-10,Attempts to collect debt not owed,Debt was result of identity theft,Seattle Service Bureau Inc,FL,33313,Attempts to collect debt not owed Debt was result of identity theft,attempts collect debt owed debt result identity theft,28,3,Attempts to collect debt not owed Debt was paid,Attempts to collect debt not owed
10451029,1775,C_1775,2024-10-14,Written notification about debt,Didn't receive enough information to verify debt,Phoenix Health Care Management Services Inc,GA,31410,Written notification about debt Didn't receive enough information to verify debt,written notification debt didnt receive enough information verify debt,16,16,Written notification about debt Didn't receive enough information to verify debt,Trouble during payment process
10471713,1776,C_1776,2024-10-17,False statements or representation,Attempted to collect wrong amount,Fma Alliance Ltd,NY,11374,False statements or representation Attempted to collect wrong amount,false statements representation attempted collect wrong amount,6,5,False statements or representation Attempted to collect wrong amount,Improper use of your report
10575866,1777,C_1777,2024-10-25,Took or threatened to take negative or legal action,Threatened or suggested your credit would be damaged,Renton Co,WA,98001,Took or threatened to take negative or legal action Threatened or suggested your credit would be damaged,took threatened take negative legal action threatened suggested credit would damaged,18,2,Took or threatened to take negative or legal action Threatened or suggested your credit would be damaged,Improper use of your report
9958927,1778,C_1778,2024-08-30,Managing an account,Problem using a debit or ATM card,Italbank International Inc,AZ,85258,Managing an account Problem using a debit or ATM card,managing account problem using debit atm card,1,6,Trouble during payment process Trying to communicate with the company to fix an issue while managing or servicing your loan,Attempts to collect debt not owed
10475349,1782,C_1782,2024-10-16,Threatened to contact someone or share information improperly,Contacted your employer,Global Trust Management Llc,UT,84003,Threatened to contact someone or share information improperly Contacted your employer,threatened contact someone share information improperly contacted employer,19,15,Threatened to contact someone or share information improperly Talked to a third-party about your debt,Attempts to collect debt not owed
10385260,1784,C_1784,2024-10-08,Incorrect information on your report,Public record information inaccurate,Hireright Solutions Inc,IL,61802,Incorrect information on your report Public record information inaccurate,incorrect information report public record information inaccurate,3,0,Attempts to collect debt not owed Debt is not yours,False statements or representation
10386334,1785,C_1785,2024-10-08,False statements or representation,Attempted to collect wrong amount,Cohn Goldberg  Deutschllc,MD,21085,False statements or representation Attempted to collect wrong amount,false statements representation attempted collect wrong amount,27,5,False statements or representation Attempted to collect wrong amount,Improper use of your report
9933519,1786,C_1786,2024-08-27,Closing on a mortgage,Trying to communicate with the company to fix an issue with the loan closing,American Financial Network Inc,FL,32004,Closing on a mortgage Trying to communicate with the company to fix an issue with the loan closing,closing mortgage trying communicate company fix issue loan closing,3,0,Attempts to collect debt not owed Debt is not yours,False statements or representation
9817383,1788,C_1788,2024-08-15,Took or threatened to take negative or legal action,Seized or attempted to seize your property,Adam I Skolnik Pa Dba Law Office Of Adam I Skolnik Pa,FL,33023,Took or threatened to take negative or legal action Seized or attempted to seize your property,took threatened take negative legal action seized attempted seize property,29,0,Attempts to collect debt not owed Debt is not yours,False statements or representation
10478477,1792,C_1792,2024-10-16,Repossession,Deficiency balance after repossession,Quality Acceptance Llc,NV,89015,Repossession Deficiency balance after repossession,repossession deficiency balance repossession,22,14,"Struggling to pay mortgage Trying to communicate with the company to fix an issue related to modification, forbearance, short sale, deed-in-lieu, bankruptcy, or foreclosure",Written notification about debt
9864241,1794,C_1794,2024-08-20,Attempts to collect debt not owed,Debt was already discharged in bankruptcy and is no longer owed,City Select Auto Sa,NJ,08105,Attempts to collect debt not owed Debt was already discharged in bankruptcy and is no longer owed,attempts collect debt owed debt already discharged bankruptcy longer owed,10,2,Took or threatened to take negative or legal action Threatened or suggested your credit would be damaged,Improper use of your report
10244525,1795,C_1795,2024-09-25,"Other features, terms, or problems",Other problem,Data And Co,PA,15401,"Other features, terms, or problems Other problem",features terms problems problem,25,0,Attempts to collect debt not owed Debt is not yours,False statements or representation
10228552,1796,C_1796,2024-09-24,Applying for a mortgage or refinancing an existing mortgage,Confusing or misleading advertising or marketing,Modern Mortgage Financial Llc,FL,33179,Applying for a mortgage or refinancing an existing mortgage Confusing or misleading advertising or marketing,applying mortgage refinancing existing mortgage confusing misleading advertising marketing,3,6,Trouble during payment process Trying to communicate with the company to fix an issue while managing or servicing your loan,Attempts to collect debt not owed
9367396,1797,C_1797,2024-06-24,Attempts to collect debt not owed,Debt was paid,Fedchex Recovery Llc,MD,20910,Attempts to collect debt not owed Debt was paid,attempts collect debt owed debt paid,10,3,Attempts to collect debt not owed Debt was paid,Attempts to collect debt not owed
10380686,1798,C_1798,2024-10-09,Attempts to collect debt not owed,Debt is not yours,National Account Systems Of Omaha Llc,TX,78738,Attempts to collect debt not owed Debt is not yours,attempts collect debt owed debt,5,10,Attempts to collect debt not owed Debt is not yours,Attempts to collect debt not owed
10130038,1799,C_1799,2024-09-15,Problem with fraud alerts or security freezes,,Choice Payment Services,NY,11369,Problem with fraud alerts or security freezes ,problem fraud alerts security freezes,3,0,Attempts to collect debt not owed Debt is not yours,False statements or representation
10130371,1800,C_1800,2024-09-15,Incorrect information on your report,Personal information incorrect,Palmar Inc,CA,90010,Incorrect information on your report Personal information incorrect,incorrect information report personal information incorrect,3,0,Attempts to collect debt not owed Debt is not yours,False statements or representation
10131837,1801,C_1801,2024-09-15,Fraud or scam,,Bitstamp Usa Inc,FL,34638,Fraud or scam ,fraud scam,3,0,Attempts to collect debt not owed Debt is not yours,False statements or representation
10074034,1804,C_1804,2024-09-10,Improper use of your report,Reporting company used your report improperly,Sbg Financial,CA,95682,Improper use of your report Reporting company used your report improperly,improper use report reporting company used report improperly,0,11,Improper use of your report Reporting company used your report improperly,Struggling to pay mortgage
10496914,1806,C_1806,2024-10-19,Attempts to collect debt not owed,Debt was result of identity theft,Valley Co,AZ,85259,Attempts to collect debt not owed Debt was result of identity theft,attempts collect debt owed debt result identity theft,15,1,Attempts to collect debt not owed Debt was result of identity theft,Struggling to pay mortgage
10386394,1807,C_1807,2024-10-08,Problem getting a card or closing an account,Trouble closing card,Dailypay Inc,TN,38116,Problem getting a card or closing an account Trouble closing card,problem getting card closing account trouble closing card,3,6,Trouble during payment process Trying to communicate with the company to fix an issue while managing or servicing your loan,Attempts to collect debt not owed
10363974,1809,C_1809,2024-10-06,Improper use of your report,Reporting company used your report improperly,Thunderroad Financial Llc,CA,90001,Improper use of your report Reporting company used your report improperly,improper use report reporting company used report improperly,8,9,Improper use of your report Reporting company used your report improperly,Incorrect information on your report
10183638,1811,C_1811,2024-09-20,Problem with additional add-on products or services,,Pay Later Group Inc,FL,32940,Problem with additional add-on products or services ,problem additional addon products services,3,0,Attempts to collect debt not owed Debt is not yours,False statements or representation
10326067,1812,C_1812,2024-10-02,Attempts to collect debt not owed,Debt was paid,Personal Cash Loans Of Sc Inc,GA,30341,Attempts to collect debt not owed Debt was paid,attempts collect debt owed debt paid,10,3,Attempts to collect debt not owed Debt was paid,Attempts to collect debt not owed
10379245,1813,C_1813,2024-10-08,Can't stop withdrawals from your bank account,,Line Financial Pbc,MI,48001,Can't stop withdrawals from your bank account ,cant stop withdrawals bank account,3,0,Attempts to collect debt not owed Debt is not yours,False statements or representation
10564801,1814,C_1814,2024-10-24,Attempts to collect debt not owed,Debt is not yours,Recovery Solutions Group Llc,GA,30034,Attempts to collect debt not owed Debt is not yours,attempts collect debt owed debt,5,10,Attempts to collect debt not owed Debt is not yours,Attempts to collect debt not owed
10534481,1815,C_1815,2024-10-23,Attempts to collect debt not owed,Debt is not yours,Maury Co,AZ,85001,Attempts to collect debt not owed Debt is not yours,attempts collect debt owed debt,5,10,Attempts to collect debt not owed Debt is not yours,Attempts to collect debt not owed
10545931,1816,C_1816,2024-10-24,Attempts to collect debt not owed,Debt is not yours,Meade  Associates Inc,MI,48205,Attempts to collect debt not owed Debt is not yours,attempts collect debt owed debt,20,8,Attempts to collect debt not owed Debt is not yours,Written notification about debt
10553924,1821,C_1821,2024-10-23,Incorrect information on your report,Account status incorrect,Dealer Finance Of Western Kentucky,TN,38018,Incorrect information on your report Account status incorrect,incorrect information report account status incorrect,26,2,Took or threatened to take negative or legal action Threatened or suggested your credit would be damaged,Improper use of your report
10550944,1822,C_1822,2024-10-23,Struggling to pay mortgage,"Trying to communicate with the company to fix an issue related to modification, forbearance, short sale, deed-in-lieu, bankruptcy, or foreclosure",Amos Financial Llc,GA,30001,"Struggling to pay mortgage Trying to communicate with the company to fix an issue related to modification, forbearance, short sale, deed-in-lieu, bankruptcy, or foreclosure",struggling pay mortgage trying communicate company fix issue related modification forbearance short sale deedinlieu bankruptcy foreclosure,17,14,"Struggling to pay mortgage Trying to communicate with the company to fix an issue related to modification, forbearance, short sale, deed-in-lieu, bankruptcy, or foreclosure",Written notification about debt
10487914,1827,C_1827,2024-10-17,Took or threatened to take negative or legal action,Threatened or suggested your credit would be damaged,Specialized Co,TX,77038,Took or threatened to take negative or legal action Threatened or suggested your credit would be damaged,took threatened take negative legal action threatened suggested credit would damaged,18,2,Took or threatened to take negative or legal action Threatened or suggested your credit would be damaged,Improper use of your report
9777973,1828,C_1828,2024-08-12,Written notification about debt,Didn't receive notice of right to dispute,Gulf Co,FL,34219,Written notification about debt Didn't receive notice of right to dispute,written notification debt didnt receive notice right dispute,9,7,Written notification about debt Didn't receive notice of right to dispute,Improper use of your report
9825968,1830,C_1830,2024-08-16,Communication tactics,"Used obscene, profane, or other abusive language",Southwest Mediation Service,CA,90631,"Communication tactics Used obscene, profane, or other abusive language",communication tactics used obscene profane abusive language,2,15,Threatened to contact someone or share information improperly Talked to a third-party about your debt,Attempts to collect debt not owed
9817729,1831,C_1831,2024-08-15,Attempts to collect debt not owed,Debt was result of identity theft,Ss Physician Services Inc,TX,77373,Attempts to collect debt not owed Debt was result of identity theft,attempts collect debt owed debt result identity theft,28,3,Attempts to collect debt not owed Debt was paid,Attempts to collect debt not owed
10403974,1832,C_1832,2024-10-09,False statements or representation,Indicated you were committing crime by not paying debt,Hollins  Mcvay Pa,KS,67212,False statements or representation Indicated you were committing crime by not paying debt,false statements representation indicated committing crime paying debt,3,0,Attempts to collect debt not owed Debt is not yours,False statements or representation
10447745,1833,C_1833,2024-10-14,Incorrect information on your report,Account status incorrect,Towne Mortgage Co,GA,30001,Incorrect information on your report Account status incorrect,incorrect information report account status incorrect,14,13,Incorrect information on your report Information belongs to someone else,Incorrect information on your report
10307031,1836,C_1836,2024-10-01,Problem with additional add-on products or services,,Sunnova Energy Co,NV,89130,Problem with additional add-on products or services ,problem additional addon products services,3,0,Attempts to collect debt not owed Debt is not yours,False statements or representation
10491574,1838,C_1838,2024-10-17,Took or threatened to take negative or legal action,Threatened or suggested your credit would be damaged,Capital Asset Recovery Inc,MI,49457,Took or threatened to take negative or legal action Threatened or suggested your credit would be damaged,took threatened take negative legal action threatened suggested credit would damaged,18,2,Took or threatened to take negative or legal action Threatened or suggested your credit would be damaged,Improper use of your report
10516331,1843,C_1843,2024-10-21,Incorrect information on your report,Account information incorrect,Pb Capital Group Llc,AR,72118,Incorrect information on your report Account information incorrect,incorrect information report account information incorrect,13,2,Took or threatened to take negative or legal action Threatened or suggested your credit would be damaged,Improper use of your report
10377993,1844,C_1844,2024-10-07,Problem with a company's investigation into an existing problem,Their investigation did not fix an error on your report,Simons Agency Inc,CT,06516,Problem with a company's investigation into an existing problem Their investigation did not fix an error on your report,problem companys investigation existing problem investigation fix error report,4,4,Problem with a company's investigation into an existing problem Their investigation did not fix an error on your report,Trouble during payment process
10510647,1845,C_1845,2024-10-19,Attempts to collect debt not owed,Debt was already discharged in bankruptcy and is no longer owed,R  B Co,VA,23464,Attempts to collect debt not owed Debt was already discharged in bankruptcy and is no longer owed,attempts collect debt owed debt already discharged bankruptcy longer owed,10,2,Took or threatened to take negative or legal action Threatened or suggested your credit would be damaged,Improper use of your report
10501753,1849,C_1849,2024-10-18,Attempts to collect debt not owed,Debt is not yours,Aaa Co,SD,57103,Attempts to collect debt not owed Debt is not yours,attempts collect debt owed debt,20,8,Attempts to collect debt not owed Debt is not yours,Written notification about debt
10112735,1851,C_1851,2024-09-13,Took or threatened to take negative or legal action,Threatened to sue you for very old debt,Jtm Capital Management Llc,IL,61109,Took or threatened to take negative or legal action Threatened to sue you for very old debt,took threatened take negative legal action threatened sue old debt,3,2,Took or threatened to take negative or legal action Threatened or suggested your credit would be damaged,Improper use of your report
10119641,1852,C_1852,2024-09-13,Money was taken from your bank account on the wrong day or for the wrong amount,,Om Financial Llc,MA,02648,Money was taken from your bank account on the wrong day or for the wrong amount ,money taken bank account wrong day wrong amount,2,0,Attempts to collect debt not owed Debt is not yours,False statements or representation
10110580,1853,C_1853,2024-09-13,Attempts to collect debt not owed,Debt was result of identity theft,Astra Business Services,TX,75159,Attempts to collect debt not owed Debt was result of identity theft,attempts collect debt owed debt result identity theft,15,1,Attempts to collect debt not owed Debt was result of identity theft,Struggling to pay mortgage
10488299,1854,C_1854,2024-10-17,False statements or representation,Attempted to collect wrong amount,Mscb Inc,AR,71601,False statements or representation Attempted to collect wrong amount,false statements representation attempted collect wrong amount,6,5,False statements or representation Attempted to collect wrong amount,Improper use of your report
10418856,1855,C_1855,2024-10-11,Took or threatened to take negative or legal action,Threatened or suggested your credit would be damaged,United Accounts Inc,ND,58103,Took or threatened to take negative or legal action Threatened or suggested your credit would be damaged,took threatened take negative legal action threatened suggested credit would damaged,18,2,Took or threatened to take negative or legal action Threatened or suggested your credit would be damaged,Improper use of your report
10489749,1858,C_1858,2024-10-17,Electronic communications,"You told them to stop contacting you, but they keep trying",Jms Associates Inc,FL,33166,"Electronic communications You told them to stop contacting you, but they keep trying",electronic communications told stop contacting keep trying,3,6,Trouble during payment process Trying to communicate with the company to fix an issue while managing or servicing your loan,Attempts to collect debt not owed
10401756,1860,C_1860,2024-10-09,Incorrect information on your report,Account information incorrect,Arivo Acceptance Llc,IN,46226,Incorrect information on your report Account information incorrect,incorrect information report account information incorrect,13,2,Took or threatened to take negative or legal action Threatened or suggested your credit would be damaged,Improper use of your report
10477808,1861,C_1861,2024-10-16,Repossession,Loan balance remaining after the vehicle is repossessed and sold,Park National Co,OH,43026,Repossession Loan balance remaining after the vehicle is repossessed and sold,repossession loan balance remaining vehicle repossessed sold,22,14,"Struggling to pay mortgage Trying to communicate with the company to fix an issue related to modification, forbearance, short sale, deed-in-lieu, bankruptcy, or foreclosure",Written notification about debt
10081887,1865,C_1865,2024-09-11,Attempts to collect debt not owed,Debt is not yours,Union Credit Co,GA,31763,Attempts to collect debt not owed Debt is not yours,attempts collect debt owed debt,5,10,Attempts to collect debt not owed Debt is not yours,Attempts to collect debt not owed
10363415,1867,C_1867,2024-10-06,Took or threatened to take negative or legal action,Sued you without properly notifying you of lawsuit,Vinci Law Office Llc,CO,80211,Took or threatened to take negative or legal action Sued you without properly notifying you of lawsuit,took threatened take negative legal action sued without properly notifying lawsuit,13,2,Took or threatened to take negative or legal action Threatened or suggested your credit would be damaged,Improper use of your report
10358736,1870,C_1870,2024-10-05,Incorrect information on your report,Account status incorrect,Lefkoff Rubin Gleason Russo  Williams Pc,GA,30329,Incorrect information on your report Account status incorrect,incorrect information report account status incorrect,26,2,Took or threatened to take negative or legal action Threatened or suggested your credit would be damaged,Improper use of your report
10468010,1871,C_1871,2024-10-16,Problems at the end of the loan or lease,Problem related to refinancing,Yield Solutions Group Llc,TX,77006,Problems at the end of the loan or lease Problem related to refinancing,problems end loan lease problem related refinancing,3,6,Trouble during payment process Trying to communicate with the company to fix an issue while managing or servicing your loan,Attempts to collect debt not owed
10162355,1873,C_1873,2024-09-18,Incorrect information on your report,Account status incorrect,Durrett Motor Co,TX,77049,Incorrect information on your report Account status incorrect,incorrect information report account status incorrect,26,2,Took or threatened to take negative or legal action Threatened or suggested your credit would be damaged,Improper use of your report
10098829,1875,C_1875,2024-09-12,Took or threatened to take negative or legal action,Threatened or suggested your credit would be damaged,Telerecovery Co,TX,75154,Took or threatened to take negative or legal action Threatened or suggested your credit would be damaged,took threatened take negative legal action threatened suggested credit would damaged,18,2,Took or threatened to take negative or legal action Threatened or suggested your credit would be damaged,Improper use of your report
10362428,1878,C_1878,2024-10-07,Improper use of your report,Reporting company used your report improperly,Granite Bay Acceptance Inc,IL,60046,Improper use of your report Reporting company used your report improperly,improper use report reporting company used report improperly,0,11,Improper use of your report Reporting company used your report improperly,Struggling to pay mortgage
10579403,1882,C_1882,2024-10-25,Problem with a company's investigation into an existing issue,Difficulty submitting a dispute or getting information about a dispute over the phone,Solera Llc,TX,75062,Problem with a company's investigation into an existing issue Difficulty submitting a dispute or getting information about a dispute over the phone,problem companys investigation existing issue difficulty submitting dispute getting information dispute phone,4,4,Problem with a company's investigation into an existing problem Their investigation did not fix an error on your report,Trouble during payment process
10363976,1883,C_1883,2024-10-06,Getting a loan or lease,Confusing or misleading advertising or marketing,Tag Intermediate Holding Co,TX,75211,Getting a loan or lease Confusing or misleading advertising or marketing,getting loan lease confusing misleading advertising marketing,3,6,Trouble during payment process Trying to communicate with the company to fix an issue while managing or servicing your loan,Attempts to collect debt not owed
10356717,1885,C_1885,2024-10-06,Charged fees or interest you didn't expect,,Tribal Lending Enterprise Inc,LA,70001,Charged fees or interest you didn't expect ,charged fees interest didnt expect,1,6,Trouble during payment process Trying to communicate with the company to fix an issue while managing or servicing your loan,Attempts to collect debt not owed
10401812,1887,C_1887,2024-10-09,Attempts to collect debt not owed,Debt is not yours,Receivables Management Co,SC,29001,Attempts to collect debt not owed Debt is not yours,attempts collect debt owed debt,23,0,Attempts to collect debt not owed Debt is not yours,False statements or representation
10402383,1888,C_1888,2024-10-09,Struggling to repay your loan,"Problem with forgiveness, cancellation, or discharge",Ascendium Education Group,OR,97202,"Struggling to repay your loan Problem with forgiveness, cancellation, or discharge",struggling repay loan problem forgiveness cancellation discharge,3,6,Trouble during payment process Trying to communicate with the company to fix an issue while managing or servicing your loan,Attempts to collect debt not owed
10311911,1889,C_1889,2024-10-01,Electronic communications,"You told them to stop contacting you, but they keep trying",Carmichael  Frost Llc,MO,63385,"Electronic communications You told them to stop contacting you, but they keep trying",electronic communications told stop contacting keep trying,3,6,Trouble during payment process Trying to communicate with the company to fix an issue while managing or servicing your loan,Attempts to collect debt not owed
10010041,1893,C_1893,2024-09-04,Written notification about debt,Didn't receive enough information to verify debt,Thunderbird Finance Management Lc,TX,78617,Written notification about debt Didn't receive enough information to verify debt,written notification debt didnt receive enough information verify debt,11,7,Written notification about debt Didn't receive notice of right to dispute,Improper use of your report
10189740,1897,C_1897,2024-09-20,Took or threatened to take negative or legal action,Threatened to sue you for very old debt,Kohn Law Firm Sc,WI,54313,Took or threatened to take negative or legal action Threatened to sue you for very old debt,took threatened take negative legal action threatened sue old debt,3,2,Took or threatened to take negative or legal action Threatened or suggested your credit would be damaged,Improper use of your report
10346028,1898,C_1898,2024-10-04,Threatened to contact someone or share information improperly,Contacted you after you asked them to stop,Lyons Doughty  Veldhuis Pc,OH,44105,Threatened to contact someone or share information improperly Contacted you after you asked them to stop,threatened contact someone share information improperly contacted asked stop,19,15,Threatened to contact someone or share information improperly Talked to a third-party about your debt,Attempts to collect debt not owed
10335691,1901,C_1901,2024-10-03,False statements or representation,Attempted to collect wrong amount,Arm Solutions Inc,CA,93306,False statements or representation Attempted to collect wrong amount,false statements representation attempted collect wrong amount,27,5,False statements or representation Attempted to collect wrong amount,Improper use of your report
10205623,1905,C_1905,2024-09-23,Took or threatened to take negative or legal action,Seized or attempted to seize your property,Thaddeus Bechtle Attorney At Law Lpc,NY,10002,Took or threatened to take negative or legal action Seized or attempted to seize your property,took threatened take negative legal action seized attempted seize property,29,0,Attempts to collect debt not owed Debt is not yours,False statements or representation
10522641,1910,C_1910,2024-10-21,Attempts to collect debt not owed,Debt was paid,Continental Credit Co,CA,93401,Attempts to collect debt not owed Debt was paid,attempts collect debt owed debt paid,10,0,Attempts to collect debt not owed Debt is not yours,False statements or representation
10473673,1911,C_1911,2024-10-16,Took or threatened to take negative or legal action,Threatened to sue you for very old debt,Tan Oak Financial,IN,47421,Took or threatened to take negative or legal action Threatened to sue you for very old debt,took threatened take negative legal action threatened sue old debt,13,2,Took or threatened to take negative or legal action Threatened or suggested your credit would be damaged,Improper use of your report
10473887,1912,C_1912,2024-10-16,Incorrect information on your report,Information belongs to someone else,Clark Co,NV,89108,Incorrect information on your report Information belongs to someone else,incorrect information report information belongs someone else,12,13,Incorrect information on your report Information belongs to someone else,Incorrect information on your report
10517302,1919,C_1919,2024-10-20,Attempts to collect debt not owed,Debt was paid,Loan Science Llc,CA,92570,Attempts to collect debt not owed Debt was paid,attempts collect debt owed debt paid,10,0,Attempts to collect debt not owed Debt is not yours,False statements or representation
10503231,1920,C_1920,2024-10-18,Written notification about debt,Didn't receive enough information to verify debt,Texas Guaranteed,TX,78542,Written notification about debt Didn't receive enough information to verify debt,written notification debt didnt receive enough information verify debt,16,16,Written notification about debt Didn't receive enough information to verify debt,Trouble during payment process
10440122,1921,C_1921,2024-10-12,Written notification about debt,Didn't receive enough information to verify debt,Collection Attorneys Usa Llc,MO,63043,Written notification about debt Didn't receive enough information to verify debt,written notification debt didnt receive enough information verify debt,16,16,Written notification about debt Didn't receive enough information to verify debt,Trouble during payment process
10456934,1926,C_1926,2024-10-15,Closing on a mortgage,Closing disclosure or other related disclosures,Intercontinental Exchange Inc,OH,45805,Closing on a mortgage Closing disclosure or other related disclosures,closing mortgage closing disclosure related disclosures,26,1,Attempts to collect debt not owed Debt was result of identity theft,Struggling to pay mortgage
10373309,1928,C_1928,2024-10-07,Repossession,Loan balance remaining after the vehicle is repossessed and sold,Barnhall Financial Services Inc,MS,38601,Repossession Loan balance remaining after the vehicle is repossessed and sold,repossession loan balance remaining vehicle repossessed sold,22,14,"Struggling to pay mortgage Trying to communicate with the company to fix an issue related to modification, forbearance, short sale, deed-in-lieu, bankruptcy, or foreclosure",Written notification about debt
10433042,1929,C_1929,2024-10-12,False statements or representation,Attempted to collect wrong amount,Lewis Mcdonnell  Associates,FL,32908,False statements or representation Attempted to collect wrong amount,false statements representation attempted collect wrong amount,27,5,False statements or representation Attempted to collect wrong amount,Improper use of your report
10384131,1931,C_1931,2024-10-08,Closing on a mortgage,Closing disclosure or other related disclosures,The Orange Co,CA,90001,Closing on a mortgage Closing disclosure or other related disclosures,closing mortgage closing disclosure related disclosures,26,1,Attempts to collect debt not owed Debt was result of identity theft,Struggling to pay mortgage
10392850,1932,C_1932,2024-10-09,Credit monitoring or identity theft protection services,Problem with product or service terms changing,Abc Loan Of Martinez Georgia Finco Holding Co,GA,30001,Credit monitoring or identity theft protection services Problem with product or service terms changing,credit monitoring identity theft protection services problem product service terms changing,8,9,Improper use of your report Reporting company used your report improperly,Incorrect information on your report
10288370,1933,C_1933,2024-09-27,Attempts to collect debt not owed,Debt was already discharged in bankruptcy and is no longer owed,South West Recovery Inc,FL,33579,Attempts to collect debt not owed Debt was already discharged in bankruptcy and is no longer owed,attempts collect debt owed debt already discharged bankruptcy longer owed,10,2,Took or threatened to take negative or legal action Threatened or suggested your credit would be damaged,Improper use of your report
10258496,1936,C_1936,2024-09-26,False statements or representation,Attempted to collect wrong amount,Ulrs Inc,FL,33196,False statements or representation Attempted to collect wrong amount,false statements representation attempted collect wrong amount,27,5,False statements or representation Attempted to collect wrong amount,Improper use of your report
10394431,1937,C_1937,2024-10-09,Improper use of your report,Reporting company used your report improperly,Unified Global Solutions Llc,DE,19702,Improper use of your report Reporting company used your report improperly,improper use report reporting company used report improperly,8,9,Improper use of your report Reporting company used your report improperly,Incorrect information on your report
10313965,1938,C_1938,2024-10-02,Fraud or scam,,Abra,,,Fraud or scam ,fraud scam,3,0,Attempts to collect debt not owed Debt is not yours,False statements or representation
10382672,1941,C_1941,2024-10-09,Took or threatened to take negative or legal action,Threatened to arrest you or take you to jail if you do not pay,Veteris Capital Llc,AL,35242,Took or threatened to take negative or legal action Threatened to arrest you or take you to jail if you do not pay,took threatened take negative legal action threatened arrest take jail pay,2,15,Threatened to contact someone or share information improperly Talked to a third-party about your debt,Attempts to collect debt not owed
10182435,1947,C_1947,2024-09-20,Improper use of your report,Reporting company used your report improperly,Total Auto Finance,DC,20011,Improper use of your report Reporting company used your report improperly,improper use report reporting company used report improperly,8,9,Improper use of your report Reporting company used your report improperly,Incorrect information on your report
10114097,1948,C_1948,2024-09-13,Didn't provide services promised,,The Law Firm Of Derek Williams Llc,FL,32004,Didn't provide services promised ,didnt provide services promised,3,0,Attempts to collect debt not owed Debt is not yours,False statements or representation
10322742,1951,C_1951,2024-10-02,Attempts to collect debt not owed,Debt is not yours,Dreamspring,TX,78222,Attempts to collect debt not owed Debt is not yours,attempts collect debt owed debt,23,0,Attempts to collect debt not owed Debt is not yours,False statements or representation
10324244,1959,C_1959,2024-10-02,Getting the loan,,Nexgen Proceed Llc,CA,90081,Getting the loan ,getting loan,3,0,Attempts to collect debt not owed Debt is not yours,False statements or representation
9330828,1962,C_1962,2024-06-26,Fraud or scam,,Placid Nk Co,TX,78023,Fraud or scam ,fraud scam,3,0,Attempts to collect debt not owed Debt is not yours,False statements or representation
10074894,1964,C_1964,2024-09-10,Attempts to collect debt not owed,Debt was result of identity theft,Kitch Acceptance Co,IN,46601,Attempts to collect debt not owed Debt was result of identity theft,attempts collect debt owed debt result identity theft,15,1,Attempts to collect debt not owed Debt was result of identity theft,Struggling to pay mortgage
10281364,1967,C_1967,2024-09-29,Took or threatened to take negative or legal action,Sued you without properly notifying you of lawsuit,Kaman  Cusimano Llc,OH,44060,Took or threatened to take negative or legal action Sued you without properly notifying you of lawsuit,took threatened take negative legal action sued without properly notifying lawsuit,13,2,Took or threatened to take negative or legal action Threatened or suggested your credit would be damaged,Improper use of your report
10326927,1971,C_1971,2024-10-02,Getting a line of credit,,Loan Simple Inc,GA,30080,Getting a line of credit ,getting line credit,3,6,Trouble during payment process Trying to communicate with the company to fix an issue while managing or servicing your loan,Attempts to collect debt not owed
27809,1972,C_1972,2012-03-05,Other,,Cit Bank National Association,FL,33407,Other ,,3,6,Trouble during payment process Trying to communicate with the company to fix an issue while managing or servicing your loan,Attempts to collect debt not owed
10354515,1974,C_1974,2024-10-05,Closing on a mortgage,Setting up an escrow account for taxes and insurance,Lakeview Lending Llc,CA,91344,Closing on a mortgage Setting up an escrow account for taxes and insurance,closing mortgage setting escrow account taxes insurance,3,0,Attempts to collect debt not owed Debt is not yours,False statements or representation
10521916,1977,C_1977,2024-10-21,False statements or representation,Attempted to collect wrong amount,American Co,TX,78233,False statements or representation Attempted to collect wrong amount,false statements representation attempted collect wrong amount,6,5,False statements or representation Attempted to collect wrong amount,Improper use of your report
10418966,1980,C_1980,2024-10-11,Can't stop withdrawals from your bank account,,Kashia Services,OH,44128,Can't stop withdrawals from your bank account ,cant stop withdrawals bank account,3,0,Attempts to collect debt not owed Debt is not yours,False statements or representation
845772,1981,C_1981,2014-05-09,Communication tactics,Frequent or repeated calls,Highland Financial Services Closed,KY,42450,Communication tactics Frequent or repeated calls,communication tactics frequent repeated calls,3,1,Attempts to collect debt not owed Debt was result of identity theft,Struggling to pay mortgage
10418868,1984,C_1984,2024-10-11,Attempts to collect debt not owed,Debt was result of identity theft,Money Services Inc,OK,73114,Attempts to collect debt not owed Debt was result of identity theft,attempts collect debt owed debt result identity theft,28,3,Attempts to collect debt not owed Debt was paid,Attempts to collect debt not owed
9425418,1987,C_1987,2024-07-04,Managing an account,Deposits and withdrawals,Arative Technologies Llc,,,Managing an account Deposits and withdrawals,managing account deposits withdrawals,3,6,Trouble during payment process Trying to communicate with the company to fix an issue while managing or servicing your loan,Attempts to collect debt not owed
10170564,1989,C_1989,2024-09-19,Problem with a company's investigation into an existing problem,Their investigation did not fix an error on your report,The Thomas Agency Inc,ME,03901,Problem with a company's investigation into an existing problem Their investigation did not fix an error on your report,problem companys investigation existing problem investigation fix error report,4,4,Problem with a company's investigation into an existing problem Their investigation did not fix an error on your report,Trouble during payment process
10170810,1990,C_1990,2024-09-19,Incorrect information on your report,Public record information inaccurate,March Motors Inc,AE,09001,Incorrect information on your report Public record information inaccurate,incorrect information report public record information inaccurate,3,0,Attempts to collect debt not owed Debt is not yours,False statements or representation
10176599,1992,C_1992,2024-09-19,Attempts to collect debt not owed,Debt is not yours,Augusta Co,GA,30909,Attempts to collect debt not owed Debt is not yours,attempts collect debt owed debt,20,8,Attempts to collect debt not owed Debt is not yours,Written notification about debt
10176390,1994,C_1994,2024-09-19,Incorrect information on your report,Account status incorrect,Lincoln Financial Services,CA,92113,Incorrect information on your report Account status incorrect,incorrect information report account status incorrect,26,2,Took or threatened to take negative or legal action Threatened or suggested your credit would be damaged,Improper use of your report
10173689,1998,C_1998,2024-09-19,Took or threatened to take negative or legal action,Seized or attempted to seize your property,Global Solution Biz Llc,FL,33809,Took or threatened to take negative or legal action Seized or attempted to seize your property,took threatened take negative legal action seized attempted seize property,29,0,Attempts to collect debt not owed Debt is not yours,False statements or representation
10196263,2000,C_2000,2024-09-19,Incorrect information on your report,Account information incorrect,Applied Business Services Inc,TX,77450,Incorrect information on your report Account information incorrect,incorrect information report account information incorrect,13,2,Took or threatened to take negative or legal action Threatened or suggested your credit would be damaged,Improper use of your report
10171027,2001,C_2001,2024-09-19,Problem with a company's investigation into an existing problem,Was not notified of investigation status or results,Sterling Credit Co,WI,53224,Problem with a company's investigation into an existing problem Was not notified of investigation status or results,problem companys investigation existing problem notified investigation status results,4,4,Problem with a company's investigation into an existing problem Their investigation did not fix an error on your report,Trouble during payment process
10192647,2002,C_2002,2024-09-19,Getting a loan or lease,Confusing or misleading advertising or marketing,Spec Hoffman Auto Sales Inc,CT,06051,Getting a loan or lease Confusing or misleading advertising or marketing,getting loan lease confusing misleading advertising marketing,3,6,Trouble during payment process Trying to communicate with the company to fix an issue while managing or servicing your loan,Attempts to collect debt not owed
10274731,2003,C_2003,2024-09-28,Improper use of your report,Reporting company used your report improperly,Kentucky Higher Education Assistance Authority,AL,36526,Improper use of your report Reporting company used your report improperly,improper use report reporting company used report improperly,8,9,Improper use of your report Reporting company used your report improperly,Incorrect information on your report
10280820,2004,C_2004,2024-09-29,Struggling to pay mortgage,"An existing modification, forbearance plan, short sale, or other loss mitigation relief",Union Home Mortgage Co,CO,80239,"Struggling to pay mortgage An existing modification, forbearance plan, short sale, or other loss mitigation relief",struggling pay mortgage existing modification forbearance plan short sale loss mitigation relief,17,14,"Struggling to pay mortgage Trying to communicate with the company to fix an issue related to modification, forbearance, short sale, deed-in-lieu, bankruptcy, or foreclosure",Written notification about debt
10248038,2005,C_2005,2024-09-25,Attempts to collect debt not owed,Debt was result of identity theft,States Recovery Systems Inc,CA,95757,Attempts to collect debt not owed Debt was result of identity theft,attempts collect debt owed debt result identity theft,28,3,Attempts to collect debt not owed Debt was paid,Attempts to collect debt not owed
10083054,2006,C_2006,2024-09-11,Incorrect information on your report,Information belongs to someone else,Global Asset Management Group Inc,MD,21215,Incorrect information on your report Information belongs to someone else,incorrect information report information belongs someone else,12,13,Incorrect information on your report Information belongs to someone else,Incorrect information on your report
10296468,2007,C_2007,2024-09-30,False statements or representation,Attempted to collect wrong amount,First National Co,MD,20707,False statements or representation Attempted to collect wrong amount,false statements representation attempted collect wrong amount,27,5,False statements or representation Attempted to collect wrong amount,Improper use of your report
10205412,2008,C_2008,2024-09-22,Attempts to collect debt not owed,Debt is not yours,Nelson Cruz  Associates Llc,MI,48001,Attempts to collect debt not owed Debt is not yours,attempts collect debt owed debt,20,8,Attempts to collect debt not owed Debt is not yours,Written notification about debt
9659912,2009,C_2009,2024-07-31,Incorrect information on your report,Information belongs to someone else,Kinum Inc,PA,19124,Incorrect information on your report Information belongs to someone else,incorrect information report information belongs someone else,12,13,Incorrect information on your report Information belongs to someone else,Incorrect information on your report
10455959,2010,C_2010,2024-10-16,Incorrect information on your report,Account status incorrect,Pennsylvania Housing Finance Ag,PA,18102,Incorrect information on your report Account status incorrect,incorrect information report account status incorrect,26,2,Took or threatened to take negative or legal action Threatened or suggested your credit would be damaged,Improper use of your report
10207958,2012,C_2012,2024-09-22,Improper use of your report,Reporting company used your report improperly,Out Tech Inc,PA,17111,Improper use of your report Reporting company used your report improperly,improper use report reporting company used report improperly,0,11,Improper use of your report Reporting company used your report improperly,Struggling to pay mortgage
10229461,2013,C_2013,2024-09-24,Charged upfront or unexpected fees,,Cardinal Branch,CA,92553,Charged upfront or unexpected fees ,charged upfront unexpected fees,3,6,Trouble during payment process Trying to communicate with the company to fix an issue while managing or servicing your loan,Attempts to collect debt not owed
10048353,2014,C_2014,2024-09-06,Attempts to collect debt not owed,Debt was already discharged in bankruptcy and is no longer owed,Altisource Portfolio Solutions S Rl,NV,89117,Attempts to collect debt not owed Debt was already discharged in bankruptcy and is no longer owed,attempts collect debt owed debt already discharged bankruptcy longer owed,10,2,Took or threatened to take negative or legal action Threatened or suggested your credit would be damaged,Improper use of your report
10134658,2015,C_2015,2024-09-16,Applying for a mortgage or refinancing an existing mortgage,Changes in loan terms during the application process,Lendgo Inc,GA,30024,Applying for a mortgage or refinancing an existing mortgage Changes in loan terms during the application process,applying mortgage refinancing existing mortgage changes loan terms application process,2,0,Attempts to collect debt not owed Debt is not yours,False statements or representation
10138561,2016,C_2016,2024-09-16,False statements or representation,Attempted to collect wrong amount,Scott Kroner Plc,VA,20136,False statements or representation Attempted to collect wrong amount,false statements representation attempted collect wrong amount,6,5,False statements or representation Attempted to collect wrong amount,Improper use of your report
10142314,2019,C_2019,2024-09-16,Improper use of your report,Reporting company used your report improperly,Rushmore Service Center Llc,FL,33570,Improper use of your report Reporting company used your report improperly,improper use report reporting company used report improperly,8,9,Improper use of your report Reporting company used your report improperly,Incorrect information on your report
10208358,2020,C_2020,2024-09-22,Incorrect information on your report,Information belongs to someone else,Houstonian Mortgage Group Inc,AL,36345,Incorrect information on your report Information belongs to someone else,incorrect information report information belongs someone else,12,13,Incorrect information on your report Information belongs to someone else,Incorrect information on your report
10490408,2021,C_2021,2024-10-17,False statements or representation,Attempted to collect wrong amount,Collection Receivables Inc,GA,31602,False statements or representation Attempted to collect wrong amount,false statements representation attempted collect wrong amount,6,5,False statements or representation Attempted to collect wrong amount,Improper use of your report
10224057,2022,C_2022,2024-09-24,False statements or representation,Attempted to collect wrong amount,First Advantage Lns Inc,PA,18974,False statements or representation Attempted to collect wrong amount,false statements representation attempted collect wrong amount,27,5,False statements or representation Attempted to collect wrong amount,Improper use of your report
10149533,2023,C_2023,2024-09-17,False statements or representation,Attempted to collect wrong amount,Revenue Assistance Co,OH,43001,False statements or representation Attempted to collect wrong amount,false statements representation attempted collect wrong amount,27,5,False statements or representation Attempted to collect wrong amount,Improper use of your report
10145329,2025,C_2025,2024-09-17,Communication tactics,"Used obscene, profane, or other abusive language",Credit Service Co,WV,25404,"Communication tactics Used obscene, profane, or other abusive language",communication tactics used obscene profane abusive language,2,15,Threatened to contact someone or share information improperly Talked to a third-party about your debt,Attempts to collect debt not owed
10149609,2026,C_2026,2024-09-17,Applying for a mortgage or refinancing an existing mortgage,Loan estimate or other related disclosures,Intercontinental Capital Group,MD,21403,Applying for a mortgage or refinancing an existing mortgage Loan estimate or other related disclosures,applying mortgage refinancing existing mortgage loan estimate related disclosures,26,0,Attempts to collect debt not owed Debt is not yours,False statements or representation
10151705,2027,C_2027,2024-09-17,Problem with a company's investigation into an existing issue,Problem with personal statement of dispute,American Family Funding Group Inc,MO,63033,Problem with a company's investigation into an existing issue Problem with personal statement of dispute,problem companys investigation existing issue problem personal statement dispute,4,4,Problem with a company's investigation into an existing problem Their investigation did not fix an error on your report,Trouble during payment process
10152154,2028,C_2028,2024-09-17,Attempts to collect debt not owed,Debt is not yours,Alchro Inc,SC,29693,Attempts to collect debt not owed Debt is not yours,attempts collect debt owed debt,20,8,Attempts to collect debt not owed Debt is not yours,Written notification about debt
10050448,2029,C_2029,2024-09-07,Can't contact lender or servicer,,Motolease Llc,CA,90303,Can't contact lender or servicer ,cant contact lender servicer,3,0,Attempts to collect debt not owed Debt is not yours,False statements or representation
10096270,2031,C_2031,2024-09-12,Managing the loan or lease,Problem with the interest rate,Drivenow Leasing Llc,KS,66002,Managing the loan or lease Problem with the interest rate,managing loan lease problem interest rate,3,6,Trouble during payment process Trying to communicate with the company to fix an issue while managing or servicing your loan,Attempts to collect debt not owed
10299764,2032,C_2032,2024-09-30,Problem with a company's investigation into an existing problem,Their investigation did not fix an error on your report,New Century Auto Sales Inc,IL,60471,Problem with a company's investigation into an existing problem Their investigation did not fix an error on your report,problem companys investigation existing problem investigation fix error report,4,4,Problem with a company's investigation into an existing problem Their investigation did not fix an error on your report,Trouble during payment process
10147856,2033,C_2033,2024-09-17,Took or threatened to take negative or legal action,Seized or attempted to seize your property,Powerhouse Solutions Inc,NY,10001,Took or threatened to take negative or legal action Seized or attempted to seize your property,took threatened take negative legal action seized attempted seize property,29,0,Attempts to collect debt not owed Debt is not yours,False statements or representation
10471905,2037,C_2037,2024-10-16,Written notification about debt,Didn't receive notice of right to dispute,Pathfinder Credit Services,GA,30363,Written notification about debt Didn't receive notice of right to dispute,written notification debt didnt receive notice right dispute,9,7,Written notification about debt Didn't receive notice of right to dispute,Improper use of your report
10339167,2038,C_2038,2024-10-03,Trouble during payment process,Loan sold or transferred to another company,Valon Technologies Inc,FL,34953,Trouble during payment process Loan sold or transferred to another company,trouble payment process loan sold transferred another company,3,6,Trouble during payment process Trying to communicate with the company to fix an issue while managing or servicing your loan,Attempts to collect debt not owed
10376841,2039,C_2039,2024-10-07,Improper use of your report,Reporting company used your report improperly,New City Funding Co,MA,02128,Improper use of your report Reporting company used your report improperly,improper use report reporting company used report improperly,0,11,Improper use of your report Reporting company used your report improperly,Struggling to pay mortgage
10163342,2042,C_2042,2024-09-18,Other transaction problem,,Magnus Title Agency Llc,,,Other transaction problem ,transaction problem,3,6,Trouble during payment process Trying to communicate with the company to fix an issue while managing or servicing your loan,Attempts to collect debt not owed
10232864,2044,C_2044,2024-09-25,Repossession,Company communicating payment assistance or payment extension options,Auto Now Financial Services Inc,AZ,85043,Repossession Company communicating payment assistance or payment extension options,repossession company communicating payment assistance payment extension options,22,14,"Struggling to pay mortgage Trying to communicate with the company to fix an issue related to modification, forbearance, short sale, deed-in-lieu, bankruptcy, or foreclosure",Written notification about debt
10113388,2046,C_2046,2024-09-13,Confusing or misleading advertising or marketing,,Novation Inheritance Llc,GA,30342,Confusing or misleading advertising or marketing ,confusing misleading advertising marketing,3,6,Trouble during payment process Trying to communicate with the company to fix an issue while managing or servicing your loan,Attempts to collect debt not owed
10199932,2047,C_2047,2024-09-21,Incorrect information on your report,Information belongs to someone else,Risecredit Llc,TX,77459,Incorrect information on your report Information belongs to someone else,incorrect information report information belongs someone else,12,13,Incorrect information on your report Information belongs to someone else,Incorrect information on your report
10135767,2048,C_2048,2024-09-16,False statements or representation,"Impersonated attorney, law enforcement, or government official",Receivable Solutions Llc,SC,29001,"False statements or representation Impersonated attorney, law enforcement, or government official",false statements representation impersonated attorney law enforcement government official,3,0,Attempts to collect debt not owed Debt is not yours,False statements or representation
9949869,2049,C_2049,2024-08-28,Problem with customer service,,Biorn Co,MN,55901,Problem with customer service ,problem customer service,3,0,Attempts to collect debt not owed Debt is not yours,False statements or representation
10321454,2050,C_2050,2024-10-02,Written notification about debt,Didn't receive enough information to verify debt,Zwicker  Associates,FL,34744,Written notification about debt Didn't receive enough information to verify debt,written notification debt didnt receive enough information verify debt,16,16,Written notification about debt Didn't receive enough information to verify debt,Trouble during payment process
10421588,2051,C_2051,2024-10-11,Took or threatened to take negative or legal action,Threatened to sue you for very old debt,Business  Professional Co,PA,15001,Took or threatened to take negative or legal action Threatened to sue you for very old debt,took threatened take negative legal action threatened sue old debt,13,2,Took or threatened to take negative or legal action Threatened or suggested your credit would be damaged,Improper use of your report
10476448,2052,C_2052,2024-10-16,Attempts to collect debt not owed,Debt was result of identity theft,Credit Co,GA,30215,Attempts to collect debt not owed Debt was result of identity theft,attempts collect debt owed debt result identity theft,28,3,Attempts to collect debt not owed Debt was paid,Attempts to collect debt not owed
10287906,2053,C_2053,2024-09-28,Attempts to collect debt not owed,Debt was result of identity theft,Financial Credit Network Inc,CA,93101,Attempts to collect debt not owed Debt was result of identity theft,attempts collect debt owed debt result identity theft,28,3,Attempts to collect debt not owed Debt was paid,Attempts to collect debt not owed
10437535,2054,C_2054,2024-10-13,Attempts to collect debt not owed,Debt is not yours,Todd Bremer  Lawson Inc,TX,76063,Attempts to collect debt not owed Debt is not yours,attempts collect debt owed debt,21,3,Attempts to collect debt not owed Debt was paid,Attempts to collect debt not owed
10286340,2056,C_2056,2024-09-27,Loan payment wasn't credited to your account,,Select Management Resources Llc,VA,24060,Loan payment wasn't credited to your account ,loan payment wasnt credited account,3,6,Trouble during payment process Trying to communicate with the company to fix an issue while managing or servicing your loan,Attempts to collect debt not owed
10382653,2057,C_2057,2024-10-08,Improper use of your report,Reporting company used your report improperly,Collection Associates Ltd,GA,30281,Improper use of your report Reporting company used your report improperly,improper use report reporting company used report improperly,0,11,Improper use of your report Reporting company used your report improperly,Struggling to pay mortgage
10417886,2058,C_2058,2024-10-11,Didn't provide services promised,,United Funding Logistics Llc,PA,16602,Didn't provide services promised ,didnt provide services promised,3,0,Attempts to collect debt not owed Debt is not yours,False statements or representation
10148275,2059,C_2059,2024-09-17,Opening an account,Account opened without my consent or knowledge,Pinnacle Financial Partners Inc,PA,19115,Opening an account Account opened without my consent or knowledge,opening account account opened without consent knowledge,3,6,Trouble during payment process Trying to communicate with the company to fix an issue while managing or servicing your loan,Attempts to collect debt not owed
10365238,2061,C_2061,2024-10-06,False statements or representation,Attempted to collect wrong amount,Account Co,CA,94546,False statements or representation Attempted to collect wrong amount,false statements representation attempted collect wrong amount,27,5,False statements or representation Attempted to collect wrong amount,Improper use of your report
10367331,2062,C_2062,2024-10-08,Managing an account,Banking errors,Pacific Premier Bancorp Inc,CA,92078,Managing an account Banking errors,managing account banking errors,3,6,Trouble during payment process Trying to communicate with the company to fix an issue while managing or servicing your loan,Attempts to collect debt not owed
10361138,2064,C_2064,2024-10-06,Improper use of your report,Reporting company used your report improperly,Oceanside Mortgage Co,AR,71602,Improper use of your report Reporting company used your report improperly,improper use report reporting company used report improperly,8,9,Improper use of your report Reporting company used your report improperly,Incorrect information on your report
10279480,2065,C_2065,2024-09-30,False statements or representation,Attempted to collect wrong amount,Couch Lambert Llc,MS,38637,False statements or representation Attempted to collect wrong amount,false statements representation attempted collect wrong amount,6,5,False statements or representation Attempted to collect wrong amount,Improper use of your report
10069348,2067,C_2067,2024-09-10,False statements or representation,Attempted to collect wrong amount,Legal Action Bureau Inc,FL,33897,False statements or representation Attempted to collect wrong amount,false statements representation attempted collect wrong amount,6,5,False statements or representation Attempted to collect wrong amount,Improper use of your report
10460515,2068,C_2068,2024-10-15,Electronic communications,Frequent or repeated messages,Partners Financial Services Inc,CA,90046,Electronic communications Frequent or repeated messages,electronic communications frequent repeated messages,3,2,Took or threatened to take negative or legal action Threatened or suggested your credit would be damaged,Improper use of your report
10411898,2070,C_2070,2024-10-10,Managing an account,Funds not handled or disbursed as instructed,First Interstate Bancsystem Inc,NE,68107,Managing an account Funds not handled or disbursed as instructed,managing account funds handled disbursed instructed,3,6,Trouble during payment process Trying to communicate with the company to fix an issue while managing or servicing your loan,Attempts to collect debt not owed
10413034,2072,C_2072,2024-10-10,Attempts to collect debt not owed,Debt is not yours,Elite Recovery Group Llc,CO,80204,Attempts to collect debt not owed Debt is not yours,attempts collect debt owed debt,21,3,Attempts to collect debt not owed Debt was paid,Attempts to collect debt not owed
10447578,2074,C_2074,2024-10-14,Dealing with your lender or servicer,Received bad information about your loan,Ecmc Group Inc,PA,18015,Dealing with your lender or servicer Received bad information about your loan,dealing lender servicer received bad information loan,3,0,Attempts to collect debt not owed Debt is not yours,False statements or representation
10307812,2076,C_2076,2024-10-01,Threatened to contact someone or share information improperly,Talked to a third-party about your debt,Revnow Llc,SC,29579,Threatened to contact someone or share information improperly Talked to a third-party about your debt,threatened contact someone share information improperly talked thirdparty debt,19,15,Threatened to contact someone or share information improperly Talked to a third-party about your debt,Attempts to collect debt not owed
10344944,2077,C_2077,2024-10-04,Attempts to collect debt not owed,Debt is not yours,Hollis Co,AL,35802,Attempts to collect debt not owed Debt is not yours,attempts collect debt owed debt,20,8,Attempts to collect debt not owed Debt is not yours,Written notification about debt
10296955,2080,C_2080,2024-09-30,Problem with a company's investigation into an existing problem,Problem with personal statement of dispute,Alabama Housing Finance Authority,AR,72715,Problem with a company's investigation into an existing problem Problem with personal statement of dispute,problem companys investigation existing problem problem personal statement dispute,4,4,Problem with a company's investigation into an existing problem Their investigation did not fix an error on your report,Trouble during payment process
10296513,2081,C_2081,2024-09-30,Charged fees or interest you didn't expect,,Makes Cents Inc,MO,63042,Charged fees or interest you didn't expect ,charged fees interest didnt expect,1,6,Trouble during payment process Trying to communicate with the company to fix an issue while managing or servicing your loan,Attempts to collect debt not owed
10381668,2083,C_2083,2024-10-08,Electronic communications,"You told them to stop contacting you, but they keep trying",Moiharwin Diverisfied Co,NV,89014,"Electronic communications You told them to stop contacting you, but they keep trying",electronic communications told stop contacting keep trying,3,6,Trouble during payment process Trying to communicate with the company to fix an issue while managing or servicing your loan,Attempts to collect debt not owed
10383412,2084,C_2084,2024-10-08,Problem with a company's investigation into an existing problem,Their investigation did not fix an error on your report,Braviant Holdings Llc,MO,63031,Problem with a company's investigation into an existing problem Their investigation did not fix an error on your report,problem companys investigation existing problem investigation fix error report,4,4,Problem with a company's investigation into an existing problem Their investigation did not fix an error on your report,Trouble during payment process
10390654,2087,C_2087,2024-10-08,Took or threatened to take negative or legal action,Threatened or suggested your credit would be damaged,Apple Financial Holdings Inc,NY,10930,Took or threatened to take negative or legal action Threatened or suggested your credit would be damaged,took threatened take negative legal action threatened suggested credit would damaged,18,2,Took or threatened to take negative or legal action Threatened or suggested your credit would be damaged,Improper use of your report
10325132,2088,C_2088,2024-10-02,Opening an account,Didn't receive terms that were advertised,Alcar Inc,CT,06117,Opening an account Didn't receive terms that were advertised,opening account didnt receive terms advertised,3,6,Trouble during payment process Trying to communicate with the company to fix an issue while managing or servicing your loan,Attempts to collect debt not owed
10324208,2089,C_2089,2024-10-02,Problem with a lender or other company charging your account,Transaction was not authorized,Heartland Financial Usa Inc,TX,75205,Problem with a lender or other company charging your account Transaction was not authorized,problem lender company charging account transaction authorized,3,0,Attempts to collect debt not owed Debt is not yours,False statements or representation
10345979,2090,C_2090,2024-10-04,Improper use of your report,Reporting company used your report improperly,Scott Fetzer Financial Group Inc,TN,38016,Improper use of your report Reporting company used your report improperly,improper use report reporting company used report improperly,8,9,Improper use of your report Reporting company used your report improperly,Incorrect information on your report
10260797,2091,C_2091,2024-09-26,Incorrect information on your report,Information belongs to someone else,C B Merchant Services,FL,33185,Incorrect information on your report Information belongs to someone else,incorrect information report information belongs someone else,12,13,Incorrect information on your report Information belongs to someone else,Incorrect information on your report
10159801,2092,C_2092,2024-09-18,False statements or representation,"Impersonated attorney, law enforcement, or government official",Roc Asset Solutions Llc,NJ,07001,"False statements or representation Impersonated attorney, law enforcement, or government official",false statements representation impersonated attorney law enforcement government official,3,0,Attempts to collect debt not owed Debt is not yours,False statements or representation
10123206,2095,C_2095,2024-09-14,Getting a loan or lease,Confusing or misleading advertising or marketing,Cooley Enterprises Inc,TX,75077,Getting a loan or lease Confusing or misleading advertising or marketing,getting loan lease confusing misleading advertising marketing,3,6,Trouble during payment process Trying to communicate with the company to fix an issue while managing or servicing your loan,Attempts to collect debt not owed
10324953,2096,C_2096,2024-10-02,Applying for a mortgage or refinancing an existing mortgage,Confusing or misleading advertising or marketing,Mortgage One Funding Llc,KS,66208,Applying for a mortgage or refinancing an existing mortgage Confusing or misleading advertising or marketing,applying mortgage refinancing existing mortgage confusing misleading advertising marketing,3,6,Trouble during payment process Trying to communicate with the company to fix an issue while managing or servicing your loan,Attempts to collect debt not owed
10159505,2100,C_2100,2024-09-18,Threatened to contact someone or share information improperly,Contacted your employer,Estate Information Services Llc,NV,89108,Threatened to contact someone or share information improperly Contacted your employer,threatened contact someone share information improperly contacted employer,19,15,Threatened to contact someone or share information improperly Talked to a third-party about your debt,Attempts to collect debt not owed
10259994,2101,C_2101,2024-09-26,False statements or representation,"Impersonated attorney, law enforcement, or government official",Bernhardt And Strawser Pa,NC,27006,"False statements or representation Impersonated attorney, law enforcement, or government official",false statements representation impersonated attorney law enforcement government official,3,0,Attempts to collect debt not owed Debt is not yours,False statements or representation
10160914,2103,C_2103,2024-09-18,Trouble during payment process,Loan sold or transferred to another company,Ocmbc Inc,MO,64064,Trouble during payment process Loan sold or transferred to another company,trouble payment process loan sold transferred another company,3,6,Trouble during payment process Trying to communicate with the company to fix an issue while managing or servicing your loan,Attempts to collect debt not owed
10272693,2105,C_2105,2024-09-27,Struggling to pay mortgage,Foreclosure,Longbridge Financial Llc,FL,33018,Struggling to pay mortgage Foreclosure,struggling pay mortgage foreclosure,17,14,"Struggling to pay mortgage Trying to communicate with the company to fix an issue related to modification, forbearance, short sale, deed-in-lieu, bankruptcy, or foreclosure",Written notification about debt
10376923,2106,C_2106,2024-10-07,Written notification about debt,Didn't receive notice of right to dispute,All Debt Solutions Inc,NJ,07047,Written notification about debt Didn't receive notice of right to dispute,written notification debt didnt receive notice right dispute,9,7,Written notification about debt Didn't receive notice of right to dispute,Improper use of your report
10175337,2107,C_2107,2024-09-18,Managing an account,Deposits and withdrawals,Fidelity Capital Holdings Inc,CA,92122,Managing an account Deposits and withdrawals,managing account deposits withdrawals,3,6,Trouble during payment process Trying to communicate with the company to fix an issue while managing or servicing your loan,Attempts to collect debt not owed
10234289,2108,C_2108,2024-09-26,Trouble during payment process,Payment process,Churchill Holdings Inc,CA,92584,Trouble during payment process Payment process,trouble payment process payment process,3,6,Trouble during payment process Trying to communicate with the company to fix an issue while managing or servicing your loan,Attempts to collect debt not owed
10206957,2109,C_2109,2024-09-22,Applying for a mortgage or refinancing an existing mortgage,Confusing or misleading advertising or marketing,Acranet Inc,MS,39157,Applying for a mortgage or refinancing an existing mortgage Confusing or misleading advertising or marketing,applying mortgage refinancing existing mortgage confusing misleading advertising marketing,3,6,Trouble during payment process Trying to communicate with the company to fix an issue while managing or servicing your loan,Attempts to collect debt not owed
10269665,2112,C_2112,2024-09-27,Written notification about debt,Didn't receive enough information to verify debt,Hauge Associates Inc,IA,50001,Written notification about debt Didn't receive enough information to verify debt,written notification debt didnt receive enough information verify debt,16,16,Written notification about debt Didn't receive enough information to verify debt,Trouble during payment process
10269681,2114,C_2114,2024-09-27,Incorrect information on your report,Information is missing that should be on the report,Worth Finance Co,TX,78254,Incorrect information on your report Information is missing that should be on the report,incorrect information report information missing report,12,13,Incorrect information on your report Information belongs to someone else,Incorrect information on your report
10139132,2117,C_2117,2024-09-16,Improper use of your report,Reporting company used your report improperly,Federated Student Loan Services,GA,30252,Improper use of your report Reporting company used your report improperly,improper use report reporting company used report improperly,0,11,Improper use of your report Reporting company used your report improperly,Struggling to pay mortgage
10244198,2118,C_2118,2024-09-19,Closing on a mortgage,Closing disclosure or other related disclosures,Pace Funding Group Llc,FL,34711,Closing on a mortgage Closing disclosure or other related disclosures,closing mortgage closing disclosure related disclosures,26,1,Attempts to collect debt not owed Debt was result of identity theft,Struggling to pay mortgage
10321146,2119,C_2119,2024-10-02,Communication tactics,"Used obscene, profane, or other abusive language",Smith Debnam Narron Drake Sa,NC,27616,"Communication tactics Used obscene, profane, or other abusive language",communication tactics used obscene profane abusive language,2,15,Threatened to contact someone or share information improperly Talked to a third-party about your debt,Attempts to collect debt not owed
10309394,2120,C_2120,2024-10-01,Improper use of your report,Credit inquiries on your report that you don't recognize,Cuila Llc,CA,92660,Improper use of your report Credit inquiries on your report that you don't recognize,improper use report credit inquiries report dont recognize,24,12,Improper use of your report Credit inquiries on your report that you don't recognize,Trouble during payment process
10355953,2121,C_2121,2024-10-06,Getting a loan or lease,Confusing or misleading advertising or marketing,Approve Holdings Inc,NJ,08755,Getting a loan or lease Confusing or misleading advertising or marketing,getting loan lease confusing misleading advertising marketing,3,6,Trouble during payment process Trying to communicate with the company to fix an issue while managing or servicing your loan,Attempts to collect debt not owed
10378368,2122,C_2122,2024-10-06,Charged fees or interest you didn't expect,,Ontario Inc,KS,66002,Charged fees or interest you didn't expect ,charged fees interest didnt expect,1,6,Trouble during payment process Trying to communicate with the company to fix an issue while managing or servicing your loan,Attempts to collect debt not owed
10139961,2123,C_2123,2024-09-16,Written notification about debt,Didn't receive notice of right to dispute,Blackwater Capital Group Llc,KS,66049,Written notification about debt Didn't receive notice of right to dispute,written notification debt didnt receive notice right dispute,9,7,Written notification about debt Didn't receive notice of right to dispute,Improper use of your report
10449325,2124,C_2124,2024-10-14,Took or threatened to take negative or legal action,Threatened or suggested your credit would be damaged,Johnson Mark Llc,TX,73301,Took or threatened to take negative or legal action Threatened or suggested your credit would be damaged,took threatened take negative legal action threatened suggested credit would damaged,18,2,Took or threatened to take negative or legal action Threatened or suggested your credit would be damaged,Improper use of your report
10297624,2126,C_2126,2024-09-30,Attempts to collect debt not owed,Debt was paid,Weber  Associates Inc,CA,93308,Attempts to collect debt not owed Debt was paid,attempts collect debt owed debt paid,10,3,Attempts to collect debt not owed Debt was paid,Attempts to collect debt not owed
10294135,2127,C_2127,2024-09-30,Attempts to collect debt not owed,Debt is not yours,Schrier Tolin And Wagman Llc,MD,20331,Attempts to collect debt not owed Debt is not yours,attempts collect debt owed debt,21,3,Attempts to collect debt not owed Debt was paid,Attempts to collect debt not owed
10117125,2128,C_2128,2024-09-13,Applying for a mortgage or refinancing an existing mortgage,Trying to communicate with the company to fix an issue with the application process,Reliance First Capital Llc,GA,30316,Applying for a mortgage or refinancing an existing mortgage Trying to communicate with the company to fix an issue with the application process,applying mortgage refinancing existing mortgage trying communicate company fix issue application process,3,0,Attempts to collect debt not owed Debt is not yours,False statements or representation
10117962,2130,C_2130,2024-09-13,Fraud or scam,,Sbs Trust Deed Network,CA,92110,Fraud or scam ,fraud scam,3,0,Attempts to collect debt not owed Debt is not yours,False statements or representation
10271240,2131,C_2131,2024-09-27,Managing an account,Deposits and withdrawals,Tristate Capital Holdings Inc,OK,74137,Managing an account Deposits and withdrawals,managing account deposits withdrawals,3,6,Trouble during payment process Trying to communicate with the company to fix an issue while managing or servicing your loan,Attempts to collect debt not owed
10274226,2133,C_2133,2024-09-27,Improper use of your report,Reporting company used your report improperly,Main Street Holdings Inc,SC,29680,Improper use of your report Reporting company used your report improperly,improper use report reporting company used report improperly,0,11,Improper use of your report Reporting company used your report improperly,Struggling to pay mortgage
10359301,2134,C_2134,2024-10-05,False statements or representation,Attempted to collect wrong amount,Mmg Law Group Pllc,CA,92555,False statements or representation Attempted to collect wrong amount,false statements representation attempted collect wrong amount,27,5,False statements or representation Attempted to collect wrong amount,Improper use of your report
10280665,2135,C_2135,2024-09-29,Problem with a company's investigation into an existing problem,Their investigation did not fix an error on your report,Cawley  Bergmann Llp,GA,30043,Problem with a company's investigation into an existing problem Their investigation did not fix an error on your report,problem companys investigation existing problem investigation fix error report,4,4,Problem with a company's investigation into an existing problem Their investigation did not fix an error on your report,Trouble during payment process
10288730,2136,C_2136,2024-09-27,Attempts to collect debt not owed,Debt was result of identity theft,Leopold  Associates Llc,CT,06053,Attempts to collect debt not owed Debt was result of identity theft,attempts collect debt owed debt result identity theft,15,1,Attempts to collect debt not owed Debt was result of identity theft,Struggling to pay mortgage
10256178,2137,C_2137,2024-09-26,False statements or representation,Attempted to collect wrong amount,Zuntafi Co,TX,77396,False statements or representation Attempted to collect wrong amount,false statements representation attempted collect wrong amount,6,5,False statements or representation Attempted to collect wrong amount,Improper use of your report
10066593,2138,C_2138,2024-09-10,Problem getting a card or closing an account,Don't want a card provided by your employer or the government,Tds Financial Llc,WI,53703,Problem getting a card or closing an account Don't want a card provided by your employer or the government,problem getting card closing account dont want card provided employer government,3,6,Trouble during payment process Trying to communicate with the company to fix an issue while managing or servicing your loan,Attempts to collect debt not owed
10017862,2139,C_2139,2024-09-04,Took or threatened to take negative or legal action,Threatened to arrest you or take you to jail if you do not pay,Elite Debt Brokers,TN,37075,Took or threatened to take negative or legal action Threatened to arrest you or take you to jail if you do not pay,took threatened take negative legal action threatened arrest take jail pay,2,15,Threatened to contact someone or share information improperly Talked to a third-party about your debt,Attempts to collect debt not owed
10089879,2141,C_2141,2024-09-11,Attempts to collect debt not owed,Debt was result of identity theft,Love Beal  Nixon Pc,OK,74014,Attempts to collect debt not owed Debt was result of identity theft,attempts collect debt owed debt result identity theft,28,3,Attempts to collect debt not owed Debt was paid,Attempts to collect debt not owed
10031797,2142,C_2142,2024-09-05,Getting the loan,,Pinnacle Lending Group Inc,IN,46544,Getting the loan ,getting loan,3,0,Attempts to collect debt not owed Debt is not yours,False statements or representation
10449696,2143,C_2143,2024-10-14,Threatened to contact someone or share information improperly,Talked to a third-party about your debt,Capital Mitigation Services Llc,TX,77355,Threatened to contact someone or share information improperly Talked to a third-party about your debt,threatened contact someone share information improperly talked thirdparty debt,19,15,Threatened to contact someone or share information improperly Talked to a third-party about your debt,Attempts to collect debt not owed
10260430,2144,C_2144,2024-09-26,Dealing with your lender or servicer,Trouble with how payments are being handled,New York State Higher Education Services Co,MI,48001,Dealing with your lender or servicer Trouble with how payments are being handled,dealing lender servicer trouble payments handled,3,0,Attempts to collect debt not owed Debt is not yours,False statements or representation
10223966,2145,C_2145,2024-09-24,Improper use of your report,Reporting company used your report improperly,Caliber Home Loans Inc,OH,43207,Improper use of your report Reporting company used your report improperly,improper use report reporting company used report improperly,0,11,Improper use of your report Reporting company used your report improperly,Struggling to pay mortgage
10219851,2146,C_2146,2024-09-23,Problem with a company's investigation into an existing problem,Their investigation did not fix an error on your report,Fresh Start Funding Llc,MI,48342,Problem with a company's investigation into an existing problem Their investigation did not fix an error on your report,problem companys investigation existing problem investigation fix error report,4,4,Problem with a company's investigation into an existing problem Their investigation did not fix an error on your report,Trouble during payment process
10199222,2147,C_2147,2024-09-21,Incorrect information on your report,Public record information inaccurate,Porania Llc,CA,95209,Incorrect information on your report Public record information inaccurate,incorrect information report public record information inaccurate,3,0,Attempts to collect debt not owed Debt is not yours,False statements or representation
10202588,2148,C_2148,2024-09-21,Attempts to collect debt not owed,Debt is not yours,Marauder Co,IL,60901,Attempts to collect debt not owed Debt is not yours,attempts collect debt owed debt,20,8,Attempts to collect debt not owed Debt is not yours,Written notification about debt
10200065,2150,C_2150,2024-09-21,Attempts to collect debt not owed,Debt was result of identity theft,Persolve Llc,FL,33008,Attempts to collect debt not owed Debt was result of identity theft,attempts collect debt owed debt result identity theft,15,1,Attempts to collect debt not owed Debt was result of identity theft,Struggling to pay mortgage
10401635,2151,C_2151,2024-10-09,Attempts to collect debt not owed,Debt is not yours,Sentry Recovery And Co,NV,89119,Attempts to collect debt not owed Debt is not yours,attempts collect debt owed debt,5,10,Attempts to collect debt not owed Debt is not yours,Attempts to collect debt not owed
10342766,2152,C_2152,2024-10-03,Struggling to pay mortgage,"Trying to communicate with the company to fix an issue related to modification, forbearance, short sale, deed-in-lieu, bankruptcy, or foreclosure",Tiffany  Bosco Pa,NM,87124,"Struggling to pay mortgage Trying to communicate with the company to fix an issue related to modification, forbearance, short sale, deed-in-lieu, bankruptcy, or foreclosure",struggling pay mortgage trying communicate company fix issue related modification forbearance short sale deedinlieu bankruptcy foreclosure,17,14,"Struggling to pay mortgage Trying to communicate with the company to fix an issue related to modification, forbearance, short sale, deed-in-lieu, bankruptcy, or foreclosure",Written notification about debt
10321496,2153,C_2153,2024-10-02,Applying for a mortgage or refinancing an existing mortgage,Delays in the application process,Parkway Financial Group Llc,SC,29340,Applying for a mortgage or refinancing an existing mortgage Delays in the application process,applying mortgage refinancing existing mortgage delays application process,2,0,Attempts to collect debt not owed Debt is not yours,False statements or representation
10380717,2154,C_2154,2024-10-09,Didn't provide services promised,,Global Client Solutions Llc,IN,46001,Didn't provide services promised ,didnt provide services promised,3,0,Attempts to collect debt not owed Debt is not yours,False statements or representation
10447024,2155,C_2155,2024-10-14,Incorrect information on your report,Account information incorrect,Hallmark Home Mortgage Llc,IN,46254,Incorrect information on your report Account information incorrect,incorrect information report account information incorrect,13,2,Took or threatened to take negative or legal action Threatened or suggested your credit would be damaged,Improper use of your report
10447280,2157,C_2157,2024-10-14,Struggling to pay your loan,,Post Lake Lending Inc,OH,44128,Struggling to pay your loan ,struggling pay loan,3,6,Trouble during payment process Trying to communicate with the company to fix an issue while managing or servicing your loan,Attempts to collect debt not owed
10189717,2158,C_2158,2024-09-19,Managing the loan or lease,Billing problem,Community Financial System Inc,NY,12155,Managing the loan or lease Billing problem,managing loan lease billing problem,3,6,Trouble during payment process Trying to communicate with the company to fix an issue while managing or servicing your loan,Attempts to collect debt not owed
10336599,2162,C_2162,2024-10-03,Attempts to collect debt not owed,Debt is not yours,National Check Resolution Inc,IL,60626,Attempts to collect debt not owed Debt is not yours,attempts collect debt owed debt,20,8,Attempts to collect debt not owed Debt is not yours,Written notification about debt
10385147,2163,C_2163,2024-10-08,Incorrect information on your report,Information belongs to someone else,Advantage Financial Service Llc,CO,80534,Incorrect information on your report Information belongs to someone else,incorrect information report information belongs someone else,12,13,Incorrect information on your report Information belongs to someone else,Incorrect information on your report
10359650,2164,C_2164,2024-10-05,Attempts to collect debt not owed,Debt was paid,Bc Services Inc,CO,80026,Attempts to collect debt not owed Debt was paid,attempts collect debt owed debt paid,10,0,Attempts to collect debt not owed Debt is not yours,False statements or representation
10358823,2165,C_2165,2024-10-05,Attempts to collect debt not owed,Debt was result of identity theft,Collection Service Of Nevada,MO,63001,Attempts to collect debt not owed Debt was result of identity theft,attempts collect debt owed debt result identity theft,15,1,Attempts to collect debt not owed Debt was result of identity theft,Struggling to pay mortgage
10083458,2166,C_2166,2024-09-10,Fraud or scam,,Dapps Platform Inc,IN,46001,Fraud or scam ,fraud scam,3,0,Attempts to collect debt not owed Debt is not yours,False statements or representation
10073770,2167,C_2167,2024-09-10,Attempts to collect debt not owed,Debt was paid,Kovitz Shifrin Nesbit A Professional Co,IN,46235,Attempts to collect debt not owed Debt was paid,attempts collect debt owed debt paid,10,3,Attempts to collect debt not owed Debt was paid,Attempts to collect debt not owed
10226399,2168,C_2168,2024-09-24,Trouble during payment process,Trying to communicate with the company to fix an issue while managing or servicing your loan,Home American Mortgage Co,OR,97702,Trouble during payment process Trying to communicate with the company to fix an issue while managing or servicing your loan,trouble payment process trying communicate company fix issue managing servicing loan,3,6,Trouble during payment process Trying to communicate with the company to fix an issue while managing or servicing your loan,Attempts to collect debt not owed
10477736,2169,C_2169,2024-10-16,Attempts to collect debt not owed,Debt is not yours,Computer Credit Inc,PA,17408,Attempts to collect debt not owed Debt is not yours,attempts collect debt owed debt,5,10,Attempts to collect debt not owed Debt is not yours,Attempts to collect debt not owed
10392253,2170,C_2170,2024-10-09,Written notification about debt,Didn't receive enough information to verify debt,Reach Financial Llc,CA,90003,Written notification about debt Didn't receive enough information to verify debt,written notification debt didnt receive enough information verify debt,16,16,Written notification about debt Didn't receive enough information to verify debt,Trouble during payment process
10383660,2171,C_2171,2024-10-08,Closing on a mortgage,Closing disclosure or other related disclosures,Cardinal Financial Co,TX,73301,Closing on a mortgage Closing disclosure or other related disclosures,closing mortgage closing disclosure related disclosures,26,1,Attempts to collect debt not owed Debt was result of identity theft,Struggling to pay mortgage
10376966,2172,C_2172,2024-10-07,Took or threatened to take negative or legal action,Threatened to sue you for very old debt,Moss Law Firm Pc,TX,77304,Took or threatened to take negative or legal action Threatened to sue you for very old debt,took threatened take negative legal action threatened sue old debt,13,2,Took or threatened to take negative or legal action Threatened or suggested your credit would be damaged,Improper use of your report
10411788,2174,C_2174,2024-10-10,Getting the loan,,Priority Plus Financial Llc,NC,27707,Getting the loan ,getting loan,3,0,Attempts to collect debt not owed Debt is not yours,False statements or representation
10175953,2175,C_2175,2024-09-19,Managing an account,Deposits and withdrawals,Bankmobile Technologies Inc,DE,19720,Managing an account Deposits and withdrawals,managing account deposits withdrawals,3,6,Trouble during payment process Trying to communicate with the company to fix an issue while managing or servicing your loan,Attempts to collect debt not owed
10255302,2176,C_2176,2024-09-26,Managing an account,Funds not handled or disbursed as instructed,Central Bancompany Inc,AR,72023,Managing an account Funds not handled or disbursed as instructed,managing account funds handled disbursed instructed,3,6,Trouble during payment process Trying to communicate with the company to fix an issue while managing or servicing your loan,Attempts to collect debt not owed
10409632,2177,C_2177,2024-10-10,Took or threatened to take negative or legal action,Threatened to sue you for very old debt,Npg Associates Inc,AZ,85283,Took or threatened to take negative or legal action Threatened to sue you for very old debt,took threatened take negative legal action threatened sue old debt,3,2,Took or threatened to take negative or legal action Threatened or suggested your credit would be damaged,Improper use of your report
10323029,2178,C_2178,2024-10-02,Took or threatened to take negative or legal action,Threatened or suggested your credit would be damaged,Rogers Carter  Payne Llc,LA,71105,Took or threatened to take negative or legal action Threatened or suggested your credit would be damaged,took threatened take negative legal action threatened suggested credit would damaged,18,2,Took or threatened to take negative or legal action Threatened or suggested your credit would be damaged,Improper use of your report
10450968,2179,C_2179,2024-10-14,Attempts to collect debt not owed,Debt is not yours,Savit Enterprises Inc,NJ,08201,Attempts to collect debt not owed Debt is not yours,attempts collect debt owed debt,23,0,Attempts to collect debt not owed Debt is not yours,False statements or representation
9779582,2180,C_2180,2024-08-14,Improper use of your report,Reporting company used your report improperly,Scs Credit Co,IN,46235,Improper use of your report Reporting company used your report improperly,improper use report reporting company used report improperly,8,9,Improper use of your report Reporting company used your report improperly,Incorrect information on your report
9782077,2182,C_2182,2024-08-14,Took or threatened to take negative or legal action,Sued you without properly notifying you of lawsuit,General Co,NE,68467,Took or threatened to take negative or legal action Sued you without properly notifying you of lawsuit,took threatened take negative legal action sued without properly notifying lawsuit,13,2,Took or threatened to take negative or legal action Threatened or suggested your credit would be damaged,Improper use of your report
10358988,2183,C_2183,2024-10-05,Improper use of your report,Reporting company used your report improperly,Torres Credit Services Inc,CA,92530,Improper use of your report Reporting company used your report improperly,improper use report reporting company used report improperly,8,9,Improper use of your report Reporting company used your report improperly,Incorrect information on your report
9685701,2184,C_2184,2024-08-01,Written notification about debt,Didn't receive enough information to verify debt,Commonwealth Health Co,KY,42101,Written notification about debt Didn't receive enough information to verify debt,written notification debt didnt receive enough information verify debt,16,16,Written notification about debt Didn't receive enough information to verify debt,Trouble during payment process
10359528,2185,C_2185,2024-10-05,Fraud or scam,,Ingo Money Inc,IN,46001,Fraud or scam ,fraud scam,3,0,Attempts to collect debt not owed Debt is not yours,False statements or representation
10313699,2186,C_2186,2024-10-02,Improper use of your report,Reporting company used your report improperly,Homestar Financial Co,GA,30078,Improper use of your report Reporting company used your report improperly,improper use report reporting company used report improperly,8,9,Improper use of your report Reporting company used your report improperly,Incorrect information on your report
10448366,2187,C_2187,2024-10-14,Incorrect information on your report,Information belongs to someone else,Servatus Co,TX,75181,Incorrect information on your report Information belongs to someone else,incorrect information report information belongs someone else,12,13,Incorrect information on your report Information belongs to someone else,Incorrect information on your report
10233552,2188,C_2188,2024-09-24,Written notification about debt,Didn't receive notice of right to dispute,Szuba  Associates Pllc,MI,48219,Written notification about debt Didn't receive notice of right to dispute,written notification debt didnt receive notice right dispute,9,7,Written notification about debt Didn't receive notice of right to dispute,Improper use of your report
10315358,2189,C_2189,2024-10-02,Managing an account,Problem making or receiving payments,Busey Bank,IL,61801,Managing an account Problem making or receiving payments,managing account problem making receiving payments,1,6,Trouble during payment process Trying to communicate with the company to fix an issue while managing or servicing your loan,Attempts to collect debt not owed
10334121,2190,C_2190,2024-10-03,Closing on a mortgage,Delays with the closing process,Primary Residential Mortgage,MN,55001,Closing on a mortgage Delays with the closing process,closing mortgage delays closing process,2,0,Attempts to collect debt not owed Debt is not yours,False statements or representation
10267739,2191,C_2191,2024-09-27,Struggling to pay mortgage,Foreclosure,Nova Financial Holding Co,OH,44103,Struggling to pay mortgage Foreclosure,struggling pay mortgage foreclosure,17,14,"Struggling to pay mortgage Trying to communicate with the company to fix an issue related to modification, forbearance, short sale, deed-in-lieu, bankruptcy, or foreclosure",Written notification about debt
10274630,2192,C_2192,2024-09-28,Improper use of your report,Reporting company used your report improperly,Appfolio Inc,FL,32137,Improper use of your report Reporting company used your report improperly,improper use report reporting company used report improperly,0,11,Improper use of your report Reporting company used your report improperly,Struggling to pay mortgage
10352893,2193,C_2193,2024-10-03,Applying for a mortgage or refinancing an existing mortgage,Application denials,United Bankshares Inc,MD,20853,Applying for a mortgage or refinancing an existing mortgage Application denials,applying mortgage refinancing existing mortgage application denials,2,0,Attempts to collect debt not owed Debt is not yours,False statements or representation
10097931,2194,C_2194,2024-09-12,Attempts to collect debt not owed,Debt is not yours,Access Receivables Of Nc Inc,MN,55379,Attempts to collect debt not owed Debt is not yours,attempts collect debt owed debt,5,10,Attempts to collect debt not owed Debt is not yours,Attempts to collect debt not owed
10332537,2195,C_2195,2024-10-03,Closing on a mortgage,Closing disclosure or other related disclosures,Fidelity National Financial Inc,IL,60624,Closing on a mortgage Closing disclosure or other related disclosures,closing mortgage closing disclosure related disclosures,26,1,Attempts to collect debt not owed Debt was result of identity theft,Struggling to pay mortgage
10403851,2196,C_2196,2024-10-09,Attempts to collect debt not owed,Debt was result of identity theft,Cashmax Llc,TX,75022,Attempts to collect debt not owed Debt was result of identity theft,attempts collect debt owed debt result identity theft,28,3,Attempts to collect debt not owed Debt was paid,Attempts to collect debt not owed
10315438,2197,C_2197,2024-10-02,Communication tactics,"Used obscene, profane, or other abusive language",D Management Llc,MD,21218,"Communication tactics Used obscene, profane, or other abusive language",communication tactics used obscene profane abusive language,2,15,Threatened to contact someone or share information improperly Talked to a third-party about your debt,Attempts to collect debt not owed
10313864,2198,C_2198,2024-10-02,Took or threatened to take negative or legal action,Threatened or suggested your credit would be damaged,Top Asset Solutions Llc,FL,33023,Took or threatened to take negative or legal action Threatened or suggested your credit would be damaged,took threatened take negative legal action threatened suggested credit would damaged,18,2,Took or threatened to take negative or legal action Threatened or suggested your credit would be damaged,Improper use of your report
10303700,2199,C_2199,2024-10-02,False statements or representation,"Impersonated attorney, law enforcement, or government official",Fairway Holdings Llc,PR,00715,"False statements or representation Impersonated attorney, law enforcement, or government official",false statements representation impersonated attorney law enforcement government official,3,0,Attempts to collect debt not owed Debt is not yours,False statements or representation
10294130,2202,C_2202,2024-09-30,Unauthorized withdrawals or charges,,Consumer Financial Services Solutions Inc,FL,33437,Unauthorized withdrawals or charges ,unauthorized withdrawals charges,3,0,Attempts to collect debt not owed Debt is not yours,False statements or representation
10390230,2204,C_2204,2024-10-08,Took or threatened to take negative or legal action,Threatened to sue you for very old debt,Meade Recovery Services Llc,UT,84651,Took or threatened to take negative or legal action Threatened to sue you for very old debt,took threatened take negative legal action threatened sue old debt,3,2,Took or threatened to take negative or legal action Threatened or suggested your credit would be damaged,Improper use of your report
10456301,2207,C_2207,2024-10-16,Repossession,Loan balance remaining after the vehicle is repossessed and sold,Danco Financial Services Llc,FL,32311,Repossession Loan balance remaining after the vehicle is repossessed and sold,repossession loan balance remaining vehicle repossessed sold,22,14,"Struggling to pay mortgage Trying to communicate with the company to fix an issue related to modification, forbearance, short sale, deed-in-lieu, bankruptcy, or foreclosure",Written notification about debt
10456819,2209,C_2209,2024-10-15,Written notification about debt,Didn't receive enough information to verify debt,Merchants Credit Bureau Inc,GA,30906,Written notification about debt Didn't receive enough information to verify debt,written notification debt didnt receive enough information verify debt,11,7,Written notification about debt Didn't receive notice of right to dispute,Improper use of your report
10370955,2210,C_2210,2024-10-07,Took or threatened to take negative or legal action,Threatened to sue you for very old debt,Ivy Street Development Co,NY,14830,Took or threatened to take negative or legal action Threatened to sue you for very old debt,took threatened take negative legal action threatened sue old debt,3,2,Took or threatened to take negative or legal action Threatened or suggested your credit would be damaged,Improper use of your report
10115397,2213,C_2213,2024-09-13,Problems receiving the advance,,M Holdings Inc,CA,90031,Problems receiving the advance ,problems receiving advance,3,6,Trouble during payment process Trying to communicate with the company to fix an issue while managing or servicing your loan,Attempts to collect debt not owed
10490780,2215,C_2215,2024-10-17,Attempts to collect debt not owed,Debt was paid,National Management Recovery Co,VA,23235,Attempts to collect debt not owed Debt was paid,attempts collect debt owed debt paid,10,3,Attempts to collect debt not owed Debt was paid,Attempts to collect debt not owed
10434565,2216,C_2216,2024-10-12,Incorrect information on your report,Information belongs to someone else,National Funding Inc,IN,46140,Incorrect information on your report Information belongs to someone else,incorrect information report information belongs someone else,12,13,Incorrect information on your report Information belongs to someone else,Incorrect information on your report
10129751,2220,C_2220,2024-09-15,Took or threatened to take negative or legal action,Threatened or suggested your credit would be damaged,Universal Payment Co,MS,39069,Took or threatened to take negative or legal action Threatened or suggested your credit would be damaged,took threatened take negative legal action threatened suggested credit would damaged,18,2,Took or threatened to take negative or legal action Threatened or suggested your credit would be damaged,Improper use of your report
10362354,2224,C_2224,2024-10-06,Attempts to collect debt not owed,Debt was already discharged in bankruptcy and is no longer owed,Cng Holdings Inc,GA,30054,Attempts to collect debt not owed Debt was already discharged in bankruptcy and is no longer owed,attempts collect debt owed debt already discharged bankruptcy longer owed,10,2,Took or threatened to take negative or legal action Threatened or suggested your credit would be damaged,Improper use of your report
10449561,2228,C_2228,2024-10-09,False statements or representation,Attempted to collect wrong amount,Tennessee Credit Management Inc,TX,78539,False statements or representation Attempted to collect wrong amount,false statements representation attempted collect wrong amount,6,5,False statements or representation Attempted to collect wrong amount,Improper use of your report
10408224,2229,C_2229,2024-10-11,Took or threatened to take negative or legal action,Threatened or suggested your credit would be damaged,Stuartlippman And Associates Inc,NC,27107,Took or threatened to take negative or legal action Threatened or suggested your credit would be damaged,took threatened take negative legal action threatened suggested credit would damaged,18,2,Took or threatened to take negative or legal action Threatened or suggested your credit would be damaged,Improper use of your report
10360943,2231,C_2231,2024-10-06,Attempts to collect debt not owed,Debt is not yours,Rickart Co,DE,19709,Attempts to collect debt not owed Debt is not yours,attempts collect debt owed debt,20,8,Attempts to collect debt not owed Debt is not yours,Written notification about debt
10359837,2232,C_2232,2024-10-05,Improper use of your report,Reporting company used your report improperly,Savvy Money Inc,CA,92227,Improper use of your report Reporting company used your report improperly,improper use report reporting company used report improperly,0,11,Improper use of your report Reporting company used your report improperly,Struggling to pay mortgage
10359330,2233,C_2233,2024-10-05,Attempts to collect debt not owed,Debt was result of identity theft,Aas Debt Recovery Inc,AL,35004,Attempts to collect debt not owed Debt was result of identity theft,attempts collect debt owed debt result identity theft,15,1,Attempts to collect debt not owed Debt was result of identity theft,Struggling to pay mortgage
10359510,2235,C_2235,2024-10-05,Attempts to collect debt not owed,Debt is not yours,American Credit Bureau Inc,GA,30253,Attempts to collect debt not owed Debt is not yours,attempts collect debt owed debt,20,8,Attempts to collect debt not owed Debt is not yours,Written notification about debt
10402412,2238,C_2238,2024-10-09,False statements or representation,Attempted to collect wrong amount,Knight Adjustment Bureau,IN,46714,False statements or representation Attempted to collect wrong amount,false statements representation attempted collect wrong amount,27,5,False statements or representation Attempted to collect wrong amount,Improper use of your report
10304234,2239,C_2239,2024-10-01,Attempts to collect debt not owed,Debt is not yours,American Student Assistance,PA,19067,Attempts to collect debt not owed Debt is not yours,attempts collect debt owed debt,5,10,Attempts to collect debt not owed Debt is not yours,Attempts to collect debt not owed
10306883,2241,C_2241,2024-10-01,Applying for a mortgage or refinancing an existing mortgage,Changes in loan terms during the application process,Tfs Financial Co,SC,29464,Applying for a mortgage or refinancing an existing mortgage Changes in loan terms during the application process,applying mortgage refinancing existing mortgage changes loan terms application process,2,0,Attempts to collect debt not owed Debt is not yours,False statements or representation
10350151,2242,C_2242,2024-10-04,Repossession,Deficiency balance after repossession,Mei Auto Finance Inc,TX,75181,Repossession Deficiency balance after repossession,repossession deficiency balance repossession,22,14,"Struggling to pay mortgage Trying to communicate with the company to fix an issue related to modification, forbearance, short sale, deed-in-lieu, bankruptcy, or foreclosure",Written notification about debt
10333571,2247,C_2247,2024-10-03,Struggling to pay mortgage,"An existing modification, forbearance plan, short sale, or other loss mitigation relief",Virginia Housing Development Authority,VA,22042,"Struggling to pay mortgage An existing modification, forbearance plan, short sale, or other loss mitigation relief",struggling pay mortgage existing modification forbearance plan short sale loss mitigation relief,17,14,"Struggling to pay mortgage Trying to communicate with the company to fix an issue related to modification, forbearance, short sale, deed-in-lieu, bankruptcy, or foreclosure",Written notification about debt
10153844,2248,C_2248,2024-09-17,False statements or representation,Attempted to collect wrong amount,Amcol Systems Inc,VA,22405,False statements or representation Attempted to collect wrong amount,false statements representation attempted collect wrong amount,6,5,False statements or representation Attempted to collect wrong amount,Improper use of your report
10430123,2250,C_2250,2024-10-11,Improper use of your report,Reporting company used your report improperly,Idaho Housing And Finance Association,WA,98405,Improper use of your report Reporting company used your report improperly,improper use report reporting company used report improperly,8,9,Improper use of your report Reporting company used your report improperly,Incorrect information on your report
10307339,2252,C_2252,2024-10-01,Problem with a purchase or transfer,Card company isn't resolving a dispute about a purchase or transfer,Propel Inc,NY,11418,Problem with a purchase or transfer Card company isn't resolving a dispute about a purchase or transfer,problem purchase transfer card company isnt resolving dispute purchase transfer,3,6,Trouble during payment process Trying to communicate with the company to fix an issue while managing or servicing your loan,Attempts to collect debt not owed
10301007,2258,C_2258,2024-09-30,Incorrect information on your report,Account status incorrect,Universal Acceptance Co,MO,64132,Incorrect information on your report Account status incorrect,incorrect information report account status incorrect,26,2,Took or threatened to take negative or legal action Threatened or suggested your credit would be damaged,Improper use of your report
10267249,2263,C_2263,2024-09-27,Confusing or misleading advertising or marketing,,Range View Management Llc,KY,40003,Confusing or misleading advertising or marketing ,confusing misleading advertising marketing,3,6,Trouble during payment process Trying to communicate with the company to fix an issue while managing or servicing your loan,Attempts to collect debt not owed
10292008,2266,C_2266,2024-10-01,Took or threatened to take negative or legal action,Threatened to sue you for very old debt,American Co,CO,80302,Took or threatened to take negative or legal action Threatened to sue you for very old debt,took threatened take negative legal action threatened sue old debt,3,2,Took or threatened to take negative or legal action Threatened or suggested your credit would be damaged,Improper use of your report
10313439,2269,C_2269,2024-10-02,False statements or representation,"Impersonated attorney, law enforcement, or government official",Wilber And Associates Pc,TN,37010,"False statements or representation Impersonated attorney, law enforcement, or government official",false statements representation impersonated attorney law enforcement government official,3,0,Attempts to collect debt not owed Debt is not yours,False statements or representation
10282533,2270,C_2270,2024-09-29,Improper use of your report,Reporting company used your report improperly,Challenge Financial Services,CA,94801,Improper use of your report Reporting company used your report improperly,improper use report reporting company used report improperly,0,11,Improper use of your report Reporting company used your report improperly,Struggling to pay mortgage
10272360,2272,C_2272,2024-09-27,Problem with a company's investigation into an existing problem,Their investigation did not fix an error on your report,Mas Financial Services Inc,CA,90001,Problem with a company's investigation into an existing problem Their investigation did not fix an error on your report,problem companys investigation existing problem investigation fix error report,4,4,Problem with a company's investigation into an existing problem Their investigation did not fix an error on your report,Trouble during payment process
10260107,2273,C_2273,2024-09-26,Incorrect information on your report,Information belongs to someone else,Middle Georgia Management Services,GA,30461,Incorrect information on your report Information belongs to someone else,incorrect information report information belongs someone else,12,13,Incorrect information on your report Information belongs to someone else,Incorrect information on your report
10273247,2274,C_2274,2024-09-26,Fraud or scam,,Exodus Movement Inc,OR,97266,Fraud or scam ,fraud scam,3,0,Attempts to collect debt not owed Debt is not yours,False statements or representation
10258358,2279,C_2279,2024-09-26,Managing an account,Funds not handled or disbursed as instructed,Thetenn Inc,IN,46001,Managing an account Funds not handled or disbursed as instructed,managing account funds handled disbursed instructed,3,6,Trouble during payment process Trying to communicate with the company to fix an issue while managing or servicing your loan,Attempts to collect debt not owed
10258249,2281,C_2281,2024-09-26,Confusing or misleading advertising or marketing,,Diamond Advances Llc,PA,18940,Confusing or misleading advertising or marketing ,confusing misleading advertising marketing,3,6,Trouble during payment process Trying to communicate with the company to fix an issue while managing or servicing your loan,Attempts to collect debt not owed
10298545,2282,C_2282,2024-09-30,Struggling to pay mortgage,Foreclosure,Home Bancshares Inc,AR,72120,Struggling to pay mortgage Foreclosure,struggling pay mortgage foreclosure,17,14,"Struggling to pay mortgage Trying to communicate with the company to fix an issue related to modification, forbearance, short sale, deed-in-lieu, bankruptcy, or foreclosure",Written notification about debt
10238376,2284,C_2284,2024-09-25,False statements or representation,"Impersonated attorney, law enforcement, or government official",Galaxy Capital Acquisitions Llc,MI,48001,"False statements or representation Impersonated attorney, law enforcement, or government official",false statements representation impersonated attorney law enforcement government official,3,0,Attempts to collect debt not owed Debt is not yours,False statements or representation
10316235,2285,C_2285,2024-10-03,False statements or representation,Attempted to collect wrong amount,Sca Co,NC,27006,False statements or representation Attempted to collect wrong amount,false statements representation attempted collect wrong amount,27,5,False statements or representation Attempted to collect wrong amount,Improper use of your report
9675802,2286,C_2286,2024-08-01,Confusing or missing disclosures,,Clearone Advantage Llc,TN,37323,Confusing or missing disclosures ,confusing missing disclosures,26,0,Attempts to collect debt not owed Debt is not yours,False statements or representation
10246899,2287,C_2287,2024-09-25,Took or threatened to take negative or legal action,Threatened or suggested your credit would be damaged,Eagle Accounts Group Inc,IN,46001,Took or threatened to take negative or legal action Threatened or suggested your credit would be damaged,took threatened take negative legal action threatened suggested credit would damaged,18,2,Took or threatened to take negative or legal action Threatened or suggested your credit would be damaged,Improper use of your report
10296665,2288,C_2288,2024-09-30,False statements or representation,Attempted to collect wrong amount,London  London,CA,90015,False statements or representation Attempted to collect wrong amount,false statements representation attempted collect wrong amount,27,5,False statements or representation Attempted to collect wrong amount,Improper use of your report
10283085,2290,C_2290,2024-09-29,False statements or representation,Attempted to collect wrong amount,Retail Merchants Associates,LA,70001,False statements or representation Attempted to collect wrong amount,false statements representation attempted collect wrong amount,27,5,False statements or representation Attempted to collect wrong amount,Improper use of your report
10225633,2291,C_2291,2024-09-24,Charged fees or interest you didn't expect,,Time Investment Co,FL,33624,Charged fees or interest you didn't expect ,charged fees interest didnt expect,1,6,Trouble during payment process Trying to communicate with the company to fix an issue while managing or servicing your loan,Attempts to collect debt not owed
10219679,2294,C_2294,2024-09-23,Trouble during payment process,"Escrow, taxes, or insurance",Land Home Financial Services,IL,60001,"Trouble during payment process Escrow, taxes, or insurance",trouble payment process escrow taxes insurance,3,0,Attempts to collect debt not owed Debt is not yours,False statements or representation
9937779,2298,C_2298,2024-08-27,Trouble during payment process,Trying to communicate with the company to fix an issue while managing or servicing your loan,Castle Mortgage Co,CO,80129,Trouble during payment process Trying to communicate with the company to fix an issue while managing or servicing your loan,trouble payment process trying communicate company fix issue managing servicing loan,3,6,Trouble during payment process Trying to communicate with the company to fix an issue while managing or servicing your loan,Attempts to collect debt not owed
9694365,2301,C_2301,2024-08-02,Attempts to collect debt not owed,Debt was paid,Adelante Inc,TX,78201,Attempts to collect debt not owed Debt was paid,attempts collect debt owed debt paid,10,3,Attempts to collect debt not owed Debt was paid,Attempts to collect debt not owed
10226067,2303,C_2303,2024-09-24,Confusing or misleading advertising or marketing,,Credit Wellness Llc,TX,75081,Confusing or misleading advertising or marketing ,confusing misleading advertising marketing,3,6,Trouble during payment process Trying to communicate with the company to fix an issue while managing or servicing your loan,Attempts to collect debt not owed
10440180,2304,C_2304,2024-10-13,Improper use of your report,Credit inquiries on your report that you don't recognize,Innovate Managed Holdings Llc,GA,31525,Improper use of your report Credit inquiries on your report that you don't recognize,improper use report credit inquiries report dont recognize,7,12,Improper use of your report Credit inquiries on your report that you don't recognize,Trouble during payment process
10440658,2306,C_2306,2024-10-13,Written notification about debt,Didn't receive enough information to verify debt,Merchants Credit Co,WA,98109,Written notification about debt Didn't receive enough information to verify debt,written notification debt didnt receive enough information verify debt,11,7,Written notification about debt Didn't receive notice of right to dispute,Improper use of your report
10418414,2308,C_2308,2024-10-11,Trouble during payment process,Trying to communicate with the company to fix an issue while managing or servicing your loan,Flatonia Investments Llc,CA,94928,Trouble during payment process Trying to communicate with the company to fix an issue while managing or servicing your loan,trouble payment process trying communicate company fix issue managing servicing loan,3,6,Trouble during payment process Trying to communicate with the company to fix an issue while managing or servicing your loan,Attempts to collect debt not owed
10393048,2311,C_2311,2024-10-09,Took or threatened to take negative or legal action,Threatened to arrest you or take you to jail if you do not pay,Internal Credit Systems Inc,MI,48124,Took or threatened to take negative or legal action Threatened to arrest you or take you to jail if you do not pay,took threatened take negative legal action threatened arrest take jail pay,2,15,Threatened to contact someone or share information improperly Talked to a third-party about your debt,Attempts to collect debt not owed
10445207,2314,C_2314,2024-10-15,Incorrect information on your report,Information belongs to someone else,Motormax Financial Services Inc,MI,49428,Incorrect information on your report Information belongs to someone else,incorrect information report information belongs someone else,12,13,Incorrect information on your report Information belongs to someone else,Incorrect information on your report
10202674,2316,C_2316,2024-09-21,Fraud or scam,,Okcoin Usa Inc,CA,90503,Fraud or scam ,fraud scam,3,0,Attempts to collect debt not owed Debt is not yours,False statements or representation
10206025,2318,C_2318,2024-09-22,Electronic communications,"Used obscene, profane, or other abusive language",Alliance Acceptance Co,CA,90604,"Electronic communications Used obscene, profane, or other abusive language",electronic communications used obscene profane abusive language,2,15,Threatened to contact someone or share information improperly Talked to a third-party about your debt,Attempts to collect debt not owed
10203409,2320,C_2320,2024-09-16,Took or threatened to take negative or legal action,Sued you without properly notifying you of lawsuit,River Heights Capital Llc,OK,74112,Took or threatened to take negative or legal action Sued you without properly notifying you of lawsuit,took threatened take negative legal action sued without properly notifying lawsuit,13,2,Took or threatened to take negative or legal action Threatened or suggested your credit would be damaged,Improper use of your report
10135257,2322,C_2322,2024-09-16,Closing your account,Company closed your account,Concerto Card Co,NC,27006,Closing your account Company closed your account,closing account company closed account,3,6,Trouble during payment process Trying to communicate with the company to fix an issue while managing or servicing your loan,Attempts to collect debt not owed
9632690,2323,C_2323,2024-07-29,Problem with a company's investigation into an existing problem,Their investigation did not fix an error on your report,Advantage Auto Sales Inc,IN,46218,Problem with a company's investigation into an existing problem Their investigation did not fix an error on your report,problem companys investigation existing problem investigation fix error report,4,4,Problem with a company's investigation into an existing problem Their investigation did not fix an error on your report,Trouble during payment process
10265025,2324,C_2324,2024-09-27,Didn't provide services promised,,Michel Law Llc,MA,01844,Didn't provide services promised ,didnt provide services promised,3,0,Attempts to collect debt not owed Debt is not yours,False statements or representation
10297455,2326,C_2326,2024-09-30,Took or threatened to take negative or legal action,Seized or attempted to seize your property,Qualey Law Group Inc,NV,89721,Took or threatened to take negative or legal action Seized or attempted to seize your property,took threatened take negative legal action seized attempted seize property,29,0,Attempts to collect debt not owed Debt is not yours,False statements or representation
10291926,2328,C_2328,2024-10-01,Attempts to collect debt not owed,Debt was result of identity theft,Collection At Law Inc,CA,90813,Attempts to collect debt not owed Debt was result of identity theft,attempts collect debt owed debt result identity theft,28,3,Attempts to collect debt not owed Debt was paid,Attempts to collect debt not owed
10100114,2329,C_2329,2024-09-12,Communication tactics,Frequent or repeated calls,Tsg Co,MS,39532,Communication tactics Frequent or repeated calls,communication tactics frequent repeated calls,3,1,Attempts to collect debt not owed Debt was result of identity theft,Struggling to pay mortgage
10322330,2332,C_2332,2024-10-02,False statements or representation,Attempted to collect wrong amount,Jenkins Wagnon  Young Pc,TX,75082,False statements or representation Attempted to collect wrong amount,false statements representation attempted collect wrong amount,27,5,False statements or representation Attempted to collect wrong amount,Improper use of your report
10447064,2334,C_2334,2024-10-14,Took or threatened to take negative or legal action,Sued you without properly notifying you of lawsuit,Luke Johnson  Lewis Llc,SC,29209,Took or threatened to take negative or legal action Sued you without properly notifying you of lawsuit,took threatened take negative legal action sued without properly notifying lawsuit,13,2,Took or threatened to take negative or legal action Threatened or suggested your credit would be damaged,Improper use of your report
9825668,2335,C_2335,2024-08-16,Trouble during payment process,Trying to communicate with the company to fix an issue while managing or servicing your loan,Seacoast Banking Co,FL,34996,Trouble during payment process Trying to communicate with the company to fix an issue while managing or servicing your loan,trouble payment process trying communicate company fix issue managing servicing loan,3,6,Trouble during payment process Trying to communicate with the company to fix an issue while managing or servicing your loan,Attempts to collect debt not owed
9749544,2336,C_2336,2024-08-08,Struggling to pay mortgage,Foreclosure,Wilson  Associates Pllc,TN,37115,Struggling to pay mortgage Foreclosure,struggling pay mortgage foreclosure,17,14,"Struggling to pay mortgage Trying to communicate with the company to fix an issue related to modification, forbearance, short sale, deed-in-lieu, bankruptcy, or foreclosure",Written notification about debt
9724977,2337,C_2337,2024-08-06,Attempts to collect debt not owed,Debt is not yours,Louisiana Recovery Services Inc,LA,70808,Attempts to collect debt not owed Debt is not yours,attempts collect debt owed debt,23,0,Attempts to collect debt not owed Debt is not yours,False statements or representation
9733058,2339,C_2339,2024-08-08,Attempts to collect debt not owed,Debt is not yours,Terrill Outsourcing Group,TX,75935,Attempts to collect debt not owed Debt is not yours,attempts collect debt owed debt,21,3,Attempts to collect debt not owed Debt was paid,Attempts to collect debt not owed
9659334,2340,C_2340,2024-07-26,Threatened to contact someone or share information improperly,Talked to a third-party about your debt,Medcah Inc,HI,96795,Threatened to contact someone or share information improperly Talked to a third-party about your debt,threatened contact someone share information improperly talked thirdparty debt,19,15,Threatened to contact someone or share information improperly Talked to a third-party about your debt,Attempts to collect debt not owed
10118967,2341,C_2341,2024-09-13,Attempts to collect debt not owed,Debt is not yours,Cbv Co,GA,39813,Attempts to collect debt not owed Debt is not yours,attempts collect debt owed debt,21,3,Attempts to collect debt not owed Debt was paid,Attempts to collect debt not owed
10119612,2343,C_2343,2024-09-13,Credit monitoring or identity theft protection services,Problem canceling credit monitoring or identify theft protection service,Fidem Baltimore Holdings Llc,PA,15001,Credit monitoring or identity theft protection services Problem canceling credit monitoring or identify theft protection service,credit monitoring identity theft protection services problem canceling credit monitoring identify theft protection service,8,9,Improper use of your report Reporting company used your report improperly,Incorrect information on your report
10342034,2344,C_2344,2024-10-04,Improper use of your report,Reporting company used your report improperly,Creditors Protection Service Inc,IL,61114,Improper use of your report Reporting company used your report improperly,improper use report reporting company used report improperly,8,9,Improper use of your report Reporting company used your report improperly,Incorrect information on your report
10351342,2345,C_2345,2024-10-04,Improper use of your report,Credit inquiries on your report that you don't recognize,Wildhorse Financial Services Llc,PA,19067,Improper use of your report Credit inquiries on your report that you don't recognize,improper use report credit inquiries report dont recognize,7,12,Improper use of your report Credit inquiries on your report that you don't recognize,Trouble during payment process
10103999,2347,C_2347,2024-09-13,Attempts to collect debt not owed,Debt is not yours,Kls Financial Services Inc,NC,28215,Attempts to collect debt not owed Debt is not yours,attempts collect debt owed debt,20,8,Attempts to collect debt not owed Debt is not yours,Written notification about debt
10334399,2348,C_2348,2024-10-03,Received a loan you didn't apply for,,Huntington Debt Holding Llc,CA,92345,Received a loan you didn't apply for ,received loan didnt apply,3,6,Trouble during payment process Trying to communicate with the company to fix an issue while managing or servicing your loan,Attempts to collect debt not owed
10338972,2350,C_2350,2024-10-03,Improper use of your report,Reporting company used your report improperly,Congress Co,TX,77021,Improper use of your report Reporting company used your report improperly,improper use report reporting company used report improperly,0,11,Improper use of your report Reporting company used your report improperly,Struggling to pay mortgage
10110948,2352,C_2352,2024-09-13,False statements or representation,Attempted to collect wrong amount,Accscient Llc,GA,30328,False statements or representation Attempted to collect wrong amount,false statements representation attempted collect wrong amount,27,5,False statements or representation Attempted to collect wrong amount,Improper use of your report
10218448,2353,C_2353,2024-09-23,Closing on a mortgage,Changes in loan terms during or after closing,Barrett Financial Group Llc,AZ,85001,Closing on a mortgage Changes in loan terms during or after closing,closing mortgage changes loan terms closing,2,0,Attempts to collect debt not owed Debt is not yours,False statements or representation
10281867,2355,C_2355,2024-09-29,Attempts to collect debt not owed,Debt was paid,Green  Sons Agency Inc,WA,98645,Attempts to collect debt not owed Debt was paid,attempts collect debt owed debt paid,10,3,Attempts to collect debt not owed Debt was paid,Attempts to collect debt not owed
10388806,2357,C_2357,2024-10-08,Trouble during payment process,Trying to communicate with the company to fix an issue while managing or servicing your loan,Gitsit Solutions Llc,GA,30062,Trouble during payment process Trying to communicate with the company to fix an issue while managing or servicing your loan,trouble payment process trying communicate company fix issue managing servicing loan,3,6,Trouble during payment process Trying to communicate with the company to fix an issue while managing or servicing your loan,Attempts to collect debt not owed
9442254,2369,C_2369,2024-07-07,Attempts to collect debt not owed,Debt is not yours,Merchants  Medical Adjustment Bureau Inc,GA,31015,Attempts to collect debt not owed Debt is not yours,attempts collect debt owed debt,21,3,Attempts to collect debt not owed Debt was paid,Attempts to collect debt not owed
9627766,2375,C_2375,2024-07-26,Struggling to pay mortgage,"Trying to communicate with the company to fix an issue related to modification, forbearance, short sale, deed-in-lieu, bankruptcy, or foreclosure",Firstkey Holdings Llc,MN,55001,"Struggling to pay mortgage Trying to communicate with the company to fix an issue related to modification, forbearance, short sale, deed-in-lieu, bankruptcy, or foreclosure",struggling pay mortgage trying communicate company fix issue related modification forbearance short sale deedinlieu bankruptcy foreclosure,17,14,"Struggling to pay mortgage Trying to communicate with the company to fix an issue related to modification, forbearance, short sale, deed-in-lieu, bankruptcy, or foreclosure",Written notification about debt
9627926,2379,C_2379,2024-07-26,Problem caused by your funds being low,Non-sufficient funds and associated fees,Sandy Spring Bancorp Inc,VA,22152,Problem caused by your funds being low Non-sufficient funds and associated fees,problem caused funds low nonsufficient funds associated fees,2,0,Attempts to collect debt not owed Debt is not yours,False statements or representation
9618449,2384,C_2384,2024-07-26,Fraud or scam,,Holdco Llc,AZ,86001,Fraud or scam ,fraud scam,3,0,Attempts to collect debt not owed Debt is not yours,False statements or representation
10326238,2385,C_2385,2024-10-02,Struggling to pay your loan,,Local Management Llc,AL,36867,Struggling to pay your loan ,struggling pay loan,3,6,Trouble during payment process Trying to communicate with the company to fix an issue while managing or servicing your loan,Attempts to collect debt not owed
9619298,2386,C_2386,2024-07-26,Problem caused by your funds being low,Late or other fees,Eastern Bankshares Inc,MA,01852,Problem caused by your funds being low Late or other fees,problem caused funds low late fees,2,0,Attempts to collect debt not owed Debt is not yours,False statements or representation
10223877,2391,C_2391,2024-09-23,Problem with a company's investigation into an existing problem,Their investigation did not fix an error on your report,Grow Credit Inc,NV,89107,Problem with a company's investigation into an existing problem Their investigation did not fix an error on your report,problem companys investigation existing problem investigation fix error report,4,4,Problem with a company's investigation into an existing problem Their investigation did not fix an error on your report,Trouble during payment process
10194579,2393,C_2393,2024-09-20,Closing on a mortgage,Trying to communicate with the company to fix an issue with the loan closing,American Neighborhood Mortgage,NY,14621,Closing on a mortgage Trying to communicate with the company to fix an issue with the loan closing,closing mortgage trying communicate company fix issue loan closing,3,0,Attempts to collect debt not owed Debt is not yours,False statements or representation
10358135,2400,C_2400,2024-10-06,False statements or representation,Attempted to collect wrong amount,Centron Services,CA,93523,False statements or representation Attempted to collect wrong amount,false statements representation attempted collect wrong amount,27,5,False statements or representation Attempted to collect wrong amount,Improper use of your report
10352184,2402,C_2402,2024-10-04,Attempts to collect debt not owed,Debt was paid,Absolute Recovery Services Llc,TN,37010,Attempts to collect debt not owed Debt was paid,attempts collect debt owed debt paid,10,3,Attempts to collect debt not owed Debt was paid,Attempts to collect debt not owed
9705077,2403,C_2403,2024-08-04,Written notification about debt,Didn't receive enough information to verify debt,Absolute Credit Llc,PA,19132,Written notification about debt Didn't receive enough information to verify debt,written notification debt didnt receive enough information verify debt,11,7,Written notification about debt Didn't receive notice of right to dispute,Improper use of your report
9732367,2404,C_2404,2024-07-31,Managing an account,Deposits and withdrawals,Capitalj Inc,CA,90015,Managing an account Deposits and withdrawals,managing account deposits withdrawals,3,6,Trouble during payment process Trying to communicate with the company to fix an issue while managing or servicing your loan,Attempts to collect debt not owed
9699514,2405,C_2405,2024-08-03,Improper use of your report,Credit inquiries on your report that you don't recognize,Capital Alliance Financial Llc,MO,63001,Improper use of your report Credit inquiries on your report that you don't recognize,improper use report credit inquiries report dont recognize,7,12,Improper use of your report Credit inquiries on your report that you don't recognize,Trouble during payment process
9691444,2406,C_2406,2024-08-02,Problem with a company's investigation into an existing problem,Investigation took more than 30 days,Cathay Bank,CA,92881,Problem with a company's investigation into an existing problem Investigation took more than 30 days,problem companys investigation existing problem investigation took days,4,4,Problem with a company's investigation into an existing problem Their investigation did not fix an error on your report,Trouble during payment process
10419100,2407,C_2407,2024-10-11,Attempts to collect debt not owed,Debt was result of identity theft,Wilson Breit,OK,73114,Attempts to collect debt not owed Debt was result of identity theft,attempts collect debt owed debt result identity theft,28,3,Attempts to collect debt not owed Debt was paid,Attempts to collect debt not owed
9658808,2408,C_2408,2024-07-30,Took or threatened to take negative or legal action,Threatened or suggested your credit would be damaged,Receivable Recovery Services Llc,FL,33311,Took or threatened to take negative or legal action Threatened or suggested your credit would be damaged,took threatened take negative legal action threatened suggested credit would damaged,18,2,Took or threatened to take negative or legal action Threatened or suggested your credit would be damaged,Improper use of your report
10183793,2409,C_2409,2024-09-20,Improper use of your report,Reporting company used your report improperly,Southern Trust Mortgage Llc,VA,20040,Improper use of your report Reporting company used your report improperly,improper use report reporting company used report improperly,8,9,Improper use of your report Reporting company used your report improperly,Incorrect information on your report
9657381,2410,C_2410,2024-07-30,Took or threatened to take negative or legal action,Threatened or suggested your credit would be damaged,Convergent Resources Inc,FL,33067,Took or threatened to take negative or legal action Threatened or suggested your credit would be damaged,took threatened take negative legal action threatened suggested credit would damaged,18,2,Took or threatened to take negative or legal action Threatened or suggested your credit would be damaged,Improper use of your report
9911716,2411,C_2411,2024-08-25,Struggling to pay mortgage,"Trying to communicate with the company to fix an issue related to modification, forbearance, short sale, deed-in-lieu, bankruptcy, or foreclosure",Pacific Southwest Note Fund Llc,TX,73301,"Struggling to pay mortgage Trying to communicate with the company to fix an issue related to modification, forbearance, short sale, deed-in-lieu, bankruptcy, or foreclosure",struggling pay mortgage trying communicate company fix issue related modification forbearance short sale deedinlieu bankruptcy foreclosure,17,14,"Struggling to pay mortgage Trying to communicate with the company to fix an issue related to modification, forbearance, short sale, deed-in-lieu, bankruptcy, or foreclosure",Written notification about debt
9231148,2412,C_2412,2024-06-11,Threatened to contact someone or share information improperly,Talked to a third-party about your debt,Longhorn Asset Management Llc,TX,76365,Threatened to contact someone or share information improperly Talked to a third-party about your debt,threatened contact someone share information improperly talked thirdparty debt,19,15,Threatened to contact someone or share information improperly Talked to a third-party about your debt,Attempts to collect debt not owed
10063182,2413,C_2413,2024-09-08,Improper use of your report,Reporting company used your report improperly,A  O Recovery Solutions Llc,CA,95051,Improper use of your report Reporting company used your report improperly,improper use report reporting company used report improperly,0,11,Improper use of your report Reporting company used your report improperly,Struggling to pay mortgage
10307682,2414,C_2414,2024-10-01,Problem with a company's investigation into an existing problem,Investigation took more than 30 days,Datamax Co,NC,27616,Problem with a company's investigation into an existing problem Investigation took more than 30 days,problem companys investigation existing problem investigation took days,4,4,Problem with a company's investigation into an existing problem Their investigation did not fix an error on your report,Trouble during payment process
9645511,2415,C_2415,2024-07-29,Attempts to collect debt not owed,Debt is not yours,Kelsting Group Inc,CA,92405,Attempts to collect debt not owed Debt is not yours,attempts collect debt owed debt,20,8,Attempts to collect debt not owed Debt is not yours,Written notification about debt
10349418,2416,C_2416,2024-10-04,Attempts to collect debt not owed,Debt was result of identity theft,Midwest Receivable Solutions Llc,IL,60616,Attempts to collect debt not owed Debt was result of identity theft,attempts collect debt owed debt result identity theft,28,3,Attempts to collect debt not owed Debt was paid,Attempts to collect debt not owed
10013931,2417,C_2417,2024-08-29,Problem with the payoff process at the end of the loan,,Bliksum Llc,DE,19720,Problem with the payoff process at the end of the loan ,problem payoff process end loan,3,6,Trouble during payment process Trying to communicate with the company to fix an issue while managing or servicing your loan,Attempts to collect debt not owed
10048844,2418,C_2418,2024-09-05,Took or threatened to take negative or legal action,Threatened to sue you for very old debt,Assured Financial Partners,AR,72204,Took or threatened to take negative or legal action Threatened to sue you for very old debt,took threatened take negative legal action threatened sue old debt,13,2,Took or threatened to take negative or legal action Threatened or suggested your credit would be damaged,Improper use of your report
10315235,2419,C_2419,2024-10-01,Written notification about debt,Didn't receive notice of right to dispute,Lotane  Associates Pa,FL,32004,Written notification about debt Didn't receive notice of right to dispute,written notification debt didnt receive notice right dispute,9,7,Written notification about debt Didn't receive notice of right to dispute,Improper use of your report
10303290,2420,C_2420,2024-10-02,Incorrect information on your report,Account status incorrect,Stellarfinance Inc,LA,70726,Incorrect information on your report Account status incorrect,incorrect information report account status incorrect,14,13,Incorrect information on your report Information belongs to someone else,Incorrect information on your report
10035151,2421,C_2421,2024-09-07,Improper use of your report,Received unsolicited financial product or insurance offers after opting out,Ntfn Inc,FL,32818,Improper use of your report Received unsolicited financial product or insurance offers after opting out,improper use report received unsolicited financial product insurance offers opting,8,9,Improper use of your report Reporting company used your report improperly,Incorrect information on your report
10034610,2422,C_2422,2024-09-07,Managing the loan or lease,Billing problem,Overland Bond  Investment Co,IL,60620,Managing the loan or lease Billing problem,managing loan lease billing problem,3,6,Trouble during payment process Trying to communicate with the company to fix an issue while managing or servicing your loan,Attempts to collect debt not owed
10355288,2423,C_2423,2024-10-05,Attempts to collect debt not owed,Debt is not yours,International Recovery Associates Inc,NY,11969,Attempts to collect debt not owed Debt is not yours,attempts collect debt owed debt,20,8,Attempts to collect debt not owed Debt is not yours,Written notification about debt
9543436,2424,C_2424,2024-07-17,Problem with a company's investigation into an existing problem,Investigation took more than 30 days,Round Up Ventures Lp,MI,48187,Problem with a company's investigation into an existing problem Investigation took more than 30 days,problem companys investigation existing problem investigation took days,4,4,Problem with a company's investigation into an existing problem Their investigation did not fix an error on your report,Trouble during payment process
10300597,2425,C_2425,2024-09-30,Problem with a company's investigation into an existing problem,Difficulty submitting a dispute or getting information about a dispute over the phone,Alliant Co,MI,48001,Problem with a company's investigation into an existing problem Difficulty submitting a dispute or getting information about a dispute over the phone,problem companys investigation existing problem difficulty submitting dispute getting information dispute phone,4,4,Problem with a company's investigation into an existing problem Their investigation did not fix an error on your report,Trouble during payment process
10263832,2426,C_2426,2024-09-26,Incorrect information on your report,Account status incorrect,Red White And Blue Autos Inc,PA,18505,Incorrect information on your report Account status incorrect,incorrect information report account status incorrect,26,2,Took or threatened to take negative or legal action Threatened or suggested your credit would be damaged,Improper use of your report
10164007,2427,C_2427,2024-09-18,Applying for a mortgage or refinancing an existing mortgage,Fees or costs during the application process,Aml Funding Llc,OK,73703,Applying for a mortgage or refinancing an existing mortgage Fees or costs during the application process,applying mortgage refinancing existing mortgage fees costs application process,2,0,Attempts to collect debt not owed Debt is not yours,False statements or representation
10344347,2430,C_2430,2024-10-05,Attempts to collect debt not owed,Debt was result of identity theft,Jdj Investments Inc,TX,75070,Attempts to collect debt not owed Debt was result of identity theft,attempts collect debt owed debt result identity theft,28,3,Attempts to collect debt not owed Debt was paid,Attempts to collect debt not owed
10358139,2431,C_2431,2024-10-06,Attempts to collect debt not owed,Debt is not yours,Lanier Co,GA,30349,Attempts to collect debt not owed Debt is not yours,attempts collect debt owed debt,5,10,Attempts to collect debt not owed Debt is not yours,Attempts to collect debt not owed
10336043,2432,C_2432,2024-10-03,Problem with a company's investigation into an existing problem,Their investigation did not fix an error on your report,Apoyo Financiero Inc,CA,94589,Problem with a company's investigation into an existing problem Their investigation did not fix an error on your report,problem companys investigation existing problem investigation fix error report,4,4,Problem with a company's investigation into an existing problem Their investigation did not fix an error on your report,Trouble during payment process
10338981,2433,C_2433,2024-10-03,Trouble during payment process,Trying to communicate with the company to fix an issue while managing or servicing your loan,American Financial Resources Inc,FL,32566,Trouble during payment process Trying to communicate with the company to fix an issue while managing or servicing your loan,trouble payment process trying communicate company fix issue managing servicing loan,3,6,Trouble during payment process Trying to communicate with the company to fix an issue while managing or servicing your loan,Attempts to collect debt not owed
9841892,2434,C_2434,2024-08-12,Applying for a mortgage or refinancing an existing mortgage,Negative impact of inaccurate appraisal,State Bankshares Inc,NM,87001,Applying for a mortgage or refinancing an existing mortgage Negative impact of inaccurate appraisal,applying mortgage refinancing existing mortgage negative impact inaccurate appraisal,2,0,Attempts to collect debt not owed Debt is not yours,False statements or representation
10086280,2435,C_2435,2024-09-11,Incorrect information on your report,Account status incorrect,Capital Accounts Llc,CA,92374,Incorrect information on your report Account status incorrect,incorrect information report account status incorrect,14,13,Incorrect information on your report Information belongs to someone else,Incorrect information on your report
10088162,2436,C_2436,2024-09-11,Improper use of your report,Reporting company used your report improperly,Credit Repair Anywhere,NV,89123,Improper use of your report Reporting company used your report improperly,improper use report reporting company used report improperly,0,11,Improper use of your report Reporting company used your report improperly,Struggling to pay mortgage
10090131,2437,C_2437,2024-09-11,Written notification about debt,Didn't receive notice of right to dispute,Collins Asset Group Llc,PA,15001,Written notification about debt Didn't receive notice of right to dispute,written notification debt didnt receive notice right dispute,9,7,Written notification about debt Didn't receive notice of right to dispute,Improper use of your report
10085503,2438,C_2438,2024-09-11,Incorrect information on your report,Personal information incorrect,Innovative Co,SC,29360,Incorrect information on your report Personal information incorrect,incorrect information report personal information incorrect,3,0,Attempts to collect debt not owed Debt is not yours,False statements or representation
10087038,2439,C_2439,2024-09-11,Fraud or scam,,Tfc Group Llc,,,Fraud or scam ,fraud scam,3,0,Attempts to collect debt not owed Debt is not yours,False statements or representation
10252454,2440,C_2440,2024-09-27,Written notification about debt,Didn't receive notice of right to dispute,Collection Bureau Inc,ID,83639,Written notification about debt Didn't receive notice of right to dispute,written notification debt didnt receive notice right dispute,9,7,Written notification about debt Didn't receive notice of right to dispute,Improper use of your report
10218053,2441,C_2441,2024-09-23,Took or threatened to take negative or legal action,Threatened to sue you for very old debt,Convergence Acquisitions Llc,IA,50501,Took or threatened to take negative or legal action Threatened to sue you for very old debt,took threatened take negative legal action threatened sue old debt,3,2,Took or threatened to take negative or legal action Threatened or suggested your credit would be damaged,Improper use of your report
10094410,2442,C_2442,2024-09-05,Communication tactics,"You told them to stop contacting you, but they keep trying",Account Recovery Specialists Inc,DE,19803,"Communication tactics You told them to stop contacting you, but they keep trying",communication tactics told stop contacting keep trying,3,6,Trouble during payment process Trying to communicate with the company to fix an issue while managing or servicing your loan,Attempts to collect debt not owed
10260123,2443,C_2443,2024-09-26,Attempts to collect debt not owed,Debt is not yours,Denali Capital Holdings Llc,TX,75219,Attempts to collect debt not owed Debt is not yours,attempts collect debt owed debt,5,10,Attempts to collect debt not owed Debt is not yours,Attempts to collect debt not owed
10281627,2444,C_2444,2024-09-29,Confusing or missing disclosures,,Progrexion Holdings Inc,CA,95020,Confusing or missing disclosures ,confusing missing disclosures,26,0,Attempts to collect debt not owed Debt is not yours,False statements or representation
9659933,2445,C_2445,2024-07-30,Fraud or scam,,Openroad Financial Services Inc,NV,89122,Fraud or scam ,fraud scam,3,0,Attempts to collect debt not owed Debt is not yours,False statements or representation
10226178,2446,C_2446,2024-09-24,Trouble during payment process,Trying to communicate with the company to fix an issue while managing or servicing your loan,Weststar Mortgage Co,AL,35907,Trouble during payment process Trying to communicate with the company to fix an issue while managing or servicing your loan,trouble payment process trying communicate company fix issue managing servicing loan,3,6,Trouble during payment process Trying to communicate with the company to fix an issue while managing or servicing your loan,Attempts to collect debt not owed
10225285,2447,C_2447,2024-09-24,Attempts to collect debt not owed,Debt was result of identity theft,Credit Management Services Inc,NE,69301,Attempts to collect debt not owed Debt was result of identity theft,attempts collect debt owed debt result identity theft,28,3,Attempts to collect debt not owed Debt was paid,Attempts to collect debt not owed
10227445,2448,C_2448,2024-09-24,Incorrect information on your report,Account information incorrect,National Auto Lenders Inc,FL,32712,Incorrect information on your report Account information incorrect,incorrect information report account information incorrect,13,2,Took or threatened to take negative or legal action Threatened or suggested your credit would be damaged,Improper use of your report
10228812,2449,C_2449,2024-09-24,Incorrect information on your report,Information belongs to someone else,Consolidated Recovery Group Llc,GA,30135,Incorrect information on your report Information belongs to someone else,incorrect information report information belongs someone else,12,13,Incorrect information on your report Information belongs to someone else,Incorrect information on your report
10230212,2450,C_2450,2024-09-24,Attempts to collect debt not owed,Debt is not yours,Muskegon Car Credit Inc,MI,48326,Attempts to collect debt not owed Debt is not yours,attempts collect debt owed debt,20,8,Attempts to collect debt not owed Debt is not yours,Written notification about debt
10220717,2451,C_2451,2024-09-23,Attempts to collect debt not owed,Debt is not yours,Balanced Healthcare Receivables Llc,FL,32779,Attempts to collect debt not owed Debt is not yours,attempts collect debt owed debt,23,0,Attempts to collect debt not owed Debt is not yours,False statements or representation
10206130,2452,C_2452,2024-09-22,Incorrect information on your report,Information belongs to someone else,Eagle Financial Services Inc,IN,46176,Incorrect information on your report Information belongs to someone else,incorrect information report information belongs someone else,12,13,Incorrect information on your report Information belongs to someone else,Incorrect information on your report
10207616,2454,C_2454,2024-09-22,Improper use of your report,Credit inquiries on your report that you don't recognize,Keystone Lending Alliance Llc,PA,15210,Improper use of your report Credit inquiries on your report that you don't recognize,improper use report credit inquiries report dont recognize,24,12,Improper use of your report Credit inquiries on your report that you don't recognize,Trouble during payment process
9998854,2455,C_2455,2024-09-04,Attempts to collect debt not owed,Debt is not yours,Keybridge Medical Revenue Management,IN,46013,Attempts to collect debt not owed Debt is not yours,attempts collect debt owed debt,5,10,Attempts to collect debt not owed Debt is not yours,Attempts to collect debt not owed
10175262,2456,C_2456,2024-09-19,Issue where my lender is my school,Issues with fees connected to the loan,Acs Education Services,GA,30082,Issue where my lender is my school Issues with fees connected to the loan,issue lender school issues fees connected loan,3,6,Trouble during payment process Trying to communicate with the company to fix an issue while managing or servicing your loan,Attempts to collect debt not owed
10324069,2457,C_2457,2024-10-02,Trouble during payment process,Payment process,South Carolina State Housing Finance And Development Authority,SC,29001,Trouble during payment process Payment process,trouble payment process payment process,3,6,Trouble during payment process Trying to communicate with the company to fix an issue while managing or servicing your loan,Attempts to collect debt not owed
10349975,2458,C_2458,2024-10-03,Written notification about debt,Didn't receive enough information to verify debt,Brennan  Clark Ltd Llc,HI,96701,Written notification about debt Didn't receive enough information to verify debt,written notification debt didnt receive enough information verify debt,16,16,Written notification about debt Didn't receive enough information to verify debt,Trouble during payment process
10277642,2459,C_2459,2024-09-30,Written notification about debt,Didn't receive enough information to verify debt,Revenue Cycle Management Co,FL,33147,Written notification about debt Didn't receive enough information to verify debt,written notification debt didnt receive enough information verify debt,16,16,Written notification about debt Didn't receive enough information to verify debt,Trouble during payment process
10045241,2460,C_2460,2024-09-05,Written notification about debt,Didn't receive notice of right to dispute,Results Unlimited Inc,VA,22191,Written notification about debt Didn't receive notice of right to dispute,written notification debt didnt receive notice right dispute,9,7,Written notification about debt Didn't receive notice of right to dispute,Improper use of your report
10285264,2462,C_2462,2024-09-29,Incorrect information on your report,Information belongs to someone else,Lbgray Llc A Debt Co,FL,32303,Incorrect information on your report Information belongs to someone else,incorrect information report information belongs someone else,12,13,Incorrect information on your report Information belongs to someone else,Incorrect information on your report
10257534,2464,C_2464,2024-09-26,False statements or representation,Attempted to collect wrong amount,Collection Co,CA,90038,False statements or representation Attempted to collect wrong amount,false statements representation attempted collect wrong amount,27,5,False statements or representation Attempted to collect wrong amount,Improper use of your report
10303328,2466,C_2466,2024-10-02,Problem with a company's investigation into an existing problem,Their investigation did not fix an error on your report,Mid Florida Financing Llc,GA,30157,Problem with a company's investigation into an existing problem Their investigation did not fix an error on your report,problem companys investigation existing problem investigation fix error report,4,4,Problem with a company's investigation into an existing problem Their investigation did not fix an error on your report,Trouble during payment process
10465404,2467,C_2467,2024-10-15,Managing the loan or lease,Billing problem,Adonis Auto Group Llc,FL,32114,Managing the loan or lease Billing problem,managing loan lease billing problem,3,6,Trouble during payment process Trying to communicate with the company to fix an issue while managing or servicing your loan,Attempts to collect debt not owed
10037987,2468,C_2468,2024-09-06,Attempts to collect debt not owed,Debt was result of identity theft,International Co,MO,63115,Attempts to collect debt not owed Debt was result of identity theft,attempts collect debt owed debt result identity theft,15,1,Attempts to collect debt not owed Debt was result of identity theft,Struggling to pay mortgage
10040679,2469,C_2469,2024-09-06,Attempts to collect debt not owed,Debt is not yours,United Portfolio Co,TX,76013,Attempts to collect debt not owed Debt is not yours,attempts collect debt owed debt,23,0,Attempts to collect debt not owed Debt is not yours,False statements or representation
10237644,2471,C_2471,2024-09-25,Improper use of your report,Credit inquiries on your report that you don't recognize,Excel Finance Co,TX,78539,Improper use of your report Credit inquiries on your report that you don't recognize,improper use report credit inquiries report dont recognize,7,12,Improper use of your report Credit inquiries on your report that you don't recognize,Trouble during payment process
10358958,2472,C_2472,2024-10-05,Improper use of your report,Credit inquiries on your report that you don't recognize,Milend Inc,MA,02186,Improper use of your report Credit inquiries on your report that you don't recognize,improper use report credit inquiries report dont recognize,7,12,Improper use of your report Credit inquiries on your report that you don't recognize,Trouble during payment process
10247838,2473,C_2473,2024-09-25,Attempts to collect debt not owed,Debt was result of identity theft,Capital Llc,GA,30337,Attempts to collect debt not owed Debt was result of identity theft,attempts collect debt owed debt result identity theft,28,3,Attempts to collect debt not owed Debt was paid,Attempts to collect debt not owed
10268650,2479,C_2479,2024-09-27,Took or threatened to take negative or legal action,Sued you without properly notifying you of lawsuit,Pharus Funding Llc,MS,38601,Took or threatened to take negative or legal action Sued you without properly notifying you of lawsuit,took threatened take negative legal action sued without properly notifying lawsuit,13,2,Took or threatened to take negative or legal action Threatened or suggested your credit would be damaged,Improper use of your report
10254949,2480,C_2480,2024-09-26,Improper use of your report,Reporting company used your report improperly,Cogent Road Inc,NC,28215,Improper use of your report Reporting company used your report improperly,improper use report reporting company used report improperly,8,9,Improper use of your report Reporting company used your report improperly,Incorrect information on your report
10292871,2481,C_2481,2024-09-30,Struggling to pay your loan,Denied request to lower payments,Keith D Weiner  Associates Co,KY,40003,Struggling to pay your loan Denied request to lower payments,struggling pay loan denied request lower payments,3,6,Trouble during payment process Trying to communicate with the company to fix an issue while managing or servicing your loan,Attempts to collect debt not owed
9879408,2482,C_2482,2024-08-21,Written notification about debt,Didn't receive enough information to verify debt,Atchison Account Management,MO,64151,Written notification about debt Didn't receive enough information to verify debt,written notification debt didnt receive enough information verify debt,11,7,Written notification about debt Didn't receive notice of right to dispute,Improper use of your report
10320077,2483,C_2483,2024-10-02,False statements or representation,Attempted to collect wrong amount,Kehoe Financial Group Llc,NY,10001,False statements or representation Attempted to collect wrong amount,false statements representation attempted collect wrong amount,27,5,False statements or representation Attempted to collect wrong amount,Improper use of your report
9603955,2484,C_2484,2024-07-24,Took or threatened to take negative or legal action,Seized or attempted to seize your property,Fein Such Kahn  Shepard Pc,NJ,07052,Took or threatened to take negative or legal action Seized or attempted to seize your property,took threatened take negative legal action seized attempted seize property,29,0,Attempts to collect debt not owed Debt is not yours,False statements or representation
10267412,2485,C_2485,2024-09-27,Attempts to collect debt not owed,Debt is not yours,Pacific Retrieval Llc,CA,93307,Attempts to collect debt not owed Debt is not yours,attempts collect debt owed debt,20,8,Attempts to collect debt not owed Debt is not yours,Written notification about debt
10123905,2486,C_2486,2024-09-14,Improper use of your report,Reporting company used your report improperly,Revolution Financial Inc,VA,20176,Improper use of your report Reporting company used your report improperly,improper use report reporting company used report improperly,0,11,Improper use of your report Reporting company used your report improperly,Struggling to pay mortgage
10321914,2488,C_2488,2024-10-02,Improper use of your report,Reporting company used your report improperly,North Shore Equities Inc,NY,10001,Improper use of your report Reporting company used your report improperly,improper use report reporting company used report improperly,0,11,Improper use of your report Reporting company used your report improperly,Struggling to pay mortgage
10345418,2489,C_2489,2024-10-04,Problem with the payoff process at the end of the loan,,Tesoro Financial Llc,GA,30093,Problem with the payoff process at the end of the loan ,problem payoff process end loan,3,6,Trouble during payment process Trying to communicate with the company to fix an issue while managing or servicing your loan,Attempts to collect debt not owed
10321033,2490,C_2490,2024-10-02,Written notification about debt,Notification didn't disclose it was an attempt to collect a debt,Capstone Credit Co,FL,32004,Written notification about debt Notification didn't disclose it was an attempt to collect a debt,written notification debt notification didnt disclose attempt collect debt,9,0,Attempts to collect debt not owed Debt is not yours,False statements or representation
9381213,2491,C_2491,2024-06-28,Didn't provide services promised,,Dmb Financial Llc,IN,46001,Didn't provide services promised ,didnt provide services promised,3,0,Attempts to collect debt not owed Debt is not yours,False statements or representation
10322685,2492,C_2492,2024-10-02,Attempts to collect debt not owed,Debt is not yours,Taxserv Llc,WA,98001,Attempts to collect debt not owed Debt is not yours,attempts collect debt owed debt,5,10,Attempts to collect debt not owed Debt is not yours,Attempts to collect debt not owed
10015379,2493,C_2493,2024-09-04,False statements or representation,"Impersonated attorney, law enforcement, or government official",Cica Co,PR,00730,"False statements or representation Impersonated attorney, law enforcement, or government official",false statements representation impersonated attorney law enforcement government official,3,0,Attempts to collect debt not owed Debt is not yours,False statements or representation
10338783,2495,C_2495,2024-10-03,Attempts to collect debt not owed,Debt was paid,Npas Inc,MO,63001,Attempts to collect debt not owed Debt was paid,attempts collect debt owed debt paid,10,0,Attempts to collect debt not owed Debt is not yours,False statements or representation
9362147,2496,C_2496,2024-06-27,Problem with a purchase shown on your statement,Card was charged for something you did not purchase with the card,Curevl Llc,CO,80238,Problem with a purchase shown on your statement Card was charged for something you did not purchase with the card,problem purchase shown statement card charged something purchase card,3,6,Trouble during payment process Trying to communicate with the company to fix an issue while managing or servicing your loan,Attempts to collect debt not owed
10231834,2497,C_2497,2024-09-24,Written notification about debt,Didn't receive notice of right to dispute,United Resource Systems Inc,CA,92646,Written notification about debt Didn't receive notice of right to dispute,written notification debt didnt receive notice right dispute,9,7,Written notification about debt Didn't receive notice of right to dispute,Improper use of your report
10269588,2498,C_2498,2024-09-27,Threatened to contact someone or share information improperly,Talked to a third-party about your debt,Chainlink Services Llc,UT,84601,Threatened to contact someone or share information improperly Talked to a third-party about your debt,threatened contact someone share information improperly talked thirdparty debt,19,15,Threatened to contact someone or share information improperly Talked to a third-party about your debt,Attempts to collect debt not owed
10429346,2499,C_2499,2024-10-11,Attempts to collect debt not owed,Debt was paid,Armada Co,WA,98043,Attempts to collect debt not owed Debt was paid,attempts collect debt owed debt paid,10,0,Attempts to collect debt not owed Debt is not yours,False statements or representation
10188662,2500,C_2500,2024-09-20,Dealing with your lender or servicer,Received bad information about your loan,Stratus Financial Llc,UT,84045,Dealing with your lender or servicer Received bad information about your loan,dealing lender servicer received bad information loan,3,0,Attempts to collect debt not owed Debt is not yours,False statements or representation
10047859,2501,C_2501,2024-09-05,Trouble during payment process,Paying off the loan,Guaranteed Home Mortgage Co,IL,60620,Trouble during payment process Paying off the loan,trouble payment process paying loan,3,6,Trouble during payment process Trying to communicate with the company to fix an issue while managing or servicing your loan,Attempts to collect debt not owed
9960312,2503,C_2503,2024-08-30,False statements or representation,Attempted to collect wrong amount,Clayton Autos Inc,TN,37920,False statements or representation Attempted to collect wrong amount,false statements representation attempted collect wrong amount,6,5,False statements or representation Attempted to collect wrong amount,Improper use of your report
10281987,2504,C_2504,2024-09-29,Written notification about debt,Didn't receive enough information to verify debt,Milby Law Offices Pa,KS,66002,Written notification about debt Didn't receive enough information to verify debt,written notification debt didnt receive enough information verify debt,16,16,Written notification about debt Didn't receive enough information to verify debt,Trouble during payment process
10336471,2505,C_2505,2024-10-03,Improper use of your report,Reporting company used your report improperly,Lowcountry Credit Inc,SC,29486,Improper use of your report Reporting company used your report improperly,improper use report reporting company used report improperly,8,9,Improper use of your report Reporting company used your report improperly,Incorrect information on your report
10460312,2507,C_2507,2024-10-15,Threatened to contact someone or share information improperly,Contacted you after you asked them to stop,Spina  Lavelle Pc,AL,36067,Threatened to contact someone or share information improperly Contacted you after you asked them to stop,threatened contact someone share information improperly contacted asked stop,19,15,Threatened to contact someone or share information improperly Talked to a third-party about your debt,Attempts to collect debt not owed
10126440,2508,C_2508,2024-09-14,Problem with fraud alerts or security freezes,,Webcollex Llc,NV,89107,Problem with fraud alerts or security freezes ,problem fraud alerts security freezes,3,0,Attempts to collect debt not owed Debt is not yours,False statements or representation
10308459,2509,C_2509,2024-10-01,Trouble during payment process,Loan sold or transferred to another company,Zillow Group Inc,CA,95966,Trouble during payment process Loan sold or transferred to another company,trouble payment process loan sold transferred another company,3,6,Trouble during payment process Trying to communicate with the company to fix an issue while managing or servicing your loan,Attempts to collect debt not owed
10024610,2512,C_2512,2024-09-04,Other transaction problem,,Digital Currency Group Inc,GA,30157,Other transaction problem ,transaction problem,3,6,Trouble during payment process Trying to communicate with the company to fix an issue while managing or servicing your loan,Attempts to collect debt not owed
10003039,2513,C_2513,2024-09-03,Dealing with your lender or servicer,Received bad information about your loan,Manhattan Beach Venture Llc,VA,23666,Dealing with your lender or servicer Received bad information about your loan,dealing lender servicer received bad information loan,3,0,Attempts to collect debt not owed Debt is not yours,False statements or representation
10217219,2514,C_2514,2024-09-24,Improper use of your report,Credit inquiries on your report that you don't recognize,Model Finance Co,CA,90036,Improper use of your report Credit inquiries on your report that you don't recognize,improper use report credit inquiries report dont recognize,24,12,Improper use of your report Credit inquiries on your report that you don't recognize,Trouble during payment process
10130607,2515,C_2515,2024-09-15,Incorrect information on your report,Account status incorrect,First Home Mortgage Co,MD,20331,Incorrect information on your report Account status incorrect,incorrect information report account status incorrect,26,2,Took or threatened to take negative or legal action Threatened or suggested your credit would be damaged,Improper use of your report
10243714,2516,C_2516,2024-09-25,Took or threatened to take negative or legal action,Threatened or suggested your credit would be damaged,Bright Side Loans Llc,MO,65401,Took or threatened to take negative or legal action Threatened or suggested your credit would be damaged,took threatened take negative legal action threatened suggested credit would damaged,18,2,Took or threatened to take negative or legal action Threatened or suggested your credit would be damaged,Improper use of your report
10226192,2517,C_2517,2024-09-24,Loan payment wasn't credited to your account,,Activehours,CA,94590,Loan payment wasn't credited to your account ,loan payment wasnt credited account,3,6,Trouble during payment process Trying to communicate with the company to fix an issue while managing or servicing your loan,Attempts to collect debt not owed
10305433,2518,C_2518,2024-10-01,False statements or representation,Attempted to collect wrong amount,Tenet Healthcare Co,TX,78247,False statements or representation Attempted to collect wrong amount,false statements representation attempted collect wrong amount,6,5,False statements or representation Attempted to collect wrong amount,Improper use of your report
9638421,2519,C_2519,2024-07-28,Problems at the end of the loan or lease,Problem with paying off the loan,Bayside Credit,AZ,85323,Problems at the end of the loan or lease Problem with paying off the loan,problems end loan lease problem paying loan,3,6,Trouble during payment process Trying to communicate with the company to fix an issue while managing or servicing your loan,Attempts to collect debt not owed
10258061,2520,C_2520,2024-09-26,Managing an account,Banking errors,Ubs Bank Usa,AZ,86327,Managing an account Banking errors,managing account banking errors,3,6,Trouble during payment process Trying to communicate with the company to fix an issue while managing or servicing your loan,Attempts to collect debt not owed
10178075,2521,C_2521,2024-09-19,Written notification about debt,Didn't receive notice of right to dispute,Ncp Holdings Lp,TX,76206,Written notification about debt Didn't receive notice of right to dispute,written notification debt didnt receive notice right dispute,9,7,Written notification about debt Didn't receive notice of right to dispute,Improper use of your report
10220162,2522,C_2522,2024-09-23,Didn't provide services promised,,Financial Freedom Group Llc,TX,75080,Didn't provide services promised ,didnt provide services promised,3,0,Attempts to collect debt not owed Debt is not yours,False statements or representation
10319885,2523,C_2523,2024-10-02,Attempts to collect debt not owed,Debt was paid,Community Cash Management Co,ME,04073,Attempts to collect debt not owed Debt was paid,attempts collect debt owed debt paid,10,3,Attempts to collect debt not owed Debt was paid,Attempts to collect debt not owed
10311363,2524,C_2524,2024-10-01,Attempts to collect debt not owed,Debt is not yours,Professional Co,GA,31088,Attempts to collect debt not owed Debt is not yours,attempts collect debt owed debt,23,0,Attempts to collect debt not owed Debt is not yours,False statements or representation
10285157,2525,C_2525,2024-09-29,Incorrect information on your report,Information belongs to someone else,Citizens Savings  Loan Co,TN,37321,Incorrect information on your report Information belongs to someone else,incorrect information report information belongs someone else,12,13,Incorrect information on your report Information belongs to someone else,Incorrect information on your report
10255352,2526,C_2526,2024-09-26,Written notification about debt,Didn't receive enough information to verify debt,Compass Recovery Group Llc,AL,35004,Written notification about debt Didn't receive enough information to verify debt,written notification debt didnt receive enough information verify debt,11,7,Written notification about debt Didn't receive notice of right to dispute,Improper use of your report
10213722,2527,C_2527,2024-09-24,Problem with a lender or other company charging your account,Transaction was not authorized,Strategic Alliances Inc,GA,30606,Problem with a lender or other company charging your account Transaction was not authorized,problem lender company charging account transaction authorized,3,0,Attempts to collect debt not owed Debt is not yours,False statements or representation
10206098,2528,C_2528,2024-09-22,Dealing with your lender or servicer,Received bad information about your loan,Lincoln Educational Services Co,NY,11520,Dealing with your lender or servicer Received bad information about your loan,dealing lender servicer received bad information loan,3,0,Attempts to collect debt not owed Debt is not yours,False statements or representation
10312288,2529,C_2529,2024-09-30,Dealing with your lender or servicer,Trouble with how payments are being handled,Higher Education Student Assistance Authority Hesaa,NJ,07091,Dealing with your lender or servicer Trouble with how payments are being handled,dealing lender servicer trouble payments handled,3,0,Attempts to collect debt not owed Debt is not yours,False statements or representation
10195295,2530,C_2530,2024-09-20,Written notification about debt,Didn't receive notice of right to dispute,Center Street Finance Lp Dba Csf Servicing,FL,33311,Written notification about debt Didn't receive notice of right to dispute,written notification debt didnt receive notice right dispute,9,7,Written notification about debt Didn't receive notice of right to dispute,Improper use of your report
10190566,2531,C_2531,2024-09-20,Fraud or scam,,Atlanta Check Cashers Inc,IL,60527,Fraud or scam ,fraud scam,3,0,Attempts to collect debt not owed Debt is not yours,False statements or representation
10106659,2533,C_2533,2024-09-12,Unable to get your credit report or credit score,Other problem getting your report or credit score,Dollar Mutual Bancorp,PA,15001,Unable to get your credit report or credit score Other problem getting your report or credit score,unable get credit report credit score problem getting report credit score,7,12,Improper use of your report Credit inquiries on your report that you don't recognize,Trouble during payment process
10172936,2534,C_2534,2024-09-19,Took or threatened to take negative or legal action,Sued you without properly notifying you of lawsuit,Ratchford Law Group Pc,PA,19082,Took or threatened to take negative or legal action Sued you without properly notifying you of lawsuit,took threatened take negative legal action sued without properly notifying lawsuit,13,2,Took or threatened to take negative or legal action Threatened or suggested your credit would be damaged,Improper use of your report
8672235,2535,C_2535,2024-04-01,Fraud or scam,,Layer Financial Inc,MN,55124,Fraud or scam ,fraud scam,3,0,Attempts to collect debt not owed Debt is not yours,False statements or representation
10177320,2536,C_2536,2024-09-19,Charged fees or interest you didn't expect,,Crow Creek Sioux Tribe,WA,98105,Charged fees or interest you didn't expect ,charged fees interest didnt expect,1,6,Trouble during payment process Trying to communicate with the company to fix an issue while managing or servicing your loan,Attempts to collect debt not owed
10242325,2537,C_2537,2024-09-25,Communication tactics,Frequent or repeated calls,Kramer  Frank Pc,MO,63090,Communication tactics Frequent or repeated calls,communication tactics frequent repeated calls,3,1,Attempts to collect debt not owed Debt was result of identity theft,Struggling to pay mortgage
10161812,2538,C_2538,2024-09-18,Didn't provide services promised,,Palisade Legal Group Pllc,RI,02904,Didn't provide services promised ,didnt provide services promised,3,0,Attempts to collect debt not owed Debt is not yours,False statements or representation
10411946,2539,C_2539,2024-10-10,False statements or representation,Attempted to collect wrong amount,Armcon Co,CA,91765,False statements or representation Attempted to collect wrong amount,false statements representation attempted collect wrong amount,27,5,False statements or representation Attempted to collect wrong amount,Improper use of your report
10013453,2541,C_2541,2024-09-04,Attempts to collect debt not owed,Debt was paid,Patrick A Carey Pa,FL,33713,Attempts to collect debt not owed Debt was paid,attempts collect debt owed debt paid,10,3,Attempts to collect debt not owed Debt was paid,Attempts to collect debt not owed
9935973,2542,C_2542,2024-08-27,Closing on a mortgage,Changes in loan terms during or after closing,Mortgage Inc,FL,33990,Closing on a mortgage Changes in loan terms during or after closing,closing mortgage changes loan terms closing,2,0,Attempts to collect debt not owed Debt is not yours,False statements or representation
10324689,2543,C_2543,2024-10-02,Communication tactics,"You told them to stop contacting you, but they keep trying",Evergreen Professional Recoveries Inc,WA,98059,"Communication tactics You told them to stop contacting you, but they keep trying",communication tactics told stop contacting keep trying,3,6,Trouble during payment process Trying to communicate with the company to fix an issue while managing or servicing your loan,Attempts to collect debt not owed
10348713,2544,C_2544,2024-10-04,Attempts to collect debt not owed,Debt is not yours,Everi Payments Inc,FL,32780,Attempts to collect debt not owed Debt is not yours,attempts collect debt owed debt,5,10,Attempts to collect debt not owed Debt is not yours,Attempts to collect debt not owed
10326947,2545,C_2545,2024-10-02,False statements or representation,Attempted to collect wrong amount,Palm Beach Credit Adjustors Inc,FL,33409,False statements or representation Attempted to collect wrong amount,false statements representation attempted collect wrong amount,6,5,False statements or representation Attempted to collect wrong amount,Improper use of your report
10237684,2546,C_2546,2024-09-25,Improper use of your report,Reporting company used your report improperly,Credit Reporting Services Llc,PA,17745,Improper use of your report Reporting company used your report improperly,improper use report reporting company used report improperly,8,9,Improper use of your report Reporting company used your report improperly,Incorrect information on your report
9525882,2547,C_2547,2024-07-16,Applying for a mortgage or refinancing an existing mortgage,Loan estimate or other related disclosures,Hillcrest Capital Llc,TX,77340,Applying for a mortgage or refinancing an existing mortgage Loan estimate or other related disclosures,applying mortgage refinancing existing mortgage loan estimate related disclosures,26,0,Attempts to collect debt not owed Debt is not yours,False statements or representation
8607446,2548,C_2548,2024-03-22,Charged fees or interest you didn't expect,,Flat Six Holdings Inc,TX,75217,Charged fees or interest you didn't expect ,charged fees interest didnt expect,1,6,Trouble during payment process Trying to communicate with the company to fix an issue while managing or servicing your loan,Attempts to collect debt not owed
9948889,2549,C_2549,2024-08-28,Took or threatened to take negative or legal action,Threatened to sue you for very old debt,Regional Recovery Services,KS,66216,Took or threatened to take negative or legal action Threatened to sue you for very old debt,took threatened take negative legal action threatened sue old debt,13,2,Took or threatened to take negative or legal action Threatened or suggested your credit would be damaged,Improper use of your report
9927877,2551,C_2551,2024-08-26,Attempts to collect debt not owed,Debt was paid,Rsvp Lending Llc,AL,35043,Attempts to collect debt not owed Debt was paid,attempts collect debt owed debt paid,10,3,Attempts to collect debt not owed Debt was paid,Attempts to collect debt not owed
9833619,2552,C_2552,2024-08-17,Attempts to collect debt not owed,Debt is not yours,Receivables Management Group Inc,GA,30318,Attempts to collect debt not owed Debt is not yours,attempts collect debt owed debt,20,8,Attempts to collect debt not owed Debt is not yours,Written notification about debt
9899816,2553,C_2553,2024-08-24,Communication tactics,Frequent or repeated calls,Recovery Partners Llc,CA,95148,Communication tactics Frequent or repeated calls,communication tactics frequent repeated calls,3,1,Attempts to collect debt not owed Debt was result of identity theft,Struggling to pay mortgage
10325286,2555,C_2555,2024-10-02,Fraud or scam,,Moneytree Inc,NV,89122,Fraud or scam ,fraud scam,3,0,Attempts to collect debt not owed Debt is not yours,False statements or representation
10318374,2556,C_2556,2024-10-03,Attempts to collect debt not owed,Debt was result of identity theft,Psc Inc,FL,33823,Attempts to collect debt not owed Debt was result of identity theft,attempts collect debt owed debt result identity theft,15,1,Attempts to collect debt not owed Debt was result of identity theft,Struggling to pay mortgage
10334717,2557,C_2557,2024-10-02,Applying for a mortgage or refinancing an existing mortgage,Trying to communicate with the company to fix an issue with the application process,Point Digital Finance Inc,CA,92807,Applying for a mortgage or refinancing an existing mortgage Trying to communicate with the company to fix an issue with the application process,applying mortgage refinancing existing mortgage trying communicate company fix issue application process,3,0,Attempts to collect debt not owed Debt is not yours,False statements or representation
10204919,2558,C_2558,2024-09-23,Improper use of your report,Credit inquiries on your report that you don't recognize,Royal United Mortgage Llc,GA,30052,Improper use of your report Credit inquiries on your report that you don't recognize,improper use report credit inquiries report dont recognize,7,12,Improper use of your report Credit inquiries on your report that you don't recognize,Trouble during payment process
10279370,2559,C_2559,2024-09-29,Struggling to pay mortgage,Foreclosure,Volunteer Mortgage Loan Servicing,TN,37207,Struggling to pay mortgage Foreclosure,struggling pay mortgage foreclosure,17,14,"Struggling to pay mortgage Trying to communicate with the company to fix an issue related to modification, forbearance, short sale, deed-in-lieu, bankruptcy, or foreclosure",Written notification about debt
10283742,2560,C_2560,2024-09-29,Attempts to collect debt not owed,Debt is not yours,Mortgage Center Lc,MI,48093,Attempts to collect debt not owed Debt is not yours,attempts collect debt owed debt,5,10,Attempts to collect debt not owed Debt is not yours,Attempts to collect debt not owed
10138066,2561,C_2561,2024-09-16,Closing on a mortgage,Trying to communicate with the company to fix an issue with the loan closing,Michigan Mutual Inc,DC,20019,Closing on a mortgage Trying to communicate with the company to fix an issue with the loan closing,closing mortgage trying communicate company fix issue loan closing,3,0,Attempts to collect debt not owed Debt is not yours,False statements or representation
10162001,2563,C_2563,2024-09-18,False statements or representation,Indicated you were committing crime by not paying debt,Royal Pacific Funding Co,CA,91765,False statements or representation Indicated you were committing crime by not paying debt,false statements representation indicated committing crime paying debt,3,0,Attempts to collect debt not owed Debt is not yours,False statements or representation
9939183,2564,C_2564,2024-08-27,Took or threatened to take negative or legal action,Threatened to sue you for very old debt,Medical Recovery Services Llc,ID,83276,Took or threatened to take negative or legal action Threatened to sue you for very old debt,took threatened take negative legal action threatened sue old debt,13,2,Took or threatened to take negative or legal action Threatened or suggested your credit would be damaged,Improper use of your report
9658332,2565,C_2565,2024-07-30,Closing an account,Company closed your account,Betterment Llc,CA,94102,Closing an account Company closed your account,closing account company closed account,3,6,Trouble during payment process Trying to communicate with the company to fix an issue while managing or servicing your loan,Attempts to collect debt not owed
9976028,2566,C_2566,2024-08-31,Took or threatened to take negative or legal action,Threatened or suggested your credit would be damaged,Consumer Receivables Management Llc,MI,48346,Took or threatened to take negative or legal action Threatened or suggested your credit would be damaged,took threatened take negative legal action threatened suggested credit would damaged,18,2,Took or threatened to take negative or legal action Threatened or suggested your credit would be damaged,Improper use of your report
10242023,2568,C_2568,2024-09-25,Received a loan you didn't apply for,,Global Processing Services Llc,PA,15001,Received a loan you didn't apply for ,received loan didnt apply,3,6,Trouble during payment process Trying to communicate with the company to fix an issue while managing or servicing your loan,Attempts to collect debt not owed
10079304,2569,C_2569,2024-09-10,Communication tactics,Frequent or repeated calls,Toledo Finance Co,TX,77515,Communication tactics Frequent or repeated calls,communication tactics frequent repeated calls,3,1,Attempts to collect debt not owed Debt was result of identity theft,Struggling to pay mortgage
10193169,2570,C_2570,2024-09-20,Improper use of your report,Reporting company used your report improperly,Dakota Financial Llc,GA,30043,Improper use of your report Reporting company used your report improperly,improper use report reporting company used report improperly,0,11,Improper use of your report Reporting company used your report improperly,Struggling to pay mortgage
9987522,2572,C_2572,2024-09-02,Improper use of your report,Reporting company used your report improperly,Collection Services Inc,MA,01001,Improper use of your report Reporting company used your report improperly,improper use report reporting company used report improperly,0,11,Improper use of your report Reporting company used your report improperly,Struggling to pay mortgage
9994880,2573,C_2573,2024-09-02,Incorrect information on your report,Information belongs to someone else,Northern Ohio Investment Co,GA,30060,Incorrect information on your report Information belongs to someone else,incorrect information report information belongs someone else,12,13,Incorrect information on your report Information belongs to someone else,Incorrect information on your report
9936818,2574,C_2574,2024-08-27,Took or threatened to take negative or legal action,Threatened to sue you for very old debt,Knight  Hooper Pllc,TX,76039,Took or threatened to take negative or legal action Threatened to sue you for very old debt,took threatened take negative legal action threatened sue old debt,13,2,Took or threatened to take negative or legal action Threatened or suggested your credit would be damaged,Improper use of your report
10141000,2576,C_2576,2024-09-16,Applying for a mortgage or refinancing an existing mortgage,Loan estimate or other related disclosures,My Mortgage Inc,MD,20774,Applying for a mortgage or refinancing an existing mortgage Loan estimate or other related disclosures,applying mortgage refinancing existing mortgage loan estimate related disclosures,26,0,Attempts to collect debt not owed Debt is not yours,False statements or representation
10124194,2578,C_2578,2024-09-14,Attempts to collect debt not owed,Debt was result of identity theft,Account Resolution Co,MO,63943,Attempts to collect debt not owed Debt was result of identity theft,attempts collect debt owed debt result identity theft,28,3,Attempts to collect debt not owed Debt was paid,Attempts to collect debt not owed
10300385,2579,C_2579,2024-09-30,Incorrect information on your report,Account status incorrect,Tidewater Finance Co,NC,27006,Incorrect information on your report Account status incorrect,incorrect information report account status incorrect,14,13,Incorrect information on your report Information belongs to someone else,Incorrect information on your report
9259086,2580,C_2580,2024-06-15,Attempts to collect debt not owed,Debt is not yours,Cloud Willis  Ellis Llc,GA,30281,Attempts to collect debt not owed Debt is not yours,attempts collect debt owed debt,5,10,Attempts to collect debt not owed Debt is not yours,Attempts to collect debt not owed
10109637,2581,C_2581,2024-09-13,Attempts to collect debt not owed,Debt is not yours,Lawson Hamilton  Associates,CA,90022,Attempts to collect debt not owed Debt is not yours,attempts collect debt owed debt,23,0,Attempts to collect debt not owed Debt is not yours,False statements or representation
10135869,2582,C_2582,2024-09-16,Closing on a mortgage,Changes in loan terms during or after closing,Provident Funding Associates,PA,15001,Closing on a mortgage Changes in loan terms during or after closing,closing mortgage changes loan terms closing,2,0,Attempts to collect debt not owed Debt is not yours,False statements or representation
8395777,2584,C_2584,2024-02-22,Didn't provide services promised,,Cordoba Legal Group Pllc,IL,60473,Didn't provide services promised ,didnt provide services promised,3,0,Attempts to collect debt not owed Debt is not yours,False statements or representation
10106470,2585,C_2585,2024-09-12,Written notification about debt,Didn't receive enough information to verify debt,Pappas Hayden Westberg  Jackson Pc,MO,63033,Written notification about debt Didn't receive enough information to verify debt,written notification debt didnt receive enough information verify debt,11,7,Written notification about debt Didn't receive notice of right to dispute,Improper use of your report
10147103,2587,C_2587,2024-09-17,Managing an account,Deposits and withdrawals,Wealthfront Co,MA,01851,Managing an account Deposits and withdrawals,managing account deposits withdrawals,3,6,Trouble during payment process Trying to communicate with the company to fix an issue while managing or servicing your loan,Attempts to collect debt not owed
9686965,2588,C_2588,2024-08-03,Struggling to pay mortgage,"Trying to communicate with the company to fix an issue related to modification, forbearance, short sale, deed-in-lieu, bankruptcy, or foreclosure",Money Source Inc,IA,50001,"Struggling to pay mortgage Trying to communicate with the company to fix an issue related to modification, forbearance, short sale, deed-in-lieu, bankruptcy, or foreclosure",struggling pay mortgage trying communicate company fix issue related modification forbearance short sale deedinlieu bankruptcy foreclosure,17,14,"Struggling to pay mortgage Trying to communicate with the company to fix an issue related to modification, forbearance, short sale, deed-in-lieu, bankruptcy, or foreclosure",Written notification about debt
10067644,2589,C_2589,2024-09-09,Took or threatened to take negative or legal action,Threatened to sue you for very old debt,Alliance Group  Associates Llc,TX,73301,Took or threatened to take negative or legal action Threatened to sue you for very old debt,took threatened take negative legal action threatened sue old debt,13,2,Took or threatened to take negative or legal action Threatened or suggested your credit would be damaged,Improper use of your report
10242158,2590,C_2590,2024-09-25,Closing an account,Company closed your account,Bank Of China Usa,CT,06511,Closing an account Company closed your account,closing account company closed account,3,6,Trouble during payment process Trying to communicate with the company to fix an issue while managing or servicing your loan,Attempts to collect debt not owed
10169380,2591,C_2591,2024-09-19,Improper use of your report,Reporting company used your report improperly,Geneva Financial Llc,MO,63052,Improper use of your report Reporting company used your report improperly,improper use report reporting company used report improperly,8,9,Improper use of your report Reporting company used your report improperly,Incorrect information on your report
10195154,2592,C_2592,2024-09-20,Written notification about debt,Didn't receive enough information to verify debt,Sharp Co,PA,15001,Written notification about debt Didn't receive enough information to verify debt,written notification debt didnt receive enough information verify debt,16,16,Written notification about debt Didn't receive enough information to verify debt,Trouble during payment process
10161546,2593,C_2593,2024-09-18,Attempts to collect debt not owed,Debt is not yours,Yes Online Inc,AZ,85012,Attempts to collect debt not owed Debt is not yours,attempts collect debt owed debt,5,10,Attempts to collect debt not owed Debt is not yours,Attempts to collect debt not owed
10049981,2594,C_2594,2024-09-09,Improper use of your report,Credit inquiries on your report that you don't recognize,E Mortgage,UT,84059,Improper use of your report Credit inquiries on your report that you don't recognize,improper use report credit inquiries report dont recognize,7,12,Improper use of your report Credit inquiries on your report that you don't recognize,Trouble during payment process
10276983,2595,C_2595,2024-09-28,Written notification about debt,Didn't receive notice of right to dispute,Collection Professionals Inc,IL,60438,Written notification about debt Didn't receive notice of right to dispute,written notification debt didnt receive notice right dispute,9,7,Written notification about debt Didn't receive notice of right to dispute,Improper use of your report
9992877,2599,C_2599,2024-09-02,Managing an account,Funds not handled or disbursed as instructed,Capstone Capital Usa Llc,TX,78586,Managing an account Funds not handled or disbursed as instructed,managing account funds handled disbursed instructed,3,6,Trouble during payment process Trying to communicate with the company to fix an issue while managing or servicing your loan,Attempts to collect debt not owed
10053908,2601,C_2601,2024-09-09,Incorrect information on your report,Account status incorrect,Suntx Capital Partners,IA,52761,Incorrect information on your report Account status incorrect,incorrect information report account status incorrect,26,2,Took or threatened to take negative or legal action Threatened or suggested your credit would be damaged,Improper use of your report
10185023,2602,C_2602,2024-09-16,Closing on a mortgage,Closing disclosure or other related disclosures,Tomo Networks Inc,PA,15001,Closing on a mortgage Closing disclosure or other related disclosures,closing mortgage closing disclosure related disclosures,26,1,Attempts to collect debt not owed Debt was result of identity theft,Struggling to pay mortgage
10142346,2603,C_2603,2024-09-16,Incorrect information on your report,Information belongs to someone else,Ecredable,OH,44130,Incorrect information on your report Information belongs to someone else,incorrect information report information belongs someone else,12,13,Incorrect information on your report Information belongs to someone else,Incorrect information on your report
9984812,2604,C_2604,2024-09-01,Incorrect information on your report,Information belongs to someone else,Paramount Bond  Mortgage Co,AR,71601,Incorrect information on your report Information belongs to someone else,incorrect information report information belongs someone else,12,13,Incorrect information on your report Information belongs to someone else,Incorrect information on your report
10239813,2606,C_2606,2024-09-25,Electronic communications,"You told them to stop contacting you, but they keep trying",Fairway Capital Recovery Llc,OH,43213,"Electronic communications You told them to stop contacting you, but they keep trying",electronic communications told stop contacting keep trying,3,6,Trouble during payment process Trying to communicate with the company to fix an issue while managing or servicing your loan,Attempts to collect debt not owed
10239723,2608,C_2608,2024-09-25,Incorrect information on your report,Account information incorrect,Set Financial Co,SC,29360,Incorrect information on your report Account information incorrect,incorrect information report account information incorrect,13,2,Took or threatened to take negative or legal action Threatened or suggested your credit would be damaged,Improper use of your report
10240477,2609,C_2609,2024-09-25,Closing on a mortgage,Changes in loan terms during or after closing,Equity Wave Lending Inc,CA,92532,Closing on a mortgage Changes in loan terms during or after closing,closing mortgage changes loan terms closing,2,0,Attempts to collect debt not owed Debt is not yours,False statements or representation
10241449,2610,C_2610,2024-09-25,Incorrect information on your report,Account status incorrect,Unifour Financial Services Llc,NC,28086,Incorrect information on your report Account status incorrect,incorrect information report account status incorrect,14,13,Incorrect information on your report Information belongs to someone else,Incorrect information on your report
7148926,2611,C_2611,2023-06-21,Incorrect information on your report,Information belongs to someone else,Erc,MI,48076,Incorrect information on your report Information belongs to someone else,incorrect information report information belongs someone else,12,13,Incorrect information on your report Information belongs to someone else,Incorrect information on your report
9584723,2612,C_2612,2024-07-22,Incorrect information on your report,Account status incorrect,Credhub Inc,IL,60620,Incorrect information on your report Account status incorrect,incorrect information report account status incorrect,14,13,Incorrect information on your report Information belongs to someone else,Incorrect information on your report
10242871,2613,C_2613,2024-09-25,Written notification about debt,Didn't receive enough information to verify debt,Miramed Revenue Group Llc,NC,28677,Written notification about debt Didn't receive enough information to verify debt,written notification debt didnt receive enough information verify debt,11,7,Written notification about debt Didn't receive notice of right to dispute,Improper use of your report
10239572,2614,C_2614,2024-09-24,Applying for a mortgage or refinancing an existing mortgage,Confusing or misleading advertising or marketing,West Penn Financial Service Center Inc,PA,19426,Applying for a mortgage or refinancing an existing mortgage Confusing or misleading advertising or marketing,applying mortgage refinancing existing mortgage confusing misleading advertising marketing,3,6,Trouble during payment process Trying to communicate with the company to fix an issue while managing or servicing your loan,Attempts to collect debt not owed
9913185,2615,C_2615,2024-08-25,Took or threatened to take negative or legal action,Threatened to sue you for very old debt,Dunn Law Pa,FL,32004,Took or threatened to take negative or legal action Threatened to sue you for very old debt,took threatened take negative legal action threatened sue old debt,3,2,Took or threatened to take negative or legal action Threatened or suggested your credit would be damaged,Improper use of your report
10265528,2616,C_2616,2024-09-27,Money was taken from your bank account on the wrong day or for the wrong amount,,Moneyspot Usa Llc,CA,91773,Money was taken from your bank account on the wrong day or for the wrong amount ,money taken bank account wrong day wrong amount,2,0,Attempts to collect debt not owed Debt is not yours,False statements or representation
10225852,2617,C_2617,2024-09-24,False statements or representation,"Impersonated attorney, law enforcement, or government official",One Way Recovery Solutions Llc,MD,21740,"False statements or representation Impersonated attorney, law enforcement, or government official",false statements representation impersonated attorney law enforcement government official,3,0,Attempts to collect debt not owed Debt is not yours,False statements or representation
10163531,2618,C_2618,2024-09-18,Threatened to contact someone or share information improperly,Contacted you after you asked them to stop,Frontline Financial Llc,NC,28215,Threatened to contact someone or share information improperly Contacted you after you asked them to stop,threatened contact someone share information improperly contacted asked stop,19,15,Threatened to contact someone or share information improperly Talked to a third-party about your debt,Attempts to collect debt not owed
10230713,2620,C_2620,2024-09-24,Attempts to collect debt not owed,Debt is not yours,Credit Bureau Services Of Iowa Inc,IL,60429,Attempts to collect debt not owed Debt is not yours,attempts collect debt owed debt,5,10,Attempts to collect debt not owed Debt is not yours,Attempts to collect debt not owed
826737,2621,C_2621,2014-04-26,"Loan servicing, payments, escrow account",,Santander Bank National Association,PA,18045,"Loan servicing, payments, escrow account ",loan servicing payments escrow account,3,0,Attempts to collect debt not owed Debt is not yours,False statements or representation
10263532,2622,C_2622,2024-09-26,Attempts to collect debt not owed,Debt is not yours,Milestone Parrish Llc,CA,92377,Attempts to collect debt not owed Debt is not yours,attempts collect debt owed debt,5,10,Attempts to collect debt not owed Debt is not yours,Attempts to collect debt not owed
10257225,2623,C_2623,2024-09-26,Written notification about debt,Didn't receive notice of right to dispute,Cash Link Usa Llc,WI,53001,Written notification about debt Didn't receive notice of right to dispute,written notification debt didnt receive notice right dispute,9,7,Written notification about debt Didn't receive notice of right to dispute,Improper use of your report
9659026,2624,C_2624,2024-07-30,Trouble accessing funds in your mobile or digital wallet,,Mercari Inc,MS,38614,Trouble accessing funds in your mobile or digital wallet ,trouble accessing funds mobile digital wallet,3,6,Trouble during payment process Trying to communicate with the company to fix an issue while managing or servicing your loan,Attempts to collect debt not owed
9981523,2625,C_2625,2024-08-31,Improper use of your report,Reporting company used your report improperly,Se Capital Co,CA,90002,Improper use of your report Reporting company used your report improperly,improper use report reporting company used report improperly,8,9,Improper use of your report Reporting company used your report improperly,Incorrect information on your report
9978729,2626,C_2626,2024-08-31,Identity theft protection or other monitoring services,Received unwanted marketing or advertising,Insikt Inc,VA,20176,Identity theft protection or other monitoring services Received unwanted marketing or advertising,identity theft protection monitoring services received unwanted marketing advertising,8,9,Improper use of your report Reporting company used your report improperly,Incorrect information on your report
9981438,2627,C_2627,2024-08-31,Improper use of your report,Credit inquiries on your report that you don't recognize,Diversified Acceptance Co,MI,48221,Improper use of your report Credit inquiries on your report that you don't recognize,improper use report credit inquiries report dont recognize,24,12,Improper use of your report Credit inquiries on your report that you don't recognize,Trouble during payment process
9869777,2628,C_2628,2024-08-21,Attempts to collect debt not owed,Debt is not yours,Paragon Subrogation Services Inc,VA,23233,Attempts to collect debt not owed Debt is not yours,attempts collect debt owed debt,23,0,Attempts to collect debt not owed Debt is not yours,False statements or representation
9779881,2631,C_2631,2024-08-09,Written notification about debt,Didn't receive enough information to verify debt,Advanced Portfolio Group Llc,TX,78210,Written notification about debt Didn't receive enough information to verify debt,written notification debt didnt receive enough information verify debt,11,7,Written notification about debt Didn't receive notice of right to dispute,Improper use of your report
10269402,2632,C_2632,2024-09-27,Attempts to collect debt not owed,Debt is not yours,Stern  Stern Pc,NY,10452,Attempts to collect debt not owed Debt is not yours,attempts collect debt owed debt,20,8,Attempts to collect debt not owed Debt is not yours,Written notification about debt
10261811,2633,C_2633,2024-09-26,Took or threatened to take negative or legal action,Threatened to sue you for very old debt,Collections Inc,MS,39564,Took or threatened to take negative or legal action Threatened to sue you for very old debt,took threatened take negative legal action threatened sue old debt,3,2,Took or threatened to take negative or legal action Threatened or suggested your credit would be damaged,Improper use of your report
10266776,2634,C_2634,2024-09-27,Attempts to collect debt not owed,Debt is not yours,Senex Services Co,MO,63368,Attempts to collect debt not owed Debt is not yours,attempts collect debt owed debt,5,10,Attempts to collect debt not owed Debt is not yours,Attempts to collect debt not owed
240279,2635,C_2635,2013-01-17,"Account opening, closing, or management",,Bbva Financial Co,,,"Account opening, closing, or management ",account opening closing management,3,6,Trouble during payment process Trying to communicate with the company to fix an issue while managing or servicing your loan,Attempts to collect debt not owed
10240739,2636,C_2636,2024-09-25,False statements or representation,Attempted to collect wrong amount,Receivables Outsourcing Inc,NC,27893,False statements or representation Attempted to collect wrong amount,false statements representation attempted collect wrong amount,6,5,False statements or representation Attempted to collect wrong amount,Improper use of your report
10171750,2637,C_2637,2024-09-19,Electronic communications,Frequent or repeated messages,Davis  Jones Llc,NY,10708,Electronic communications Frequent or repeated messages,electronic communications frequent repeated messages,3,2,Took or threatened to take negative or legal action Threatened or suggested your credit would be damaged,Improper use of your report
10134568,2638,C_2638,2024-09-16,Managing an account,Deposits and withdrawals,Independent Bank Group Inc,TX,75230,Managing an account Deposits and withdrawals,managing account deposits withdrawals,3,6,Trouble during payment process Trying to communicate with the company to fix an issue while managing or servicing your loan,Attempts to collect debt not owed
10139014,2639,C_2639,2024-09-16,Problem with a lender or other company charging your account,Transaction was not authorized,Berkshire Hills Bancorp Inc,MA,02215,Problem with a lender or other company charging your account Transaction was not authorized,problem lender company charging account transaction authorized,3,0,Attempts to collect debt not owed Debt is not yours,False statements or representation
10141051,2640,C_2640,2024-09-16,Improper use of your report,Reporting company used your report improperly,Direct Mortgage Loans Llc,IL,60069,Improper use of your report Reporting company used your report improperly,improper use report reporting company used report improperly,0,11,Improper use of your report Reporting company used your report improperly,Struggling to pay mortgage
10130528,2641,C_2641,2024-09-15,Improper use of your report,Credit inquiries on your report that you don't recognize,Embassy Loans,FL,32818,Improper use of your report Credit inquiries on your report that you don't recognize,improper use report credit inquiries report dont recognize,24,12,Improper use of your report Credit inquiries on your report that you don't recognize,Trouble during payment process
10131255,2642,C_2642,2024-09-15,Incorrect information on your report,Account information incorrect,Belmont Finance Llc,SC,29730,Incorrect information on your report Account information incorrect,incorrect information report account information incorrect,13,2,Took or threatened to take negative or legal action Threatened or suggested your credit would be damaged,Improper use of your report
10130921,2643,C_2643,2024-09-15,Issue with income share agreement,Payment issues,Stride Funding Inc,IL,60001,Issue with income share agreement Payment issues,issue income share agreement payment issues,3,6,Trouble during payment process Trying to communicate with the company to fix an issue while managing or servicing your loan,Attempts to collect debt not owed
10130361,2644,C_2644,2024-09-15,Problem caused by your funds being low,Non-sufficient funds and associated fees,Prosperity Bancshares Inc,TX,77901,Problem caused by your funds being low Non-sufficient funds and associated fees,problem caused funds low nonsufficient funds associated fees,2,0,Attempts to collect debt not owed Debt is not yours,False statements or representation
10121785,2645,C_2645,2024-09-15,Managing an account,Problem using a debit or ATM card,Majority Usa Llc,CA,90731,Managing an account Problem using a debit or ATM card,managing account problem using debit atm card,1,6,Trouble during payment process Trying to communicate with the company to fix an issue while managing or servicing your loan,Attempts to collect debt not owed
971636,2646,C_2646,2014-08-06,Disclosure verification of debt,Not disclosed as an attempt to collect,Agency Of Credit Co,CO,80237,Disclosure verification of debt Not disclosed as an attempt to collect,disclosure verification debt disclosed attempt collect,11,7,Written notification about debt Didn't receive notice of right to dispute,Improper use of your report
10298264,2648,C_2648,2024-09-30,Struggling to pay mortgage,Foreclosure,Madison Management Services Llc,GA,30274,Struggling to pay mortgage Foreclosure,struggling pay mortgage foreclosure,17,14,"Struggling to pay mortgage Trying to communicate with the company to fix an issue related to modification, forbearance, short sale, deed-in-lieu, bankruptcy, or foreclosure",Written notification about debt
10293052,2649,C_2649,2024-08-31,Problem with a company's investigation into an existing problem,Their investigation did not fix an error on your report,Sierra Holdings Llc,IL,60471,Problem with a company's investigation into an existing problem Their investigation did not fix an error on your report,problem companys investigation existing problem investigation fix error report,4,4,Problem with a company's investigation into an existing problem Their investigation did not fix an error on your report,Trouble during payment process
10117608,2650,C_2650,2024-09-12,False statements or representation,Attempted to collect wrong amount,Western Mercantile Agency Inc,AL,35160,False statements or representation Attempted to collect wrong amount,false statements representation attempted collect wrong amount,6,5,False statements or representation Attempted to collect wrong amount,Improper use of your report
9790643,2651,C_2651,2024-08-09,Other transaction problem,,Cexio Co,WA,99216,Other transaction problem ,transaction problem,3,6,Trouble during payment process Trying to communicate with the company to fix an issue while managing or servicing your loan,Attempts to collect debt not owed
10166196,2654,C_2654,2024-09-18,Fraud or scam,,Athena Bitcoin Inc,MI,48092,Fraud or scam ,fraud scam,3,0,Attempts to collect debt not owed Debt is not yours,False statements or representation
10265619,2655,C_2655,2024-09-27,Charged fees or interest you didn't expect,,Cash Express Llc,TN,37010,Charged fees or interest you didn't expect ,charged fees interest didnt expect,1,6,Trouble during payment process Trying to communicate with the company to fix an issue while managing or servicing your loan,Attempts to collect debt not owed
9985240,2656,C_2656,2024-08-29,Communication tactics,"You told them to stop contacting you, but they keep trying",Rodriguez Fernandez Law Offices Llc,PR,00601,"Communication tactics You told them to stop contacting you, but they keep trying",communication tactics told stop contacting keep trying,3,6,Trouble during payment process Trying to communicate with the company to fix an issue while managing or servicing your loan,Attempts to collect debt not owed
10264836,2658,C_2658,2024-09-27,Communication tactics,Called before 8am or after 9pm,Turning Point Solutions Llc,CA,90815,Communication tactics Called before 8am or after 9pm,communication tactics called pm,2,15,Threatened to contact someone or share information improperly Talked to a third-party about your debt,Attempts to collect debt not owed
2211320,2659,C_2659,2016-11-16,"Loan modification,collection,foreclosure",,Reverse Mortgage Solutions Inc,TX,77494,"Loan modification,collection,foreclosure ",loan modificationcollectionforeclosure,17,0,Attempts to collect debt not owed Debt is not yours,False statements or representation
9534791,2660,C_2660,2024-07-18,Problem when making payments,,Above Lending Inc,IN,46001,Problem when making payments ,problem making payments,1,6,Trouble during payment process Trying to communicate with the company to fix an issue while managing or servicing your loan,Attempts to collect debt not owed
9699741,2661,C_2661,2024-08-03,Improper use of your report,Credit inquiries on your report that you don't recognize,Keystone Equipment Finance Co,WI,53225,Improper use of your report Credit inquiries on your report that you don't recognize,improper use report credit inquiries report dont recognize,24,12,Improper use of your report Credit inquiries on your report that you don't recognize,Trouble during payment process
10255134,2662,C_2662,2024-09-26,Trouble during payment process,Payment process,First Merchants Co,IN,47386,Trouble during payment process Payment process,trouble payment process payment process,3,6,Trouble during payment process Trying to communicate with the company to fix an issue while managing or servicing your loan,Attempts to collect debt not owed
9565788,2663,C_2663,2024-07-20,Improper use of your report,Reporting company used your report improperly,Credit Card Acquisitions Group,LA,70001,Improper use of your report Reporting company used your report improperly,improper use report reporting company used report improperly,8,9,Improper use of your report Reporting company used your report improperly,Incorrect information on your report
9812169,2664,C_2664,2024-08-15,Problem with customer service,,Zoa Llc,SC,29483,Problem with customer service ,problem customer service,3,0,Attempts to collect debt not owed Debt is not yours,False statements or representation
9925829,2665,C_2665,2024-08-26,Incorrect information on your report,Information belongs to someone else,Central Co,IL,60016,Incorrect information on your report Information belongs to someone else,incorrect information report information belongs someone else,12,13,Incorrect information on your report Information belongs to someone else,Incorrect information on your report
10200648,2666,C_2666,2024-09-21,Issue where my lender is my school,"Cannot graduate, receive diploma, or get transcript due to money owed",Ms Services Llc,WY,82732,"Issue where my lender is my school Cannot graduate, receive diploma, or get transcript due to money owed",issue lender school cannot graduate receive diploma get transcript due money owed,3,6,Trouble during payment process Trying to communicate with the company to fix an issue while managing or servicing your loan,Attempts to collect debt not owed
10259080,2667,C_2667,2024-09-26,Attempts to collect debt not owed,Debt is not yours,Jon B Sa,FL,33480,Attempts to collect debt not owed Debt is not yours,attempts collect debt owed debt,21,3,Attempts to collect debt not owed Debt was paid,Attempts to collect debt not owed
9832450,2668,C_2668,2024-08-17,Problem caused by your funds being low,Non-sufficient funds and associated fees,A  E Futures Llc,SC,29483,Problem caused by your funds being low Non-sufficient funds and associated fees,problem caused funds low nonsufficient funds associated fees,2,0,Attempts to collect debt not owed Debt is not yours,False statements or representation
9833309,2669,C_2669,2024-08-17,Problem caused by your funds being low,Non-sufficient funds and associated fees,Clayton Holdings Llc,SC,29483,Problem caused by your funds being low Non-sufficient funds and associated fees,problem caused funds low nonsufficient funds associated fees,2,0,Attempts to collect debt not owed Debt is not yours,False statements or representation
9821737,2670,C_2670,2024-08-17,Threatened to contact someone or share information improperly,Contacted you instead of your attorney,Capital Markets Co,SC,29483,Threatened to contact someone or share information improperly Contacted you instead of your attorney,threatened contact someone share information improperly contacted instead attorney,19,15,Threatened to contact someone or share information improperly Talked to a third-party about your debt,Attempts to collect debt not owed
9798811,2671,C_2671,2024-08-14,False statements or representation,Indicated you were committing crime by not paying debt,Western Express Lending,NJ,08088,False statements or representation Indicated you were committing crime by not paying debt,false statements representation indicated committing crime paying debt,3,0,Attempts to collect debt not owed Debt is not yours,False statements or representation
9853602,2672,C_2672,2024-08-19,Incorrect information on your report,Information belongs to someone else,U Drive Acceptance Co,PA,19139,Incorrect information on your report Information belongs to someone else,incorrect information report information belongs someone else,12,13,Incorrect information on your report Information belongs to someone else,Incorrect information on your report
9851792,2675,C_2675,2024-08-19,Attempts to collect debt not owed,Debt was result of identity theft,Finance Store Inc,WI,54115,Attempts to collect debt not owed Debt was result of identity theft,attempts collect debt owed debt result identity theft,15,1,Attempts to collect debt not owed Debt was result of identity theft,Struggling to pay mortgage
9921753,2676,C_2676,2024-08-27,Improper use of your report,Credit inquiries on your report that you don't recognize,Paradise Road Llc,TX,75232,Improper use of your report Credit inquiries on your report that you don't recognize,improper use report credit inquiries report dont recognize,7,12,Improper use of your report Credit inquiries on your report that you don't recognize,Trouble during payment process
9937076,2677,C_2677,2024-08-27,Incorrect information on your report,Information belongs to someone else,Merrick Co,NC,28054,Incorrect information on your report Information belongs to someone else,incorrect information report information belongs someone else,12,13,Incorrect information on your report Information belongs to someone else,Incorrect information on your report
9938876,2678,C_2678,2024-08-27,Improper use of your report,Credit inquiries on your report that you don't recognize,Econ Credit Lp,IL,60148,Improper use of your report Credit inquiries on your report that you don't recognize,improper use report credit inquiries report dont recognize,7,12,Improper use of your report Credit inquiries on your report that you don't recognize,Trouble during payment process
9912590,2679,C_2679,2024-08-27,Fraud or scam,,Paxful Holdings Inc,,,Fraud or scam ,fraud scam,3,0,Attempts to collect debt not owed Debt is not yours,False statements or representation
9922924,2680,C_2680,2024-08-27,Credit monitoring or identity theft protection services,Received unwanted marketing or advertising,Kingston Financial Llc,SC,29483,Credit monitoring or identity theft protection services Received unwanted marketing or advertising,credit monitoring identity theft protection services received unwanted marketing advertising,8,9,Improper use of your report Reporting company used your report improperly,Incorrect information on your report
9923081,2681,C_2681,2024-08-27,Credit monitoring or identity theft protection services,Received unwanted marketing or advertising,Pleasant Valley Home Mortgage,SC,29483,Credit monitoring or identity theft protection services Received unwanted marketing or advertising,credit monitoring identity theft protection services received unwanted marketing advertising,8,9,Improper use of your report Reporting company used your report improperly,Incorrect information on your report
9868108,2682,C_2682,2024-08-20,Unauthorized transactions or other transaction problem,,First Title  Escrow Inc,MD,20602,Unauthorized transactions or other transaction problem ,unauthorized transactions transaction problem,15,0,Attempts to collect debt not owed Debt is not yours,False statements or representation
9969028,2683,C_2683,2024-08-30,Closing an account,Funds not received from closed account,Usforex Inc,WA,98001,Closing an account Funds not received from closed account,closing account funds received closed account,2,0,Attempts to collect debt not owed Debt is not yours,False statements or representation
9939625,2684,C_2684,2024-08-27,Written notification about debt,Didn't receive enough information to verify debt,Lockhart Mediation Services,FL,34609,Written notification about debt Didn't receive enough information to verify debt,written notification debt didnt receive enough information verify debt,11,7,Written notification about debt Didn't receive notice of right to dispute,Improper use of your report
9960717,2685,C_2685,2024-08-30,Repossession,Loan balance remaining after the vehicle is repossessed and sold,Cresco Capital Inc,GA,30094,Repossession Loan balance remaining after the vehicle is repossessed and sold,repossession loan balance remaining vehicle repossessed sold,22,14,"Struggling to pay mortgage Trying to communicate with the company to fix an issue related to modification, forbearance, short sale, deed-in-lieu, bankruptcy, or foreclosure",Written notification about debt
9811591,2687,C_2687,2024-08-15,Confusing or misleading advertising or marketing,,Getm Inc,SC,29483,Confusing or misleading advertising or marketing ,confusing misleading advertising marketing,3,6,Trouble during payment process Trying to communicate with the company to fix an issue while managing or servicing your loan,Attempts to collect debt not owed
10306999,2688,C_2688,2024-10-01,Closing on a mortgage,Closing disclosure or other related disclosures,E Mortgage Capital Inc,CA,91101,Closing on a mortgage Closing disclosure or other related disclosures,closing mortgage closing disclosure related disclosures,26,1,Attempts to collect debt not owed Debt was result of identity theft,Struggling to pay mortgage
10242789,2690,C_2690,2024-09-25,Took or threatened to take negative or legal action,Threatened to sue you for very old debt,Allied Co,MI,49071,Took or threatened to take negative or legal action Threatened to sue you for very old debt,took threatened take negative legal action threatened sue old debt,13,2,Took or threatened to take negative or legal action Threatened or suggested your credit would be damaged,Improper use of your report
10126845,2691,C_2691,2024-09-13,False statements or representation,Attempted to collect wrong amount,Gravamen Asset Management Group Llc,GA,30338,False statements or representation Attempted to collect wrong amount,false statements representation attempted collect wrong amount,6,5,False statements or representation Attempted to collect wrong amount,Improper use of your report
9626939,2692,C_2692,2024-07-26,Threatened to contact someone or share information improperly,Talked to a third-party about your debt,Gatestone Co,NJ,07043,Threatened to contact someone or share information improperly Talked to a third-party about your debt,threatened contact someone share information improperly talked thirdparty debt,19,15,Threatened to contact someone or share information improperly Talked to a third-party about your debt,Attempts to collect debt not owed
10233076,2694,C_2694,2024-09-25,Attempts to collect debt not owed,Debt is not yours,Independent Recovery Resources Inc,FL,33324,Attempts to collect debt not owed Debt is not yours,attempts collect debt owed debt,21,3,Attempts to collect debt not owed Debt was paid,Attempts to collect debt not owed
10166501,2695,C_2695,2024-09-18,Attempts to collect debt not owed,Debt is not yours,Smith Rouchon  Associates Inc,MS,39046,Attempts to collect debt not owed Debt is not yours,attempts collect debt owed debt,21,3,Attempts to collect debt not owed Debt was paid,Attempts to collect debt not owed
10138073,2696,C_2696,2024-09-16,Trouble during payment process,Paying off the loan,Equity Loans Llc,NV,89406,Trouble during payment process Paying off the loan,trouble payment process paying loan,3,6,Trouble during payment process Trying to communicate with the company to fix an issue while managing or servicing your loan,Attempts to collect debt not owed
10122821,2697,C_2697,2024-09-14,Improper use of your report,Reporting company used your report improperly,Texas Higher Education Co,TX,77318,Improper use of your report Reporting company used your report improperly,improper use report reporting company used report improperly,0,11,Improper use of your report Reporting company used your report improperly,Struggling to pay mortgage
10059414,2698,C_2698,2024-09-08,Attempts to collect debt not owed,Debt was result of identity theft,Easy Finance Llc,TX,76541,Attempts to collect debt not owed Debt was result of identity theft,attempts collect debt owed debt result identity theft,15,1,Attempts to collect debt not owed Debt was result of identity theft,Struggling to pay mortgage
10123338,2699,C_2699,2024-09-14,Dealing with your lender or servicer,Received bad information about your loan,Mpower Financing Public Benefit Co,,,Dealing with your lender or servicer Received bad information about your loan,dealing lender servicer received bad information loan,3,0,Attempts to collect debt not owed Debt is not yours,False statements or representation
10136680,2700,C_2700,2024-09-16,Problem getting a card or closing an account,Trouble closing card,Securus J Holdings Llc,GA,30223,Problem getting a card or closing an account Trouble closing card,problem getting card closing account trouble closing card,3,6,Trouble during payment process Trying to communicate with the company to fix an issue while managing or servicing your loan,Attempts to collect debt not owed
10067361,2703,C_2703,2024-09-09,Received a loan you didn't apply for,,Populus Financial Group Inc,CA,93701,Received a loan you didn't apply for ,received loan didnt apply,3,6,Trouble during payment process Trying to communicate with the company to fix an issue while managing or servicing your loan,Attempts to collect debt not owed
10045190,2705,C_2705,2024-09-05,Attempts to collect debt not owed,Debt is not yours,Rgl Associates Inc,GA,30001,Attempts to collect debt not owed Debt is not yours,attempts collect debt owed debt,23,0,Attempts to collect debt not owed Debt is not yours,False statements or representation
9961498,2707,C_2707,2024-08-30,Closing on a mortgage,Closing disclosure or other related disclosures,Northrim Capital Investments Co,OR,97301,Closing on a mortgage Closing disclosure or other related disclosures,closing mortgage closing disclosure related disclosures,26,1,Attempts to collect debt not owed Debt was result of identity theft,Struggling to pay mortgage
10011287,2708,C_2708,2024-09-04,Incorrect information on your report,Account information incorrect,Amerinational Co,MD,20746,Incorrect information on your report Account information incorrect,incorrect information report account information incorrect,13,2,Took or threatened to take negative or legal action Threatened or suggested your credit would be damaged,Improper use of your report
9930877,2709,C_2709,2024-08-28,Attempts to collect debt not owed,Debt is not yours,Skagit Bonded Co,WA,98001,Attempts to collect debt not owed Debt is not yours,attempts collect debt owed debt,21,3,Attempts to collect debt not owed Debt was paid,Attempts to collect debt not owed
9740858,2711,C_2711,2024-08-07,Problem with a company's investigation into an existing issue,Problem with personal statement of dispute,The Wirbicki Law Group Llc,IL,60632,Problem with a company's investigation into an existing issue Problem with personal statement of dispute,problem companys investigation existing issue problem personal statement dispute,4,4,Problem with a company's investigation into an existing problem Their investigation did not fix an error on your report,Trouble during payment process
9880262,2712,C_2712,2024-08-21,Attempts to collect debt not owed,Debt is not yours,Mba Mortgage Services Inc,GA,31774,Attempts to collect debt not owed Debt is not yours,attempts collect debt owed debt,21,3,Attempts to collect debt not owed Debt was paid,Attempts to collect debt not owed
9917823,2713,C_2713,2024-08-26,Identity theft protection or other monitoring services,Didn't receive services that were advertised,Brent D Stamps Attorney At Law,MS,39212,Identity theft protection or other monitoring services Didn't receive services that were advertised,identity theft protection monitoring services didnt receive services advertised,8,9,Improper use of your report Reporting company used your report improperly,Incorrect information on your report
9920269,2714,C_2714,2024-08-26,Closing on a mortgage,Changes in loan terms during or after closing,Optimum First Inc,CA,95128,Closing on a mortgage Changes in loan terms during or after closing,closing mortgage changes loan terms closing,2,0,Attempts to collect debt not owed Debt is not yours,False statements or representation
9914354,2715,C_2715,2024-08-26,Confusing or misleading advertising or marketing,,Turbo Debt Llc,MA,01001,Confusing or misleading advertising or marketing ,confusing misleading advertising marketing,3,6,Trouble during payment process Trying to communicate with the company to fix an issue while managing or servicing your loan,Attempts to collect debt not owed
9713357,2716,C_2716,2024-08-05,Closing on a mortgage,Changes in loan terms during or after closing,Sc Opportunity Fund Llc,GA,31324,Closing on a mortgage Changes in loan terms during or after closing,closing mortgage changes loan terms closing,2,0,Attempts to collect debt not owed Debt is not yours,False statements or representation
9912217,2718,C_2718,2024-08-26,Attempts to collect debt not owed,Debt was already discharged in bankruptcy and is no longer owed,Gma Investments Llc,TX,75220,Attempts to collect debt not owed Debt was already discharged in bankruptcy and is no longer owed,attempts collect debt owed debt already discharged bankruptcy longer owed,10,2,Took or threatened to take negative or legal action Threatened or suggested your credit would be damaged,Improper use of your report
9863359,2719,C_2719,2024-08-20,Improper use of your report,Reporting company used your report improperly,Protocol Recovery Service Inc,MO,63303,Improper use of your report Reporting company used your report improperly,improper use report reporting company used report improperly,0,11,Improper use of your report Reporting company used your report improperly,Struggling to pay mortgage
9866786,2721,C_2721,2024-08-20,Took or threatened to take negative or legal action,Seized or attempted to seize your property,Auto Buyers Credit Llc,FL,33617,Took or threatened to take negative or legal action Seized or attempted to seize your property,took threatened take negative legal action seized attempted seize property,29,0,Attempts to collect debt not owed Debt is not yours,False statements or representation
9847019,2722,C_2722,2024-08-20,Written notification about debt,Didn't receive notice of right to dispute,Brightwater Capital Llc,FL,32908,Written notification about debt Didn't receive notice of right to dispute,written notification debt didnt receive notice right dispute,9,7,Written notification about debt Didn't receive notice of right to dispute,Improper use of your report
9864391,2723,C_2723,2024-08-20,Written notification about debt,Didn't receive enough information to verify debt,Metro Area Co,CO,80239,Written notification about debt Didn't receive enough information to verify debt,written notification debt didnt receive enough information verify debt,16,16,Written notification about debt Didn't receive enough information to verify debt,Trouble during payment process
9839358,2724,C_2724,2024-08-18,Confusing or misleading advertising or marketing,,Smartcredit Llc,SC,29803,Confusing or misleading advertising or marketing ,confusing misleading advertising marketing,3,6,Trouble during payment process Trying to communicate with the company to fix an issue while managing or servicing your loan,Attempts to collect debt not owed
9833289,2728,C_2728,2024-08-17,Credit monitoring or identity theft protection services,Problem with product or service terms changing,Crediautousa Financial Co,NJ,07201,Credit monitoring or identity theft protection services Problem with product or service terms changing,credit monitoring identity theft protection services problem product service terms changing,8,9,Improper use of your report Reporting company used your report improperly,Incorrect information on your report
9824591,2729,C_2729,2024-08-16,Took or threatened to take negative or legal action,Threatened to sue you for very old debt,Quick Debt Services Llc,IN,46202,Took or threatened to take negative or legal action Threatened to sue you for very old debt,took threatened take negative legal action threatened sue old debt,13,2,Took or threatened to take negative or legal action Threatened or suggested your credit would be damaged,Improper use of your report
9828073,2730,C_2730,2024-08-16,Attempts to collect debt not owed,Debt is not yours,Rocky Mountain Capital Management,OH,44109,Attempts to collect debt not owed Debt is not yours,attempts collect debt owed debt,21,3,Attempts to collect debt not owed Debt was paid,Attempts to collect debt not owed
9819433,2731,C_2731,2024-08-16,Attempts to collect debt not owed,Debt is not yours,Commonwealth Financial Systems Inc,MD,21218,Attempts to collect debt not owed Debt is not yours,attempts collect debt owed debt,23,0,Attempts to collect debt not owed Debt is not yours,False statements or representation
10153873,2734,C_2734,2024-09-17,Struggling to pay your loan,,Qc Holdings Inc,MO,63020,Struggling to pay your loan ,struggling pay loan,3,6,Trouble during payment process Trying to communicate with the company to fix an issue while managing or servicing your loan,Attempts to collect debt not owed
9812593,2735,C_2735,2024-08-15,Repossession,Loan balance remaining after the vehicle is repossessed and sold,South East Co,FL,32812,Repossession Loan balance remaining after the vehicle is repossessed and sold,repossession loan balance remaining vehicle repossessed sold,22,14,"Struggling to pay mortgage Trying to communicate with the company to fix an issue related to modification, forbearance, short sale, deed-in-lieu, bankruptcy, or foreclosure",Written notification about debt
9824939,2736,C_2736,2024-08-16,Fees or interest,Problem with fees,Acs Co,CA,94520,Fees or interest Problem with fees,fees interest problem fees,1,6,Trouble during payment process Trying to communicate with the company to fix an issue while managing or servicing your loan,Attempts to collect debt not owed
9795383,2737,C_2737,2024-08-15,Attempts to collect debt not owed,Debt is not yours,Diamond Funding Co,MO,63303,Attempts to collect debt not owed Debt is not yours,attempts collect debt owed debt,23,0,Attempts to collect debt not owed Debt is not yours,False statements or representation
9793310,2739,C_2739,2024-08-13,Improper use of your report,Reporting company used your report improperly,Opensky Legal Services,NJ,07083,Improper use of your report Reporting company used your report improperly,improper use report reporting company used report improperly,0,11,Improper use of your report Reporting company used your report improperly,Struggling to pay mortgage
9790147,2741,C_2741,2024-08-13,Improper use of your report,Credit inquiries on your report that you don't recognize,Smart Auto Leasing,TX,76040,Improper use of your report Credit inquiries on your report that you don't recognize,improper use report credit inquiries report dont recognize,7,12,Improper use of your report Credit inquiries on your report that you don't recognize,Trouble during payment process
9817772,2743,C_2743,2024-08-11,Attempts to collect debt not owed,Debt was result of identity theft,Borenstein  Associates Llc,CO,80012,Attempts to collect debt not owed Debt was result of identity theft,attempts collect debt owed debt result identity theft,28,3,Attempts to collect debt not owed Debt was paid,Attempts to collect debt not owed
10135825,2744,C_2744,2024-09-16,Trouble during payment process,"Escrow, taxes, or insurance",Premier Mortgage Resources Llc,WA,98532,"Trouble during payment process Escrow, taxes, or insurance",trouble payment process escrow taxes insurance,3,0,Attempts to collect debt not owed Debt is not yours,False statements or representation
9189805,2745,C_2745,2024-06-05,Incorrect information on your report,Account status incorrect,Drive Now Auto Credit Co,IN,46947,Incorrect information on your report Account status incorrect,incorrect information report account status incorrect,14,13,Incorrect information on your report Information belongs to someone else,Incorrect information on your report
10292109,2746,C_2746,2024-10-01,Incorrect information on your report,Account status incorrect,Brite Financial Services Inc,MI,48035,Incorrect information on your report Account status incorrect,incorrect information report account status incorrect,14,13,Incorrect information on your report Information belongs to someone else,Incorrect information on your report
10126669,2747,C_2747,2024-09-14,Incorrect information on your report,Information belongs to someone else,Birchwood Credit Services Inc,SC,29710,Incorrect information on your report Information belongs to someone else,incorrect information report information belongs someone else,12,13,Incorrect information on your report Information belongs to someone else,Incorrect information on your report
8788499,2748,C_2748,2024-04-16,Struggling to pay your loan,,Flandreau Sa,MN,55944,Struggling to pay your loan ,struggling pay loan,3,6,Trouble during payment process Trying to communicate with the company to fix an issue while managing or servicing your loan,Attempts to collect debt not owed
9527813,2749,C_2749,2024-07-16,Threatened to contact someone or share information improperly,Talked to a third-party about your debt,Idaho Central Credit Union,ID,83301,Threatened to contact someone or share information improperly Talked to a third-party about your debt,threatened contact someone share information improperly talked thirdparty debt,19,15,Threatened to contact someone or share information improperly Talked to a third-party about your debt,Attempts to collect debt not owed
10124208,2750,C_2750,2024-09-14,Improper use of your report,Credit inquiries on your report that you don't recognize,Bank Ozk,IN,46001,Improper use of your report Credit inquiries on your report that you don't recognize,improper use report credit inquiries report dont recognize,24,12,Improper use of your report Credit inquiries on your report that you don't recognize,Trouble during payment process
9685371,2751,C_2751,2024-08-01,Attempts to collect debt not owed,Debt is not yours,Enhanced Recovery Services Inc,WV,24701,Attempts to collect debt not owed Debt is not yours,attempts collect debt owed debt,23,0,Attempts to collect debt not owed Debt is not yours,False statements or representation
9670869,2753,C_2753,2024-07-31,Dealing with your lender or servicer,Trouble with how payments are being handled,Education Principle Foundation,MA,01001,Dealing with your lender or servicer Trouble with how payments are being handled,dealing lender servicer trouble payments handled,3,0,Attempts to collect debt not owed Debt is not yours,False statements or representation
10114568,2754,C_2754,2024-09-13,Attempts to collect debt not owed,Debt is not yours,Credit Bureau Of Bessemer Inc,GA,30132,Attempts to collect debt not owed Debt is not yours,attempts collect debt owed debt,20,8,Attempts to collect debt not owed Debt is not yours,Written notification about debt
10243276,2756,C_2756,2024-09-25,Communication tactics,"You told them to stop contacting you, but they keep trying",Gordon Aylworth  Tami Pc,WA,98685,"Communication tactics You told them to stop contacting you, but they keep trying",communication tactics told stop contacting keep trying,3,6,Trouble during payment process Trying to communicate with the company to fix an issue while managing or servicing your loan,Attempts to collect debt not owed
10181850,2757,C_2757,2024-09-21,Getting a loan,Denied loan,Granite Edvance Co,MN,55414,Getting a loan Denied loan,getting loan denied loan,3,6,Trouble during payment process Trying to communicate with the company to fix an issue while managing or servicing your loan,Attempts to collect debt not owed
9802313,2760,C_2760,2024-08-14,Charged upfront or unexpected fees,,Neighborhood Economic Development Co,OR,97001,Charged upfront or unexpected fees ,charged upfront unexpected fees,3,6,Trouble during payment process Trying to communicate with the company to fix an issue while managing or servicing your loan,Attempts to collect debt not owed
10126166,2762,C_2762,2024-09-14,False statements or representation,Told you not to respond to a lawsuit they filed against you,Clarity Debt Resolution Inc,MN,55057,False statements or representation Told you not to respond to a lawsuit they filed against you,false statements representation told respond lawsuit filed,3,0,Attempts to collect debt not owed Debt is not yours,False statements or representation
10116155,2763,C_2763,2024-09-13,Attempts to collect debt not owed,Debt is not yours,Nelson And Kennard,CA,92544,Attempts to collect debt not owed Debt is not yours,attempts collect debt owed debt,5,10,Attempts to collect debt not owed Debt is not yours,Attempts to collect debt not owed
9986871,2764,C_2764,2024-09-02,Applying for a mortgage or refinancing an existing mortgage,Changes in loan terms during the application process,T Financial Llc,SC,29720,Applying for a mortgage or refinancing an existing mortgage Changes in loan terms during the application process,applying mortgage refinancing existing mortgage changes loan terms application process,2,0,Attempts to collect debt not owed Debt is not yours,False statements or representation
10221044,2765,C_2765,2024-09-23,False statements or representation,Attempted to collect wrong amount,Universal Co,TN,38125,False statements or representation Attempted to collect wrong amount,false statements representation attempted collect wrong amount,27,5,False statements or representation Attempted to collect wrong amount,Improper use of your report
10235701,2766,C_2766,2024-09-26,False statements or representation,Attempted to collect wrong amount,Greeting Team Llc,NV,89052,False statements or representation Attempted to collect wrong amount,false statements representation attempted collect wrong amount,27,5,False statements or representation Attempted to collect wrong amount,Improper use of your report
10309668,2767,C_2767,2024-10-01,Other transaction problem,,Xoom Co,TX,77090,Other transaction problem ,transaction problem,3,6,Trouble during payment process Trying to communicate with the company to fix an issue while managing or servicing your loan,Attempts to collect debt not owed
10206959,2768,C_2768,2024-09-22,Written notification about debt,Didn't receive enough information to verify debt,Special Financing Co,NY,11226,Written notification about debt Didn't receive enough information to verify debt,written notification debt didnt receive enough information verify debt,11,7,Written notification about debt Didn't receive notice of right to dispute,Improper use of your report
10224984,2769,C_2769,2024-09-24,Took or threatened to take negative or legal action,Threatened to sue you for very old debt,Evergreen Financial Services Inc,WA,98001,Took or threatened to take negative or legal action Threatened to sue you for very old debt,took threatened take negative legal action threatened sue old debt,3,2,Took or threatened to take negative or legal action Threatened or suggested your credit would be damaged,Improper use of your report
10095222,2770,C_2770,2024-09-12,Took or threatened to take negative or legal action,Threatened to arrest you or take you to jail if you do not pay,Schreiber Law Llc,MA,02538,Took or threatened to take negative or legal action Threatened to arrest you or take you to jail if you do not pay,took threatened take negative legal action threatened arrest take jail pay,2,15,Threatened to contact someone or share information improperly Talked to a third-party about your debt,Attempts to collect debt not owed
10240387,2771,C_2771,2024-09-25,Improper use of your report,Credit inquiries on your report that you don't recognize,Giggle Finance Inc,MO,63136,Improper use of your report Credit inquiries on your report that you don't recognize,improper use report credit inquiries report dont recognize,7,12,Improper use of your report Credit inquiries on your report that you don't recognize,Trouble during payment process
10197366,2772,C_2772,2024-09-22,Took or threatened to take negative or legal action,Threatened to sue you for very old debt,Dimand Law Offices Pc,IL,60660,Took or threatened to take negative or legal action Threatened to sue you for very old debt,took threatened take negative legal action threatened sue old debt,13,2,Took or threatened to take negative or legal action Threatened or suggested your credit would be damaged,Improper use of your report
9633436,2773,C_2773,2024-07-29,Communication tactics,"You told them to stop contacting you, but they keep trying",The Hallstrom Law Firm Pllc,TX,73301,"Communication tactics You told them to stop contacting you, but they keep trying",communication tactics told stop contacting keep trying,3,6,Trouble during payment process Trying to communicate with the company to fix an issue while managing or servicing your loan,Attempts to collect debt not owed
9627682,2774,C_2774,2024-07-26,Took or threatened to take negative or legal action,Collected or attempted to collect exempt funds,E Margriet Langenberg Pc,VA,20040,Took or threatened to take negative or legal action Collected or attempted to collect exempt funds,took threatened take negative legal action collected attempted collect exempt funds,3,0,Attempts to collect debt not owed Debt is not yours,False statements or representation
10093496,2777,C_2777,2024-09-11,False statements or representation,"Impersonated attorney, law enforcement, or government official",Statewide Tax Recovery Llc,FL,32004,"False statements or representation Impersonated attorney, law enforcement, or government official",false statements representation impersonated attorney law enforcement government official,3,0,Attempts to collect debt not owed Debt is not yours,False statements or representation
169841,2779,C_2779,2012-10-11,"Account opening, closing, or management",,Suntrust Banks Inc,FL,32725,"Account opening, closing, or management ",account opening closing management,3,6,Trouble during payment process Trying to communicate with the company to fix an issue while managing or servicing your loan,Attempts to collect debt not owed
10202437,2780,C_2780,2024-09-20,Didn't provide services promised,,Tally Technologies,GA,30318,Didn't provide services promised ,didnt provide services promised,3,0,Attempts to collect debt not owed Debt is not yours,False statements or representation
10198236,2783,C_2783,2024-09-21,Electronic communications,Frequent or repeated messages,Landmark Co,CA,92386,Electronic communications Frequent or repeated messages,electronic communications frequent repeated messages,3,2,Took or threatened to take negative or legal action Threatened or suggested your credit would be damaged,Improper use of your report
10178113,2784,C_2784,2024-09-19,Problem with the payoff process at the end of the loan,,Net Pay Advance Inc,MO,63001,Problem with the payoff process at the end of the loan ,problem payoff process end loan,3,6,Trouble during payment process Trying to communicate with the company to fix an issue while managing or servicing your loan,Attempts to collect debt not owed
10188973,2785,C_2785,2024-09-20,Threatened to contact someone or share information improperly,Contacted you after you asked them to stop,American Recovery Service Inc,CA,92064,Threatened to contact someone or share information improperly Contacted you after you asked them to stop,threatened contact someone share information improperly contacted asked stop,19,15,Threatened to contact someone or share information improperly Talked to a third-party about your debt,Attempts to collect debt not owed
10118611,2786,C_2786,2024-09-13,Applying for a mortgage or refinancing an existing mortgage,Confusing or misleading advertising or marketing,Emortgage Funding Llc,NC,28227,Applying for a mortgage or refinancing an existing mortgage Confusing or misleading advertising or marketing,applying mortgage refinancing existing mortgage confusing misleading advertising marketing,3,6,Trouble during payment process Trying to communicate with the company to fix an issue while managing or servicing your loan,Attempts to collect debt not owed
9759858,2787,C_2787,2024-08-09,Attempts to collect debt not owed,Debt was paid,Ppm Capital Inc,OH,45885,Attempts to collect debt not owed Debt was paid,attempts collect debt owed debt paid,10,3,Attempts to collect debt not owed Debt was paid,Attempts to collect debt not owed
10118980,2788,C_2788,2024-09-13,Closing on a mortgage,Delays with the closing process,Tona Mortgage Llc,NC,28227,Closing on a mortgage Delays with the closing process,closing mortgage delays closing process,2,0,Attempts to collect debt not owed Debt is not yours,False statements or representation
10097454,2789,C_2789,2024-09-12,Improper use of your report,Reporting company used your report improperly,Urs Holding Llc,NC,28303,Improper use of your report Reporting company used your report improperly,improper use report reporting company used report improperly,8,9,Improper use of your report Reporting company used your report improperly,Incorrect information on your report
9367865,2790,C_2790,2024-06-24,Problems at the end of the loan or lease,Problem with paying off the loan,Dario Auto Sa,TX,73301,Problems at the end of the loan or lease Problem with paying off the loan,problems end loan lease problem paying loan,3,6,Trouble during payment process Trying to communicate with the company to fix an issue while managing or servicing your loan,Attempts to collect debt not owed
10072861,2791,C_2791,2024-09-11,Closing on a mortgage,Closing disclosure or other related disclosures,American Pacific Mortgage,CA,95228,Closing on a mortgage Closing disclosure or other related disclosures,closing mortgage closing disclosure related disclosures,26,1,Attempts to collect debt not owed Debt was result of identity theft,Struggling to pay mortgage
10296758,2792,C_2792,2024-09-30,False statements or representation,Attempted to collect wrong amount,General Credit Services,IN,46235,False statements or representation Attempted to collect wrong amount,false statements representation attempted collect wrong amount,6,5,False statements or representation Attempted to collect wrong amount,Improper use of your report
9991710,2793,C_2793,2024-09-02,Took or threatened to take negative or legal action,Threatened or suggested your credit would be damaged,Fdr Asset Usa Ltd,FL,34142,Took or threatened to take negative or legal action Threatened or suggested your credit would be damaged,took threatened take negative legal action threatened suggested credit would damaged,18,2,Took or threatened to take negative or legal action Threatened or suggested your credit would be damaged,Improper use of your report
10214888,2794,C_2794,2024-09-23,Attempts to collect debt not owed,Debt is not yours,Keystone Credit Services Llc,PA,19464,Attempts to collect debt not owed Debt is not yours,attempts collect debt owed debt,23,0,Attempts to collect debt not owed Debt is not yours,False statements or representation
9129368,2795,C_2795,2024-05-29,Took or threatened to take negative or legal action,Threatened to arrest you or take you to jail if you do not pay,Dyckoneal Inc,OH,44110,Took or threatened to take negative or legal action Threatened to arrest you or take you to jail if you do not pay,took threatened take negative legal action threatened arrest take jail pay,2,15,Threatened to contact someone or share information improperly Talked to a third-party about your debt,Attempts to collect debt not owed
9911631,2797,C_2797,2024-08-25,Attempts to collect debt not owed,Debt is not yours,Collection Specialists,GA,30809,Attempts to collect debt not owed Debt is not yours,attempts collect debt owed debt,20,8,Attempts to collect debt not owed Debt is not yours,Written notification about debt
10111808,2798,C_2798,2024-09-13,False statements or representation,Indicated you were committing crime by not paying debt,Independence Capital Recovery Llc,NY,11369,False statements or representation Indicated you were committing crime by not paying debt,false statements representation indicated committing crime paying debt,3,0,Attempts to collect debt not owed Debt is not yours,False statements or representation
10171621,2799,C_2799,2024-09-19,Threatened to contact someone or share information improperly,Talked to a third-party about your debt,Sprechman  Associates Pa,FL,33462,Threatened to contact someone or share information improperly Talked to a third-party about your debt,threatened contact someone share information improperly talked thirdparty debt,19,15,Threatened to contact someone or share information improperly Talked to a third-party about your debt,Attempts to collect debt not owed
10222848,2801,C_2801,2024-09-23,Incorrect information on your report,Information belongs to someone else,Premier Auto Credit,LA,70805,Incorrect information on your report Information belongs to someone else,incorrect information report information belongs someone else,12,13,Incorrect information on your report Information belongs to someone else,Incorrect information on your report
782154,2804,C_2804,2014-03-27,"Loan modification,collection,foreclosure",,Nationstar Mortgage Llc,CA,92590,"Loan modification,collection,foreclosure ",loan modificationcollectionforeclosure,17,0,Attempts to collect debt not owed Debt is not yours,False statements or representation
10155207,2808,C_2808,2024-09-17,Problem with customer service,,Branch Messenger Inc,CA,90810,Problem with customer service ,problem customer service,3,0,Attempts to collect debt not owed Debt is not yours,False statements or representation
8954485,2809,C_2809,2024-05-07,Trouble during payment process,Trying to communicate with the company to fix an issue while managing or servicing your loan,Aspen Yo Llc,PR,00727,Trouble during payment process Trying to communicate with the company to fix an issue while managing or servicing your loan,trouble payment process trying communicate company fix issue managing servicing loan,3,6,Trouble during payment process Trying to communicate with the company to fix an issue while managing or servicing your loan,Attempts to collect debt not owed
10210922,2810,C_2810,2024-09-23,Problem with a company's investigation into an existing problem,Their investigation did not fix an error on your report,Carvant Financial Llc,MD,21239,Problem with a company's investigation into an existing problem Their investigation did not fix an error on your report,problem companys investigation existing problem investigation fix error report,4,4,Problem with a company's investigation into an existing problem Their investigation did not fix an error on your report,Trouble during payment process
10217007,2811,C_2811,2024-09-24,Attempts to collect debt not owed,Debt was result of identity theft,Kenneth Eisen  Associates Ltd,AZ,85040,Attempts to collect debt not owed Debt was result of identity theft,attempts collect debt owed debt result identity theft,28,3,Attempts to collect debt not owed Debt was paid,Attempts to collect debt not owed
10229423,2812,C_2812,2024-09-24,Repossession,Deficiency balance after repossession,Oklahoma Motor Credit Co,OK,73115,Repossession Deficiency balance after repossession,repossession deficiency balance repossession,22,14,"Struggling to pay mortgage Trying to communicate with the company to fix an issue related to modification, forbearance, short sale, deed-in-lieu, bankruptcy, or foreclosure",Written notification about debt
10229278,2816,C_2816,2024-09-24,Incorrect information on your report,Account information incorrect,Merchants Acceptance Co,KY,40505,Incorrect information on your report Account information incorrect,incorrect information report account information incorrect,13,2,Took or threatened to take negative or legal action Threatened or suggested your credit would be damaged,Improper use of your report
9829494,2817,C_2817,2024-08-16,Closing on a mortgage,Changes in loan terms during or after closing,Anchor Home Mortgage Inc,GA,30519,Closing on a mortgage Changes in loan terms during or after closing,closing mortgage changes loan terms closing,2,0,Attempts to collect debt not owed Debt is not yours,False statements or representation
9470683,2822,C_2822,2024-07-10,Attempts to collect debt not owed,Debt was paid,The Law Firm Of Krisor  Associates,IN,46228,Attempts to collect debt not owed Debt was paid,attempts collect debt owed debt paid,25,0,Attempts to collect debt not owed Debt is not yours,False statements or representation
10218637,2823,C_2823,2024-09-23,False statements or representation,Attempted to collect wrong amount,Rodenburg Llp,WY,82007,False statements or representation Attempted to collect wrong amount,false statements representation attempted collect wrong amount,27,5,False statements or representation Attempted to collect wrong amount,Improper use of your report
10219636,2824,C_2824,2024-09-23,Took or threatened to take negative or legal action,Threatened or suggested your credit would be damaged,Axiom Acquisition Ventures Llc,LA,70122,Took or threatened to take negative or legal action Threatened or suggested your credit would be damaged,took threatened take negative legal action threatened suggested credit would damaged,18,2,Took or threatened to take negative or legal action Threatened or suggested your credit would be damaged,Improper use of your report
10100818,2826,C_2826,2024-09-12,Closing on a mortgage,Changes in loan terms during or after closing,Fundloans Capital,CA,92677,Closing on a mortgage Changes in loan terms during or after closing,closing mortgage changes loan terms closing,2,0,Attempts to collect debt not owed Debt is not yours,False statements or representation
9475156,2827,C_2827,2024-07-10,Improper use of your report,Credit inquiries on your report that you don't recognize,Pmgi Llc,CA,91730,Improper use of your report Credit inquiries on your report that you don't recognize,improper use report credit inquiries report dont recognize,7,12,Improper use of your report Credit inquiries on your report that you don't recognize,Trouble during payment process
5892466,2828,C_2828,2022-08-18,Attempts to collect debt not owed,Debt is not yours,Best Account Receivables Management Solutions Llc,CA,93305,Attempts to collect debt not owed Debt is not yours,attempts collect debt owed debt,5,10,Attempts to collect debt not owed Debt is not yours,Attempts to collect debt not owed
1314852,2830,C_2830,2015-04-03,Communication tactics,Frequent or repeated calls,Santander Co,CA,95694,Communication tactics Frequent or repeated calls,communication tactics frequent repeated calls,3,1,Attempts to collect debt not owed Debt was result of identity theft,Struggling to pay mortgage
10172783,2832,C_2832,2024-09-19,Communication tactics,Frequent or repeated calls,Byl Co,PA,19023,Communication tactics Frequent or repeated calls,communication tactics frequent repeated calls,3,1,Attempts to collect debt not owed Debt was result of identity theft,Struggling to pay mortgage
10069094,2833,C_2833,2024-09-10,Problem with a company's investigation into an existing problem,Their investigation did not fix an error on your report,Ci Financial Inc,CA,90250,Problem with a company's investigation into an existing problem Their investigation did not fix an error on your report,problem companys investigation existing problem investigation fix error report,4,4,Problem with a company's investigation into an existing problem Their investigation did not fix an error on your report,Trouble during payment process
10087013,2834,C_2834,2024-09-11,Trouble during payment process,"Escrow, taxes, or insurance",Megastar Financial Co,MN,55104,"Trouble during payment process Escrow, taxes, or insurance",trouble payment process escrow taxes insurance,3,0,Attempts to collect debt not owed Debt is not yours,False statements or representation
10066694,2837,C_2837,2024-09-10,Took or threatened to take negative or legal action,Threatened to sue you for very old debt,Moody Jones  Ingino Pa,FL,32004,Took or threatened to take negative or legal action Threatened to sue you for very old debt,took threatened take negative legal action threatened sue old debt,3,2,Took or threatened to take negative or legal action Threatened or suggested your credit would be damaged,Improper use of your report
10074843,2838,C_2838,2024-09-10,Written notification about debt,Didn't receive notice of right to dispute,New Hampshire Northeast Credit Services Inc,CT,06704,Written notification about debt Didn't receive notice of right to dispute,written notification debt didnt receive notice right dispute,9,7,Written notification about debt Didn't receive notice of right to dispute,Improper use of your report
10136392,2839,C_2839,2024-09-16,Incorrect information on your report,Information belongs to someone else,Fair Capital,AL,36064,Incorrect information on your report Information belongs to someone else,incorrect information report information belongs someone else,12,13,Incorrect information on your report Information belongs to someone else,Incorrect information on your report
10285690,2841,C_2841,2024-09-28,Improper use of your report,Credit inquiries on your report that you don't recognize,St Financial Inc,FL,34472,Improper use of your report Credit inquiries on your report that you don't recognize,improper use report credit inquiries report dont recognize,24,12,Improper use of your report Credit inquiries on your report that you don't recognize,Trouble during payment process
9370658,2842,C_2842,2024-06-25,Took or threatened to take negative or legal action,Seized or attempted to seize your property,Gerard Services Inc,FL,32038,Took or threatened to take negative or legal action Seized or attempted to seize your property,took threatened take negative legal action seized attempted seize property,29,0,Attempts to collect debt not owed Debt is not yours,False statements or representation
10210002,2843,C_2843,2024-09-23,False statements or representation,Attempted to collect wrong amount,Head Mercantile Co,MS,38601,False statements or representation Attempted to collect wrong amount,false statements representation attempted collect wrong amount,27,5,False statements or representation Attempted to collect wrong amount,Improper use of your report
10050161,2845,C_2845,2024-09-09,Attempts to collect debt not owed,Debt was paid,Future Judgement Solutions,OK,73001,Attempts to collect debt not owed Debt was paid,attempts collect debt owed debt paid,25,0,Attempts to collect debt not owed Debt is not yours,False statements or representation
9909272,2850,C_2850,2024-08-25,Managing the loan or lease,Problem with additional products or services purchased with the loan,Buckeye Financial Services Of Alliance Inc,GA,30001,Managing the loan or lease Problem with additional products or services purchased with the loan,managing loan lease problem additional products services purchased loan,3,6,Trouble during payment process Trying to communicate with the company to fix an issue while managing or servicing your loan,Attempts to collect debt not owed
9922281,2851,C_2851,2024-08-25,Improper use of your report,Reporting company used your report improperly,Lengenuity Llc,OH,45434,Improper use of your report Reporting company used your report improperly,improper use report reporting company used report improperly,8,9,Improper use of your report Reporting company used your report improperly,Incorrect information on your report
9911939,2852,C_2852,2024-08-25,Confusing or missing disclosures,,Mckenzie Management Llc,FL,32503,Confusing or missing disclosures ,confusing missing disclosures,26,0,Attempts to collect debt not owed Debt is not yours,False statements or representation
9924366,2855,C_2855,2024-08-24,Incorrect information on your report,Information belongs to someone else,Debt Credit Services,TN,38134,Incorrect information on your report Information belongs to someone else,incorrect information report information belongs someone else,12,13,Incorrect information on your report Information belongs to someone else,Incorrect information on your report
9775976,2856,C_2856,2024-08-12,False statements or representation,Attempted to collect wrong amount,Nair  Levin Pc,CT,06001,False statements or representation Attempted to collect wrong amount,false statements representation attempted collect wrong amount,6,5,False statements or representation Attempted to collect wrong amount,Improper use of your report
8373560,2861,C_2861,2024-02-19,False statements or representation,Attempted to collect wrong amount,Gross Polowy Llc,NY,14216,False statements or representation Attempted to collect wrong amount,false statements representation attempted collect wrong amount,27,5,False statements or representation Attempted to collect wrong amount,Improper use of your report
10222569,2862,C_2862,2024-09-23,Written notification about debt,Didn't receive notice of right to dispute,The Judgment Group,MD,21702,Written notification about debt Didn't receive notice of right to dispute,written notification debt didnt receive notice right dispute,9,7,Written notification about debt Didn't receive notice of right to dispute,Improper use of your report
10107387,2863,C_2863,2024-09-12,Took or threatened to take negative or legal action,Threatened to sue you for very old debt,Primus Law Pc,UT,84401,Took or threatened to take negative or legal action Threatened to sue you for very old debt,took threatened take negative legal action threatened sue old debt,3,2,Took or threatened to take negative or legal action Threatened or suggested your credit would be damaged,Improper use of your report
10118439,2864,C_2864,2024-09-12,Communication tactics,"You told them to stop contacting you, but they keep trying",Rgs Financial Inc,MO,64133,"Communication tactics You told them to stop contacting you, but they keep trying",communication tactics told stop contacting keep trying,3,6,Trouble during payment process Trying to communicate with the company to fix an issue while managing or servicing your loan,Attempts to collect debt not owed
10175790,2867,C_2867,2024-09-19,Problem with the payoff process at the end of the loan,,Leap Credit Llc,MO,63001,Problem with the payoff process at the end of the loan ,problem payoff process end loan,3,6,Trouble during payment process Trying to communicate with the company to fix an issue while managing or servicing your loan,Attempts to collect debt not owed
10187874,2871,C_2871,2024-09-20,Trouble during payment process,Payment process,Mortgage Lenders Investment Trading Co,FL,32757,Trouble during payment process Payment process,trouble payment process payment process,3,6,Trouble during payment process Trying to communicate with the company to fix an issue while managing or servicing your loan,Attempts to collect debt not owed
9677453,2876,C_2876,2024-08-02,Applying for a mortgage or refinancing an existing mortgage,Confusing or misleading advertising or marketing,Oz Gram Investment Inc,CA,92673,Applying for a mortgage or refinancing an existing mortgage Confusing or misleading advertising or marketing,applying mortgage refinancing existing mortgage confusing misleading advertising marketing,3,6,Trouble during payment process Trying to communicate with the company to fix an issue while managing or servicing your loan,Attempts to collect debt not owed
10139793,2878,C_2878,2024-09-16,Incorrect information on your report,Old information reappears or never goes away,Freedom Financial Capital Llc,FL,32725,Incorrect information on your report Old information reappears or never goes away,incorrect information report old information reappears never goes away,13,2,Took or threatened to take negative or legal action Threatened or suggested your credit would be damaged,Improper use of your report
10135550,2879,C_2879,2024-09-16,Problems at the end of the loan or lease,Problem with paying off the loan,United Group Inc,OR,97002,Problems at the end of the loan or lease Problem with paying off the loan,problems end loan lease problem paying loan,3,6,Trouble during payment process Trying to communicate with the company to fix an issue while managing or servicing your loan,Attempts to collect debt not owed
10122426,2881,C_2881,2024-09-14,Communication tactics,"Used obscene, profane, or other abusive language",Emergent Business Group Inc,AR,72120,"Communication tactics Used obscene, profane, or other abusive language",communication tactics used obscene profane abusive language,2,15,Threatened to contact someone or share information improperly Talked to a third-party about your debt,Attempts to collect debt not owed
10101149,2883,C_2883,2024-09-12,Struggling to pay mortgage,"Applying for or obtaining a modification, forbearance plan, short sale, or deed-in-lieu",Alcova Mortgage Llc,CO,80634,"Struggling to pay mortgage Applying for or obtaining a modification, forbearance plan, short sale, or deed-in-lieu",struggling pay mortgage applying obtaining modification forbearance plan short sale deedinlieu,17,14,"Struggling to pay mortgage Trying to communicate with the company to fix an issue related to modification, forbearance, short sale, deed-in-lieu, bankruptcy, or foreclosure",Written notification about debt
10213350,2884,C_2884,2024-09-23,False statements or representation,Attempted to collect wrong amount,Advance Bureau Of Co,GA,31069,False statements or representation Attempted to collect wrong amount,false statements representation attempted collect wrong amount,6,5,False statements or representation Attempted to collect wrong amount,Improper use of your report
9628767,2886,C_2886,2024-07-26,False statements or representation,Attempted to collect wrong amount,Alliance Cas Llc,,,False statements or representation Attempted to collect wrong amount,false statements representation attempted collect wrong amount,27,5,False statements or representation Attempted to collect wrong amount,Improper use of your report
9725406,2887,C_2887,2024-08-06,Problem with a company's investigation into an existing problem,Their investigation did not fix an error on your report,Modern Finance Co,CA,91342,Problem with a company's investigation into an existing problem Their investigation did not fix an error on your report,problem companys investigation existing problem investigation fix error report,4,4,Problem with a company's investigation into an existing problem Their investigation did not fix an error on your report,Trouble during payment process
9550353,2888,C_2888,2024-07-19,Attempts to collect debt not owed,Debt was result of identity theft,American Credit Exchange Inc,MD,21740,Attempts to collect debt not owed Debt was result of identity theft,attempts collect debt owed debt result identity theft,15,1,Attempts to collect debt not owed Debt was result of identity theft,Struggling to pay mortgage
2028507,2889,C_2889,2016-07-25,"Loan modification,collection,foreclosure",,Specialized Loan Servicing Holdings Llc,VA,22039,"Loan modification,collection,foreclosure ",loan modificationcollectionforeclosure,17,0,Attempts to collect debt not owed Debt is not yours,False statements or representation
10195417,2890,C_2890,2024-09-20,Improper use of your report,Reporting company used your report improperly,Amcap Investments Llc,TX,78233,Improper use of your report Reporting company used your report improperly,improper use report reporting company used report improperly,0,11,Improper use of your report Reporting company used your report improperly,Struggling to pay mortgage
10131449,2891,C_2891,2024-09-15,False statements or representation,Attempted to collect wrong amount,Valley Credit Service Inc,OR,97478,False statements or representation Attempted to collect wrong amount,false statements representation attempted collect wrong amount,27,5,False statements or representation Attempted to collect wrong amount,Improper use of your report
5897880,2892,C_2892,2022-08-19,Managing an account,Problem accessing account,Umpqua Holdings Co,OR,97239,Managing an account Problem accessing account,managing account problem accessing account,3,6,Trouble during payment process Trying to communicate with the company to fix an issue while managing or servicing your loan,Attempts to collect debt not owed
9553088,2894,C_2894,2024-07-18,Closing on a mortgage,Changes in loan terms during or after closing,Ready Capital Co,GA,30080,Closing on a mortgage Changes in loan terms during or after closing,closing mortgage changes loan terms closing,2,0,Attempts to collect debt not owed Debt is not yours,False statements or representation
9472099,2896,C_2896,2024-07-10,Problem with a company's investigation into an existing problem,Their investigation did not fix an error on your report,First Financial Bancorp,IN,46385,Problem with a company's investigation into an existing problem Their investigation did not fix an error on your report,problem companys investigation existing problem investigation fix error report,4,4,Problem with a company's investigation into an existing problem Their investigation did not fix an error on your report,Trouble during payment process
10214045,2900,C_2900,2024-09-23,False statements or representation,Attempted to collect wrong amount,Coast Co,KY,40361,False statements or representation Attempted to collect wrong amount,false statements representation attempted collect wrong amount,6,5,False statements or representation Attempted to collect wrong amount,Improper use of your report
9554379,2904,C_2904,2024-07-18,Didn't provide services promised,,Dolliemac Llc,TX,77039,Didn't provide services promised ,didnt provide services promised,3,0,Attempts to collect debt not owed Debt is not yours,False statements or representation
1875705,2908,C_2908,2016-04-12,Cont'd attempts collect debt not owed,Debt was paid,Finance System Of Toledo Inc,OH,43567,Cont'd attempts collect debt not owed Debt was paid,contd attempts collect debt owed debt paid,10,0,Attempts to collect debt not owed Debt is not yours,False statements or representation
9856569,2909,C_2909,2024-08-20,Improper use of your report,Credit inquiries on your report that you don't recognize,Standard Financial Of Louisiana Llc,LA,70808,Improper use of your report Credit inquiries on your report that you don't recognize,improper use report credit inquiries report dont recognize,24,12,Improper use of your report Credit inquiries on your report that you don't recognize,Trouble during payment process
9496372,2911,C_2911,2024-07-12,Improper use of your report,Credit inquiries on your report that you don't recognize,Nations Lending Co,CA,90004,Improper use of your report Credit inquiries on your report that you don't recognize,improper use report credit inquiries report dont recognize,24,12,Improper use of your report Credit inquiries on your report that you don't recognize,Trouble during payment process
9474428,2913,C_2913,2024-07-10,Getting a line of credit,,Splash Financial Inc,NV,89147,Getting a line of credit ,getting line credit,3,6,Trouble during payment process Trying to communicate with the company to fix an issue while managing or servicing your loan,Attempts to collect debt not owed
10156830,2914,C_2914,2024-09-13,Managing an account,Deposits and withdrawals,Industrial And Co,NJ,08820,Managing an account Deposits and withdrawals,managing account deposits withdrawals,3,6,Trouble during payment process Trying to communicate with the company to fix an issue while managing or servicing your loan,Attempts to collect debt not owed
9535996,2922,C_2922,2024-07-18,Attempts to collect debt not owed,Debt is not yours,Central States Recovery Inc,KS,67502,Attempts to collect debt not owed Debt is not yours,attempts collect debt owed debt,23,0,Attempts to collect debt not owed Debt is not yours,False statements or representation
9473169,2926,C_2926,2024-07-10,Attempts to collect debt not owed,Debt was result of identity theft,The Lgm Co,OH,44143,Attempts to collect debt not owed Debt was result of identity theft,attempts collect debt owed debt result identity theft,15,1,Attempts to collect debt not owed Debt was result of identity theft,Struggling to pay mortgage
9438167,2927,C_2927,2024-07-06,Problem with a company's investigation into an existing issue,Problem with personal statement of dispute,Plaid Inc,WA,98226,Problem with a company's investigation into an existing issue Problem with personal statement of dispute,problem companys investigation existing issue problem personal statement dispute,4,4,Problem with a company's investigation into an existing problem Their investigation did not fix an error on your report,Trouble during payment process
10080332,2930,C_2930,2024-09-10,Incorrect information on your report,Information belongs to someone else,Media Co,DC,20224,Incorrect information on your report Information belongs to someone else,incorrect information report information belongs someone else,12,13,Incorrect information on your report Information belongs to someone else,Incorrect information on your report
10080480,2931,C_2931,2024-09-10,Trouble during payment process,Trying to communicate with the company to fix an issue while managing or servicing your loan,Success Mortgage Partners Inc,PA,15001,Trouble during payment process Trying to communicate with the company to fix an issue while managing or servicing your loan,trouble payment process trying communicate company fix issue managing servicing loan,3,6,Trouble during payment process Trying to communicate with the company to fix an issue while managing or servicing your loan,Attempts to collect debt not owed
10123793,2933,C_2933,2024-09-14,Improper use of your report,Credit inquiries on your report that you don't recognize,Windham Equity Co,MA,01841,Improper use of your report Credit inquiries on your report that you don't recognize,improper use report credit inquiries report dont recognize,7,12,Improper use of your report Credit inquiries on your report that you don't recognize,Trouble during payment process
10132539,2934,C_2934,2024-09-16,Trouble accessing funds in your mobile or digital wallet,,Veem Inc,PA,19148,Trouble accessing funds in your mobile or digital wallet ,trouble accessing funds mobile digital wallet,3,6,Trouble during payment process Trying to communicate with the company to fix an issue while managing or servicing your loan,Attempts to collect debt not owed
10138288,2936,C_2936,2024-09-16,Written notification about debt,Notification didn't disclose it was an attempt to collect a debt,Orions Management Group Llc,PA,19152,Written notification about debt Notification didn't disclose it was an attempt to collect a debt,written notification debt notification didnt disclose attempt collect debt,9,0,Attempts to collect debt not owed Debt is not yours,False statements or representation
9951865,2938,C_2938,2024-08-28,Incorrect information on your report,Public record information inaccurate,Inflectioncom Inc,GA,30001,Incorrect information on your report Public record information inaccurate,incorrect information report public record information inaccurate,3,0,Attempts to collect debt not owed Debt is not yours,False statements or representation
10134601,2939,C_2939,2024-09-16,Property was sold,,Firstcash Inc,TN,38106,Property was sold ,property sold,22,14,"Struggling to pay mortgage Trying to communicate with the company to fix an issue related to modification, forbearance, short sale, deed-in-lieu, bankruptcy, or foreclosure",Written notification about debt
10357940,2940,C_2940,2024-10-05,Incorrect information on your report,Old information reappears or never goes away,Sombrero Capital Llc,TX,73301,Incorrect information on your report Old information reappears or never goes away,incorrect information report old information reappears never goes away,13,2,Took or threatened to take negative or legal action Threatened or suggested your credit would be damaged,Improper use of your report
9495811,2941,C_2941,2024-07-12,Incorrect information on your report,Account status incorrect,Arbor Professional Solutions Inc,MI,48212,Incorrect information on your report Account status incorrect,incorrect information report account status incorrect,26,2,Took or threatened to take negative or legal action Threatened or suggested your credit would be damaged,Improper use of your report
9294082,2942,C_2942,2024-06-19,Improper use of your report,Reporting company used your report improperly,Ssrm,LA,70503,Improper use of your report Reporting company used your report improperly,improper use report reporting company used report improperly,0,11,Improper use of your report Reporting company used your report improperly,Struggling to pay mortgage
9883419,2944,C_2944,2024-08-22,Written notification about debt,Didn't receive notice of right to dispute,Zakheim Law Group Pa,FL,32004,Written notification about debt Didn't receive notice of right to dispute,written notification debt didnt receive notice right dispute,9,7,Written notification about debt Didn't receive notice of right to dispute,Improper use of your report
10131235,2945,C_2945,2024-09-15,Improper use of your report,Reporting company used your report improperly,Soja Management Services Llc,FL,33175,Improper use of your report Reporting company used your report improperly,improper use report reporting company used report improperly,8,9,Improper use of your report Reporting company used your report improperly,Incorrect information on your report
9729644,2946,C_2946,2024-08-06,Attempts to collect debt not owed,Debt was result of identity theft,Sweetpay Llc,NY,11370,Attempts to collect debt not owed Debt was result of identity theft,attempts collect debt owed debt result identity theft,28,3,Attempts to collect debt not owed Debt was paid,Attempts to collect debt not owed
10001751,2949,C_2949,2024-09-03,Applying for a mortgage or refinancing an existing mortgage,Delays in the application process,Southwest Business Co,AZ,85298,Applying for a mortgage or refinancing an existing mortgage Delays in the application process,applying mortgage refinancing existing mortgage delays application process,2,0,Attempts to collect debt not owed Debt is not yours,False statements or representation
10166867,2950,C_2950,2024-09-18,False statements or representation,Attempted to collect wrong amount,Dci Credit Services Inc,MN,55001,False statements or representation Attempted to collect wrong amount,false statements representation attempted collect wrong amount,6,5,False statements or representation Attempted to collect wrong amount,Improper use of your report
10166490,2951,C_2951,2024-09-18,Attempts to collect debt not owed,Debt is not yours,Lyon Co,OH,43001,Attempts to collect debt not owed Debt is not yours,attempts collect debt owed debt,21,3,Attempts to collect debt not owed Debt was paid,Attempts to collect debt not owed
766222,2953,C_2953,2014-03-19,Other,,Seterus Inc,GA,30044,Other ,,3,6,Trouble during payment process Trying to communicate with the company to fix an issue while managing or servicing your loan,Attempts to collect debt not owed
1234846,2954,C_2954,2015-02-11,"Loan servicing, payments, escrow account",,Ditech Financial Llc,TX,78148,"Loan servicing, payments, escrow account ",loan servicing payments escrow account,3,0,Attempts to collect debt not owed Debt is not yours,False statements or representation
78578,2956,C_2956,2012-05-15,Collection debt dispute,,Bbt Co,NC,28208,Collection debt dispute ,collection debt dispute,23,0,Attempts to collect debt not owed Debt is not yours,False statements or representation
10285955,2957,C_2957,2024-09-27,Applying for a mortgage or refinancing an existing mortgage,Trying to communicate with the company to fix an issue with the application process,Selfi Inc,NY,11726,Applying for a mortgage or refinancing an existing mortgage Trying to communicate with the company to fix an issue with the application process,applying mortgage refinancing existing mortgage trying communicate company fix issue application process,3,0,Attempts to collect debt not owed Debt is not yours,False statements or representation
9573007,2961,C_2961,2024-07-22,Struggling to pay your bill,Problem lowering your monthly payments,Collection Agency Of The High Co,NJ,08902,Struggling to pay your bill Problem lowering your monthly payments,struggling pay bill problem lowering monthly payments,3,6,Trouble during payment process Trying to communicate with the company to fix an issue while managing or servicing your loan,Attempts to collect debt not owed
9495708,2962,C_2962,2024-07-13,Wrong amount charged or received,,Bankunited National Association,FL,34116,Wrong amount charged or received ,wrong amount charged received,2,0,Attempts to collect debt not owed Debt is not yours,False statements or representation
9491282,2963,C_2963,2024-07-13,Took or threatened to take negative or legal action,Seized or attempted to seize your property,Bh Financial Group Llc,CA,91204,Took or threatened to take negative or legal action Seized or attempted to seize your property,took threatened take negative legal action seized attempted seize property,29,0,Attempts to collect debt not owed Debt is not yours,False statements or representation
9802619,2964,C_2964,2024-08-14,Incorrect information on your report,Account information incorrect,Access Loan Co,GA,31534,Incorrect information on your report Account information incorrect,incorrect information report account information incorrect,13,2,Took or threatened to take negative or legal action Threatened or suggested your credit would be damaged,Improper use of your report
10130584,2965,C_2965,2024-09-15,Closing on a mortgage,Changes in loan terms during or after closing,Neighborhood Assistance Co,PA,18104,Closing on a mortgage Changes in loan terms during or after closing,closing mortgage changes loan terms closing,2,0,Attempts to collect debt not owed Debt is not yours,False statements or representation
9373048,2966,C_2966,2024-06-28,Incorrect information on your report,Account information incorrect,Camino Financial Inc,WA,98116,Incorrect information on your report Account information incorrect,incorrect information report account information incorrect,13,2,Took or threatened to take negative or legal action Threatened or suggested your credit would be damaged,Improper use of your report
9332146,2967,C_2967,2024-06-25,Struggling to repay your loan,"Problem with forgiveness, cancellation, or discharge",Nerd Solutions Inc,CA,90706,"Struggling to repay your loan Problem with forgiveness, cancellation, or discharge",struggling repay loan problem forgiveness cancellation discharge,3,6,Trouble during payment process Trying to communicate with the company to fix an issue while managing or servicing your loan,Attempts to collect debt not owed
9852401,2968,C_2968,2024-08-19,Charged upfront or unexpected fees,,Bella Sloan Enterprises,PA,18702,Charged upfront or unexpected fees ,charged upfront unexpected fees,3,6,Trouble during payment process Trying to communicate with the company to fix an issue while managing or servicing your loan,Attempts to collect debt not owed
10108477,2970,C_2970,2024-09-14,Attempts to collect debt not owed,Debt is not yours,Direcmanagement Inc,AL,36575,Attempts to collect debt not owed Debt is not yours,attempts collect debt owed debt,23,0,Attempts to collect debt not owed Debt is not yours,False statements or representation
10075831,2971,C_2971,2024-09-10,Communication tactics,Frequent or repeated calls,Finmax Smart Capital Llc,AL,35004,Communication tactics Frequent or repeated calls,communication tactics frequent repeated calls,3,1,Attempts to collect debt not owed Debt was result of identity theft,Struggling to pay mortgage
10127466,2972,C_2972,2024-09-15,Incorrect information on your report,Information belongs to someone else,Ncd Financial Llc,WA,98003,Incorrect information on your report Information belongs to someone else,incorrect information report information belongs someone else,12,13,Incorrect information on your report Information belongs to someone else,Incorrect information on your report
10011087,2975,C_2975,2024-09-04,Trouble during payment process,"Escrow, taxes, or insurance",Cu Alliance Llc,TX,77584,"Trouble during payment process Escrow, taxes, or insurance",trouble payment process escrow taxes insurance,3,0,Attempts to collect debt not owed Debt is not yours,False statements or representation
10189340,2976,C_2976,2024-09-20,Incorrect information on your report,Account status incorrect,Rhode Island Housing And Mortgage Finance Co,RI,02895,Incorrect information on your report Account status incorrect,incorrect information report account status incorrect,26,2,Took or threatened to take negative or legal action Threatened or suggested your credit would be damaged,Improper use of your report
10145908,2977,C_2977,2024-09-17,False statements or representation,Attempted to collect wrong amount,Richland Holdings Inc,CA,91311,False statements or representation Attempted to collect wrong amount,false statements representation attempted collect wrong amount,27,5,False statements or representation Attempted to collect wrong amount,Improper use of your report
259691,2979,C_2979,2013-01-26,Credit decision / Underwriting,,Mortgage Investors Co,WI,53534,Credit decision / Underwriting ,credit decision underwriting,3,6,Trouble during payment process Trying to communicate with the company to fix an issue while managing or servicing your loan,Attempts to collect debt not owed
10055633,2981,C_2981,2024-09-07,Managing an account,Problem making or receiving payments,Cred Technologies Dba Credai,FL,32004,Managing an account Problem making or receiving payments,managing account problem making receiving payments,1,6,Trouble during payment process Trying to communicate with the company to fix an issue while managing or servicing your loan,Attempts to collect debt not owed
10018997,2983,C_2983,2024-09-05,Fraud or scam,,Kabompo Holdings Ltd,CA,90745,Fraud or scam ,fraud scam,3,0,Attempts to collect debt not owed Debt is not yours,False statements or representation
10029730,2984,C_2984,2024-09-05,Managing an account,Banking errors,Independent Bank Co,RI,02801,Managing an account Banking errors,managing account banking errors,3,6,Trouble during payment process Trying to communicate with the company to fix an issue while managing or servicing your loan,Attempts to collect debt not owed
10032114,2985,C_2985,2024-09-05,Improper use of your report,Reporting company used your report improperly,Kubota North America Co,AL,35811,Improper use of your report Reporting company used your report improperly,improper use report reporting company used report improperly,8,9,Improper use of your report Reporting company used your report improperly,Incorrect information on your report
9496099,2987,C_2987,2024-07-12,Incorrect information on your report,Account status incorrect,Recheck Inc,CA,91381,Incorrect information on your report Account status incorrect,incorrect information report account status incorrect,14,13,Incorrect information on your report Information belongs to someone else,Incorrect information on your report
9116176,2988,C_2988,2024-05-28,Improper use of your report,Reporting company used your report improperly,Kcb Credit Llc,CA,92374,Improper use of your report Reporting company used your report improperly,improper use report reporting company used report improperly,8,9,Improper use of your report Reporting company used your report improperly,Incorrect information on your report
6251546,2989,C_2989,2022-11-28,Attempts to collect debt not owed,Debt is not yours,Oliver Adjustment Co,IL,60001,Attempts to collect debt not owed Debt is not yours,attempts collect debt owed debt,20,8,Attempts to collect debt not owed Debt is not yours,Written notification about debt
10106041,2991,C_2991,2024-09-12,Attempts to collect debt not owed,Debt was result of identity theft,Ds Erickson  Associates Pllc,MN,55412,Attempts to collect debt not owed Debt was result of identity theft,attempts collect debt owed debt result identity theft,15,1,Attempts to collect debt not owed Debt was result of identity theft,Struggling to pay mortgage
10094000,2994,C_2994,2024-09-11,Attempts to collect debt not owed,Debt was result of identity theft,Openroad Lending,GA,30058,Attempts to collect debt not owed Debt was result of identity theft,attempts collect debt owed debt result identity theft,15,1,Attempts to collect debt not owed Debt was result of identity theft,Struggling to pay mortgage
10129738,2996,C_2996,2024-09-15,Attempts to collect debt not owed,Debt was result of identity theft,Tristate Adjustments Inc,NY,11238,Attempts to collect debt not owed Debt was result of identity theft,attempts collect debt owed debt result identity theft,15,1,Attempts to collect debt not owed Debt was result of identity theft,Struggling to pay mortgage
9309602,2997,C_2997,2024-06-20,Closing on a mortgage,Changes in loan terms during or after closing,Nqm Funding Llc,FL,32004,Closing on a mortgage Changes in loan terms during or after closing,closing mortgage changes loan terms closing,2,0,Attempts to collect debt not owed Debt is not yours,False statements or representation
9998926,2998,C_2998,2024-09-03,Problem with a company's investigation into an existing problem,Their investigation did not fix an error on your report,Island Finance Puerto Rico,PR,00601,Problem with a company's investigation into an existing problem Their investigation did not fix an error on your report,problem companys investigation existing problem investigation fix error report,4,4,Problem with a company's investigation into an existing problem Their investigation did not fix an error on your report,Trouble during payment process
9959799,3001,C_3001,2024-08-30,Problem with a purchase or transfer,Card company isn't resolving a dispute about a purchase or transfer,Icul Service Co,PA,15243,Problem with a purchase or transfer Card company isn't resolving a dispute about a purchase or transfer,problem purchase transfer card company isnt resolving dispute purchase transfer,3,6,Trouble during payment process Trying to communicate with the company to fix an issue while managing or servicing your loan,Attempts to collect debt not owed
9989326,3002,C_3002,2024-09-03,Incorrect information on your report,Account information incorrect,Alliance Co,WI,53205,Incorrect information on your report Account information incorrect,incorrect information report account information incorrect,13,2,Took or threatened to take negative or legal action Threatened or suggested your credit would be damaged,Improper use of your report
10011866,3003,C_3003,2024-09-04,Communication tactics,Called before 8am or after 9pm,Kornerstone Credit Llc,CO,80249,Communication tactics Called before 8am or after 9pm,communication tactics called pm,2,15,Threatened to contact someone or share information improperly Talked to a third-party about your debt,Attempts to collect debt not owed
8950560,3004,C_3004,2024-05-07,"Advertising and marketing, including promotional offers",Didn't receive advertised or promotional terms,Evident Capital Llc,IN,46628,"Advertising and marketing, including promotional offers Didn't receive advertised or promotional terms",advertising marketing including promotional offers didnt receive advertised promotional terms,3,6,Trouble during payment process Trying to communicate with the company to fix an issue while managing or servicing your loan,Attempts to collect debt not owed
9118764,3005,C_3005,2024-05-28,False statements or representation,Attempted to collect wrong amount,Ar Solutions Inc,NE,68001,False statements or representation Attempted to collect wrong amount,false statements representation attempted collect wrong amount,6,5,False statements or representation Attempted to collect wrong amount,Improper use of your report
10124185,3006,C_3006,2024-09-14,Improper use of your report,Credit inquiries on your report that you don't recognize,Marinemax East Inc,IN,46001,Improper use of your report Credit inquiries on your report that you don't recognize,improper use report credit inquiries report dont recognize,7,12,Improper use of your report Credit inquiries on your report that you don't recognize,Trouble during payment process
10106496,3010,C_3010,2024-09-12,Struggling to pay mortgage,"Trying to communicate with the company to fix an issue related to modification, forbearance, short sale, deed-in-lieu, bankruptcy, or foreclosure",Family Mortgage Inc,NV,89135,"Struggling to pay mortgage Trying to communicate with the company to fix an issue related to modification, forbearance, short sale, deed-in-lieu, bankruptcy, or foreclosure",struggling pay mortgage trying communicate company fix issue related modification forbearance short sale deedinlieu bankruptcy foreclosure,17,14,"Struggling to pay mortgage Trying to communicate with the company to fix an issue related to modification, forbearance, short sale, deed-in-lieu, bankruptcy, or foreclosure",Written notification about debt
10172001,3011,C_3011,2024-09-19,Repossession,Loan balance remaining after the vehicle is repossessed and sold,Mesa Auto Finance Llc,AZ,85340,Repossession Loan balance remaining after the vehicle is repossessed and sold,repossession loan balance remaining vehicle repossessed sold,22,14,"Struggling to pay mortgage Trying to communicate with the company to fix an issue related to modification, forbearance, short sale, deed-in-lieu, bankruptcy, or foreclosure",Written notification about debt
590543,3012,C_3012,2013-11-07,Communication tactics,Frequent or repeated calls,Immediate Credit Recovery,TX,77081,Communication tactics Frequent or repeated calls,communication tactics frequent repeated calls,3,1,Attempts to collect debt not owed Debt was result of identity theft,Struggling to pay mortgage
10147929,3014,C_3014,2024-09-17,False statements or representation,Told you not to respond to a lawsuit they filed against you,The Nguyen Law Firm Plc,VA,20040,False statements or representation Told you not to respond to a lawsuit they filed against you,false statements representation told respond lawsuit filed,3,0,Attempts to collect debt not owed Debt is not yours,False statements or representation
10112550,3015,C_3015,2024-09-13,Struggling to repay your loan,Problem with your payment plan,Oklahoma Student Loan Authority,VA,22191,Struggling to repay your loan Problem with your payment plan,struggling repay loan problem payment plan,3,6,Trouble during payment process Trying to communicate with the company to fix an issue while managing or servicing your loan,Attempts to collect debt not owed
10166615,3016,C_3016,2024-09-18,Lost or stolen money order,,Aurora Financial Group Inc,FL,33713,Lost or stolen money order ,lost stolen money order,15,1,Attempts to collect debt not owed Debt was result of identity theft,Struggling to pay mortgage
9877947,3018,C_3018,2024-08-21,Problem with a company's investigation into an existing problem,Problem with personal statement of dispute,Zebit Inc,IL,60628,Problem with a company's investigation into an existing problem Problem with personal statement of dispute,problem companys investigation existing problem problem personal statement dispute,4,4,Problem with a company's investigation into an existing problem Their investigation did not fix an error on your report,Trouble during payment process
9878293,3019,C_3019,2024-08-21,Written notification about debt,Didn't receive enough information to verify debt,Atlantic Pacific Mortgage Co,TX,78619,Written notification about debt Didn't receive enough information to verify debt,written notification debt didnt receive enough information verify debt,16,16,Written notification about debt Didn't receive enough information to verify debt,Trouble during payment process
850014,3020,C_3020,2014-05-13,"Loan modification,collection,foreclosure",,Residential Credit Solutions Inc,FL,33414,"Loan modification,collection,foreclosure ",loan modificationcollectionforeclosure,17,0,Attempts to collect debt not owed Debt is not yours,False statements or representation
10093277,3022,C_3022,2024-09-11,Took or threatened to take negative or legal action,Threatened or suggested your credit would be damaged,Douglass  Associates Co,OH,44107,Took or threatened to take negative or legal action Threatened or suggested your credit would be damaged,took threatened take negative legal action threatened suggested credit would damaged,18,2,Took or threatened to take negative or legal action Threatened or suggested your credit would be damaged,Improper use of your report
9431960,3024,C_3024,2024-07-06,Managing an account,Problem using a debit or ATM card,Hilltop Holdings Inc,TX,78577,Managing an account Problem using a debit or ATM card,managing account problem using debit atm card,1,6,Trouble during payment process Trying to communicate with the company to fix an issue while managing or servicing your loan,Attempts to collect debt not owed
10049242,3026,C_3026,2024-09-05,Problem with a lender or other company charging your account,Transaction was not authorized,Glacier Bancorp Inc,CO,80424,Problem with a lender or other company charging your account Transaction was not authorized,problem lender company charging account transaction authorized,3,0,Attempts to collect debt not owed Debt is not yours,False statements or representation
9425684,3027,C_3027,2024-07-04,Trouble during payment process,"Escrow, taxes, or insurance",Flat Branch Mortgage Inc,IL,62613,"Trouble during payment process Escrow, taxes, or insurance",trouble payment process escrow taxes insurance,3,0,Attempts to collect debt not owed Debt is not yours,False statements or representation
10184553,3028,C_3028,2024-09-20,Attempts to collect debt not owed,Debt is not yours,Trust Financial Llc,FL,33040,Attempts to collect debt not owed Debt is not yours,attempts collect debt owed debt,23,0,Attempts to collect debt not owed Debt is not yours,False statements or representation
10082398,3029,C_3029,2024-09-05,Problem when making payments,,Bridgelock Capital,CA,92376,Problem when making payments ,problem making payments,1,6,Trouble during payment process Trying to communicate with the company to fix an issue while managing or servicing your loan,Attempts to collect debt not owed
10193867,3030,C_3030,2024-09-19,Attempts to collect debt not owed,Debt was already discharged in bankruptcy and is no longer owed,Firstcredit Inc,OH,44123,Attempts to collect debt not owed Debt was already discharged in bankruptcy and is no longer owed,attempts collect debt owed debt already discharged bankruptcy longer owed,10,2,Took or threatened to take negative or legal action Threatened or suggested your credit would be damaged,Improper use of your report
9475515,3032,C_3032,2024-07-10,False statements or representation,Attempted to collect wrong amount,Robinson  Hoover,OK,73001,False statements or representation Attempted to collect wrong amount,false statements representation attempted collect wrong amount,27,5,False statements or representation Attempted to collect wrong amount,Improper use of your report
10032013,3033,C_3033,2024-09-05,Issue where my lender is my school,Issues with fees connected to the loan,Iowa Student Loan Liquidity Co,PA,17110,Issue where my lender is my school Issues with fees connected to the loan,issue lender school issues fees connected loan,3,6,Trouble during payment process Trying to communicate with the company to fix an issue while managing or servicing your loan,Attempts to collect debt not owed
10055408,3034,C_3034,2024-09-09,Struggling to pay your loan,,Modoc Tribe Financial Services Authority,NC,27006,Struggling to pay your loan ,struggling pay loan,3,6,Trouble during payment process Trying to communicate with the company to fix an issue while managing or servicing your loan,Attempts to collect debt not owed
10076000,3036,C_3036,2024-09-10,Fraud or scam,,Mountain Run Solutions Llc,PR,00736,Fraud or scam ,fraud scam,3,0,Attempts to collect debt not owed Debt is not yours,False statements or representation
10003823,3037,C_3037,2024-09-03,False statements or representation,"Impersonated attorney, law enforcement, or government official",C  M Associates Group Inc,TN,37138,"False statements or representation Impersonated attorney, law enforcement, or government official",false statements representation impersonated attorney law enforcement government official,3,0,Attempts to collect debt not owed Debt is not yours,False statements or representation
10183952,3038,C_3038,2024-09-20,Attempts to collect debt not owed,Debt is not yours,Ysa Arm Llc,TX,79938,Attempts to collect debt not owed Debt is not yours,attempts collect debt owed debt,5,10,Attempts to collect debt not owed Debt is not yours,Attempts to collect debt not owed
10032945,3039,C_3039,2024-09-05,Took or threatened to take negative or legal action,Threatened or suggested your credit would be damaged,Voss  Klein Llc,NJ,07666,Took or threatened to take negative or legal action Threatened or suggested your credit would be damaged,took threatened take negative legal action threatened suggested credit would damaged,18,2,Took or threatened to take negative or legal action Threatened or suggested your credit would be damaged,Improper use of your report
9593071,3040,C_3040,2024-07-23,Incorrect information on your report,Information belongs to someone else,Foursight Holding Llc,IL,60619,Incorrect information on your report Information belongs to someone else,incorrect information report information belongs someone else,12,13,Incorrect information on your report Information belongs to someone else,Incorrect information on your report
10171378,3041,C_3041,2024-09-19,Trouble during payment process,Paying off the loan,Vellum Mortgage Inc,VA,22192,Trouble during payment process Paying off the loan,trouble payment process paying loan,3,6,Trouble during payment process Trying to communicate with the company to fix an issue while managing or servicing your loan,Attempts to collect debt not owed
9469575,3042,C_3042,2024-07-11,Communication tactics,Frequent or repeated calls,Lph Inc,MT,59701,Communication tactics Frequent or repeated calls,communication tactics frequent repeated calls,3,1,Attempts to collect debt not owed Debt was result of identity theft,Struggling to pay mortgage
10051430,3043,C_3043,2024-09-09,Getting a loan,Confusing or misleading advertising,Massachusetts Educational Financing Authority,WA,98908,Getting a loan Confusing or misleading advertising,getting loan confusing misleading advertising,3,6,Trouble during payment process Trying to communicate with the company to fix an issue while managing or servicing your loan,Attempts to collect debt not owed
10186177,3044,C_3044,2024-09-20,Didn't provide services promised,,Briteside Solutions Llc,CA,90011,Didn't provide services promised ,didnt provide services promised,3,0,Attempts to collect debt not owed Debt is not yours,False statements or representation
10069073,3045,C_3045,2024-09-10,Attempts to collect debt not owed,Debt was result of identity theft,Stone Creek Financial Inc,OH,43001,Attempts to collect debt not owed Debt was result of identity theft,attempts collect debt owed debt result identity theft,15,1,Attempts to collect debt not owed Debt was result of identity theft,Struggling to pay mortgage
8705189,3046,C_3046,2024-04-06,Attempts to collect debt not owed,Debt was paid,Creditors Co,OR,97304,Attempts to collect debt not owed Debt was paid,attempts collect debt owed debt paid,25,0,Attempts to collect debt not owed Debt is not yours,False statements or representation
9063138,3047,C_3047,2024-05-21,Applying for a mortgage or refinancing an existing mortgage,Confusing or misleading advertising or marketing,Compass Property Group Llc,FL,33837,Applying for a mortgage or refinancing an existing mortgage Confusing or misleading advertising or marketing,applying mortgage refinancing existing mortgage confusing misleading advertising marketing,3,6,Trouble during payment process Trying to communicate with the company to fix an issue while managing or servicing your loan,Attempts to collect debt not owed
9927986,3048,C_3048,2024-08-26,Incorrect information on your report,Information belongs to someone else,Peoples Financial Co,VA,23320,Incorrect information on your report Information belongs to someone else,incorrect information report information belongs someone else,12,13,Incorrect information on your report Information belongs to someone else,Incorrect information on your report
224055,3049,C_3049,2013-01-08,Problems when you are unable to pay,,First Niagara Financial Group Inc,NY,12865,Problems when you are unable to pay ,problems unable pay,1,6,Trouble during payment process Trying to communicate with the company to fix an issue while managing or servicing your loan,Attempts to collect debt not owed
10092021,3051,C_3051,2024-09-11,Written notification about debt,Didn't receive notice of right to dispute,Bdf Partners Pc,TX,73301,Written notification about debt Didn't receive notice of right to dispute,written notification debt didnt receive notice right dispute,9,7,Written notification about debt Didn't receive notice of right to dispute,Improper use of your report
10194224,3052,C_3052,2024-09-19,Improper use of your report,Credit inquiries on your report that you don't recognize,Roc Capital Holdings Llc,OH,43035,Improper use of your report Credit inquiries on your report that you don't recognize,improper use report credit inquiries report dont recognize,7,12,Improper use of your report Credit inquiries on your report that you don't recognize,Trouble during payment process
9453773,3053,C_3053,2024-07-08,Took or threatened to take negative or legal action,Seized or attempted to seize your property,Law Offices Of Michael Lupolover,MO,63111,Took or threatened to take negative or legal action Seized or attempted to seize your property,took threatened take negative legal action seized attempted seize property,29,0,Attempts to collect debt not owed Debt is not yours,False statements or representation
9458964,3054,C_3054,2024-07-10,Communication tactics,Frequent or repeated calls,Recovery One Llc,OH,44124,Communication tactics Frequent or repeated calls,communication tactics frequent repeated calls,3,1,Attempts to collect debt not owed Debt was result of identity theft,Struggling to pay mortgage
2238991,3055,C_3055,2016-12-07,"Loan modification,collection,foreclosure",,Rushmore Loan Management Services Llc,IL,60448,"Loan modification,collection,foreclosure ",loan modificationcollectionforeclosure,17,0,Attempts to collect debt not owed Debt is not yours,False statements or representation
8891572,3056,C_3056,2024-04-30,Attempts to collect debt not owed,Debt is not yours,Medical Debt Recovery Inc,MT,59701,Attempts to collect debt not owed Debt is not yours,attempts collect debt owed debt,23,0,Attempts to collect debt not owed Debt is not yours,False statements or representation
10027599,3059,C_3059,2024-09-05,Took or threatened to take negative or legal action,Threatened or suggested your credit would be damaged,Eastpoint Recovery Group Inc,CA,90703,Took or threatened to take negative or legal action Threatened or suggested your credit would be damaged,took threatened take negative legal action threatened suggested credit would damaged,18,2,Took or threatened to take negative or legal action Threatened or suggested your credit would be damaged,Improper use of your report
9493484,3060,C_3060,2024-07-13,Took or threatened to take negative or legal action,Threatened or suggested your credit would be damaged,Vericore Llc,TX,73301,Took or threatened to take negative or legal action Threatened or suggested your credit would be damaged,took threatened take negative legal action threatened suggested credit would damaged,18,2,Took or threatened to take negative or legal action Threatened or suggested your credit would be damaged,Improper use of your report
9442011,3061,C_3061,2024-07-07,Written notification about debt,Didn't receive enough information to verify debt,Henley Lotterhos  Henley Pllc,MS,39153,Written notification about debt Didn't receive enough information to verify debt,written notification debt didnt receive enough information verify debt,11,7,Written notification about debt Didn't receive notice of right to dispute,Improper use of your report
2055806,3062,C_3062,2016-08-10,Improper contact or sharing of info,Contacted employer after asked not to,Midamerica Accounts Co,MO,64744,Improper contact or sharing of info Contacted employer after asked not to,improper contact sharing info contacted employer asked,19,15,Threatened to contact someone or share information improperly Talked to a third-party about your debt,Attempts to collect debt not owed
10063487,3063,C_3063,2024-09-08,Attempts to collect debt not owed,Debt is not yours,Wamm Sales Llc,TN,37363,Attempts to collect debt not owed Debt is not yours,attempts collect debt owed debt,21,3,Attempts to collect debt not owed Debt was paid,Attempts to collect debt not owed
10062417,3064,C_3064,2024-09-08,Charged fees or interest you didn't expect,,Morgan  Associates Pc,TX,75071,Charged fees or interest you didn't expect ,charged fees interest didnt expect,1,6,Trouble during payment process Trying to communicate with the company to fix an issue while managing or servicing your loan,Attempts to collect debt not owed
10029031,3066,C_3066,2024-09-05,False statements or representation,Attempted to collect wrong amount,Freisem Macon Swann  Malone Llp,GA,30001,False statements or representation Attempted to collect wrong amount,false statements representation attempted collect wrong amount,6,5,False statements or representation Attempted to collect wrong amount,Improper use of your report
9447089,3068,C_3068,2024-07-06,Struggling to pay mortgage,Foreclosure,Commerce Home Mortgage Inc,CA,92373,Struggling to pay mortgage Foreclosure,struggling pay mortgage foreclosure,17,14,"Struggling to pay mortgage Trying to communicate with the company to fix an issue related to modification, forbearance, short sale, deed-in-lieu, bankruptcy, or foreclosure",Written notification about debt
1864258,3069,C_3069,2016-04-05,"Loan servicing, payments, escrow account",,Selene Finance Lp,SC,29662,"Loan servicing, payments, escrow account ",loan servicing payments escrow account,3,0,Attempts to collect debt not owed Debt is not yours,False statements or representation
9504496,3070,C_3070,2024-07-14,Written notification about debt,Notification didn't disclose it was an attempt to collect a debt,Credit Service Of Central Washington Inc,WA,98837,Written notification about debt Notification didn't disclose it was an attempt to collect a debt,written notification debt notification didnt disclose attempt collect debt,9,0,Attempts to collect debt not owed Debt is not yours,False statements or representation
9785735,3071,C_3071,2024-08-13,Didn't provide services promised,,Continental Credit Llc,UT,84095,Didn't provide services promised ,didnt provide services promised,3,0,Attempts to collect debt not owed Debt is not yours,False statements or representation
9938105,3072,C_3072,2024-08-27,Problem when making payments,,First Metropolitan Financial Services Inc,MS,39667,Problem when making payments ,problem making payments,1,6,Trouble during payment process Trying to communicate with the company to fix an issue while managing or servicing your loan,Attempts to collect debt not owed
10023718,3073,C_3073,2024-08-29,Took or threatened to take negative or legal action,Seized or attempted to seize your property,Lenmo Inc,GA,30339,Took or threatened to take negative or legal action Seized or attempted to seize your property,took threatened take negative legal action seized attempted seize property,29,0,Attempts to collect debt not owed Debt is not yours,False statements or representation
10047138,3074,C_3074,2024-09-06,Problem with a company's investigation into an existing problem,Their investigation did not fix an error on your report,Southwest Stage Funding,TX,73301,Problem with a company's investigation into an existing problem Their investigation did not fix an error on your report,problem companys investigation existing problem investigation fix error report,4,4,Problem with a company's investigation into an existing problem Their investigation did not fix an error on your report,Trouble during payment process
9221073,3075,C_3075,2024-06-10,Written notification about debt,Didn't receive notice of right to dispute,Smith Law Firm Pc,MT,59001,Written notification about debt Didn't receive notice of right to dispute,written notification debt didnt receive notice right dispute,9,7,Written notification about debt Didn't receive notice of right to dispute,Improper use of your report
9393080,3076,C_3076,2024-07-01,Improper use of your report,Reporting company used your report improperly,Scratch Services Inc,NY,11207,Improper use of your report Reporting company used your report improperly,improper use report reporting company used report improperly,8,9,Improper use of your report Reporting company used your report improperly,Incorrect information on your report
9762157,3077,C_3077,2024-08-11,Attempts to collect debt not owed,Debt was already discharged in bankruptcy and is no longer owed,Christensen Financial Inc,FL,32224,Attempts to collect debt not owed Debt was already discharged in bankruptcy and is no longer owed,attempts collect debt owed debt already discharged bankruptcy longer owed,10,2,Took or threatened to take negative or legal action Threatened or suggested your credit would be damaged,Improper use of your report
10019837,3078,C_3078,2024-09-04,Communication tactics,Frequent or repeated calls,Central Kentucky Management Services Inc,KY,40475,Communication tactics Frequent or repeated calls,communication tactics frequent repeated calls,3,1,Attempts to collect debt not owed Debt was result of identity theft,Struggling to pay mortgage
9410620,3079,C_3079,2024-07-03,Problem with a company's investigation into an existing problem,Their investigation did not fix an error on your report,Day Credit Experts,CA,92530,Problem with a company's investigation into an existing problem Their investigation did not fix an error on your report,problem companys investigation existing problem investigation fix error report,4,4,Problem with a company's investigation into an existing problem Their investigation did not fix an error on your report,Trouble during payment process
1183373,3081,C_3081,2015-01-06,Taking/threatening an illegal action,Threatened to sue on too old debt,Niagara Portfolio Solutions Llc,DC,20001,Taking/threatening an illegal action Threatened to sue on too old debt,takingthreatening illegal action threatened sue old debt,3,2,Took or threatened to take negative or legal action Threatened or suggested your credit would be damaged,Improper use of your report
9375507,3082,C_3082,2024-06-28,Trouble during payment process,Trying to communicate with the company to fix an issue while managing or servicing your loan,Finance Of America Holdings Llc,CO,80816,Trouble during payment process Trying to communicate with the company to fix an issue while managing or servicing your loan,trouble payment process trying communicate company fix issue managing servicing loan,3,6,Trouble during payment process Trying to communicate with the company to fix an issue while managing or servicing your loan,Attempts to collect debt not owed
9877146,3083,C_3083,2024-08-21,Closing on a mortgage,Closing disclosure or other related disclosures,Gold Star Mortgage Financial,CA,90001,Closing on a mortgage Closing disclosure or other related disclosures,closing mortgage closing disclosure related disclosures,26,1,Attempts to collect debt not owed Debt was result of identity theft,Struggling to pay mortgage
9976482,3084,C_3084,2024-08-31,Written notification about debt,Didn't receive enough information to verify debt,Michael G Niles,SC,29646,Written notification about debt Didn't receive enough information to verify debt,written notification debt didnt receive enough information verify debt,11,7,Written notification about debt Didn't receive notice of right to dispute,Improper use of your report
2118828,3086,C_3086,2016-09-19,Cont'd attempts collect debt not owed,Debt is not mine,Pinnacle Credit Services Llc,TX,77449,Cont'd attempts collect debt not owed Debt is not mine,contd attempts collect debt owed debt mine,2,0,Attempts to collect debt not owed Debt is not yours,False statements or representation
815409,3087,C_3087,2014-04-18,Disclosure verification of debt,Not given enough info to verify debt,Asta Funding Inc,FL,33175,Disclosure verification of debt Not given enough info to verify debt,disclosure verification debt given enough info verify debt,11,7,Written notification about debt Didn't receive notice of right to dispute,Improper use of your report
9865055,3090,C_3090,2024-08-20,False statements or representation,Attempted to collect wrong amount,Keystone Law Llc,VA,20040,False statements or representation Attempted to collect wrong amount,false statements representation attempted collect wrong amount,27,5,False statements or representation Attempted to collect wrong amount,Improper use of your report
9263802,3091,C_3091,2024-06-14,Problem with customer service,,Moore Legal Group Llc,NJ,07110,Problem with customer service ,problem customer service,3,0,Attempts to collect debt not owed Debt is not yours,False statements or representation
2762216,3092,C_3092,2017-12-21,False statements or representation,"Impersonated attorney, law enforcement, or government official",The Cherrington Firm Pllc,MI,48154,"False statements or representation Impersonated attorney, law enforcement, or government official",false statements representation impersonated attorney law enforcement government official,3,0,Attempts to collect debt not owed Debt is not yours,False statements or representation
9557944,3093,C_3093,2024-07-20,Attempts to collect debt not owed,Debt was paid,Iquantified Management Services Llc,TN,38114,Attempts to collect debt not owed Debt was paid,attempts collect debt owed debt paid,25,0,Attempts to collect debt not owed Debt is not yours,False statements or representation
1315277,3095,C_3095,2015-04-03,Communication tactics,Frequent or repeated calls,First Data Co,NV,89103,Communication tactics Frequent or repeated calls,communication tactics frequent repeated calls,3,1,Attempts to collect debt not owed Debt was result of identity theft,Struggling to pay mortgage
10141395,3096,C_3096,2024-09-16,Improper use of your report,Credit inquiries on your report that you don't recognize,Nationwide Credit Co,FL,32829,Improper use of your report Credit inquiries on your report that you don't recognize,improper use report credit inquiries report dont recognize,7,12,Improper use of your report Credit inquiries on your report that you don't recognize,Trouble during payment process
10028237,3097,C_3097,2024-09-05,False statements or representation,Attempted to collect wrong amount,Axela Technologies Inc,GA,30001,False statements or representation Attempted to collect wrong amount,false statements representation attempted collect wrong amount,6,5,False statements or representation Attempted to collect wrong amount,Improper use of your report
9934712,3098,C_3098,2024-08-25,Took or threatened to take negative or legal action,Seized or attempted to seize your property,The Lueder Law Firm Llc,GA,30052,Took or threatened to take negative or legal action Seized or attempted to seize your property,took threatened take negative legal action seized attempted seize property,29,0,Attempts to collect debt not owed Debt is not yours,False statements or representation
9948567,3099,C_3099,2024-08-28,False statements or representation,Attempted to collect wrong amount,Action Co,AZ,85295,False statements or representation Attempted to collect wrong amount,false statements representation attempted collect wrong amount,27,5,False statements or representation Attempted to collect wrong amount,Improper use of your report
8556028,3100,C_3100,2024-03-16,Took or threatened to take negative or legal action,Threatened or suggested your credit would be damaged,Landmark Strategy Group Llc,FL,34953,Took or threatened to take negative or legal action Threatened or suggested your credit would be damaged,took threatened take negative legal action threatened suggested credit would damaged,18,2,Took or threatened to take negative or legal action Threatened or suggested your credit would be damaged,Improper use of your report
10183429,3101,C_3101,2024-09-20,Struggling to pay your loan,,Sunset Management Inc,SC,29693,Struggling to pay your loan ,struggling pay loan,3,6,Trouble during payment process Trying to communicate with the company to fix an issue while managing or servicing your loan,Attempts to collect debt not owed
10076107,3102,C_3102,2024-09-10,Attempts to collect debt not owed,Debt is not yours,Lien Enforcement Inc,CA,95688,Attempts to collect debt not owed Debt is not yours,attempts collect debt owed debt,20,8,Attempts to collect debt not owed Debt is not yours,Written notification about debt
9727500,3103,C_3103,2024-08-07,Communication tactics,Frequent or repeated calls,Kahrs Law Offices Pa,TX,79606,Communication tactics Frequent or repeated calls,communication tactics frequent repeated calls,3,1,Attempts to collect debt not owed Debt was result of identity theft,Struggling to pay mortgage
9709685,3104,C_3104,2024-08-05,Applying for a mortgage or refinancing an existing mortgage,Loan estimate or other related disclosures,Plaza Home Mortgage Inc,IN,46208,Applying for a mortgage or refinancing an existing mortgage Loan estimate or other related disclosures,applying mortgage refinancing existing mortgage loan estimate related disclosures,26,0,Attempts to collect debt not owed Debt is not yours,False statements or representation
1587304,3105,C_3105,2015-09-30,"Loan servicing, payments, escrow account",,Tcf National Bank,CO,80108,"Loan servicing, payments, escrow account ",loan servicing payments escrow account,3,0,Attempts to collect debt not owed Debt is not yours,False statements or representation
9577021,3108,C_3108,2024-07-22,Written notification about debt,Didn't receive notice of right to dispute,The Barton Law Group Llc,MO,63137,Written notification about debt Didn't receive notice of right to dispute,written notification debt didnt receive notice right dispute,9,7,Written notification about debt Didn't receive notice of right to dispute,Improper use of your report
10090132,3109,C_3109,2024-09-11,Confusing or misleading advertising or marketing,,Business Financing Co,OH,44109,Confusing or misleading advertising or marketing ,confusing misleading advertising marketing,3,6,Trouble during payment process Trying to communicate with the company to fix an issue while managing or servicing your loan,Attempts to collect debt not owed
10122002,3110,C_3110,2024-09-15,Struggling to pay mortgage,"An existing modification, forbearance plan, short sale, or other loss mitigation relief",Common Wealth Mortgage Services,UT,84057,"Struggling to pay mortgage An existing modification, forbearance plan, short sale, or other loss mitigation relief",struggling pay mortgage existing modification forbearance plan short sale loss mitigation relief,17,14,"Struggling to pay mortgage Trying to communicate with the company to fix an issue related to modification, forbearance, short sale, deed-in-lieu, bankruptcy, or foreclosure",Written notification about debt
7638562,3112,C_3112,2023-10-03,Charged fees or interest you didn't expect,,Tmx Finance Llc,SC,29203,Charged fees or interest you didn't expect ,charged fees interest didnt expect,1,6,Trouble during payment process Trying to communicate with the company to fix an issue while managing or servicing your loan,Attempts to collect debt not owed
10094760,3113,C_3113,2024-09-12,Attempts to collect debt not owed,Debt was paid,Roosen Varchetti  Olivier Pllc,MI,48036,Attempts to collect debt not owed Debt was paid,attempts collect debt owed debt paid,25,0,Attempts to collect debt not owed Debt is not yours,False statements or representation
9478313,3115,C_3115,2024-07-10,Took or threatened to take negative or legal action,Sued you without properly notifying you of lawsuit,Sacor Financial Inc,CA,92708,Took or threatened to take negative or legal action Sued you without properly notifying you of lawsuit,took threatened take negative legal action sued without properly notifying lawsuit,13,2,Took or threatened to take negative or legal action Threatened or suggested your credit would be damaged,Improper use of your report
9819554,3116,C_3116,2024-08-16,Applying for a mortgage or refinancing an existing mortgage,Trying to communicate with the company to fix an issue with the application process,Total Mortgage Services Llc,CT,06457,Applying for a mortgage or refinancing an existing mortgage Trying to communicate with the company to fix an issue with the application process,applying mortgage refinancing existing mortgage trying communicate company fix issue application process,3,0,Attempts to collect debt not owed Debt is not yours,False statements or representation
9555954,3118,C_3118,2024-07-19,Written notification about debt,Didn't receive enough information to verify debt,Rui Credit Services Inc,CT,06066,Written notification about debt Didn't receive enough information to verify debt,written notification debt didnt receive enough information verify debt,11,7,Written notification about debt Didn't receive notice of right to dispute,Improper use of your report
10226251,3119,C_3119,2024-09-24,Closing on a mortgage,Closing disclosure or other related disclosures,West Capital Lending Inc,FL,32905,Closing on a mortgage Closing disclosure or other related disclosures,closing mortgage closing disclosure related disclosures,26,1,Attempts to collect debt not owed Debt was result of identity theft,Struggling to pay mortgage
10102326,3120,C_3120,2024-09-12,Took or threatened to take negative or legal action,Threatened to sue you for very old debt,Apothaker  Associates Pc,PA,19468,Took or threatened to take negative or legal action Threatened to sue you for very old debt,took threatened take negative legal action threatened sue old debt,3,2,Took or threatened to take negative or legal action Threatened or suggested your credit would be damaged,Improper use of your report
9325405,3121,C_3121,2024-06-22,Improper use of your report,Credit inquiries on your report that you don't recognize,Eustis Mortgage Co,LA,70075,Improper use of your report Credit inquiries on your report that you don't recognize,improper use report credit inquiries report dont recognize,24,12,Improper use of your report Credit inquiries on your report that you don't recognize,Trouble during payment process
9815403,3122,C_3122,2024-08-15,False statements or representation,Attempted to collect wrong amount,The Law Offices Of Gregory Alexandrides Llc,MD,20747,False statements or representation Attempted to collect wrong amount,false statements representation attempted collect wrong amount,6,5,False statements or representation Attempted to collect wrong amount,Improper use of your report
9399474,3123,C_3123,2024-07-01,Took or threatened to take negative or legal action,Threatened to sue you for very old debt,Foreman Financial Inc,CA,92530,Took or threatened to take negative or legal action Threatened to sue you for very old debt,took threatened take negative legal action threatened sue old debt,13,2,Took or threatened to take negative or legal action Threatened or suggested your credit would be damaged,Improper use of your report
3154448,3124,C_3124,2019-02-16,Incorrect information on your report,Account status incorrect,Innovis,NY,14228,Incorrect information on your report Account status incorrect,incorrect information report account status incorrect,14,13,Incorrect information on your report Information belongs to someone else,Incorrect information on your report
9396857,3125,C_3125,2024-07-02,Improper use of your report,Reporting company used your report improperly,Team Recovery Inc,OH,43001,Improper use of your report Reporting company used your report improperly,improper use report reporting company used report improperly,8,9,Improper use of your report Reporting company used your report improperly,Incorrect information on your report
5716356,3126,C_3126,2022-06-28,Improper use of your report,Credit inquiries on your report that you don't recognize,Consolidated Information Services Solutions Llc,FL,33160,Improper use of your report Credit inquiries on your report that you don't recognize,improper use report credit inquiries report dont recognize,7,12,Improper use of your report Credit inquiries on your report that you don't recognize,Trouble during payment process
10181591,3127,C_3127,2024-09-20,Improper use of your report,Credit inquiries on your report that you don't recognize,Network Capital Funding Co,CA,93536,Improper use of your report Credit inquiries on your report that you don't recognize,improper use report credit inquiries report dont recognize,7,12,Improper use of your report Credit inquiries on your report that you don't recognize,Trouble during payment process
9518861,3128,C_3128,2024-07-15,False statements or representation,Attempted to collect wrong amount,Law Office Of Hall And Associates,TN,37604,False statements or representation Attempted to collect wrong amount,false statements representation attempted collect wrong amount,27,5,False statements or representation Attempted to collect wrong amount,Improper use of your report
5824752,3129,C_3129,2022-07-29,Took or threatened to take negative or legal action,Threatened or suggested your credit would be damaged,Allegiant Capital Recovery Llc,MI,48021,Took or threatened to take negative or legal action Threatened or suggested your credit would be damaged,took threatened take negative legal action threatened suggested credit would damaged,18,2,Took or threatened to take negative or legal action Threatened or suggested your credit would be damaged,Improper use of your report
9545710,3130,C_3130,2024-07-18,Charged fees or interest you didn't expect,,Eic Enterprises,OH,45150,Charged fees or interest you didn't expect ,charged fees interest didnt expect,1,6,Trouble during payment process Trying to communicate with the company to fix an issue while managing or servicing your loan,Attempts to collect debt not owed
9026126,3131,C_3131,2024-05-16,Applying for a mortgage or refinancing an existing mortgage,Confusing or misleading advertising or marketing,Mld Mortgage Inc,CA,92067,Applying for a mortgage or refinancing an existing mortgage Confusing or misleading advertising or marketing,applying mortgage refinancing existing mortgage confusing misleading advertising marketing,3,6,Trouble during payment process Trying to communicate with the company to fix an issue while managing or servicing your loan,Attempts to collect debt not owed
10089717,3132,C_3132,2024-09-11,Applying for a mortgage or refinancing an existing mortgage,Delays in the application process,Griffin Funding Inc,VA,22102,Applying for a mortgage or refinancing an existing mortgage Delays in the application process,applying mortgage refinancing existing mortgage delays application process,2,0,Attempts to collect debt not owed Debt is not yours,False statements or representation
9022235,3133,C_3133,2024-05-17,Applying for a mortgage or refinancing an existing mortgage,Loan estimate or other related disclosures,Long  Foster Financial Services Inc,CA,90001,Applying for a mortgage or refinancing an existing mortgage Loan estimate or other related disclosures,applying mortgage refinancing existing mortgage loan estimate related disclosures,26,0,Attempts to collect debt not owed Debt is not yours,False statements or representation
9025130,3135,C_3135,2024-05-16,Incorrect information on your report,Information belongs to someone else,Emcc Holdings Llc,FL,32004,Incorrect information on your report Information belongs to someone else,incorrect information report information belongs someone else,12,13,Incorrect information on your report Information belongs to someone else,Incorrect information on your report
6815290,3136,C_3136,2023-04-09,Improper use of your report,Reporting company used your report improperly,Stjohn Co,NC,28117,Improper use of your report Reporting company used your report improperly,improper use report reporting company used report improperly,8,9,Improper use of your report Reporting company used your report improperly,Incorrect information on your report
10079832,3137,C_3137,2024-09-10,Written notification about debt,Didn't receive notice of right to dispute,Universal Recovery Co,NY,11234,Written notification about debt Didn't receive notice of right to dispute,written notification debt didnt receive notice right dispute,9,7,Written notification about debt Didn't receive notice of right to dispute,Improper use of your report
825022,3138,C_3138,2014-04-25,Cont'd attempts collect debt not owed,Debt was paid,Performant Financial Co,FL,32176,Cont'd attempts collect debt not owed Debt was paid,contd attempts collect debt owed debt paid,10,0,Attempts to collect debt not owed Debt is not yours,False statements or representation
9860437,3140,C_3140,2024-08-20,Applying for a mortgage or refinancing an existing mortgage,Fees or costs during the application process,Cvb Financial Co,CA,93611,Applying for a mortgage or refinancing an existing mortgage Fees or costs during the application process,applying mortgage refinancing existing mortgage fees costs application process,2,0,Attempts to collect debt not owed Debt is not yours,False statements or representation
8830529,3142,C_3142,2024-04-22,Problem with a company's investigation into an existing problem,Their investigation did not fix an error on your report,Waddell Serafino Geary Rechner Jenevein Pc,,,Problem with a company's investigation into an existing problem Their investigation did not fix an error on your report,problem companys investigation existing problem investigation fix error report,4,4,Problem with a company's investigation into an existing problem Their investigation did not fix an error on your report,Trouble during payment process
9492870,3143,C_3143,2024-07-13,Written notification about debt,Didn't receive enough information to verify debt,Harrisloftus Pllc,VA,23602,Written notification about debt Didn't receive enough information to verify debt,written notification debt didnt receive enough information verify debt,11,7,Written notification about debt Didn't receive notice of right to dispute,Improper use of your report
10067785,3145,C_3145,2024-09-09,Incorrect information on your report,Account information incorrect,Paradigm Assets Llc,CA,90004,Incorrect information on your report Account information incorrect,incorrect information report account information incorrect,13,2,Took or threatened to take negative or legal action Threatened or suggested your credit would be damaged,Improper use of your report
503619,3146,C_3146,2013-08-25,Credit decision / Underwriting,,Midamerica Mortgage Inc,CA,90815,Credit decision / Underwriting ,credit decision underwriting,3,6,Trouble during payment process Trying to communicate with the company to fix an issue while managing or servicing your loan,Attempts to collect debt not owed
1256847,3148,C_3148,2015-02-25,False statements or representation,Attempted to collect wrong amount,Platinum Holdings Group Llc,LA,70377,False statements or representation Attempted to collect wrong amount,false statements representation attempted collect wrong amount,27,5,False statements or representation Attempted to collect wrong amount,Improper use of your report
9790479,3149,C_3149,2024-08-13,Struggling to pay mortgage,"Trying to communicate with the company to fix an issue related to modification, forbearance, short sale, deed-in-lieu, bankruptcy, or foreclosure",Homestead Funding Co,NY,12144,"Struggling to pay mortgage Trying to communicate with the company to fix an issue related to modification, forbearance, short sale, deed-in-lieu, bankruptcy, or foreclosure",struggling pay mortgage trying communicate company fix issue related modification forbearance short sale deedinlieu bankruptcy foreclosure,17,14,"Struggling to pay mortgage Trying to communicate with the company to fix an issue related to modification, forbearance, short sale, deed-in-lieu, bankruptcy, or foreclosure",Written notification about debt
9705819,3150,C_3150,2024-08-04,Struggling to pay mortgage,"Trying to communicate with the company to fix an issue related to modification, forbearance, short sale, deed-in-lieu, bankruptcy, or foreclosure",Swe Homes Lp,TX,77070,"Struggling to pay mortgage Trying to communicate with the company to fix an issue related to modification, forbearance, short sale, deed-in-lieu, bankruptcy, or foreclosure",struggling pay mortgage trying communicate company fix issue related modification forbearance short sale deedinlieu bankruptcy foreclosure,17,14,"Struggling to pay mortgage Trying to communicate with the company to fix an issue related to modification, forbearance, short sale, deed-in-lieu, bankruptcy, or foreclosure",Written notification about debt
9773070,3151,C_3151,2024-08-12,Opening an account,Didn't receive terms that were advertised,First United Bank And Trust Co,TX,76248,Opening an account Didn't receive terms that were advertised,opening account didnt receive terms advertised,3,6,Trouble during payment process Trying to communicate with the company to fix an issue while managing or servicing your loan,Attempts to collect debt not owed
10020410,3152,C_3152,2024-09-04,Written notification about debt,Didn't receive notice of right to dispute,Cooling  Winter Llc,GA,30349,Written notification about debt Didn't receive notice of right to dispute,written notification debt didnt receive notice right dispute,9,7,Written notification about debt Didn't receive notice of right to dispute,Improper use of your report
9173624,3153,C_3153,2024-06-04,Problem with a purchase shown on your statement,Credit card company isn't resolving a dispute about a purchase on your statement,Palomar Enterprises Llc,CA,92705,Problem with a purchase shown on your statement Credit card company isn't resolving a dispute about a purchase on your statement,problem purchase shown statement credit card company isnt resolving dispute purchase statement,3,6,Trouble during payment process Trying to communicate with the company to fix an issue while managing or servicing your loan,Attempts to collect debt not owed
10138164,3154,C_3154,2024-09-16,Improper use of your report,Reporting company used your report improperly,Collectibles Management Resources,TX,75217,Improper use of your report Reporting company used your report improperly,improper use report reporting company used report improperly,8,9,Improper use of your report Reporting company used your report improperly,Incorrect information on your report
8890693,3155,C_3155,2024-04-30,Fraud or scam,,Bakkt Opco Holdings Llc,NJ,07083,Fraud or scam ,fraud scam,3,0,Attempts to collect debt not owed Debt is not yours,False statements or representation
8520824,3157,C_3157,2024-03-11,Written notification about debt,Didn't receive notice of right to dispute,Ballybunion Enterprises Inc,FL,33579,Written notification about debt Didn't receive notice of right to dispute,written notification debt didnt receive notice right dispute,9,7,Written notification about debt Didn't receive notice of right to dispute,Improper use of your report
7771966,3158,C_3158,2023-10-29,Attempts to collect debt not owed,Debt was paid,Sierra Pacific Mortgage,NJ,07017,Attempts to collect debt not owed Debt was paid,attempts collect debt owed debt paid,10,3,Attempts to collect debt not owed Debt was paid,Attempts to collect debt not owed
9913664,3160,C_3160,2024-08-26,Trouble during payment process,Interest rate,Dime Co,NY,10022,Trouble during payment process Interest rate,trouble payment process interest rate,3,6,Trouble during payment process Trying to communicate with the company to fix an issue while managing or servicing your loan,Attempts to collect debt not owed
1766950,3161,C_3161,2016-02-01,Cont'd attempts collect debt not owed,Debt is not mine,Diversified Co,MN,55428,Cont'd attempts collect debt not owed Debt is not mine,contd attempts collect debt owed debt mine,2,0,Attempts to collect debt not owed Debt is not yours,False statements or representation
3606551,3162,C_3162,2020-04-14,Struggling to pay mortgage,,American Advisors Group,TX,77498,Struggling to pay mortgage ,struggling pay mortgage,17,14,"Struggling to pay mortgage Trying to communicate with the company to fix an issue related to modification, forbearance, short sale, deed-in-lieu, bankruptcy, or foreclosure",Written notification about debt
1557689,3163,C_3163,2015-09-09,"Account opening, closing, or management",,Cadence Bank,TN,38302,"Account opening, closing, or management ",account opening closing management,3,6,Trouble during payment process Trying to communicate with the company to fix an issue while managing or servicing your loan,Attempts to collect debt not owed
8550289,3164,C_3164,2024-03-14,False statements or representation,Attempted to collect wrong amount,Snap Recovery Inc,NJ,08060,False statements or representation Attempted to collect wrong amount,false statements representation attempted collect wrong amount,27,5,False statements or representation Attempted to collect wrong amount,Improper use of your report
9352413,3165,C_3165,2024-06-26,Closing on a mortgage,Closing disclosure or other related disclosures,First American Financial Co,CA,92030,Closing on a mortgage Closing disclosure or other related disclosures,closing mortgage closing disclosure related disclosures,26,1,Attempts to collect debt not owed Debt was result of identity theft,Struggling to pay mortgage
6030663,3166,C_3166,2022-09-29,Getting a line of credit,,Grain Technology Inc,GA,30291,Getting a line of credit ,getting line credit,3,6,Trouble during payment process Trying to communicate with the company to fix an issue while managing or servicing your loan,Attempts to collect debt not owed
9362872,3168,C_3168,2024-06-27,Trouble using the card,Problem adding money,Greenlight Financial Technology Inc,NV,88901,Trouble using the card Problem adding money,trouble using card problem adding money,3,6,Trouble during payment process Trying to communicate with the company to fix an issue while managing or servicing your loan,Attempts to collect debt not owed
9449417,3169,C_3169,2024-07-08,Trouble during payment process,Trying to communicate with the company to fix an issue while managing or servicing your loan,Mega Capital Funding Inc,SC,29651,Trouble during payment process Trying to communicate with the company to fix an issue while managing or servicing your loan,trouble payment process trying communicate company fix issue managing servicing loan,3,6,Trouble during payment process Trying to communicate with the company to fix an issue while managing or servicing your loan,Attempts to collect debt not owed
10111830,3170,C_3170,2024-09-13,Struggling to pay mortgage,"An existing modification, forbearance plan, short sale, or other loss mitigation relief",West Co,FL,33434,"Struggling to pay mortgage An existing modification, forbearance plan, short sale, or other loss mitigation relief",struggling pay mortgage existing modification forbearance plan short sale loss mitigation relief,17,14,"Struggling to pay mortgage Trying to communicate with the company to fix an issue related to modification, forbearance, short sale, deed-in-lieu, bankruptcy, or foreclosure",Written notification about debt
9357633,3171,C_3171,2024-06-28,Managing an account,Cashing a check,Veritex Holdings Inc,TX,77407,Managing an account Cashing a check,managing account cashing check,3,6,Trouble during payment process Trying to communicate with the company to fix an issue while managing or servicing your loan,Attempts to collect debt not owed
10080723,3173,C_3173,2024-09-10,Written notification about debt,Didn't receive enough information to verify debt,Lamont Hanley  Associates Inc,CA,90706,Written notification about debt Didn't receive enough information to verify debt,written notification debt didnt receive enough information verify debt,11,7,Written notification about debt Didn't receive notice of right to dispute,Improper use of your report
10173787,3174,C_3174,2024-09-19,Written notification about debt,Didn't receive enough information to verify debt,Tfc Credit Co,FL,32004,Written notification about debt Didn't receive enough information to verify debt,written notification debt didnt receive enough information verify debt,11,7,Written notification about debt Didn't receive notice of right to dispute,Improper use of your report
9983335,3175,C_3175,2024-09-01,Written notification about debt,Didn't receive notice of right to dispute,Mccarthy  Holthus Llp,NM,87120,Written notification about debt Didn't receive notice of right to dispute,written notification debt didnt receive notice right dispute,9,7,Written notification about debt Didn't receive notice of right to dispute,Improper use of your report
9190666,3176,C_3176,2024-06-06,Incorrect information on your report,Account information incorrect,Summit Co,PA,19143,Incorrect information on your report Account information incorrect,incorrect information report account information incorrect,13,2,Took or threatened to take negative or legal action Threatened or suggested your credit would be damaged,Improper use of your report
7403168,3177,C_3177,2023-08-15,Can't stop withdrawals from your bank account,,Rh Portfolio I Llc,OH,43001,Can't stop withdrawals from your bank account ,cant stop withdrawals bank account,3,0,Attempts to collect debt not owed Debt is not yours,False statements or representation
9782146,3178,C_3178,2024-08-14,Problem with the payoff process at the end of the loan,,Integrity Funding Ohio Llc,TX,76017,Problem with the payoff process at the end of the loan ,problem payoff process end loan,3,6,Trouble during payment process Trying to communicate with the company to fix an issue while managing or servicing your loan,Attempts to collect debt not owed
5894090,3179,C_3179,2022-08-18,Money was not available when promised,,Celsius Us Holding Llc,NY,10598,Money was not available when promised ,money available promised,26,6,Trouble during payment process Trying to communicate with the company to fix an issue while managing or servicing your loan,Attempts to collect debt not owed
9936385,3180,C_3180,2024-08-27,Written notification about debt,Didn't receive enough information to verify debt,We Co,OR,97267,Written notification about debt Didn't receive enough information to verify debt,written notification debt didnt receive enough information verify debt,16,16,Written notification about debt Didn't receive enough information to verify debt,Trouble during payment process
8759874,3181,C_3181,2024-04-13,Improper use of your report,Reporting company used your report improperly,Nicholas Financial Inc,SC,29720,Improper use of your report Reporting company used your report improperly,improper use report reporting company used report improperly,8,9,Improper use of your report Reporting company used your report improperly,Incorrect information on your report
9615224,3182,C_3182,2024-07-25,Incorrect information on your report,Account status incorrect,Mountain West Financial Inc,CA,91768,Incorrect information on your report Account status incorrect,incorrect information report account status incorrect,14,13,Incorrect information on your report Information belongs to someone else,Incorrect information on your report
715908,3184,C_3184,2014-02-15,Taking/threatening an illegal action,Attempted to/Collected exempt funds,Resurgence Financial Llc,CA,95209,Taking/threatening an illegal action Attempted to/Collected exempt funds,takingthreatening illegal action attempted tocollected exempt funds,3,0,Attempts to collect debt not owed Debt is not yours,False statements or representation
5815829,3185,C_3185,2022-07-27,Attempts to collect debt not owed,Debt is not yours,Professional Placement Services Llc,IL,60619,Attempts to collect debt not owed Debt is not yours,attempts collect debt owed debt,21,3,Attempts to collect debt not owed Debt was paid,Attempts to collect debt not owed
9311654,3186,C_3186,2024-06-20,Improper use of your report,Credit inquiries on your report that you don't recognize,Next Door Lending Llc,GA,30033,Improper use of your report Credit inquiries on your report that you don't recognize,improper use report credit inquiries report dont recognize,24,12,Improper use of your report Credit inquiries on your report that you don't recognize,Trouble during payment process
5488872,3188,C_3188,2022-04-24,Threatened to contact someone or share information improperly,Talked to a third-party about your debt,Credit Bureau Of Carbon Co,WY,82435,Threatened to contact someone or share information improperly Talked to a third-party about your debt,threatened contact someone share information improperly talked thirdparty debt,19,15,Threatened to contact someone or share information improperly Talked to a third-party about your debt,Attempts to collect debt not owed
1119021,3189,C_3189,2014-11-17,Improper contact or sharing of info,Talked to a third party about my debt,Lustig Glaser  Wilson Pc,MA,01944,Improper contact or sharing of info Talked to a third party about my debt,improper contact sharing info talked third party debt,19,15,Threatened to contact someone or share information improperly Talked to a third-party about your debt,Attempts to collect debt not owed
8708396,3190,C_3190,2024-04-05,Confusing or missing disclosures,,Ol Law Group Pl,FL,33317,Confusing or missing disclosures ,confusing missing disclosures,26,0,Attempts to collect debt not owed Debt is not yours,False statements or representation
1080262,3191,C_3191,2014-10-21,False statements or representation,Impersonated an attorney or official,Mne Services Inc,NC,27612,False statements or representation Impersonated an attorney or official,false statements representation impersonated attorney official,3,0,Attempts to collect debt not owed Debt is not yours,False statements or representation
8799353,3192,C_3192,2024-04-18,Improper use of your report,Credit inquiries on your report that you don't recognize,Charlottesville Bureau Of Credits Inc,NC,27604,Improper use of your report Credit inquiries on your report that you don't recognize,improper use report credit inquiries report dont recognize,24,12,Improper use of your report Credit inquiries on your report that you don't recognize,Trouble during payment process
1214924,3194,C_3194,2015-01-28,Closing/Cancelling account,,State Farm Bank Fsb,CA,93065,Closing/Cancelling account ,closingcancelling account,3,6,Trouble during payment process Trying to communicate with the company to fix an issue while managing or servicing your loan,Attempts to collect debt not owed
10087866,3195,C_3195,2024-09-10,Charged fees or interest you didn't expect,,Us Claims Litigation Funding Llc,NY,10036,Charged fees or interest you didn't expect ,charged fees interest didnt expect,1,6,Trouble during payment process Trying to communicate with the company to fix an issue while managing or servicing your loan,Attempts to collect debt not owed
1995579,3196,C_3196,2016-07-01,Disclosure verification of debt,Not given enough info to verify debt,Stellar Recovery Inc,FL,33971,Disclosure verification of debt Not given enough info to verify debt,disclosure verification debt given enough info verify debt,11,7,Written notification about debt Didn't receive notice of right to dispute,Improper use of your report
8334047,3197,C_3197,2024-02-13,Incorrect information on your report,Account information incorrect,Countryplace Acceptance Co,IL,60453,Incorrect information on your report Account information incorrect,incorrect information report account information incorrect,13,2,Took or threatened to take negative or legal action Threatened or suggested your credit would be damaged,Improper use of your report
6730920,3198,C_3198,2023-03-21,Improper use of your report,Reporting company used your report improperly,City Enterprises Llc,AL,36301,Improper use of your report Reporting company used your report improperly,improper use report reporting company used report improperly,8,9,Improper use of your report Reporting company used your report improperly,Incorrect information on your report
6773396,3201,C_3201,2023-03-30,Threatened to contact someone or share information improperly,Contacted you instead of your attorney,Capital Link Management Llc,IL,61615,Threatened to contact someone or share information improperly Contacted you instead of your attorney,threatened contact someone share information improperly contacted instead attorney,19,15,Threatened to contact someone or share information improperly Talked to a third-party about your debt,Attempts to collect debt not owed
10208036,3202,C_3202,2024-09-22,Communication tactics,"You told them to stop contacting you, but they keep trying",United Check Recovery Bureau Inc,FL,33579,"Communication tactics You told them to stop contacting you, but they keep trying",communication tactics told stop contacting keep trying,3,6,Trouble during payment process Trying to communicate with the company to fix an issue while managing or servicing your loan,Attempts to collect debt not owed
10113084,3204,C_3204,2024-09-13,Closing an account,Funds not received from closed account,Enterprise Financial Services Co,CA,92656,Closing an account Funds not received from closed account,closing account funds received closed account,2,0,Attempts to collect debt not owed Debt is not yours,False statements or representation
8808761,3207,C_3207,2024-04-19,Trouble during payment process,Interest rate,Jgb Management Inc,NY,11968,Trouble during payment process Interest rate,trouble payment process interest rate,3,6,Trouble during payment process Trying to communicate with the company to fix an issue while managing or servicing your loan,Attempts to collect debt not owed
5824442,3208,C_3208,2022-07-29,Problem with the payoff process at the end of the loan,,Bank Of The West,OH,44221,Problem with the payoff process at the end of the loan ,problem payoff process end loan,3,6,Trouble during payment process Trying to communicate with the company to fix an issue while managing or servicing your loan,Attempts to collect debt not owed
9951128,3210,C_3210,2024-08-28,Problem with a company's investigation into an existing problem,Was not notified of investigation status or results,Illinois Co,AL,35004,Problem with a company's investigation into an existing problem Was not notified of investigation status or results,problem companys investigation existing problem notified investigation status results,4,4,Problem with a company's investigation into an existing problem Their investigation did not fix an error on your report,Trouble during payment process
9978475,3214,C_3214,2024-08-28,Improper use of your report,Reporting company used your report improperly,Leasepoint Funding Group Llc,SC,29483,Improper use of your report Reporting company used your report improperly,improper use report reporting company used report improperly,0,11,Improper use of your report Reporting company used your report improperly,Struggling to pay mortgage
9929683,3216,C_3216,2024-08-28,Incorrect information on your report,Old information reappears or never goes away,Topa Equities,CA,90746,Incorrect information on your report Old information reappears or never goes away,incorrect information report old information reappears never goes away,13,2,Took or threatened to take negative or legal action Threatened or suggested your credit would be damaged,Improper use of your report
6122012,3217,C_3217,2022-10-24,Took or threatened to take negative or legal action,Threatened or suggested your credit would be damaged,American Accounts  Advisers Inc,MN,55001,Took or threatened to take negative or legal action Threatened or suggested your credit would be damaged,took threatened take negative legal action threatened suggested credit would damaged,18,2,Took or threatened to take negative or legal action Threatened or suggested your credit would be damaged,Improper use of your report
5726004,3218,C_3218,2022-07-01,Communication tactics,"You told them to stop contacting you, but they keep trying",Medical Society Business Services Inc,FL,32824,"Communication tactics You told them to stop contacting you, but they keep trying",communication tactics told stop contacting keep trying,3,6,Trouble during payment process Trying to communicate with the company to fix an issue while managing or servicing your loan,Attempts to collect debt not owed
8751860,3219,C_3219,2024-04-11,False statements or representation,"Impersonated attorney, law enforcement, or government official",Crawford  Von Keller Llc,GA,30022,"False statements or representation Impersonated attorney, law enforcement, or government official",false statements representation impersonated attorney law enforcement government official,3,0,Attempts to collect debt not owed Debt is not yours,False statements or representation
9925649,3220,C_3220,2024-08-26,Repossession,Deficiency balance after repossession,Titanium Funds,UT,84118,Repossession Deficiency balance after repossession,repossession deficiency balance repossession,22,14,"Struggling to pay mortgage Trying to communicate with the company to fix an issue related to modification, forbearance, short sale, deed-in-lieu, bankruptcy, or foreclosure",Written notification about debt
967327,3222,C_3222,2014-08-04,Cont'd attempts collect debt not owed,Debt was paid,Popular Bank,NY,10456,Cont'd attempts collect debt not owed Debt was paid,contd attempts collect debt owed debt paid,10,0,Attempts to collect debt not owed Debt is not yours,False statements or representation
6938734,3223,C_3223,2023-05-08,Attempts to collect debt not owed,Debt is not yours,Frontline Asset Strategies Llc,IL,60624,Attempts to collect debt not owed Debt is not yours,attempts collect debt owed debt,23,0,Attempts to collect debt not owed Debt is not yours,False statements or representation
334231,3225,C_3225,2013-02-26,Advertising and marketing,,Us Gold Cards Inc,OK,74011,Advertising and marketing ,advertising marketing,3,6,Trouble during payment process Trying to communicate with the company to fix an issue while managing or servicing your loan,Attempts to collect debt not owed
1737762,3226,C_3226,2016-01-12,Improper contact or sharing of info,Contacted employer after asked not to,Ms Recovery Solutions,WI,54548,Improper contact or sharing of info Contacted employer after asked not to,improper contact sharing info contacted employer asked,19,15,Threatened to contact someone or share information improperly Talked to a third-party about your debt,Attempts to collect debt not owed
8993647,3228,C_3228,2024-05-14,Managing an account,Deposits and withdrawals,Groundfloor Finance Inc,CA,94598,Managing an account Deposits and withdrawals,managing account deposits withdrawals,3,6,Trouble during payment process Trying to communicate with the company to fix an issue while managing or servicing your loan,Attempts to collect debt not owed
10178182,3232,C_3232,2024-09-20,Communication tactics,Frequent or repeated calls,St Capital Finance Of South Carolina Inc,NC,27603,Communication tactics Frequent or repeated calls,communication tactics frequent repeated calls,3,1,Attempts to collect debt not owed Debt was result of identity theft,Struggling to pay mortgage
10012610,3233,C_3233,2024-09-04,Attempts to collect debt not owed,Debt is not yours,Rapid Co,AZ,85226,Attempts to collect debt not owed Debt is not yours,attempts collect debt owed debt,23,0,Attempts to collect debt not owed Debt is not yours,False statements or representation
1517239,3236,C_3236,2015-08-13,Managing the loan or lease,,Blatt Hasenmiller Leibsker  Moore Llc,PA,16101,Managing the loan or lease ,managing loan lease,3,6,Trouble during payment process Trying to communicate with the company to fix an issue while managing or servicing your loan,Attempts to collect debt not owed
9843027,3237,C_3237,2024-08-19,Attempts to collect debt not owed,Debt is not yours,Lazega  Johanson Llc,SC,29651,Attempts to collect debt not owed Debt is not yours,attempts collect debt owed debt,21,3,Attempts to collect debt not owed Debt was paid,Attempts to collect debt not owed
9384499,3239,C_3239,2024-06-29,Attempts to collect debt not owed,Debt was paid,Automated Co,TN,37215,Attempts to collect debt not owed Debt was paid,attempts collect debt owed debt paid,10,3,Attempts to collect debt not owed Debt was paid,Attempts to collect debt not owed
2160661,3242,C_3242,2016-10-14,"Loan servicing, payments, escrow account",,Phelan Hallinan Diamond  Jones Pc,NJ,08083,"Loan servicing, payments, escrow account ",loan servicing payments escrow account,3,0,Attempts to collect debt not owed Debt is not yours,False statements or representation
987884,3245,C_3245,2014-08-17,"Application, originator, mortgage broker",,Certainty Home Loans Llc,TX,75056,"Application, originator, mortgage broker ",application originator mortgage broker,3,0,Attempts to collect debt not owed Debt is not yours,False statements or representation
1813225,3248,C_3248,2016-03-02,Cont'd attempts collect debt not owed,Debt is not mine,North Shore Agency Llc,AZ,85554,Cont'd attempts collect debt not owed Debt is not mine,contd attempts collect debt owed debt mine,2,0,Attempts to collect debt not owed Debt is not yours,False statements or representation
1630636,3251,C_3251,2015-10-29,Communication tactics,Threatened to take legal action,Solutions To Portfolios Llc,MN,55304,Communication tactics Threatened to take legal action,communication tactics threatened take legal action,2,15,Threatened to contact someone or share information improperly Talked to a third-party about your debt,Attempts to collect debt not owed
6122026,3254,C_3254,2022-10-24,Dealing with your lender or servicer,Received bad information about your loan,College Foundation Inc,NC,27006,Dealing with your lender or servicer Received bad information about your loan,dealing lender servicer received bad information loan,3,0,Attempts to collect debt not owed Debt is not yours,False statements or representation
3501654,3255,C_3255,2020-01-19,Attempts to collect debt not owed,Debt is not yours,Gp Enterprises Llc,CA,95842,Attempts to collect debt not owed Debt is not yours,attempts collect debt owed debt,23,0,Attempts to collect debt not owed Debt is not yours,False statements or representation
10243825,3256,C_3256,2024-09-25,Incorrect information on your report,Information is incorrect,Verified First Llc,AK,99501,Incorrect information on your report Information is incorrect,incorrect information report information incorrect,12,13,Incorrect information on your report Information belongs to someone else,Incorrect information on your report
9796593,3257,C_3257,2024-08-10,Incorrect information on your report,Account status incorrect,Mcburberod Financial Inc,GA,30319,Incorrect information on your report Account status incorrect,incorrect information report account status incorrect,26,2,Took or threatened to take negative or legal action Threatened or suggested your credit would be damaged,Improper use of your report
8614116,3259,C_3259,2024-03-24,Incorrect information on your report,Account status incorrect,Cre Credit Services,PA,19121,Incorrect information on your report Account status incorrect,incorrect information report account status incorrect,26,2,Took or threatened to take negative or legal action Threatened or suggested your credit would be damaged,Improper use of your report
9772573,3262,C_3262,2024-08-12,Getting a loan or lease,Credit denial,Carma Enterprises Inc,TX,76040,Getting a loan or lease Credit denial,getting loan lease credit denial,3,6,Trouble during payment process Trying to communicate with the company to fix an issue while managing or servicing your loan,Attempts to collect debt not owed
8557959,3263,C_3263,2024-03-15,Attempts to collect debt not owed,Debt is not yours,Financial Accounts Service Team Inc,TN,38117,Attempts to collect debt not owed Debt is not yours,attempts collect debt owed debt,21,3,Attempts to collect debt not owed Debt was paid,Attempts to collect debt not owed
9748387,3267,C_3267,2024-08-08,Written notification about debt,Didn't receive enough information to verify debt,Certified Bureau Of The South Inc,AL,35004,Written notification about debt Didn't receive enough information to verify debt,written notification debt didnt receive enough information verify debt,16,16,Written notification about debt Didn't receive enough information to verify debt,Trouble during payment process
10161333,3268,C_3268,2024-09-18,False statements or representation,Indicated you were committing crime by not paying debt,Prober  Raphael A Law Co,CA,91765,False statements or representation Indicated you were committing crime by not paying debt,false statements representation indicated committing crime paying debt,3,0,Attempts to collect debt not owed Debt is not yours,False statements or representation
10246436,3269,C_3269,2024-09-25,False statements or representation,Attempted to collect wrong amount,Ragan  Ragan Pc,GA,30281,False statements or representation Attempted to collect wrong amount,false statements representation attempted collect wrong amount,6,5,False statements or representation Attempted to collect wrong amount,Improper use of your report
10065841,3272,C_3272,2024-09-09,False statements or representation,Attempted to collect wrong amount,Lipsey Morrison Waller  Lipsey Pc,SC,29229,False statements or representation Attempted to collect wrong amount,false statements representation attempted collect wrong amount,6,5,False statements or representation Attempted to collect wrong amount,Improper use of your report
10236065,3276,C_3276,2024-09-25,Written notification about debt,Didn't receive notice of right to dispute,Cdi Affiliated Services Inc,ID,83647,Written notification about debt Didn't receive notice of right to dispute,written notification debt didnt receive notice right dispute,9,7,Written notification about debt Didn't receive notice of right to dispute,Improper use of your report
1146450,3279,C_3279,2014-12-08,Managing the loan or lease,,Diaz  Associates Inc,MA,01040,Managing the loan or lease ,managing loan lease,3,6,Trouble during payment process Trying to communicate with the company to fix an issue while managing or servicing your loan,Attempts to collect debt not owed
941653,3280,C_3280,2014-07-17,Disclosure verification of debt,Not given enough info to verify debt,First Step Group Llc,CA,94601,Disclosure verification of debt Not given enough info to verify debt,disclosure verification debt given enough info verify debt,11,7,Written notification about debt Didn't receive notice of right to dispute,Improper use of your report
10247398,3283,C_3283,2024-09-25,Attempts to collect debt not owed,Debt is not yours,Biehl  Biehl Inc,OH,43001,Attempts to collect debt not owed Debt is not yours,attempts collect debt owed debt,20,8,Attempts to collect debt not owed Debt is not yours,Written notification about debt
7663452,3284,C_3284,2023-10-08,Problems at the end of the loan or lease,Unable to receive car title or other problem after the loan is paid off,Computer Sciences Co,CA,91602,Problems at the end of the loan or lease Unable to receive car title or other problem after the loan is paid off,problems end loan lease unable receive car title problem loan paid,3,6,Trouble during payment process Trying to communicate with the company to fix an issue while managing or servicing your loan,Attempts to collect debt not owed
690140,3287,C_3287,2014-01-29,Communication tactics,Called after sent written cease of comm,Expert Global Solutions Inc,TX,78025,Communication tactics Called after sent written cease of comm,communication tactics called sent written cease comm,2,15,Threatened to contact someone or share information improperly Talked to a third-party about your debt,Attempts to collect debt not owed
9029381,3289,C_3289,2024-05-16,Incorrect information on your report,Account information incorrect,Atlantic Co,CT,06379,Incorrect information on your report Account information incorrect,incorrect information report account information incorrect,13,2,Took or threatened to take negative or legal action Threatened or suggested your credit would be damaged,Improper use of your report
1810242,3290,C_3290,2016-03-01,"Application, originator, mortgage broker",,Phh Mortgage Services Co,CO,80504,"Application, originator, mortgage broker ",application originator mortgage broker,3,0,Attempts to collect debt not owed Debt is not yours,False statements or representation
1073326,3292,C_3292,2014-10-16,Cont'd attempts collect debt not owed,Debt is not mine,Allied International Credit Co,FL,33647,Cont'd attempts collect debt not owed Debt is not mine,contd attempts collect debt owed debt mine,2,0,Attempts to collect debt not owed Debt is not yours,False statements or representation
9243506,3294,C_3294,2024-06-12,Took or threatened to take negative or legal action,Threatened to sue you for very old debt,Paula G Kaplan Esq,NJ,07001,Took or threatened to take negative or legal action Threatened to sue you for very old debt,took threatened take negative legal action threatened sue old debt,13,2,Took or threatened to take negative or legal action Threatened or suggested your credit would be damaged,Improper use of your report
10066669,3299,C_3299,2024-09-10,Struggling to pay your loan,,Emg Acquisition Group Llc,LA,70001,Struggling to pay your loan ,struggling pay loan,3,6,Trouble during payment process Trying to communicate with the company to fix an issue while managing or servicing your loan,Attempts to collect debt not owed
8402546,3301,C_3301,2024-02-22,Communication tactics,"You told them to stop contacting you, but they keep trying",Main Resolution Group,AL,35004,"Communication tactics You told them to stop contacting you, but they keep trying",communication tactics told stop contacting keep trying,3,6,Trouble during payment process Trying to communicate with the company to fix an issue while managing or servicing your loan,Attempts to collect debt not owed
8592680,3302,C_3302,2024-03-20,False statements or representation,Attempted to collect wrong amount,Apex Asset Management Llc,PA,19608,False statements or representation Attempted to collect wrong amount,false statements representation attempted collect wrong amount,27,5,False statements or representation Attempted to collect wrong amount,Improper use of your report
9802527,3303,C_3303,2024-08-09,False statements or representation,Told you not to respond to a lawsuit they filed against you,Parnell Law Group Llc,GA,30045,False statements or representation Told you not to respond to a lawsuit they filed against you,false statements representation told respond lawsuit filed,3,0,Attempts to collect debt not owed Debt is not yours,False statements or representation
8220862,3304,C_3304,2024-01-24,Took or threatened to take negative or legal action,Sued you without properly notifying you of lawsuit,Michael Harrison Attorney At Law,NJ,07446,Took or threatened to take negative or legal action Sued you without properly notifying you of lawsuit,took threatened take negative legal action sued without properly notifying lawsuit,13,2,Took or threatened to take negative or legal action Threatened or suggested your credit would be damaged,Improper use of your report
10142919,3312,C_3312,2024-09-18,Attempts to collect debt not owed,Debt is not yours,Benuck  Rainey Inc,CA,90001,Attempts to collect debt not owed Debt is not yours,attempts collect debt owed debt,20,8,Attempts to collect debt not owed Debt is not yours,Written notification about debt
6269566,3315,C_3315,2022-12-02,Fraud or scam,,Circle Internet Financial,,,Fraud or scam ,fraud scam,3,0,Attempts to collect debt not owed Debt is not yours,False statements or representation
9731351,3317,C_3317,2024-08-05,Took or threatened to take negative or legal action,Sued you without properly notifying you of lawsuit,Selip  Stylianou Llp,NJ,07001,Took or threatened to take negative or legal action Sued you without properly notifying you of lawsuit,took threatened take negative legal action sued without properly notifying lawsuit,13,2,Took or threatened to take negative or legal action Threatened or suggested your credit would be damaged,Improper use of your report
8498500,3318,C_3318,2024-03-07,Problem when making payments,,Gentry Finance Co,UT,84020,Problem when making payments ,problem making payments,1,6,Trouble during payment process Trying to communicate with the company to fix an issue while managing or servicing your loan,Attempts to collect debt not owed
9241187,3320,C_3320,2024-06-13,Confusing or misleading advertising or marketing,,Credit Sage Llc,WA,98001,Confusing or misleading advertising or marketing ,confusing misleading advertising marketing,3,6,Trouble during payment process Trying to communicate with the company to fix an issue while managing or servicing your loan,Attempts to collect debt not owed
645725,3329,C_3329,2013-12-26,Disclosure verification of debt,Not given enough info to verify debt,Louisiana Bureau Of Credit Co,LA,70501,Disclosure verification of debt Not given enough info to verify debt,disclosure verification debt given enough info verify debt,11,7,Written notification about debt Didn't receive notice of right to dispute,Improper use of your report
672944,3337,C_3337,2014-01-16,Communication tactics,Frequent or repeated calls,Cir Law Offices,CA,92596,Communication tactics Frequent or repeated calls,communication tactics frequent repeated calls,3,1,Attempts to collect debt not owed Debt was result of identity theft,Struggling to pay mortgage
9190668,3342,C_3342,2024-06-06,Took or threatened to take negative or legal action,Sued you in a state where you do not live or did not sign for the debt,Egon Singerman Attorney At Law,TN,38401,Took or threatened to take negative or legal action Sued you in a state where you do not live or did not sign for the debt,took threatened take negative legal action sued state live sign debt,3,2,Took or threatened to take negative or legal action Threatened or suggested your credit would be damaged,Improper use of your report
9540425,3344,C_3344,2024-07-17,Attempts to collect debt not owed,Debt is not yours,Automotive Leasing Specialists Llc,LA,70518,Attempts to collect debt not owed Debt is not yours,attempts collect debt owed debt,5,10,Attempts to collect debt not owed Debt is not yours,Attempts to collect debt not owed
579229,3345,C_3345,2013-10-31,"Application, originator, mortgage broker",,Cu Mortgage Services Inc,MN,55407,"Application, originator, mortgage broker ",application originator mortgage broker,3,0,Attempts to collect debt not owed Debt is not yours,False statements or representation
8468025,3347,C_3347,2024-03-04,Trouble during payment process,"Escrow, taxes, or insurance",Truhome Solutions Llc,SC,29349,"Trouble during payment process Escrow, taxes, or insurance",trouble payment process escrow taxes insurance,3,0,Attempts to collect debt not owed Debt is not yours,False statements or representation
10110376,3351,C_3351,2024-09-13,Attempts to collect debt not owed,Debt is not yours,Coastal Finance Co,VA,24540,Attempts to collect debt not owed Debt is not yours,attempts collect debt owed debt,20,8,Attempts to collect debt not owed Debt is not yours,Written notification about debt
8162313,3354,C_3354,2024-01-16,Attempts to collect debt not owed,Debt was paid,Credit Bureau Services Inc,TX,73301,Attempts to collect debt not owed Debt was paid,attempts collect debt owed debt paid,25,0,Attempts to collect debt not owed Debt is not yours,False statements or representation
9413028,3359,C_3359,2024-07-04,Improper use of your report,Reporting company used your report improperly,Stl Holding Co,LA,71111,Improper use of your report Reporting company used your report improperly,improper use report reporting company used report improperly,0,11,Improper use of your report Reporting company used your report improperly,Struggling to pay mortgage
9417277,3361,C_3361,2024-07-03,Electronic communications,Frequent or repeated messages,Amalgamated Token Services Inc,,,Electronic communications Frequent or repeated messages,electronic communications frequent repeated messages,3,2,Took or threatened to take negative or legal action Threatened or suggested your credit would be damaged,Improper use of your report
10101509,3363,C_3363,2024-09-12,Closing on a mortgage,Changes in loan terms during or after closing,Ama Advisors Llc,NY,10952,Closing on a mortgage Changes in loan terms during or after closing,closing mortgage changes loan terms closing,2,0,Attempts to collect debt not owed Debt is not yours,False statements or representation
9491065,3364,C_3364,2024-07-12,Problem with a company's investigation into an existing problem,Investigation took more than 30 days,Primavera Financial Inc,OK,74146,Problem with a company's investigation into an existing problem Investigation took more than 30 days,problem companys investigation existing problem investigation took days,4,4,Problem with a company's investigation into an existing problem Their investigation did not fix an error on your report,Trouble during payment process
6006707,3365,C_3365,2022-09-23,Incorrect information on your report,Account status incorrect,Home Point Financial Co,FL,33180,Incorrect information on your report Account status incorrect,incorrect information report account status incorrect,14,13,Incorrect information on your report Information belongs to someone else,Incorrect information on your report
719762,3366,C_3366,2014-02-19,"Account opening, closing, or management",,Us Bank National Association Sa,CA,91724,"Account opening, closing, or management ",account opening closing management,3,6,Trouble during payment process Trying to communicate with the company to fix an issue while managing or servicing your loan,Attempts to collect debt not owed
9704256,3367,C_3367,2024-08-04,Didn't provide services promised,,Rescue  Financial Llc,CA,91780,Didn't provide services promised ,didnt provide services promised,3,0,Attempts to collect debt not owed Debt is not yours,False statements or representation
6502901,3368,C_3368,2023-01-29,Attempts to collect debt not owed,Debt is not yours,Unlimited Progress Co,IN,46342,Attempts to collect debt not owed Debt is not yours,attempts collect debt owed debt,5,10,Attempts to collect debt not owed Debt is not yours,Attempts to collect debt not owed
7741645,3369,C_3369,2023-10-23,Problem with a company's investigation into an existing problem,Their investigation did not fix an error on your report,Prestige Financial Services Inc,TX,77012,Problem with a company's investigation into an existing problem Their investigation did not fix an error on your report,problem companys investigation existing problem investigation fix error report,4,4,Problem with a company's investigation into an existing problem Their investigation did not fix an error on your report,Trouble during payment process
5110376,3374,C_3374,2022-01-14,Struggling to pay mortgage,,First Guaranty Mortgage Co,NC,27301,Struggling to pay mortgage ,struggling pay mortgage,17,14,"Struggling to pay mortgage Trying to communicate with the company to fix an issue related to modification, forbearance, short sale, deed-in-lieu, bankruptcy, or foreclosure",Written notification about debt
9790790,3375,C_3375,2024-08-14,Attempts to collect debt not owed,Debt is not yours,Dunlap Gardiner Llp,GA,30252,Attempts to collect debt not owed Debt is not yours,attempts collect debt owed debt,20,8,Attempts to collect debt not owed Debt is not yours,Written notification about debt
9816282,3376,C_3376,2024-08-11,Improper use of your report,Reporting company used your report improperly,Law Firm Of Karl Frankovitch,CO,80001,Improper use of your report Reporting company used your report improperly,improper use report reporting company used report improperly,0,11,Improper use of your report Reporting company used your report improperly,Struggling to pay mortgage
9794687,3377,C_3377,2024-08-10,Written notification about debt,Didn't receive enough information to verify debt,Walwick Inc,WA,98003,Written notification about debt Didn't receive enough information to verify debt,written notification debt didnt receive enough information verify debt,11,7,Written notification about debt Didn't receive notice of right to dispute,Improper use of your report
9713064,3378,C_3378,2024-08-05,Threatened to contact someone or share information improperly,Talked to a third-party about your debt,Great Northern Mortgage Co,TX,77039,Threatened to contact someone or share information improperly Talked to a third-party about your debt,threatened contact someone share information improperly talked thirdparty debt,19,15,Threatened to contact someone or share information improperly Talked to a third-party about your debt,Attempts to collect debt not owed
9713327,3379,C_3379,2024-08-05,Struggling to pay your loan,,Urs Solutions Llc,IL,60001,Struggling to pay your loan ,struggling pay loan,3,6,Trouble during payment process Trying to communicate with the company to fix an issue while managing or servicing your loan,Attempts to collect debt not owed
9703204,3383,C_3383,2024-08-05,Problem with a company's investigation into an existing problem,Their investigation did not fix an error on your report,Hatfield Portfolio Group Llc,TX,73301,Problem with a company's investigation into an existing problem Their investigation did not fix an error on your report,problem companys investigation existing problem investigation fix error report,4,4,Problem with a company's investigation into an existing problem Their investigation did not fix an error on your report,Trouble during payment process
9720624,3384,C_3384,2024-08-06,Improper use of your report,Credit inquiries on your report that you don't recognize,Crescent City Credit Recovery Inc,MI,48001,Improper use of your report Credit inquiries on your report that you don't recognize,improper use report credit inquiries report dont recognize,7,12,Improper use of your report Credit inquiries on your report that you don't recognize,Trouble during payment process
9704829,3386,C_3386,2024-08-04,Improper use of your report,Reporting company used your report improperly,Ben Franklin Finance Llc,AR,71601,Improper use of your report Reporting company used your report improperly,improper use report reporting company used report improperly,8,9,Improper use of your report Reporting company used your report improperly,Incorrect information on your report
1060554,3388,C_3388,2014-10-06,"Loan modification,collection,foreclosure",,Flagstar Bank Na,GA,30331,"Loan modification,collection,foreclosure ",loan modificationcollectionforeclosure,17,0,Attempts to collect debt not owed Debt is not yours,False statements or representation
9705919,3389,C_3389,2024-08-04,Struggling to pay your loan,,Money Tree Lending,WA,99336,Struggling to pay your loan ,struggling pay loan,3,6,Trouble during payment process Trying to communicate with the company to fix an issue while managing or servicing your loan,Attempts to collect debt not owed
9685374,3390,C_3390,2024-08-01,Managing the loan or lease,Billing problem,Merchants Automotive Group Llc,MA,01001,Managing the loan or lease Billing problem,managing loan lease billing problem,3,6,Trouble during payment process Trying to communicate with the company to fix an issue while managing or servicing your loan,Attempts to collect debt not owed
9690505,3394,C_3394,2024-08-02,Improper use of your report,Reporting company used your report improperly,Winona Holdings Inc,FL,33147,Improper use of your report Reporting company used your report improperly,improper use report reporting company used report improperly,0,11,Improper use of your report Reporting company used your report improperly,Struggling to pay mortgage
9669123,3395,C_3395,2024-08-01,Incorrect information on your report,Old information reappears or never goes away,Clear Start Today,MA,01001,Incorrect information on your report Old information reappears or never goes away,incorrect information report old information reappears never goes away,13,2,Took or threatened to take negative or legal action Threatened or suggested your credit would be damaged,Improper use of your report
9744277,3398,C_3398,2024-08-08,Attempts to collect debt not owed,Debt was paid,Financial Asset Management Systems Inc,MI,48213,Attempts to collect debt not owed Debt was paid,attempts collect debt owed debt paid,25,0,Attempts to collect debt not owed Debt is not yours,False statements or representation
6381741,3399,C_3399,2022-12-31,Attempts to collect debt not owed,Debt was paid,Retrievalmasters Creditors Bureau Inc,TX,78666,Attempts to collect debt not owed Debt was paid,attempts collect debt owed debt paid,25,0,Attempts to collect debt not owed Debt is not yours,False statements or representation
1650010,3400,C_3400,2015-11-10,Cont'd attempts collect debt not owed,Debt is not mine,High Point Asset Inc,CA,95758,Cont'd attempts collect debt not owed Debt is not mine,contd attempts collect debt owed debt mine,2,0,Attempts to collect debt not owed Debt is not yours,False statements or representation
1579271,3401,C_3401,2015-09-24,Communication tactics,Frequent or repeated calls,Pmabllc,TX,75222,Communication tactics Frequent or repeated calls,communication tactics frequent repeated calls,3,1,Attempts to collect debt not owed Debt was result of identity theft,Struggling to pay mortgage
2720211,3402,C_3402,2017-11-03,Incorrect information on your report,Information is incorrect,Credigy Solutions Inc,PR,00601,Incorrect information on your report Information is incorrect,incorrect information report information incorrect,12,13,Incorrect information on your report Information belongs to someone else,Incorrect information on your report
8403111,3403,C_3403,2024-02-22,Money was not available when promised,,Earnup Inc,MO,63755,Money was not available when promised ,money available promised,26,6,Trouble during payment process Trying to communicate with the company to fix an issue while managing or servicing your loan,Attempts to collect debt not owed
8714329,3404,C_3404,2024-04-06,Incorrect information on your report,Account information incorrect,Access Loan Services Inc,GA,31605,Incorrect information on your report Account information incorrect,incorrect information report account information incorrect,13,2,Took or threatened to take negative or legal action Threatened or suggested your credit would be damaged,Improper use of your report
9033369,3405,C_3405,2024-05-18,Attempts to collect debt not owed,Debt is not yours,Sessoms  Rogers Pa,NC,27358,Attempts to collect debt not owed Debt is not yours,attempts collect debt owed debt,5,10,Attempts to collect debt not owed Debt is not yours,Attempts to collect debt not owed
7372695,3406,C_3406,2023-08-09,Threatened to contact someone or share information improperly,Talked to a third-party about your debt,Kp Asset Co,KY,40003,Threatened to contact someone or share information improperly Talked to a third-party about your debt,threatened contact someone share information improperly talked thirdparty debt,19,15,Threatened to contact someone or share information improperly Talked to a third-party about your debt,Attempts to collect debt not owed
565664,3407,C_3407,2013-10-22,Cont'd attempts collect debt not owed,Debt is not mine,Dynamic Recovery Solutions Llc,LA,70791,Cont'd attempts collect debt not owed Debt is not mine,contd attempts collect debt owed debt mine,2,0,Attempts to collect debt not owed Debt is not yours,False statements or representation
8869201,3409,C_3409,2024-04-26,Attempts to collect debt not owed,Debt was result of identity theft,Kansas Co,AZ,85745,Attempts to collect debt not owed Debt was result of identity theft,attempts collect debt owed debt result identity theft,15,1,Attempts to collect debt not owed Debt was result of identity theft,Struggling to pay mortgage
1868997,3411,C_3411,2016-04-07,Taking/threatening an illegal action,Threatened arrest/jail if do not pay,Check Into Cash Inc,OH,43001,Taking/threatening an illegal action Threatened arrest/jail if do not pay,takingthreatening illegal action threatened arrestjail pay,2,15,Threatened to contact someone or share information improperly Talked to a third-party about your debt,Attempts to collect debt not owed
29901,3412,C_3412,2012-03-05,"Application, originator, mortgage broker",,Etrade Bank,NJ,07748,"Application, originator, mortgage broker ",application originator mortgage broker,3,0,Attempts to collect debt not owed Debt is not yours,False statements or representation
9494775,3413,C_3413,2024-07-13,Vehicle was damaged or destroyed the vehicle,,North Georgia Loans Inc,GA,30001,Vehicle was damaged or destroyed the vehicle ,vehicle damaged destroyed vehicle,22,14,"Struggling to pay mortgage Trying to communicate with the company to fix an issue related to modification, forbearance, short sale, deed-in-lieu, bankruptcy, or foreclosure",Written notification about debt
10135245,3414,C_3414,2024-09-16,Closing on a mortgage,Closing disclosure or other related disclosures,Amnet Esop Co,TX,75104,Closing on a mortgage Closing disclosure or other related disclosures,closing mortgage closing disclosure related disclosures,26,1,Attempts to collect debt not owed Debt was result of identity theft,Struggling to pay mortgage
676161,3415,C_3415,2014-01-19,Can't contact lender,,Northway Broker Ltd,CO,80241,Can't contact lender ,cant contact lender,3,0,Attempts to collect debt not owed Debt is not yours,False statements or representation
9418615,3416,C_3416,2024-07-03,Money was not available when promised,,Pintor Partners Lp,TX,75006,Money was not available when promised ,money available promised,26,6,Trouble during payment process Trying to communicate with the company to fix an issue while managing or servicing your loan,Attempts to collect debt not owed
702625,3417,C_3417,2014-02-05,Disclosure verification of debt,Not disclosed as an attempt to collect,Receivables Performance Management Llc,TX,75069,Disclosure verification of debt Not disclosed as an attempt to collect,disclosure verification debt disclosed attempt collect,11,7,Written notification about debt Didn't receive notice of right to dispute,Improper use of your report
8866422,3418,C_3418,2024-04-27,Took or threatened to take negative or legal action,Threatened to sue you for very old debt,Kenneth E Davidson Attorney,CO,81212,Took or threatened to take negative or legal action Threatened to sue you for very old debt,took threatened take negative legal action threatened sue old debt,13,2,Took or threatened to take negative or legal action Threatened or suggested your credit would be damaged,Improper use of your report
598399,3419,C_3419,2013-11-14,Cont'd attempts collect debt not owed,Debt was paid,Couch Co,LA,70791,Cont'd attempts collect debt not owed Debt was paid,contd attempts collect debt owed debt paid,10,0,Attempts to collect debt not owed Debt is not yours,False statements or representation
19636,3420,C_3420,2012-02-02,"Loan modification,collection,foreclosure",,Jlm Re Investments,TX,78411,"Loan modification,collection,foreclosure ",loan modificationcollectionforeclosure,17,0,Attempts to collect debt not owed Debt is not yours,False statements or representation
907383,3421,C_3421,2014-06-23,"Loan modification,collection,foreclosure",,Wcda Wyoming Co,PA,16804,"Loan modification,collection,foreclosure ",loan modificationcollectionforeclosure,17,0,Attempts to collect debt not owed Debt is not yours,False statements or representation
421066,3422,C_3422,2013-05-31,"Account opening, closing, or management",,Flagstar Bank National Association,NY,11758,"Account opening, closing, or management ",account opening closing management,3,6,Trouble during payment process Trying to communicate with the company to fix an issue while managing or servicing your loan,Attempts to collect debt not owed
10059899,3423,C_3423,2024-09-01,Attempts to collect debt not owed,Debt was paid,Southern Credit Adjusters Inc,TX,78251,Attempts to collect debt not owed Debt was paid,attempts collect debt owed debt paid,10,3,Attempts to collect debt not owed Debt was paid,Attempts to collect debt not owed
9362603,3424,C_3424,2024-06-27,Didn't provide services promised,,Turnbull Law Group,NJ,07840,Didn't provide services promised ,didnt provide services promised,3,0,Attempts to collect debt not owed Debt is not yours,False statements or representation
88075,3425,C_3425,2012-05-29,"Application, originator, mortgage broker",,St Alliance Lending Llc,VA,22202,"Application, originator, mortgage broker ",application originator mortgage broker,3,0,Attempts to collect debt not owed Debt is not yours,False statements or representation
10073288,3426,C_3426,2024-09-11,Problem with a company's investigation into an existing problem,Their investigation did not fix an error on your report,Best In Funding Inc,CA,92507,Problem with a company's investigation into an existing problem Their investigation did not fix an error on your report,problem companys investigation existing problem investigation fix error report,4,4,Problem with a company's investigation into an existing problem Their investigation did not fix an error on your report,Trouble during payment process
10069737,3427,C_3427,2024-09-09,Took or threatened to take negative or legal action,Threatened or suggested your credit would be damaged,Makower Abbate Guerra Wegner Vollmer Pllc,MI,48375,Took or threatened to take negative or legal action Threatened or suggested your credit would be damaged,took threatened take negative legal action threatened suggested credit would damaged,18,2,Took or threatened to take negative or legal action Threatened or suggested your credit would be damaged,Improper use of your report
10034193,3428,C_3428,2024-09-07,Improper use of your report,Reporting company used your report improperly,Remax,NJ,07501,Improper use of your report Reporting company used your report improperly,improper use report reporting company used report improperly,8,9,Improper use of your report Reporting company used your report improperly,Incorrect information on your report
785607,3429,C_3429,2014-03-31,Cont'd attempts collect debt not owed,Debt was paid,Suburban Credit Co,MD,20874,Cont'd attempts collect debt not owed Debt was paid,contd attempts collect debt owed debt paid,10,0,Attempts to collect debt not owed Debt is not yours,False statements or representation
9416636,3430,C_3430,2024-07-03,Charged fees or interest you didn't expect,,Money Stash Llc,UT,84120,Charged fees or interest you didn't expect ,charged fees interest didnt expect,1,6,Trouble during payment process Trying to communicate with the company to fix an issue while managing or servicing your loan,Attempts to collect debt not owed
911281,3431,C_3431,2014-06-25,Improper contact or sharing of info,Contacted me after I asked not to,The Law Office Of John P Frye Pc,NY,11742,Improper contact or sharing of info Contacted me after I asked not to,improper contact sharing info contacted asked,19,15,Threatened to contact someone or share information improperly Talked to a third-party about your debt,Attempts to collect debt not owed
762247,3432,C_3432,2014-03-18,"Loan servicing, payments, escrow account",,Servis One Inc,NJ,08046,"Loan servicing, payments, escrow account ",loan servicing payments escrow account,3,0,Attempts to collect debt not owed Debt is not yours,False statements or representation
153325,3435,C_3435,2012-09-14,"Loan modification,collection,foreclosure",,James B Nutter Co,CA,92113,"Loan modification,collection,foreclosure ",loan modificationcollectionforeclosure,17,0,Attempts to collect debt not owed Debt is not yours,False statements or representation
369519,3436,C_3436,2013-03-29,Managing the line of credit,,Santander Bancorp,PR,00601,Managing the line of credit ,managing line credit,3,6,Trouble during payment process Trying to communicate with the company to fix an issue while managing or servicing your loan,Attempts to collect debt not owed
125129,3437,C_3437,2012-07-26,"Loan servicing, payments, escrow account",,Rco Legal Ps,WA,98467,"Loan servicing, payments, escrow account ",loan servicing payments escrow account,3,0,Attempts to collect debt not owed Debt is not yours,False statements or representation
10068263,3438,C_3438,2024-09-09,Written notification about debt,Didn't receive notice of right to dispute,Credit Bureau Of The South Inc,IL,60628,Written notification about debt Didn't receive notice of right to dispute,written notification debt didnt receive notice right dispute,9,7,Written notification about debt Didn't receive notice of right to dispute,Improper use of your report
8214210,3439,C_3439,2024-01-25,Problem with a company's investigation into an existing problem,Their investigation did not fix an error on your report,Vandyk Mortgage Co,TN,37806,Problem with a company's investigation into an existing problem Their investigation did not fix an error on your report,problem companys investigation existing problem investigation fix error report,4,4,Problem with a company's investigation into an existing problem Their investigation did not fix an error on your report,Trouble during payment process
8852381,3440,C_3440,2024-04-24,Improper use of your report,Reporting company used your report improperly,Greater Suburban Acceptance Co,TX,75001,Improper use of your report Reporting company used your report improperly,improper use report reporting company used report improperly,0,11,Improper use of your report Reporting company used your report improperly,Struggling to pay mortgage
7454465,3441,C_3441,2023-08-25,Repossession,Notice to repossess,Rd Generation Inc,WA,98908,Repossession Notice to repossess,repossession notice repossess,22,14,"Struggling to pay mortgage Trying to communicate with the company to fix an issue related to modification, forbearance, short sale, deed-in-lieu, bankruptcy, or foreclosure",Written notification about debt
9609427,3443,C_3443,2024-07-24,Attempts to collect debt not owed,Debt is not yours,Business Revenue Systems Inc,GA,30040,Attempts to collect debt not owed Debt is not yours,attempts collect debt owed debt,5,10,Attempts to collect debt not owed Debt is not yours,Attempts to collect debt not owed
9928691,3444,C_3444,2024-08-26,Incorrect information on your report,Account information incorrect,Finfit Holding Co,FL,33411,Incorrect information on your report Account information incorrect,incorrect information report account information incorrect,13,2,Took or threatened to take negative or legal action Threatened or suggested your credit would be damaged,Improper use of your report
2938963,3445,C_3445,2018-06-18,Written notification about debt,Didn't receive enough information to verify debt,Wakefield  Associates Inc,PR,00601,Written notification about debt Didn't receive enough information to verify debt,written notification debt didnt receive enough information verify debt,16,16,Written notification about debt Didn't receive enough information to verify debt,Trouble during payment process
1297858,3446,C_3446,2015-03-24,Settlement process and costs,,Acopia Capital Group,TN,37122,Settlement process and costs ,settlement process costs,3,6,Trouble during payment process Trying to communicate with the company to fix an issue while managing or servicing your loan,Attempts to collect debt not owed
9281592,3447,C_3447,2024-06-17,Incorrect information on your report,Account information incorrect,Giact Systems Llc,IN,46235,Incorrect information on your report Account information incorrect,incorrect information report account information incorrect,13,2,Took or threatened to take negative or legal action Threatened or suggested your credit would be damaged,Improper use of your report
2227039,3448,C_3448,2016-11-29,Deposits and withdrawals,,First Horizon Bank  West Co,LA,70508,Deposits and withdrawals ,deposits withdrawals,3,6,Trouble during payment process Trying to communicate with the company to fix an issue while managing or servicing your loan,Attempts to collect debt not owed
43790,3449,C_3449,2012-04-03,Credit decision / Underwriting,,Prospect Mortgage Llc,CA,92057,Credit decision / Underwriting ,credit decision underwriting,3,6,Trouble during payment process Trying to communicate with the company to fix an issue while managing or servicing your loan,Attempts to collect debt not owed
8634968,3451,C_3451,2024-03-27,Money was not available when promised,,Bmansol Intermediate Holdings Inc,CA,91107,Money was not available when promised ,money available promised,26,6,Trouble during payment process Trying to communicate with the company to fix an issue while managing or servicing your loan,Attempts to collect debt not owed
8120459,3452,C_3452,2024-01-07,Improper use of your report,Credit inquiries on your report that you don't recognize,Dallasautosless,TX,75088,Improper use of your report Credit inquiries on your report that you don't recognize,improper use report credit inquiries report dont recognize,24,12,Improper use of your report Credit inquiries on your report that you don't recognize,Trouble during payment process
9712319,3454,C_3454,2024-08-05,Trouble during payment process,Trying to communicate with the company to fix an issue while managing or servicing your loan,Colony Ridge Inc,TX,77093,Trouble during payment process Trying to communicate with the company to fix an issue while managing or servicing your loan,trouble payment process trying communicate company fix issue managing servicing loan,3,6,Trouble during payment process Trying to communicate with the company to fix an issue while managing or servicing your loan,Attempts to collect debt not owed
8551246,3455,C_3455,2024-03-14,Written notification about debt,Didn't receive notice of right to dispute,First Choice Assets Llc,CA,92821,Written notification about debt Didn't receive notice of right to dispute,written notification debt didnt receive notice right dispute,9,7,Written notification about debt Didn't receive notice of right to dispute,Improper use of your report
698473,3456,C_3456,2014-02-04,"Application, originator, mortgage broker",,Lending Solutions Mortgage Lsi Mortgage,CA,91745,"Application, originator, mortgage broker ",application originator mortgage broker,3,0,Attempts to collect debt not owed Debt is not yours,False statements or representation
1070095,3457,C_3457,2014-10-14,Cont'd attempts collect debt not owed,Debt was paid,Revsolve Inc,AZ,85087,Cont'd attempts collect debt not owed Debt was paid,contd attempts collect debt owed debt paid,10,0,Attempts to collect debt not owed Debt is not yours,False statements or representation
8231254,3458,C_3458,2024-01-26,Applying for a mortgage or refinancing an existing mortgage,Delays in the application process,Bay Equity Llc,KY,40299,Applying for a mortgage or refinancing an existing mortgage Delays in the application process,applying mortgage refinancing existing mortgage delays application process,2,0,Attempts to collect debt not owed Debt is not yours,False statements or representation
8182303,3459,C_3459,2024-01-19,False statements or representation,"Impersonated attorney, law enforcement, or government official",Greenberg Grant  Richards Inc,NY,10025,"False statements or representation Impersonated attorney, law enforcement, or government official",false statements representation impersonated attorney law enforcement government official,3,0,Attempts to collect debt not owed Debt is not yours,False statements or representation
8947977,3460,C_3460,2024-05-07,Written notification about debt,Didn't receive enough information to verify debt,Capital Credit And Co,OR,97070,Written notification about debt Didn't receive enough information to verify debt,written notification debt didnt receive enough information verify debt,16,16,Written notification about debt Didn't receive enough information to verify debt,Trouble during payment process
8369050,3461,C_3461,2024-02-19,Closing on a mortgage,Fees or costs after closing,Toll Brothers Inc,VA,20148,Closing on a mortgage Fees or costs after closing,closing mortgage fees costs closing,2,0,Attempts to collect debt not owed Debt is not yours,False statements or representation
9702396,3463,C_3463,2024-08-04,Charged upfront or unexpected fees,,Helping Hand Financial Inc,IL,60805,Charged upfront or unexpected fees ,charged upfront unexpected fees,3,6,Trouble during payment process Trying to communicate with the company to fix an issue while managing or servicing your loan,Attempts to collect debt not owed
9245109,3464,C_3464,2024-06-12,Closing on a mortgage,Changes in loan terms during or after closing,Offermarket,FL,33511,Closing on a mortgage Changes in loan terms during or after closing,closing mortgage changes loan terms closing,2,0,Attempts to collect debt not owed Debt is not yours,False statements or representation
527416,3465,C_3465,2013-09-13,Incorrect information on credit report,Reinserted previously deleted info,Choice Recovery Inc,OH,45405,Incorrect information on credit report Reinserted previously deleted info,incorrect information credit report reinserted previously deleted info,13,2,Took or threatened to take negative or legal action Threatened or suggested your credit would be damaged,Improper use of your report
10114293,3466,C_3466,2024-09-13,Attempts to collect debt not owed,Debt was paid,Mct Group Inc,CA,90001,Attempts to collect debt not owed Debt was paid,attempts collect debt owed debt paid,25,0,Attempts to collect debt not owed Debt is not yours,False statements or representation
8345487,3467,C_3467,2024-02-14,Communication tactics,"You told them to stop contacting you, but they keep trying",Reel Time Capital Llc,TX,75002,"Communication tactics You told them to stop contacting you, but they keep trying",communication tactics told stop contacting keep trying,3,6,Trouble during payment process Trying to communicate with the company to fix an issue while managing or servicing your loan,Attempts to collect debt not owed
2321070,3468,C_3468,2017-01-31,Incorrect information on credit report,Account status,Iq Data International Inc,AZ,85024,Incorrect information on credit report Account status,incorrect information credit report account status,26,2,Took or threatened to take negative or legal action Threatened or suggested your credit would be damaged,Improper use of your report
10013266,3469,C_3469,2024-09-04,Incorrect information on your report,Account information incorrect,California Accounts Service,CA,92114,Incorrect information on your report Account information incorrect,incorrect information report account information incorrect,13,2,Took or threatened to take negative or legal action Threatened or suggested your credit would be damaged,Improper use of your report
9163277,3471,C_3471,2024-06-03,Incorrect information on your report,Account status incorrect,Perry Law Office Pc,IN,46803,Incorrect information on your report Account status incorrect,incorrect information report account status incorrect,14,13,Incorrect information on your report Information belongs to someone else,Incorrect information on your report
5859259,3473,C_3473,2022-08-10,Applying for a mortgage or refinancing an existing mortgage,,Willow Bend Mortgage,TX,78589,Applying for a mortgage or refinancing an existing mortgage ,applying mortgage refinancing existing mortgage,2,0,Attempts to collect debt not owed Debt is not yours,False statements or representation
8164923,3474,C_3474,2024-01-17,Trouble during payment process,Trying to communicate with the company to fix an issue while managing or servicing your loan,Alterra Group Llc,MD,20331,Trouble during payment process Trying to communicate with the company to fix an issue while managing or servicing your loan,trouble payment process trying communicate company fix issue managing servicing loan,3,6,Trouble during payment process Trying to communicate with the company to fix an issue while managing or servicing your loan,Attempts to collect debt not owed
10140697,3475,C_3475,2024-09-16,Managing an account,Problem using a debit or ATM card,Transcard Llc,OH,45402,Managing an account Problem using a debit or ATM card,managing account problem using debit atm card,1,6,Trouble during payment process Trying to communicate with the company to fix an issue while managing or servicing your loan,Attempts to collect debt not owed
10199411,3476,C_3476,2024-09-21,Attempts to collect debt not owed,Debt is not yours,Judgment Acquisitions Unlimited Inc,CT,06382,Attempts to collect debt not owed Debt is not yours,attempts collect debt owed debt,5,10,Attempts to collect debt not owed Debt is not yours,Attempts to collect debt not owed
10181500,3477,C_3477,2024-09-21,Incorrect information on your report,Information belongs to someone else,Alexanderrose Assoc Inc,TX,77477,Incorrect information on your report Information belongs to someone else,incorrect information report information belongs someone else,12,13,Incorrect information on your report Information belongs to someone else,Incorrect information on your report
8519365,3478,C_3478,2024-03-11,Trouble during payment process,Trying to communicate with the company to fix an issue while managing or servicing your loan,Aura Mortgage Advisors Llc,OH,43081,Trouble during payment process Trying to communicate with the company to fix an issue while managing or servicing your loan,trouble payment process trying communicate company fix issue managing servicing loan,3,6,Trouble during payment process Trying to communicate with the company to fix an issue while managing or servicing your loan,Attempts to collect debt not owed
8165486,3479,C_3479,2024-01-17,Didn't provide services promised,,Elite Financial Services Inc,NY,10001,Didn't provide services promised ,didnt provide services promised,3,0,Attempts to collect debt not owed Debt is not yours,False statements or representation
8576714,3480,C_3480,2024-03-19,Problems at the end of the loan or lease,Unable to receive car title or other problem after the loan is paid off,Zinc Financial Inc,PA,15001,Problems at the end of the loan or lease Unable to receive car title or other problem after the loan is paid off,problems end loan lease unable receive car title problem loan paid,3,6,Trouble during payment process Trying to communicate with the company to fix an issue while managing or servicing your loan,Attempts to collect debt not owed
8846592,3481,C_3481,2024-04-24,Struggling to pay mortgage,"An existing modification, forbearance plan, short sale, or other loss mitigation relief",Integrity Financial Co,NV,89015,"Struggling to pay mortgage An existing modification, forbearance plan, short sale, or other loss mitigation relief",struggling pay mortgage existing modification forbearance plan short sale loss mitigation relief,17,14,"Struggling to pay mortgage Trying to communicate with the company to fix an issue related to modification, forbearance, short sale, deed-in-lieu, bankruptcy, or foreclosure",Written notification about debt
943136,3482,C_3482,2014-07-16,Cont'd attempts collect debt not owed,Debt is not mine,Professional Recovery Services Inc,IL,60098,Cont'd attempts collect debt not owed Debt is not mine,contd attempts collect debt owed debt mine,2,0,Attempts to collect debt not owed Debt is not yours,False statements or representation
111119,3484,C_3484,2012-07-03,Deposits and withdrawals,,Peoples United Bank National Association,CT,06548,Deposits and withdrawals ,deposits withdrawals,3,6,Trouble during payment process Trying to communicate with the company to fix an issue while managing or servicing your loan,Attempts to collect debt not owed
1595826,3486,C_3486,2015-10-06,Deposits and withdrawals,,Huntington National Bank The  Firstmerit Bank Na Branch,WI,54562,Deposits and withdrawals ,deposits withdrawals,3,6,Trouble during payment process Trying to communicate with the company to fix an issue while managing or servicing your loan,Attempts to collect debt not owed
8963210,3487,C_3487,2024-05-09,Problem with a company's investigation into an existing problem,Was not notified of investigation status or results,Collection Service Center Inc,FL,32034,Problem with a company's investigation into an existing problem Was not notified of investigation status or results,problem companys investigation existing problem notified investigation status results,4,4,Problem with a company's investigation into an existing problem Their investigation did not fix an error on your report,Trouble during payment process
10055761,3488,C_3488,2024-09-08,Confusing or missing disclosures,,Mathew Aaron Holdings Inc,AZ,85340,Confusing or missing disclosures ,confusing missing disclosures,26,0,Attempts to collect debt not owed Debt is not yours,False statements or representation
818066,3490,C_3490,2014-04-21,Cont'd attempts collect debt not owed,Debt is not mine,Asset Management Outsourcing Inc,GA,30188,Cont'd attempts collect debt not owed Debt is not mine,contd attempts collect debt owed debt mine,2,0,Attempts to collect debt not owed Debt is not yours,False statements or representation
9570678,3491,C_3491,2024-07-20,Took or threatened to take negative or legal action,Collected or attempted to collect exempt funds,Law Offices Of Timothy E Baxter  Associates Pc,MI,48088,Took or threatened to take negative or legal action Collected or attempted to collect exempt funds,took threatened take negative legal action collected attempted collect exempt funds,3,0,Attempts to collect debt not owed Debt is not yours,False statements or representation
