alert_event_id,scenario_code,scenario_name,tx_id,related_tx_id,account_id,counterparty_account_id,tx_amount,transaction_ts,alert_description
1,SCENARIO_501,"Transaction >10,000",621325,,2238,5804,221650.1,2024-10-09,"Transaction amount greater than 10,000."
2,SCENARIO_501,"Transaction >10,000",725923,,6274,9760,963887.1,2013-04-16,"Transaction amount greater than 10,000."
3,SCENARIO_501,"Transaction >10,000",482196,,295,7464,76581.67,2024-10-11,"Transaction amount greater than 10,000."
4,SCENARIO_501,"Transaction >10,000",1168863,,370,8961,20730362.0,2024-10-21,"Transaction amount greater than 10,000."
5,SCENARIO_501,"Transaction >10,000",361574,,7316,9864,35286.51,2018-10-22,"Transaction amount greater than 10,000."
6,SCENARIO_501,"Transaction >10,000",1186204,,6320,9221,21474836.0,2018-10-11,"Transaction amount greater than 10,000."
7,SCENARIO_501,"Transaction >10,000",823686,,8265,9709,1357056.5,2018-06-23,"Transaction amount greater than 10,000."
8,SCENARIO_501,"Transaction >10,000",321580,,264,9299,65788.4,2024-10-17,"Transaction amount greater than 10,000."
9,SCENARIO_501,"Transaction >10,000",1072238,,5200,337,5934195.0,2012-09-04,"Transaction amount greater than 10,000."
10,SCENARIO_501,"Transaction >10,000",653779,,2352,9678,268154.47,2024-09-13,"Transaction amount greater than 10,000."
11,SCENARIO_501,"Transaction >10,000",1262145,,9240,824,21474836.0,2023-11-12,"Transaction amount greater than 10,000."
12,SCENARIO_501,"Transaction >10,000",813043,,1352,5959,3380932.2,2024-10-11,"Transaction amount greater than 10,000."
13,SCENARIO_501,"Transaction >10,000",538637,,7363,9998,174375.31,2015-11-22,"Transaction amount greater than 10,000."
14,SCENARIO_501,"Transaction >10,000",1121019,,8394,8291,8314858.0,2022-02-05,"Transaction amount greater than 10,000."
15,SCENARIO_501,"Transaction >10,000",1138501,,3242,7625,16168483.0,2016-10-14,"Transaction amount greater than 10,000."
16,SCENARIO_501,"Transaction >10,000",397513,,3369,7860,15466.36,2023-10-23,"Transaction amount greater than 10,000."
17,SCENARIO_501,"Transaction >10,000",213822,,301,9900,13426.0,2024-10-25,"Transaction amount greater than 10,000."
18,SCENARIO_501,"Transaction >10,000",886145,,6286,9810,2181508.5,2013-12-07,"Transaction amount greater than 10,000."
19,SCENARIO_501,"Transaction >10,000",424467,,300,8386,46082.89,2024-10-25,"Transaction amount greater than 10,000."
20,SCENARIO_501,"Transaction >10,000",388397,,2391,2927,86780.57,2024-09-23,"Transaction amount greater than 10,000."
21,SCENARIO_501,"Transaction >10,000",1091874,,3233,9951,3198056.5,2024-09-04,"Transaction amount greater than 10,000."
22,SCENARIO_501,"Transaction >10,000",372872,,3395,615,21801.16,2024-08-01,"Transaction amount greater than 10,000."
23,SCENARIO_501,"Transaction >10,000",133518,,8302,9577,12165.36,2014-05-04,"Transaction amount greater than 10,000."
24,SCENARIO_501,"Transaction >10,000",595086,,3347,4718,169607.25,2024-03-04,"Transaction amount greater than 10,000."
25,SCENARIO_501,"Transaction >10,000",781160,,1296,4060,1535674.4,2024-10-14,"Transaction amount greater than 10,000."
26,SCENARIO_501,"Transaction >10,000",961097,,2266,7268,5548853.0,2024-10-01,"Transaction amount greater than 10,000."
27,SCENARIO_501,"Transaction >10,000",1088907,,4273,8288,16472820.0,2015-07-12,"Transaction amount greater than 10,000."
28,SCENARIO_501,"Transaction >10,000",625728,,6203,6073,275411.94,2012-10-19,"Transaction amount greater than 10,000."
29,SCENARIO_501,"Transaction >10,000",235755,,6203,8298,40873.8,2017-04-02,"Transaction amount greater than 10,000."
30,SCENARIO_501,"Transaction >10,000",597841,,4240,8055,216025.56,2022-12-09,"Transaction amount greater than 10,000."
31,SCENARIO_501,"Transaction >10,000",1134384,,3294,4837,11554254.0,2024-06-12,"Transaction amount greater than 10,000."
32,SCENARIO_501,"Transaction >10,000",785447,,8322,6843,884057.75,2018-02-12,"Transaction amount greater than 10,000."
33,SCENARIO_501,"Transaction >10,000",747800,,3388,8193,712068.56,2014-10-06,"Transaction amount greater than 10,000."
34,SCENARIO_501,"Transaction >10,000",658626,,4359,8357,834604.8,2022-10-02,"Transaction amount greater than 10,000."
35,SCENARIO_501,"Transaction >10,000",907364,,1304,2515,1862791.6,2024-08-15,"Transaction amount greater than 10,000."
36,SCENARIO_501,"Transaction >10,000",652364,,324,6235,553889.8,2024-10-29,"Transaction amount greater than 10,000."
37,SCENARIO_501,"Transaction >10,000",659223,,8269,9956,1123587.8,2013-03-02,"Transaction amount greater than 10,000."
38,SCENARIO_501,"Transaction >10,000",866808,,6357,8916,1284076.1,2020-04-03,"Transaction amount greater than 10,000."
39,SCENARIO_501,"Transaction >10,000",965918,,8232,9408,5704034.0,2017-09-01,"Transaction amount greater than 10,000."
40,SCENARIO_501,"Transaction >10,000",849599,,5327,4140,2017905.1,2015-04-29,"Transaction amount greater than 10,000."
41,SCENARIO_501,"Transaction >10,000",1290123,,9399,5254,21474836.0,2016-02-27,"Transaction amount greater than 10,000."
42,SCENARIO_501,"Transaction >10,000",311028,,8294,3486,47891.87,2016-08-18,"Transaction amount greater than 10,000."
43,SCENARIO_501,"Transaction >10,000",1093514,,2285,8475,7586529.5,2024-10-03,"Transaction amount greater than 10,000."
44,SCENARIO_501,"Transaction >10,000",412875,,4295,1175,14650.61,2018-02-25,"Transaction amount greater than 10,000."
45,SCENARIO_501,"Transaction >10,000",803917,,3208,5416,1328015.2,2022-07-29,"Transaction amount greater than 10,000."
46,SCENARIO_501,"Transaction >10,000",554707,,7215,447,516469.78,2019-01-19,"Transaction amount greater than 10,000."
47,SCENARIO_501,"Transaction >10,000",798492,,8348,1928,1043652.9,2016-04-25,"Transaction amount greater than 10,000."
48,SCENARIO_501,"Transaction >10,000",525407,,5273,9532,248514.89,2014-05-18,"Transaction amount greater than 10,000."
49,SCENARIO_501,"Transaction >10,000",429647,,1329,9614,30316.17,2024-08-14,"Transaction amount greater than 10,000."
50,SCENARIO_501,"Transaction >10,000",991929,,396,5359,3421772.2,2024-10-17,"Transaction amount greater than 10,000."
51,SCENARIO_501,"Transaction >10,000",220133,,2334,9992,16456.75,2024-10-14,"Transaction amount greater than 10,000."
52,SCENARIO_501,"Transaction >10,000",463811,,2350,7139,327640.94,2024-10-03,"Transaction amount greater than 10,000."
53,SCENARIO_501,"Transaction >10,000",973339,,2301,528,5816979.5,2024-08-02,"Transaction amount greater than 10,000."
54,SCENARIO_501,"Transaction >10,000",1201824,,1286,9445,7652220.0,2024-08-16,"Transaction amount greater than 10,000."
55,SCENARIO_501,"Transaction >10,000",770308,,1385,2501,1759043.6,2024-10-28,"Transaction amount greater than 10,000."
56,SCENARIO_501,"Transaction >10,000",587729,,8309,9987,144960.8,2017-12-27,"Transaction amount greater than 10,000."
57,SCENARIO_501,"Transaction >10,000",1310361,,3366,4417,21474836.0,2014-02-19,"Transaction amount greater than 10,000."
58,SCENARIO_501,"Transaction >10,000",756622,,5359,9956,924190.75,2016-08-03,"Transaction amount greater than 10,000."
59,SCENARIO_501,"Transaction >10,000",563550,,298,9868,631508.56,2024-10-19,"Transaction amount greater than 10,000."
60,SCENARIO_501,"Transaction >10,000",318171,,2207,4045,38600.58,2024-10-16,"Transaction amount greater than 10,000."
61,SCENARIO_501,"Transaction >10,000",829590,,6229,8980,1051575.4,2017-09-09,"Transaction amount greater than 10,000."
62,SCENARIO_501,"Transaction >10,000",793960,,7285,6991,1963728.1,2017-07-02,"Transaction amount greater than 10,000."
63,SCENARIO_501,"Transaction >10,000",299442,,4293,9447,73580.24,2024-02-22,"Transaction amount greater than 10,000."
64,SCENARIO_501,"Transaction >10,000",337664,,3276,7940,30865.57,2024-09-25,"Transaction amount greater than 10,000."
65,SCENARIO_501,"Transaction >10,000",352216,,5362,9932,81769.88,2024-01-18,"Transaction amount greater than 10,000."
66,SCENARIO_501,"Transaction >10,000",532815,,377,925,202086.03,2024-10-12,"Transaction amount greater than 10,000."
67,SCENARIO_501,"Transaction >10,000",404056,,1268,9209,21078.31,2024-10-22,"Transaction amount greater than 10,000."
68,SCENARIO_501,"Transaction >10,000",530066,,4263,6698,55179.65,2023-02-17,"Transaction amount greater than 10,000."
69,SCENARIO_501,"Transaction >10,000",1150967,,2269,6091,8407297.0,2024-10-02,"Transaction amount greater than 10,000."
70,SCENARIO_501,"Transaction >10,000",696880,,6253,9684,599906.9,2021-04-29,"Transaction amount greater than 10,000."
71,SCENARIO_501,"Transaction >10,000",566027,,2324,6583,191783.98,2024-09-27,"Transaction amount greater than 10,000."
72,SCENARIO_501,"Transaction >10,000",616686,,6330,8236,417358.03,2020-07-18,"Transaction amount greater than 10,000."
73,SCENARIO_501,"Transaction >10,000",1152622,,4255,3645,16446133.0,2022-07-15,"Transaction amount greater than 10,000."
74,SCENARIO_501,"Transaction >10,000",1021306,,4352,1796,3008152.0,2020-01-15,"Transaction amount greater than 10,000."
75,SCENARIO_501,"Transaction >10,000",671443,,1300,7166,768222.75,2024-10-14,"Transaction amount greater than 10,000."
76,SCENARIO_501,"Transaction >10,000",1217182,,8386,9088,17916638.0,2021-03-10,"Transaction amount greater than 10,000."
77,SCENARIO_501,"Transaction >10,000",323488,,6357,9579,49049.99,2022-08-26,"Transaction amount greater than 10,000."
78,SCENARIO_501,"Transaction >10,000",351175,,4203,7270,48344.46,2013-02-25,"Transaction amount greater than 10,000."
79,SCENARIO_501,"Transaction >10,000",907642,,5242,9994,1658951.5,2017-06-14,"Transaction amount greater than 10,000."
80,SCENARIO_501,"Transaction >10,000",198649,,6348,9129,19408.16,2016-07-12,"Transaction amount greater than 10,000."
81,SCENARIO_501,"Transaction >10,000",745961,,5215,8398,360979.62,2016-03-02,"Transaction amount greater than 10,000."
82,SCENARIO_501,"Transaction >10,000",671650,,8333,9978,445944.8,2022-09-16,"Transaction amount greater than 10,000."
83,SCENARIO_501,"Transaction >10,000",150864,,1323,4283,18953.84,2024-10-18,"Transaction amount greater than 10,000."
84,SCENARIO_501,"Transaction >10,000",581412,,4316,9286,242365.48,2017-12-28,"Transaction amount greater than 10,000."
85,SCENARIO_501,"Transaction >10,000",865756,,5279,8158,5587452.5,2021-03-23,"Transaction amount greater than 10,000."
86,SCENARIO_501,"Transaction >10,000",410342,,354,5404,85697.73,2024-10-20,"Transaction amount greater than 10,000."
87,SCENARIO_501,"Transaction >10,000",536850,,285,9194,265066.16,2024-08-09,"Transaction amount greater than 10,000."
88,SCENARIO_501,"Transaction >10,000",942794,,6311,8556,2958190.5,2024-10-14,"Transaction amount greater than 10,000."
89,SCENARIO_501,"Transaction >10,000",807866,,9283,1624,517901.4,2018-01-03,"Transaction amount greater than 10,000."
90,SCENARIO_501,"Transaction >10,000",1037349,,276,5710,4925112.0,2024-10-11,"Transaction amount greater than 10,000."
91,SCENARIO_501,"Transaction >10,000",1277256,,6227,9924,14501976.0,2022-10-12,"Transaction amount greater than 10,000."
92,SCENARIO_501,"Transaction >10,000",1310204,,3210,51,21474836.0,2024-08-28,"Transaction amount greater than 10,000."
93,SCENARIO_501,"Transaction >10,000",1147156,,6211,9824,14185672.0,2017-06-21,"Transaction amount greater than 10,000."
94,SCENARIO_501,"Transaction >10,000",594006,,243,7571,363713.06,2024-10-08,"Transaction amount greater than 10,000."
95,SCENARIO_501,"Transaction >10,000",305118,,7286,8950,33418.06,2021-03-31,"Transaction amount greater than 10,000."
96,SCENARIO_501,"Transaction >10,000",641384,,7284,8240,605753.1,2019-12-12,"Transaction amount greater than 10,000."
97,SCENARIO_501,"Transaction >10,000",1028250,,3379,8946,2734214.0,2024-08-05,"Transaction amount greater than 10,000."
98,SCENARIO_501,"Transaction >10,000",372782,,2263,1813,45180.9,2024-09-27,"Transaction amount greater than 10,000."
99,SCENARIO_501,"Transaction >10,000",1114310,,5241,9994,15131228.0,2018-06-26,"Transaction amount greater than 10,000."
100,SCENARIO_501,"Transaction >10,000",644792,,3386,4709,390778.06,2024-08-04,"Transaction amount greater than 10,000."
101,SCENARIO_501,"Transaction >10,000",1150583,,4326,8625,10950996.0,2017-09-02,"Transaction amount greater than 10,000."
102,SCENARIO_501,"Transaction >10,000",803789,,5308,3272,1978678.0,2016-10-04,"Transaction amount greater than 10,000."
103,SCENARIO_501,"Transaction >10,000",710369,,5203,9669,1564639.4,2024-03-23,"Transaction amount greater than 10,000."
104,SCENARIO_501,"Transaction >10,000",952996,,3242,9995,5367775.5,2016-10-14,"Transaction amount greater than 10,000."
105,SCENARIO_501,"Transaction >10,000",1245202,,5303,9877,21474836.0,2019-12-30,"Transaction amount greater than 10,000."
106,SCENARIO_501,"Transaction >10,000",437257,,6378,9185,17915.54,2012-12-16,"Transaction amount greater than 10,000."
107,SCENARIO_501,"Transaction >10,000",941308,,299,637,2502247.5,2024-10-17,"Transaction amount greater than 10,000."
108,SCENARIO_501,"Transaction >10,000",462816,,1271,5769,60825.1,2024-10-26,"Transaction amount greater than 10,000."
109,SCENARIO_501,"Transaction >10,000",434262,,6295,9588,69368.24,2021-03-29,"Transaction amount greater than 10,000."
110,SCENARIO_501,"Transaction >10,000",615567,,6279,8073,617150.7,2019-12-06,"Transaction amount greater than 10,000."
111,SCENARIO_501,"Transaction >10,000",776669,,2281,9567,836650.44,2024-09-26,"Transaction amount greater than 10,000."
112,SCENARIO_501,"Transaction >10,000",677646,,1287,9351,408955.4,2024-09-06,"Transaction amount greater than 10,000."
113,SCENARIO_501,"Transaction >10,000",736368,,6237,9209,603396.75,2016-11-22,"Transaction amount greater than 10,000."
114,SCENARIO_501,"Transaction >10,000",293185,,2337,7264,59232.39,2024-08-06,"Transaction amount greater than 10,000."
115,SCENARIO_501,"Transaction >10,000",269800,,4285,9703,20146.3,2012-11-25,"Transaction amount greater than 10,000."
116,SCENARIO_501,"Transaction >10,000",538012,,9285,8501,224317.7,2016-04-13,"Transaction amount greater than 10,000."
117,SCENARIO_501,"Transaction >10,000",449883,,2294,4765,511378.25,2024-09-23,"Transaction amount greater than 10,000."
118,SCENARIO_501,"Transaction >10,000",905138,,6232,9992,1600754.2,2012-11-13,"Transaction amount greater than 10,000."
119,SCENARIO_501,"Transaction >10,000",125146,,4226,3566,13562.12,2014-05-25,"Transaction amount greater than 10,000."
120,SCENARIO_501,"Transaction >10,000",1130827,,5351,8733,14074979.0,2021-03-13,"Transaction amount greater than 10,000."
121,SCENARIO_501,"Transaction >10,000",813101,,8329,8417,671674.06,2024-10-21,"Transaction amount greater than 10,000."
122,SCENARIO_501,"Transaction >10,000",624142,,8363,7948,457341.66,2016-12-06,"Transaction amount greater than 10,000."
123,SCENARIO_501,"Transaction >10,000",314845,,2286,6860,28782.18,2024-08-01,"Transaction amount greater than 10,000."
124,SCENARIO_501,"Transaction >10,000",1103081,,4319,1169,7833355.5,2013-11-11,"Transaction amount greater than 10,000."
125,SCENARIO_501,"Transaction >10,000",306134,,4214,6409,24137.76,2022-09-26,"Transaction amount greater than 10,000."
126,SCENARIO_501,"Transaction >10,000",629409,,6380,6784,1044518.6,2017-01-21,"Transaction amount greater than 10,000."
127,SCENARIO_501,"Transaction >10,000",480946,,6240,8638,110691.17,2017-05-12,"Transaction amount greater than 10,000."
128,SCENARIO_501,"Transaction >10,000",976587,,8246,8629,4489087.0,2018-10-24,"Transaction amount greater than 10,000."
129,SCENARIO_501,"Transaction >10,000",702213,,4229,36,402015.94,2023-06-01,"Transaction amount greater than 10,000."
130,SCENARIO_501,"Transaction >10,000",1132068,,5286,3404,9313789.0,2014-05-20,"Transaction amount greater than 10,000."
131,SCENARIO_501,"Transaction >10,000",984707,,7277,9178,4869128.5,2024-03-03,"Transaction amount greater than 10,000."
132,SCENARIO_501,"Transaction >10,000",384840,,9353,9963,109627.96,2012-10-15,"Transaction amount greater than 10,000."
133,SCENARIO_501,"Transaction >10,000",723565,,2248,1264,238877.31,2024-09-17,"Transaction amount greater than 10,000."
134,SCENARIO_501,"Transaction >10,000",170830,,4369,8514,26506.41,2013-10-28,"Transaction amount greater than 10,000."
135,SCENARIO_501,"Transaction >10,000",345568,,2258,9990,33833.76,2024-09-30,"Transaction amount greater than 10,000."
136,SCENARIO_501,"Transaction >10,000",993894,,7337,1461,3200697.0,2022-02-23,"Transaction amount greater than 10,000."
137,SCENARIO_501,"Transaction >10,000",910195,,6231,1813,5186716.0,2019-01-08,"Transaction amount greater than 10,000."
138,SCENARIO_501,"Transaction >10,000",1165854,,8383,9964,10766669.0,2017-11-26,"Transaction amount greater than 10,000."
139,SCENARIO_501,"Transaction >10,000",431026,,7356,9826,124390.32,2015-01-21,"Transaction amount greater than 10,000."
140,SCENARIO_501,"Transaction >10,000",272568,,3386,4709,11714.77,2024-08-04,"Transaction amount greater than 10,000."
141,SCENARIO_501,"Transaction >10,000",888989,,6225,5870,1115906.6,2016-03-23,"Transaction amount greater than 10,000."
142,SCENARIO_501,"Transaction >10,000",805430,,217,7533,1884353.9,2024-10-15,"Transaction amount greater than 10,000."
143,SCENARIO_501,"Transaction >10,000",969116,,1293,9936,3668408.0,2024-10-24,"Transaction amount greater than 10,000."
144,SCENARIO_501,"Transaction >10,000",712329,,2231,2384,3266528.0,2024-10-06,"Transaction amount greater than 10,000."
145,SCENARIO_501,"Transaction >10,000",373660,,8328,8733,42747.18,2017-05-07,"Transaction amount greater than 10,000."
146,SCENARIO_501,"Transaction >10,000",951321,,7228,9651,7509214.0,2013-10-10,"Transaction amount greater than 10,000."
147,SCENARIO_501,"Transaction >10,000",668661,,4232,2794,210214.98,2020-03-22,"Transaction amount greater than 10,000."
148,SCENARIO_501,"Transaction >10,000",738215,,7272,4887,615523.94,2016-02-02,"Transaction amount greater than 10,000."
149,SCENARIO_501,"Transaction >10,000",1289897,,3345,6203,21474836.0,2013-10-31,"Transaction amount greater than 10,000."
150,SCENARIO_501,"Transaction >10,000",116500,,7305,9001,13450.98,2013-04-18,"Transaction amount greater than 10,000."
151,SCENARIO_501,"Transaction >10,000",608806,,251,1550,273075.34,2024-10-10,"Transaction amount greater than 10,000."
152,SCENARIO_501,"Transaction >10,000",768392,,3289,9997,428681.47,2024-05-16,"Transaction amount greater than 10,000."
153,SCENARIO_501,"Transaction >10,000",1162146,,289,9965,21474836.0,2024-10-17,"Transaction amount greater than 10,000."
154,SCENARIO_501,"Transaction >10,000",394205,,4390,3101,51720.66,2023-07-11,"Transaction amount greater than 10,000."
155,SCENARIO_501,"Transaction >10,000",822315,,6387,9622,1086817.9,2016-11-22,"Transaction amount greater than 10,000."
156,SCENARIO_501,"Transaction >10,000",790686,,1205,9613,267920.44,2024-10-28,"Transaction amount greater than 10,000."
157,SCENARIO_501,"Transaction >10,000",1223564,,5270,9613,21474836.0,2016-09-26,"Transaction amount greater than 10,000."
158,SCENARIO_501,"Transaction >10,000",706682,,275,9934,164273.1,2024-10-16,"Transaction amount greater than 10,000."
159,SCENARIO_501,"Transaction >10,000",378820,,1327,4522,31672.16,2024-10-18,"Transaction amount greater than 10,000."
160,SCENARIO_501,"Transaction >10,000",1310247,,6389,8906,21474836.0,2021-01-01,"Transaction amount greater than 10,000."
161,SCENARIO_501,"Transaction >10,000",712006,,1303,8964,61828.6,2024-10-24,"Transaction amount greater than 10,000."
162,SCENARIO_501,"Transaction >10,000",641723,,7332,8395,1110410.5,2015-01-29,"Transaction amount greater than 10,000."
163,SCENARIO_501,"Transaction >10,000",638565,,4302,9966,250176.75,2016-12-06,"Transaction amount greater than 10,000."
164,SCENARIO_501,"Transaction >10,000",442256,,6206,9421,49140.77,2012-10-19,"Transaction amount greater than 10,000."
165,SCENARIO_501,"Transaction >10,000",562899,,1361,7866,342462.47,2024-10-14,"Transaction amount greater than 10,000."
166,SCENARIO_501,"Transaction >10,000",131870,,2329,5045,31665.63,2024-09-12,"Transaction amount greater than 10,000."
167,SCENARIO_501,"Transaction >10,000",697272,,3345,8850,493496.53,2013-10-31,"Transaction amount greater than 10,000."
168,SCENARIO_501,"Transaction >10,000",765559,,5310,8610,435500.9,2018-08-14,"Transaction amount greater than 10,000."
169,SCENARIO_501,"Transaction >10,000",822908,,4329,3320,1574824.6,2024-08-24,"Transaction amount greater than 10,000."
170,SCENARIO_501,"Transaction >10,000",1083376,,259,8724,10353414.0,2024-10-18,"Transaction amount greater than 10,000."
171,SCENARIO_501,"Transaction >10,000",1213103,,9211,4896,10543303.0,2024-05-12,"Transaction amount greater than 10,000."
172,SCENARIO_501,"Transaction >10,000",546973,,9254,9095,297696.44,2023-11-16,"Transaction amount greater than 10,000."
173,SCENARIO_501,"Transaction >10,000",628904,,1261,9864,201177.14,2024-08-19,"Transaction amount greater than 10,000."
174,SCENARIO_501,"Transaction >10,000",873796,,2224,9941,479065.72,2024-10-06,"Transaction amount greater than 10,000."
175,SCENARIO_501,"Transaction >10,000",1114639,,5356,1504,15838244.0,2022-12-06,"Transaction amount greater than 10,000."
176,SCENARIO_501,"Transaction >10,000",779631,,9356,9095,713736.9,2022-02-21,"Transaction amount greater than 10,000."
177,SCENARIO_501,"Transaction >10,000",482650,,3354,6506,238281.06,2024-01-16,"Transaction amount greater than 10,000."
178,SCENARIO_501,"Transaction >10,000",827844,,1275,4493,1578352.9,2024-10-28,"Transaction amount greater than 10,000."
179,SCENARIO_501,"Transaction >10,000",353904,,7230,9429,43023.04,2014-07-05,"Transaction amount greater than 10,000."
180,SCENARIO_501,"Transaction >10,000",681983,,300,8386,281565.53,2024-10-25,"Transaction amount greater than 10,000."
181,SCENARIO_501,"Transaction >10,000",101141,,8293,4011,11719.81,2020-05-06,"Transaction amount greater than 10,000."
182,SCENARIO_501,"Transaction >10,000",647440,,7242,8993,619032.2,2015-07-08,"Transaction amount greater than 10,000."
183,SCENARIO_501,"Transaction >10,000",350697,,316,9946,22699.03,2024-10-08,"Transaction amount greater than 10,000."
184,SCENARIO_501,"Transaction >10,000",801737,,7304,9744,524848.56,2022-11-27,"Transaction amount greater than 10,000."
185,SCENARIO_501,"Transaction >10,000",247763,,6275,843,13500.16,2017-03-23,"Transaction amount greater than 10,000."
186,SCENARIO_501,"Transaction >10,000",518142,,2231,8192,615648.7,2024-10-06,"Transaction amount greater than 10,000."
187,SCENARIO_501,"Transaction >10,000",851609,,5250,3248,1150237.6,2015-07-29,"Transaction amount greater than 10,000."
188,SCENARIO_501,"Transaction >10,000",671611,,2339,602,262329.78,2024-08-08,"Transaction amount greater than 10,000."
189,SCENARIO_501,"Transaction >10,000",805962,,8239,9999,1703964.0,2024-05-29,"Transaction amount greater than 10,000."
190,SCENARIO_501,"Transaction >10,000",1193270,,3257,6577,21474836.0,2024-08-10,"Transaction amount greater than 10,000."
191,SCENARIO_501,"Transaction >10,000",297251,,4261,7184,76874.59,2016-08-30,"Transaction amount greater than 10,000."
192,SCENARIO_501,"Transaction >10,000",421887,,3256,1743,33633.13,2024-09-25,"Transaction amount greater than 10,000."
193,SCENARIO_501,"Transaction >10,000",1044828,,2352,8358,3299788.5,2024-09-13,"Transaction amount greater than 10,000."
194,SCENARIO_501,"Transaction >10,000",1090870,,8397,8003,6133305.0,2020-03-27,"Transaction amount greater than 10,000."
195,SCENARIO_501,"Transaction >10,000",718141,,8207,4621,316944.28,2012-06-21,"Transaction amount greater than 10,000."
196,SCENARIO_501,"Transaction >10,000",789838,,2252,737,1609098.4,2024-10-01,"Transaction amount greater than 10,000."
197,SCENARIO_501,"Transaction >10,000",1231406,,5218,6040,21474836.0,2022-05-21,"Transaction amount greater than 10,000."
198,SCENARIO_501,"Transaction >10,000",758690,,9257,6862,765766.8,2015-11-16,"Transaction amount greater than 10,000."
199,SCENARIO_501,"Transaction >10,000",1030867,,5388,5846,3507437.2,2019-03-23,"Transaction amount greater than 10,000."
200,SCENARIO_501,"Transaction >10,000",725740,,9308,3401,1023303.7,2017-12-23,"Transaction amount greater than 10,000."
201,SCENARIO_501,"Transaction >10,000",1269886,,1333,9787,21474836.0,2024-09-28,"Transaction amount greater than 10,000."
202,SCENARIO_501,"Transaction >10,000",471518,,9304,5114,153284.31,2019-09-30,"Transaction amount greater than 10,000."
203,SCENARIO_501,"Transaction >10,000",301434,,7334,2565,39394.47,2017-11-11,"Transaction amount greater than 10,000."
204,SCENARIO_501,"Transaction >10,000",1240867,,2288,6348,21474836.0,2024-09-30,"Transaction amount greater than 10,000."
205,SCENARIO_501,"Transaction >10,000",295681,,3389,6925,15143.26,2024-08-04,"Transaction amount greater than 10,000."
206,SCENARIO_501,"Transaction >10,000",180106,,9221,9994,14535.85,2020-12-30,"Transaction amount greater than 10,000."
207,SCENARIO_501,"Transaction >10,000",1147448,,1386,4758,2898546.2,2024-10-28,"Transaction amount greater than 10,000."
208,SCENARIO_501,"Transaction >10,000",390774,,279,9681,61664.23,2024-10-11,"Transaction amount greater than 10,000."
209,SCENARIO_501,"Transaction >10,000",434433,,3202,8526,97162.75,2024-09-22,"Transaction amount greater than 10,000."
210,SCENARIO_501,"Transaction >10,000",230848,,2274,2479,51556.45,2024-09-26,"Transaction amount greater than 10,000."
211,SCENARIO_501,"Transaction >10,000",1183309,,9359,8465,16263325.0,2014-12-24,"Transaction amount greater than 10,000."
212,SCENARIO_501,"Transaction >10,000",1281847,,8348,9106,21474836.0,2015-05-04,"Transaction amount greater than 10,000."
213,SCENARIO_501,"Transaction >10,000",241459,,8235,9788,12185.68,2017-10-10,"Transaction amount greater than 10,000."
214,SCENARIO_501,"Transaction >10,000",888093,,7211,9449,1403705.0,2018-02-15,"Transaction amount greater than 10,000."
215,SCENARIO_501,"Transaction >10,000",764724,,5298,3729,608771.5,2014-05-09,"Transaction amount greater than 10,000."
216,SCENARIO_501,"Transaction >10,000",949665,,323,8998,3418083.5,2024-10-18,"Transaction amount greater than 10,000."
217,SCENARIO_501,"Transaction >10,000",568613,,301,1702,110053.96,2024-10-25,"Transaction amount greater than 10,000."
218,SCENARIO_501,"Transaction >10,000",985228,,9382,9932,2366617.8,2018-03-22,"Transaction amount greater than 10,000."
219,SCENARIO_501,"Transaction >10,000",702245,,1219,9314,218102.1,2024-10-28,"Transaction amount greater than 10,000."
220,SCENARIO_501,"Transaction >10,000",275948,,7219,7270,12841.18,2024-05-20,"Transaction amount greater than 10,000."
221,SCENARIO_501,"Transaction >10,000",807717,,5247,5872,797470.06,2024-07-05,"Transaction amount greater than 10,000."
222,SCENARIO_501,"Transaction >10,000",1310097,,6239,8716,21474836.0,2017-04-30,"Transaction amount greater than 10,000."
223,SCENARIO_501,"Transaction >10,000",734208,,8264,9575,1104495.2,2018-12-14,"Transaction amount greater than 10,000."
224,SCENARIO_501,"Transaction >10,000",907588,,2345,9360,2105728.2,2024-10-04,"Transaction amount greater than 10,000."
225,SCENARIO_501,"Transaction >10,000",754546,,7275,875,530375.8,2021-10-17,"Transaction amount greater than 10,000."
226,SCENARIO_501,"Transaction >10,000",284387,,9331,9744,57689.31,2013-04-09,"Transaction amount greater than 10,000."
227,SCENARIO_501,"Transaction >10,000",1305932,,4206,9931,14647043.0,2019-07-20,"Transaction amount greater than 10,000."
228,SCENARIO_501,"Transaction >10,000",573275,,8381,8999,308427.7,2015-10-17,"Transaction amount greater than 10,000."
229,SCENARIO_501,"Transaction >10,000",1294297,,7236,4987,21474836.0,2018-08-15,"Transaction amount greater than 10,000."
230,SCENARIO_501,"Transaction >10,000",1126493,,1333,9989,6437134.5,2024-09-28,"Transaction amount greater than 10,000."
231,SCENARIO_501,"Transaction >10,000",822987,,6330,9983,635112.4,2019-02-16,"Transaction amount greater than 10,000."
232,SCENARIO_501,"Transaction >10,000",806569,,1223,8597,1936494.0,2024-10-14,"Transaction amount greater than 10,000."
233,SCENARIO_501,"Transaction >10,000",1267454,,8272,7086,21474836.0,2023-02-27,"Transaction amount greater than 10,000."
234,SCENARIO_501,"Transaction >10,000",889451,,7339,6748,1055452.9,2020-05-06,"Transaction amount greater than 10,000."
235,SCENARIO_501,"Transaction >10,000",1154715,,6331,6910,20114662.0,2020-03-12,"Transaction amount greater than 10,000."
236,SCENARIO_501,"Transaction >10,000",374436,,2239,4832,138833.56,2024-10-01,"Transaction amount greater than 10,000."
237,SCENARIO_501,"Transaction >10,000",496609,,9246,6057,229906.73,2016-08-23,"Transaction amount greater than 10,000."
238,SCENARIO_501,"Transaction >10,000",243210,,7257,9711,27000.29,2024-05-17,"Transaction amount greater than 10,000."
239,SCENARIO_501,"Transaction >10,000",152183,,3376,9456,15311.89,2024-08-11,"Transaction amount greater than 10,000."
240,SCENARIO_501,"Transaction >10,000",1002678,,5382,9897,5056478.0,2012-08-02,"Transaction amount greater than 10,000."
241,SCENARIO_501,"Transaction >10,000",1175006,,5341,9491,21474836.0,2019-05-10,"Transaction amount greater than 10,000."
242,SCENARIO_501,"Transaction >10,000",759572,,5246,9048,825753.25,2015-04-17,"Transaction amount greater than 10,000."
243,SCENARIO_501,"Transaction >10,000",291396,,2229,9787,41315.46,2024-10-11,"Transaction amount greater than 10,000."
244,SCENARIO_501,"Transaction >10,000",1126965,,7210,7850,12066544.0,2023-04-07,"Transaction amount greater than 10,000."
245,SCENARIO_501,"Transaction >10,000",999518,,7308,3364,2748586.8,2013-07-08,"Transaction amount greater than 10,000."
246,SCENARIO_501,"Transaction >10,000",606581,,5244,3502,100608.71,2022-01-06,"Transaction amount greater than 10,000."
247,SCENARIO_501,"Transaction >10,000",557576,,6286,9988,150716.89,2019-11-04,"Transaction amount greater than 10,000."
248,SCENARIO_501,"Transaction >10,000",1063148,,8310,9389,9586622.0,2017-08-15,"Transaction amount greater than 10,000."
249,SCENARIO_501,"Transaction >10,000",1190160,,8392,8238,7031542.0,2020-12-03,"Transaction amount greater than 10,000."
250,SCENARIO_501,"Transaction >10,000",833310,,4230,6449,1197465.9,2015-06-24,"Transaction amount greater than 10,000."
251,SCENARIO_501,"Transaction >10,000",418871,,4301,420,34742.37,2016-09-09,"Transaction amount greater than 10,000."
252,SCENARIO_501,"Transaction >10,000",861861,,6282,8895,2775960.8,2022-01-26,"Transaction amount greater than 10,000."
253,SCENARIO_501,"Transaction >10,000",995378,,360,6274,3130264.8,2024-10-17,"Transaction amount greater than 10,000."
254,SCENARIO_501,"Transaction >10,000",1000836,,5333,3034,12042085.0,2020-07-27,"Transaction amount greater than 10,000."
255,SCENARIO_501,"Transaction >10,000",424987,,1279,5562,68584.96,2024-10-27,"Transaction amount greater than 10,000."
256,SCENARIO_502,High Outflow by Account,621325,,2238,5804,221650.1,2024-10-09,"Sender account total outflow exceeds 50,000."
257,SCENARIO_502,High Outflow by Account,725923,,6274,9760,963887.1,2013-04-16,"Sender account total outflow exceeds 50,000."
258,SCENARIO_502,High Outflow by Account,482196,,295,7464,76581.67,2024-10-11,"Sender account total outflow exceeds 50,000."
259,SCENARIO_502,High Outflow by Account,1168863,,370,8961,20730362.0,2024-10-21,"Sender account total outflow exceeds 50,000."
260,SCENARIO_502,High Outflow by Account,1186204,,6320,9221,21474836.0,2018-10-11,"Sender account total outflow exceeds 50,000."
261,SCENARIO_502,High Outflow by Account,823686,,8265,9709,1357056.5,2018-06-23,"Sender account total outflow exceeds 50,000."
262,SCENARIO_502,High Outflow by Account,321580,,264,9299,65788.4,2024-10-17,"Sender account total outflow exceeds 50,000."
263,SCENARIO_502,High Outflow by Account,1072238,,5200,337,5934195.0,2012-09-04,"Sender account total outflow exceeds 50,000."
264,SCENARIO_502,High Outflow by Account,653779,,2352,9678,268154.47,2024-09-13,"Sender account total outflow exceeds 50,000."
265,SCENARIO_502,High Outflow by Account,1262145,,9240,824,21474836.0,2023-11-12,"Sender account total outflow exceeds 50,000."
266,SCENARIO_502,High Outflow by Account,813043,,1352,5959,3380932.2,2024-10-11,"Sender account total outflow exceeds 50,000."
267,SCENARIO_502,High Outflow by Account,538637,,7363,9998,174375.31,2015-11-22,"Sender account total outflow exceeds 50,000."
268,SCENARIO_502,High Outflow by Account,1121019,,8394,8291,8314858.0,2022-02-05,"Sender account total outflow exceeds 50,000."
269,SCENARIO_502,High Outflow by Account,1138501,,3242,7625,16168483.0,2016-10-14,"Sender account total outflow exceeds 50,000."
270,SCENARIO_502,High Outflow by Account,44608,,5388,1712,222.02,2017-10-08,"Sender account total outflow exceeds 50,000."
271,SCENARIO_502,High Outflow by Account,213822,,301,9900,13426.0,2024-10-25,"Sender account total outflow exceeds 50,000."
272,SCENARIO_502,High Outflow by Account,886145,,6286,9810,2181508.5,2013-12-07,"Sender account total outflow exceeds 50,000."
273,SCENARIO_502,High Outflow by Account,424467,,300,8386,46082.89,2024-10-25,"Sender account total outflow exceeds 50,000."
274,SCENARIO_502,High Outflow by Account,388397,,2391,2927,86780.57,2024-09-23,"Sender account total outflow exceeds 50,000."
275,SCENARIO_502,High Outflow by Account,1091874,,3233,9951,3198056.5,2024-09-04,"Sender account total outflow exceeds 50,000."
276,SCENARIO_502,High Outflow by Account,595086,,3347,4718,169607.25,2024-03-04,"Sender account total outflow exceeds 50,000."
277,SCENARIO_502,High Outflow by Account,781160,,1296,4060,1535674.4,2024-10-14,"Sender account total outflow exceeds 50,000."
278,SCENARIO_502,High Outflow by Account,961097,,2266,7268,5548853.0,2024-10-01,"Sender account total outflow exceeds 50,000."
279,SCENARIO_502,High Outflow by Account,1088907,,4273,8288,16472820.0,2015-07-12,"Sender account total outflow exceeds 50,000."
280,SCENARIO_502,High Outflow by Account,625728,,6203,6073,275411.94,2012-10-19,"Sender account total outflow exceeds 50,000."
281,SCENARIO_502,High Outflow by Account,235755,,6203,8298,40873.8,2017-04-02,"Sender account total outflow exceeds 50,000."
282,SCENARIO_502,High Outflow by Account,597841,,4240,8055,216025.56,2022-12-09,"Sender account total outflow exceeds 50,000."
283,SCENARIO_502,High Outflow by Account,1134384,,3294,4837,11554254.0,2024-06-12,"Sender account total outflow exceeds 50,000."
284,SCENARIO_502,High Outflow by Account,785447,,8322,6843,884057.75,2018-02-12,"Sender account total outflow exceeds 50,000."
285,SCENARIO_502,High Outflow by Account,747800,,3388,8193,712068.56,2014-10-06,"Sender account total outflow exceeds 50,000."
286,SCENARIO_502,High Outflow by Account,658626,,4359,8357,834604.8,2022-10-02,"Sender account total outflow exceeds 50,000."
287,SCENARIO_502,High Outflow by Account,907364,,1304,2515,1862791.6,2024-08-15,"Sender account total outflow exceeds 50,000."
288,SCENARIO_502,High Outflow by Account,652364,,324,6235,553889.8,2024-10-29,"Sender account total outflow exceeds 50,000."
289,SCENARIO_502,High Outflow by Account,659223,,8269,9956,1123587.8,2013-03-02,"Sender account total outflow exceeds 50,000."
290,SCENARIO_502,High Outflow by Account,866808,,6357,8916,1284076.1,2020-04-03,"Sender account total outflow exceeds 50,000."
291,SCENARIO_502,High Outflow by Account,965918,,8232,9408,5704034.0,2017-09-01,"Sender account total outflow exceeds 50,000."
292,SCENARIO_502,High Outflow by Account,849599,,5327,4140,2017905.1,2015-04-29,"Sender account total outflow exceeds 50,000."
293,SCENARIO_502,High Outflow by Account,1290123,,9399,5254,21474836.0,2016-02-27,"Sender account total outflow exceeds 50,000."
294,SCENARIO_502,High Outflow by Account,1093514,,2285,8475,7586529.5,2024-10-03,"Sender account total outflow exceeds 50,000."
295,SCENARIO_502,High Outflow by Account,803917,,3208,5416,1328015.2,2022-07-29,"Sender account total outflow exceeds 50,000."
296,SCENARIO_502,High Outflow by Account,554707,,7215,447,516469.78,2019-01-19,"Sender account total outflow exceeds 50,000."
297,SCENARIO_502,High Outflow by Account,798492,,8348,1928,1043652.9,2016-04-25,"Sender account total outflow exceeds 50,000."
298,SCENARIO_502,High Outflow by Account,525407,,5273,9532,248514.89,2014-05-18,"Sender account total outflow exceeds 50,000."
299,SCENARIO_502,High Outflow by Account,991929,,396,5359,3421772.2,2024-10-17,"Sender account total outflow exceeds 50,000."
300,SCENARIO_502,High Outflow by Account,463811,,2350,7139,327640.94,2024-10-03,"Sender account total outflow exceeds 50,000."
301,SCENARIO_502,High Outflow by Account,973339,,2301,528,5816979.5,2024-08-02,"Sender account total outflow exceeds 50,000."
302,SCENARIO_502,High Outflow by Account,1201824,,1286,9445,7652220.0,2024-08-16,"Sender account total outflow exceeds 50,000."
303,SCENARIO_502,High Outflow by Account,770308,,1385,2501,1759043.6,2024-10-28,"Sender account total outflow exceeds 50,000."
304,SCENARIO_502,High Outflow by Account,587729,,8309,9987,144960.8,2017-12-27,"Sender account total outflow exceeds 50,000."
305,SCENARIO_502,High Outflow by Account,1310361,,3366,4417,21474836.0,2014-02-19,"Sender account total outflow exceeds 50,000."
306,SCENARIO_502,High Outflow by Account,756622,,5359,9956,924190.75,2016-08-03,"Sender account total outflow exceeds 50,000."
307,SCENARIO_502,High Outflow by Account,563550,,298,9868,631508.56,2024-10-19,"Sender account total outflow exceeds 50,000."
308,SCENARIO_502,High Outflow by Account,829590,,6229,8980,1051575.4,2017-09-09,"Sender account total outflow exceeds 50,000."
309,SCENARIO_502,High Outflow by Account,793960,,7285,6991,1963728.1,2017-07-02,"Sender account total outflow exceeds 50,000."
310,SCENARIO_502,High Outflow by Account,299442,,4293,9447,73580.24,2024-02-22,"Sender account total outflow exceeds 50,000."
311,SCENARIO_502,High Outflow by Account,352216,,5362,9932,81769.88,2024-01-18,"Sender account total outflow exceeds 50,000."
312,SCENARIO_502,High Outflow by Account,532815,,377,925,202086.03,2024-10-12,"Sender account total outflow exceeds 50,000."
313,SCENARIO_502,High Outflow by Account,530066,,4263,6698,55179.65,2023-02-17,"Sender account total outflow exceeds 50,000."
314,SCENARIO_502,High Outflow by Account,1150967,,2269,6091,8407297.0,2024-10-02,"Sender account total outflow exceeds 50,000."
315,SCENARIO_502,High Outflow by Account,696880,,6253,9684,599906.9,2021-04-29,"Sender account total outflow exceeds 50,000."
316,SCENARIO_502,High Outflow by Account,566027,,2324,6583,191783.98,2024-09-27,"Sender account total outflow exceeds 50,000."
317,SCENARIO_502,High Outflow by Account,616686,,6330,8236,417358.03,2020-07-18,"Sender account total outflow exceeds 50,000."
318,SCENARIO_502,High Outflow by Account,1152622,,4255,3645,16446133.0,2022-07-15,"Sender account total outflow exceeds 50,000."
319,SCENARIO_502,High Outflow by Account,1021306,,4352,1796,3008152.0,2020-01-15,"Sender account total outflow exceeds 50,000."
320,SCENARIO_502,High Outflow by Account,671443,,1300,7166,768222.75,2024-10-14,"Sender account total outflow exceeds 50,000."
321,SCENARIO_502,High Outflow by Account,1217182,,8386,9088,17916638.0,2021-03-10,"Sender account total outflow exceeds 50,000."
322,SCENARIO_502,High Outflow by Account,323488,,6357,9579,49049.99,2022-08-26,"Sender account total outflow exceeds 50,000."
323,SCENARIO_502,High Outflow by Account,907642,,5242,9994,1658951.5,2017-06-14,"Sender account total outflow exceeds 50,000."
324,SCENARIO_502,High Outflow by Account,745961,,5215,8398,360979.62,2016-03-02,"Sender account total outflow exceeds 50,000."
325,SCENARIO_502,High Outflow by Account,671650,,8333,9978,445944.8,2022-09-16,"Sender account total outflow exceeds 50,000."
326,SCENARIO_502,High Outflow by Account,581412,,4316,9286,242365.48,2017-12-28,"Sender account total outflow exceeds 50,000."
327,SCENARIO_502,High Outflow by Account,865756,,5279,8158,5587452.5,2021-03-23,"Sender account total outflow exceeds 50,000."
328,SCENARIO_502,High Outflow by Account,410342,,354,5404,85697.73,2024-10-20,"Sender account total outflow exceeds 50,000."
329,SCENARIO_502,High Outflow by Account,536850,,285,9194,265066.16,2024-08-09,"Sender account total outflow exceeds 50,000."
330,SCENARIO_502,High Outflow by Account,942794,,6311,8556,2958190.5,2024-10-14,"Sender account total outflow exceeds 50,000."
331,SCENARIO_502,High Outflow by Account,807866,,9283,1624,517901.4,2018-01-03,"Sender account total outflow exceeds 50,000."
332,SCENARIO_502,High Outflow by Account,1037349,,276,5710,4925112.0,2024-10-11,"Sender account total outflow exceeds 50,000."
333,SCENARIO_502,High Outflow by Account,1277256,,6227,9924,14501976.0,2022-10-12,"Sender account total outflow exceeds 50,000."
334,SCENARIO_502,High Outflow by Account,1310204,,3210,51,21474836.0,2024-08-28,"Sender account total outflow exceeds 50,000."
335,SCENARIO_502,High Outflow by Account,1147156,,6211,9824,14185672.0,2017-06-21,"Sender account total outflow exceeds 50,000."
336,SCENARIO_502,High Outflow by Account,594006,,243,7571,363713.06,2024-10-08,"Sender account total outflow exceeds 50,000."
337,SCENARIO_502,High Outflow by Account,641384,,7284,8240,605753.1,2019-12-12,"Sender account total outflow exceeds 50,000."
338,SCENARIO_502,High Outflow by Account,1028250,,3379,8946,2734214.0,2024-08-05,"Sender account total outflow exceeds 50,000."
339,SCENARIO_502,High Outflow by Account,1114310,,5241,9994,15131228.0,2018-06-26,"Sender account total outflow exceeds 50,000."
340,SCENARIO_502,High Outflow by Account,644792,,3386,4709,390778.06,2024-08-04,"Sender account total outflow exceeds 50,000."
341,SCENARIO_502,High Outflow by Account,1150583,,4326,8625,10950996.0,2017-09-02,"Sender account total outflow exceeds 50,000."
342,SCENARIO_502,High Outflow by Account,803789,,5308,3272,1978678.0,2016-10-04,"Sender account total outflow exceeds 50,000."
343,SCENARIO_502,High Outflow by Account,710369,,5203,9669,1564639.4,2024-03-23,"Sender account total outflow exceeds 50,000."
344,SCENARIO_502,High Outflow by Account,952996,,3242,9995,5367775.5,2016-10-14,"Sender account total outflow exceeds 50,000."
345,SCENARIO_502,High Outflow by Account,1245202,,5303,9877,21474836.0,2019-12-30,"Sender account total outflow exceeds 50,000."
346,SCENARIO_502,High Outflow by Account,941308,,299,637,2502247.5,2024-10-17,"Sender account total outflow exceeds 50,000."
347,SCENARIO_502,High Outflow by Account,462816,,1271,5769,60825.1,2024-10-26,"Sender account total outflow exceeds 50,000."
348,SCENARIO_502,High Outflow by Account,434262,,6295,9588,69368.24,2021-03-29,"Sender account total outflow exceeds 50,000."
349,SCENARIO_502,High Outflow by Account,615567,,6279,8073,617150.7,2019-12-06,"Sender account total outflow exceeds 50,000."
350,SCENARIO_502,High Outflow by Account,776669,,2281,9567,836650.44,2024-09-26,"Sender account total outflow exceeds 50,000."
351,SCENARIO_502,High Outflow by Account,677646,,1287,9351,408955.4,2024-09-06,"Sender account total outflow exceeds 50,000."
352,SCENARIO_502,High Outflow by Account,736368,,6237,9209,603396.75,2016-11-22,"Sender account total outflow exceeds 50,000."
353,SCENARIO_502,High Outflow by Account,293185,,2337,7264,59232.39,2024-08-06,"Sender account total outflow exceeds 50,000."
354,SCENARIO_502,High Outflow by Account,538012,,9285,8501,224317.7,2016-04-13,"Sender account total outflow exceeds 50,000."
355,SCENARIO_502,High Outflow by Account,449883,,2294,4765,511378.25,2024-09-23,"Sender account total outflow exceeds 50,000."
356,SCENARIO_502,High Outflow by Account,905138,,6232,9992,1600754.2,2012-11-13,"Sender account total outflow exceeds 50,000."
357,SCENARIO_502,High Outflow by Account,1130827,,5351,8733,14074979.0,2021-03-13,"Sender account total outflow exceeds 50,000."
358,SCENARIO_502,High Outflow by Account,813101,,8329,8417,671674.06,2024-10-21,"Sender account total outflow exceeds 50,000."
359,SCENARIO_502,High Outflow by Account,624142,,8363,7948,457341.66,2016-12-06,"Sender account total outflow exceeds 50,000."
360,SCENARIO_502,High Outflow by Account,1103081,,4319,1169,7833355.5,2013-11-11,"Sender account total outflow exceeds 50,000."
361,SCENARIO_502,High Outflow by Account,629409,,6380,6784,1044518.6,2017-01-21,"Sender account total outflow exceeds 50,000."
362,SCENARIO_502,High Outflow by Account,480946,,6240,8638,110691.17,2017-05-12,"Sender account total outflow exceeds 50,000."
363,SCENARIO_502,High Outflow by Account,976587,,8246,8629,4489087.0,2018-10-24,"Sender account total outflow exceeds 50,000."
364,SCENARIO_502,High Outflow by Account,702213,,4229,36,402015.94,2023-06-01,"Sender account total outflow exceeds 50,000."
365,SCENARIO_502,High Outflow by Account,1132068,,5286,3404,9313789.0,2014-05-20,"Sender account total outflow exceeds 50,000."
366,SCENARIO_502,High Outflow by Account,984707,,7277,9178,4869128.5,2024-03-03,"Sender account total outflow exceeds 50,000."
367,SCENARIO_502,High Outflow by Account,384840,,9353,9963,109627.96,2012-10-15,"Sender account total outflow exceeds 50,000."
368,SCENARIO_502,High Outflow by Account,723565,,2248,1264,238877.31,2024-09-17,"Sender account total outflow exceeds 50,000."
369,SCENARIO_502,High Outflow by Account,993894,,7337,1461,3200697.0,2022-02-23,"Sender account total outflow exceeds 50,000."
370,SCENARIO_502,High Outflow by Account,910195,,6231,1813,5186716.0,2019-01-08,"Sender account total outflow exceeds 50,000."
371,SCENARIO_502,High Outflow by Account,1165854,,8383,9964,10766669.0,2017-11-26,"Sender account total outflow exceeds 50,000."
372,SCENARIO_502,High Outflow by Account,431026,,7356,9826,124390.32,2015-01-21,"Sender account total outflow exceeds 50,000."
373,SCENARIO_502,High Outflow by Account,272568,,3386,4709,11714.77,2024-08-04,"Sender account total outflow exceeds 50,000."
374,SCENARIO_502,High Outflow by Account,888989,,6225,5870,1115906.6,2016-03-23,"Sender account total outflow exceeds 50,000."
375,SCENARIO_502,High Outflow by Account,805430,,217,7533,1884353.9,2024-10-15,"Sender account total outflow exceeds 50,000."
376,SCENARIO_502,High Outflow by Account,969116,,1293,9936,3668408.0,2024-10-24,"Sender account total outflow exceeds 50,000."
377,SCENARIO_502,High Outflow by Account,712329,,2231,2384,3266528.0,2024-10-06,"Sender account total outflow exceeds 50,000."
378,SCENARIO_502,High Outflow by Account,951321,,7228,9651,7509214.0,2013-10-10,"Sender account total outflow exceeds 50,000."
379,SCENARIO_502,High Outflow by Account,668661,,4232,2794,210214.98,2020-03-22,"Sender account total outflow exceeds 50,000."
380,SCENARIO_502,High Outflow by Account,738215,,7272,4887,615523.94,2016-02-02,"Sender account total outflow exceeds 50,000."
381,SCENARIO_502,High Outflow by Account,1289897,,3345,6203,21474836.0,2013-10-31,"Sender account total outflow exceeds 50,000."
382,SCENARIO_502,High Outflow by Account,608806,,251,1550,273075.34,2024-10-10,"Sender account total outflow exceeds 50,000."
383,SCENARIO_502,High Outflow by Account,768392,,3289,9997,428681.47,2024-05-16,"Sender account total outflow exceeds 50,000."
384,SCENARIO_502,High Outflow by Account,1162146,,289,9965,21474836.0,2024-10-17,"Sender account total outflow exceeds 50,000."
385,SCENARIO_502,High Outflow by Account,394205,,4390,3101,51720.66,2023-07-11,"Sender account total outflow exceeds 50,000."
386,SCENARIO_502,High Outflow by Account,822315,,6387,9622,1086817.9,2016-11-22,"Sender account total outflow exceeds 50,000."
387,SCENARIO_502,High Outflow by Account,790686,,1205,9613,267920.44,2024-10-28,"Sender account total outflow exceeds 50,000."
388,SCENARIO_502,High Outflow by Account,1223564,,5270,9613,21474836.0,2016-09-26,"Sender account total outflow exceeds 50,000."
389,SCENARIO_502,High Outflow by Account,706682,,275,9934,164273.1,2024-10-16,"Sender account total outflow exceeds 50,000."
390,SCENARIO_502,High Outflow by Account,1310247,,6389,8906,21474836.0,2021-01-01,"Sender account total outflow exceeds 50,000."
391,SCENARIO_502,High Outflow by Account,712006,,1303,8964,61828.6,2024-10-24,"Sender account total outflow exceeds 50,000."
392,SCENARIO_502,High Outflow by Account,641723,,7332,8395,1110410.5,2015-01-29,"Sender account total outflow exceeds 50,000."
393,SCENARIO_502,High Outflow by Account,638565,,4302,9966,250176.75,2016-12-06,"Sender account total outflow exceeds 50,000."
394,SCENARIO_502,High Outflow by Account,562899,,1361,7866,342462.47,2024-10-14,"Sender account total outflow exceeds 50,000."
395,SCENARIO_502,High Outflow by Account,697272,,3345,8850,493496.53,2013-10-31,"Sender account total outflow exceeds 50,000."
396,SCENARIO_502,High Outflow by Account,765559,,5310,8610,435500.9,2018-08-14,"Sender account total outflow exceeds 50,000."
397,SCENARIO_502,High Outflow by Account,822908,,4329,3320,1574824.6,2024-08-24,"Sender account total outflow exceeds 50,000."
398,SCENARIO_502,High Outflow by Account,1083376,,259,8724,10353414.0,2024-10-18,"Sender account total outflow exceeds 50,000."
399,SCENARIO_502,High Outflow by Account,1213103,,9211,4896,10543303.0,2024-05-12,"Sender account total outflow exceeds 50,000."
400,SCENARIO_502,High Outflow by Account,546973,,9254,9095,297696.44,2023-11-16,"Sender account total outflow exceeds 50,000."
401,SCENARIO_502,High Outflow by Account,628904,,1261,9864,201177.14,2024-08-19,"Sender account total outflow exceeds 50,000."
402,SCENARIO_502,High Outflow by Account,873796,,2224,9941,479065.72,2024-10-06,"Sender account total outflow exceeds 50,000."
403,SCENARIO_502,High Outflow by Account,1114639,,5356,1504,15838244.0,2022-12-06,"Sender account total outflow exceeds 50,000."
404,SCENARIO_502,High Outflow by Account,779631,,9356,9095,713736.9,2022-02-21,"Sender account total outflow exceeds 50,000."
405,SCENARIO_502,High Outflow by Account,482650,,3354,6506,238281.06,2024-01-16,"Sender account total outflow exceeds 50,000."
406,SCENARIO_502,High Outflow by Account,827844,,1275,4493,1578352.9,2024-10-28,"Sender account total outflow exceeds 50,000."
407,SCENARIO_502,High Outflow by Account,681983,,300,8386,281565.53,2024-10-25,"Sender account total outflow exceeds 50,000."
408,SCENARIO_502,High Outflow by Account,647440,,7242,8993,619032.2,2015-07-08,"Sender account total outflow exceeds 50,000."
409,SCENARIO_502,High Outflow by Account,801737,,7304,9744,524848.56,2022-11-27,"Sender account total outflow exceeds 50,000."
410,SCENARIO_502,High Outflow by Account,518142,,2231,8192,615648.7,2024-10-06,"Sender account total outflow exceeds 50,000."
411,SCENARIO_502,High Outflow by Account,851609,,5250,3248,1150237.6,2015-07-29,"Sender account total outflow exceeds 50,000."
412,SCENARIO_502,High Outflow by Account,671611,,2339,602,262329.78,2024-08-08,"Sender account total outflow exceeds 50,000."
413,SCENARIO_502,High Outflow by Account,805962,,8239,9999,1703964.0,2024-05-29,"Sender account total outflow exceeds 50,000."
414,SCENARIO_502,High Outflow by Account,1193270,,3257,6577,21474836.0,2024-08-10,"Sender account total outflow exceeds 50,000."
415,SCENARIO_502,High Outflow by Account,297251,,4261,7184,76874.59,2016-08-30,"Sender account total outflow exceeds 50,000."
416,SCENARIO_502,High Outflow by Account,1044828,,2352,8358,3299788.5,2024-09-13,"Sender account total outflow exceeds 50,000."
417,SCENARIO_502,High Outflow by Account,1090870,,8397,8003,6133305.0,2020-03-27,"Sender account total outflow exceeds 50,000."
418,SCENARIO_502,High Outflow by Account,718141,,8207,4621,316944.28,2012-06-21,"Sender account total outflow exceeds 50,000."
419,SCENARIO_502,High Outflow by Account,789838,,2252,737,1609098.4,2024-10-01,"Sender account total outflow exceeds 50,000."
420,SCENARIO_502,High Outflow by Account,1231406,,5218,6040,21474836.0,2022-05-21,"Sender account total outflow exceeds 50,000."
421,SCENARIO_502,High Outflow by Account,758690,,9257,6862,765766.8,2015-11-16,"Sender account total outflow exceeds 50,000."
422,SCENARIO_502,High Outflow by Account,1030867,,5388,5846,3507437.2,2019-03-23,"Sender account total outflow exceeds 50,000."
423,SCENARIO_502,High Outflow by Account,725740,,9308,3401,1023303.7,2017-12-23,"Sender account total outflow exceeds 50,000."
424,SCENARIO_502,High Outflow by Account,1269886,,1333,9787,21474836.0,2024-09-28,"Sender account total outflow exceeds 50,000."
425,SCENARIO_502,High Outflow by Account,471518,,9304,5114,153284.31,2019-09-30,"Sender account total outflow exceeds 50,000."
426,SCENARIO_502,High Outflow by Account,1240867,,2288,6348,21474836.0,2024-09-30,"Sender account total outflow exceeds 50,000."
427,SCENARIO_502,High Outflow by Account,1147448,,1386,4758,2898546.2,2024-10-28,"Sender account total outflow exceeds 50,000."
428,SCENARIO_502,High Outflow by Account,390774,,279,9681,61664.23,2024-10-11,"Sender account total outflow exceeds 50,000."
429,SCENARIO_502,High Outflow by Account,434433,,3202,8526,97162.75,2024-09-22,"Sender account total outflow exceeds 50,000."
430,SCENARIO_502,High Outflow by Account,230848,,2274,2479,51556.45,2024-09-26,"Sender account total outflow exceeds 50,000."
431,SCENARIO_502,High Outflow by Account,1183309,,9359,8465,16263325.0,2014-12-24,"Sender account total outflow exceeds 50,000."
432,SCENARIO_502,High Outflow by Account,1281847,,8348,9106,21474836.0,2015-05-04,"Sender account total outflow exceeds 50,000."
433,SCENARIO_502,High Outflow by Account,888093,,7211,9449,1403705.0,2018-02-15,"Sender account total outflow exceeds 50,000."
434,SCENARIO_502,High Outflow by Account,764724,,5298,3729,608771.5,2014-05-09,"Sender account total outflow exceeds 50,000."
435,SCENARIO_502,High Outflow by Account,949665,,323,8998,3418083.5,2024-10-18,"Sender account total outflow exceeds 50,000."
436,SCENARIO_502,High Outflow by Account,568613,,301,1702,110053.96,2024-10-25,"Sender account total outflow exceeds 50,000."
437,SCENARIO_502,High Outflow by Account,985228,,9382,9932,2366617.8,2018-03-22,"Sender account total outflow exceeds 50,000."
438,SCENARIO_502,High Outflow by Account,702245,,1219,9314,218102.1,2024-10-28,"Sender account total outflow exceeds 50,000."
439,SCENARIO_502,High Outflow by Account,807717,,5247,5872,797470.06,2024-07-05,"Sender account total outflow exceeds 50,000."
440,SCENARIO_502,High Outflow by Account,1310097,,6239,8716,21474836.0,2017-04-30,"Sender account total outflow exceeds 50,000."
441,SCENARIO_502,High Outflow by Account,734208,,8264,9575,1104495.2,2018-12-14,"Sender account total outflow exceeds 50,000."
442,SCENARIO_502,High Outflow by Account,907588,,2345,9360,2105728.2,2024-10-04,"Sender account total outflow exceeds 50,000."
443,SCENARIO_502,High Outflow by Account,754546,,7275,875,530375.8,2021-10-17,"Sender account total outflow exceeds 50,000."
444,SCENARIO_502,High Outflow by Account,284387,,9331,9744,57689.31,2013-04-09,"Sender account total outflow exceeds 50,000."
445,SCENARIO_502,High Outflow by Account,1305932,,4206,9931,14647043.0,2019-07-20,"Sender account total outflow exceeds 50,000."
446,SCENARIO_502,High Outflow by Account,573275,,8381,8999,308427.7,2015-10-17,"Sender account total outflow exceeds 50,000."
447,SCENARIO_502,High Outflow by Account,1294297,,7236,4987,21474836.0,2018-08-15,"Sender account total outflow exceeds 50,000."
448,SCENARIO_502,High Outflow by Account,1126493,,1333,9989,6437134.5,2024-09-28,"Sender account total outflow exceeds 50,000."
449,SCENARIO_502,High Outflow by Account,822987,,6330,9983,635112.4,2019-02-16,"Sender account total outflow exceeds 50,000."
450,SCENARIO_502,High Outflow by Account,806569,,1223,8597,1936494.0,2024-10-14,"Sender account total outflow exceeds 50,000."
451,SCENARIO_502,High Outflow by Account,1267454,,8272,7086,21474836.0,2023-02-27,"Sender account total outflow exceeds 50,000."
452,SCENARIO_502,High Outflow by Account,889451,,7339,6748,1055452.9,2020-05-06,"Sender account total outflow exceeds 50,000."
453,SCENARIO_502,High Outflow by Account,1154715,,6331,6910,20114662.0,2020-03-12,"Sender account total outflow exceeds 50,000."
454,SCENARIO_502,High Outflow by Account,374436,,2239,4832,138833.56,2024-10-01,"Sender account total outflow exceeds 50,000."
455,SCENARIO_502,High Outflow by Account,496609,,9246,6057,229906.73,2016-08-23,"Sender account total outflow exceeds 50,000."
456,SCENARIO_502,High Outflow by Account,1002678,,5382,9897,5056478.0,2012-08-02,"Sender account total outflow exceeds 50,000."
457,SCENARIO_502,High Outflow by Account,1175006,,5341,9491,21474836.0,2019-05-10,"Sender account total outflow exceeds 50,000."
458,SCENARIO_502,High Outflow by Account,759572,,5246,9048,825753.25,2015-04-17,"Sender account total outflow exceeds 50,000."
459,SCENARIO_502,High Outflow by Account,1126965,,7210,7850,12066544.0,2023-04-07,"Sender account total outflow exceeds 50,000."
460,SCENARIO_502,High Outflow by Account,999518,,7308,3364,2748586.8,2013-07-08,"Sender account total outflow exceeds 50,000."
461,SCENARIO_502,High Outflow by Account,606581,,5244,3502,100608.71,2022-01-06,"Sender account total outflow exceeds 50,000."
462,SCENARIO_502,High Outflow by Account,557576,,6286,9988,150716.89,2019-11-04,"Sender account total outflow exceeds 50,000."
463,SCENARIO_502,High Outflow by Account,1063148,,8310,9389,9586622.0,2017-08-15,"Sender account total outflow exceeds 50,000."
464,SCENARIO_502,High Outflow by Account,1190160,,8392,8238,7031542.0,2020-12-03,"Sender account total outflow exceeds 50,000."
465,SCENARIO_502,High Outflow by Account,833310,,4230,6449,1197465.9,2015-06-24,"Sender account total outflow exceeds 50,000."
466,SCENARIO_502,High Outflow by Account,861861,,6282,8895,2775960.8,2022-01-26,"Sender account total outflow exceeds 50,000."
467,SCENARIO_502,High Outflow by Account,995378,,360,6274,3130264.8,2024-10-17,"Sender account total outflow exceeds 50,000."
468,SCENARIO_502,High Outflow by Account,1000836,,5333,3034,12042085.0,2020-07-27,"Sender account total outflow exceeds 50,000."
469,SCENARIO_502,High Outflow by Account,424987,,1279,5562,68584.96,2024-10-27,"Sender account total outflow exceeds 50,000."
470,SCENARIO_503,Circular Scheme,1125691,972078,9520,7560,497.7,2021-05-09,Two-way circular transaction pattern detected.
471,SCENARIO_503,Circular Scheme,972078,1125691,7560,9520,535.13,2017-11-19,Two-way circular transaction pattern detected.
472,SCENARIO_503,Circular Scheme,296328,1063443,3454,5184,401.69,2024-08-05,Two-way circular transaction pattern detected.
473,SCENARIO_503,Circular Scheme,1063443,296328,5184,3454,13.29,2022-09-28,Two-way circular transaction pattern detected.
474,SCENARIO_503,Circular Scheme,785677,957765,5571,9796,429.45,2012-05-17,Two-way circular transaction pattern detected.
475,SCENARIO_503,Circular Scheme,957765,785677,9796,5571,168.05,2024-05-20,Two-way circular transaction pattern detected.
476,SCENARIO_503,Circular Scheme,670610,1062138,9550,8770,431.67,2015-08-19,Two-way circular transaction pattern detected.
477,SCENARIO_503,Circular Scheme,1062138,670610,8770,9550,140.55,2024-10-17,Two-way circular transaction pattern detected.
478,SCENARIO_503,Circular Scheme,670610,1194459,9550,8770,431.67,2015-08-19,Two-way circular transaction pattern detected.
479,SCENARIO_503,Circular Scheme,1194459,670610,8770,9550,140.55,2012-09-22,Two-way circular transaction pattern detected.
480,SCENARIO_503,Circular Scheme,872540,440634,577,5691,587.41,2024-10-15,Two-way circular transaction pattern detected.
481,SCENARIO_503,Circular Scheme,440634,872540,5691,577,165.02,2018-02-16,Two-way circular transaction pattern detected.
482,SCENARIO_503,Circular Scheme,291621,717465,6594,8695,406.61,2019-04-12,Two-way circular transaction pattern detected.
483,SCENARIO_503,Circular Scheme,717465,291621,8695,6594,145.05,2022-08-10,Two-way circular transaction pattern detected.
484,SCENARIO_503,Circular Scheme,221944,1303751,4195,5539,15.95,2016-10-21,Two-way circular transaction pattern detected.
485,SCENARIO_503,Circular Scheme,1303751,221944,5539,4195,593.26,2020-03-15,Two-way circular transaction pattern detected.
486,SCENARIO_503,Circular Scheme,65943,62377,8047,1538,13.98,2023-11-27,Two-way circular transaction pattern detected.
487,SCENARIO_503,Circular Scheme,62377,65943,1538,8047,472.82,2024-10-02,Two-way circular transaction pattern detected.
488,SCENARIO_503,Circular Scheme,276782,440634,577,5691,587.41,2024-10-15,Two-way circular transaction pattern detected.
489,SCENARIO_503,Circular Scheme,440634,276782,5691,577,165.02,2018-02-16,Two-way circular transaction pattern detected.
490,SCENARIO_503,Circular Scheme,959007,1107029,9412,5680,471.88,2017-08-27,Two-way circular transaction pattern detected.
491,SCENARIO_503,Circular Scheme,1107029,959007,5680,9412,188.25,2017-09-17,Two-way circular transaction pattern detected.
492,SCENARIO_503,Circular Scheme,587046,105270,3515,4480,528.66,2019-11-17,Two-way circular transaction pattern detected.
493,SCENARIO_503,Circular Scheme,105270,587046,4480,3515,470.82,2012-10-04,Two-way circular transaction pattern detected.
494,SCENARIO_503,Circular Scheme,113825,2761,4561,8760,495.97,2021-11-30,Two-way circular transaction pattern detected.
495,SCENARIO_503,Circular Scheme,2761,113825,8760,4561,124.87,2013-01-05,Two-way circular transaction pattern detected.
496,SCENARIO_503,Circular Scheme,1141953,987147,4095,9576,12.78,2016-08-31,Two-way circular transaction pattern detected.
497,SCENARIO_503,Circular Scheme,987147,1141953,9576,4095,409.75,2018-08-20,Two-way circular transaction pattern detected.
498,SCENARIO_503,Circular Scheme,1027899,485413,5542,99,420.51,2019-01-22,Two-way circular transaction pattern detected.
499,SCENARIO_503,Circular Scheme,485413,1027899,99,5542,49.54,2024-08-13,Two-way circular transaction pattern detected.
500,SCENARIO_503,Circular Scheme,297757,1259646,6422,8167,541.4,2024-08-14,Two-way circular transaction pattern detected.
501,SCENARIO_503,Circular Scheme,1259646,297757,8167,6422,8.03,2019-01-07,Two-way circular transaction pattern detected.
502,SCENARIO_503,Circular Scheme,19852,299160,3588,465,415.54,2012-07-07,Two-way circular transaction pattern detected.
503,SCENARIO_503,Circular Scheme,299160,19852,465,3588,415.07,2024-09-28,Two-way circular transaction pattern detected.
504,SCENARIO_503,Circular Scheme,1237134,158911,5425,5173,499.1,2024-09-13,Two-way circular transaction pattern detected.
505,SCENARIO_503,Circular Scheme,158911,1237134,5173,5425,16.94,2014-10-11,Two-way circular transaction pattern detected.
506,SCENARIO_503,Circular Scheme,701500,434262,9588,6295,521.25,2024-07-12,Two-way circular transaction pattern detected.
507,SCENARIO_503,Circular Scheme,434262,701500,6295,9588,69368.24,2021-03-29,Two-way circular transaction pattern detected.
508,SCENARIO_503,Circular Scheme,1173882,1230057,7565,6175,587.01,2014-06-25,Two-way circular transaction pattern detected.
509,SCENARIO_503,Circular Scheme,1230057,1173882,6175,7565,16.15,2024-08-25,Two-way circular transaction pattern detected.
510,SCENARIO_503,Circular Scheme,440634,872540,5691,577,165.02,2018-02-16,Two-way circular transaction pattern detected.
511,SCENARIO_503,Circular Scheme,872540,440634,577,5691,587.41,2024-10-15,Two-way circular transaction pattern detected.
512,SCENARIO_503,Circular Scheme,440634,276782,5691,577,165.02,2018-02-16,Two-way circular transaction pattern detected.
513,SCENARIO_503,Circular Scheme,276782,440634,577,5691,587.41,2024-10-15,Two-way circular transaction pattern detected.
514,SCENARIO_503,Circular Scheme,440634,1241203,5691,577,165.02,2018-02-16,Two-way circular transaction pattern detected.
515,SCENARIO_503,Circular Scheme,1241203,440634,577,5691,587.41,2024-10-15,Two-way circular transaction pattern detected.
516,SCENARIO_503,Circular Scheme,678317,648320,9179,7582,7.65,2018-05-18,Two-way circular transaction pattern detected.
517,SCENARIO_503,Circular Scheme,648320,678317,7582,9179,448.91,2023-03-24,Two-way circular transaction pattern detected.
518,SCENARIO_503,Circular Scheme,1018711,434262,9588,6295,521.25,2020-05-01,Two-way circular transaction pattern detected.
519,SCENARIO_503,Circular Scheme,434262,1018711,6295,9588,69368.24,2021-03-29,Two-way circular transaction pattern detected.
520,SCENARIO_503,Circular Scheme,506307,101067,4587,7780,401.04,2013-10-18,Two-way circular transaction pattern detected.
521,SCENARIO_503,Circular Scheme,101067,506307,7780,4587,140.5,2012-05-11,Two-way circular transaction pattern detected.
522,SCENARIO_503,Circular Scheme,1018849,1026802,1407,4607,571.27,2024-10-29,Two-way circular transaction pattern detected.
523,SCENARIO_503,Circular Scheme,1026802,1018849,4607,1407,176.21,2021-04-09,Two-way circular transaction pattern detected.
524,SCENARIO_503,Circular Scheme,401655,218250,9993,6473,225.91,2018-04-28,Two-way circular transaction pattern detected.
525,SCENARIO_503,Circular Scheme,218250,401655,6473,9993,578.95,2022-05-06,Two-way circular transaction pattern detected.
526,SCENARIO_503,Circular Scheme,1262828,13294,2636,2548,116.77,2024-09-25,Two-way circular transaction pattern detected.
527,SCENARIO_503,Circular Scheme,13294,1262828,2548,2636,555.34,2024-03-22,Two-way circular transaction pattern detected.
528,SCENARIO_503,Circular Scheme,17529,241673,495,2515,592.45,2024-10-19,Two-way circular transaction pattern detected.
529,SCENARIO_503,Circular Scheme,241673,17529,2515,495,527.45,2024-09-15,Two-way circular transaction pattern detected.
530,SCENARIO_503,Circular Scheme,17529,987743,495,2515,592.45,2024-10-19,Two-way circular transaction pattern detected.
531,SCENARIO_503,Circular Scheme,987743,17529,2515,495,527.45,2024-09-15,Two-way circular transaction pattern detected.
532,SCENARIO_503,Circular Scheme,1007416,485413,5542,99,420.51,2013-07-04,Two-way circular transaction pattern detected.
533,SCENARIO_503,Circular Scheme,485413,1007416,99,5542,49.54,2024-08-13,Two-way circular transaction pattern detected.
534,SCENARIO_503,Circular Scheme,241680,1000543,2081,476,26.0,2024-09-30,Two-way circular transaction pattern detected.
535,SCENARIO_503,Circular Scheme,1000543,241680,476,2081,577.75,2024-10-13,Two-way circular transaction pattern detected.
536,SCENARIO_503,Circular Scheme,241680,198802,2081,476,26.0,2024-09-30,Two-way circular transaction pattern detected.
537,SCENARIO_503,Circular Scheme,198802,241680,476,2081,577.75,2024-10-13,Two-way circular transaction pattern detected.
538,SCENARIO_503,Circular Scheme,832933,626320,5196,4415,11.48,2013-11-13,Two-way circular transaction pattern detected.
539,SCENARIO_503,Circular Scheme,626320,832933,4415,5196,430.7,2019-02-20,Two-way circular transaction pattern detected.
540,SCENARIO_503,Circular Scheme,832933,484935,5196,4415,11.48,2013-11-13,Two-way circular transaction pattern detected.
541,SCENARIO_503,Circular Scheme,484935,832933,4415,5196,430.7,2019-08-22,Two-way circular transaction pattern detected.
542,SCENARIO_503,Circular Scheme,832933,163318,5196,4415,11.48,2013-11-13,Two-way circular transaction pattern detected.
543,SCENARIO_503,Circular Scheme,163318,832933,4415,5196,430.7,2021-01-05,Two-way circular transaction pattern detected.
544,SCENARIO_503,Circular Scheme,701790,165378,8157,9401,11.09,2024-01-30,Two-way circular transaction pattern detected.
545,SCENARIO_503,Circular Scheme,165378,701790,9401,8157,588.02,2016-03-09,Two-way circular transaction pattern detected.
546,SCENARIO_503,Circular Scheme,218250,401655,6473,9993,578.95,2022-05-06,Two-way circular transaction pattern detected.
547,SCENARIO_503,Circular Scheme,401655,218250,9993,6473,225.91,2018-04-28,Two-way circular transaction pattern detected.
548,SCENARIO_503,Circular Scheme,851768,160466,2440,6609,464.04,2024-09-27,Two-way circular transaction pattern detected.
549,SCENARIO_503,Circular Scheme,160466,851768,6609,2440,109.98,2023-03-10,Two-way circular transaction pattern detected.
550,SCENARIO_503,Circular Scheme,165378,701790,9401,8157,588.02,2016-03-09,Two-way circular transaction pattern detected.
551,SCENARIO_503,Circular Scheme,701790,165378,8157,9401,11.09,2024-01-30,Two-way circular transaction pattern detected.
552,SCENARIO_503,Circular Scheme,65616,321821,3537,1447,522.61,2012-10-09,Two-way circular transaction pattern detected.
553,SCENARIO_503,Circular Scheme,321821,65616,1447,3537,453.1,2024-10-16,Two-way circular transaction pattern detected.
554,SCENARIO_503,Circular Scheme,65616,478780,3537,1447,522.61,2012-10-09,Two-way circular transaction pattern detected.
555,SCENARIO_503,Circular Scheme,478780,65616,1447,3537,453.1,2024-10-16,Two-way circular transaction pattern detected.
556,SCENARIO_503,Circular Scheme,984669,796980,8695,3406,145.05,2022-12-25,Two-way circular transaction pattern detected.
557,SCENARIO_503,Circular Scheme,796980,984669,3406,8695,513.89,2023-08-09,Two-way circular transaction pattern detected.
558,SCENARIO_503,Circular Scheme,855541,1307765,4518,4052,420.23,2015-12-08,Two-way circular transaction pattern detected.
559,SCENARIO_503,Circular Scheme,1307765,855541,4052,4518,16.15,2020-07-02,Two-way circular transaction pattern detected.
560,SCENARIO_503,Circular Scheme,855541,434146,4518,4052,420.23,2015-12-08,Two-way circular transaction pattern detected.
561,SCENARIO_503,Circular Scheme,434146,855541,4052,4518,16.15,2022-10-14,Two-way circular transaction pattern detected.
562,SCENARIO_503,Circular Scheme,1162910,241673,495,2515,592.45,2024-10-19,Two-way circular transaction pattern detected.
563,SCENARIO_503,Circular Scheme,241673,1162910,2515,495,527.45,2024-09-15,Two-way circular transaction pattern detected.
564,SCENARIO_503,Circular Scheme,1162910,987743,495,2515,592.45,2024-10-19,Two-way circular transaction pattern detected.
565,SCENARIO_503,Circular Scheme,987743,1162910,2515,495,527.45,2024-09-15,Two-way circular transaction pattern detected.
566,SCENARIO_503,Circular Scheme,526162,574691,2572,477,406.23,2024-09-02,Two-way circular transaction pattern detected.
567,SCENARIO_503,Circular Scheme,574691,526162,477,2572,555.88,2024-10-13,Two-way circular transaction pattern detected.
568,SCENARIO_503,Circular Scheme,755817,289206,7187,9554,13.55,2012-12-08,Two-way circular transaction pattern detected.
569,SCENARIO_503,Circular Scheme,289206,755817,9554,7187,598.6,2016-11-18,Two-way circular transaction pattern detected.
570,SCENARIO_503,Circular Scheme,755817,1248977,7187,9554,13.55,2012-12-08,Two-way circular transaction pattern detected.
571,SCENARIO_503,Circular Scheme,1248977,755817,9554,7187,598.6,2022-10-05,Two-way circular transaction pattern detected.
572,SCENARIO_503,Circular Scheme,755817,1061925,7187,9554,13.55,2012-12-08,Two-way circular transaction pattern detected.
573,SCENARIO_503,Circular Scheme,1061925,755817,9554,7187,598.6,2017-12-28,Two-way circular transaction pattern detected.
574,SCENARIO_503,Circular Scheme,106268,321821,3537,1447,522.61,2023-01-01,Two-way circular transaction pattern detected.
575,SCENARIO_503,Circular Scheme,321821,106268,1447,3537,453.1,2024-10-16,Two-way circular transaction pattern detected.
576,SCENARIO_503,Circular Scheme,106268,478780,3537,1447,522.61,2023-01-01,Two-way circular transaction pattern detected.
577,SCENARIO_503,Circular Scheme,478780,106268,1447,3537,453.1,2024-10-16,Two-way circular transaction pattern detected.
578,SCENARIO_503,Circular Scheme,1045004,826915,6463,4590,532.82,2014-01-27,Two-way circular transaction pattern detected.
579,SCENARIO_503,Circular Scheme,826915,1045004,4590,6463,470.39,2019-12-31,Two-way circular transaction pattern detected.
580,SCENARIO_503,Circular Scheme,1045004,1090103,6463,4590,532.82,2014-01-27,Two-way circular transaction pattern detected.
581,SCENARIO_503,Circular Scheme,1090103,1045004,4590,6463,470.39,2017-06-13,Two-way circular transaction pattern detected.
582,SCENARIO_503,Circular Scheme,65367,826594,8523,8651,448.8,2021-06-18,Two-way circular transaction pattern detected.
583,SCENARIO_503,Circular Scheme,826594,65367,8651,8523,122.02,2023-06-20,Two-way circular transaction pattern detected.
584,SCENARIO_503,Circular Scheme,690727,101067,4587,7780,401.04,2021-05-09,Two-way circular transaction pattern detected.
585,SCENARIO_503,Circular Scheme,101067,690727,7780,4587,140.5,2012-05-11,Two-way circular transaction pattern detected.
586,SCENARIO_503,Circular Scheme,90012,384676,8571,8794,501.02,2016-09-08,Two-way circular transaction pattern detected.
587,SCENARIO_503,Circular Scheme,384676,90012,8794,8571,127.08,2024-09-28,Two-way circular transaction pattern detected.
588,SCENARIO_503,Circular Scheme,942461,826915,6463,4590,532.82,2013-01-29,Two-way circular transaction pattern detected.
589,SCENARIO_503,Circular Scheme,826915,942461,4590,6463,470.39,2019-12-31,Two-way circular transaction pattern detected.
590,SCENARIO_503,Circular Scheme,942461,1090103,6463,4590,532.82,2013-01-29,Two-way circular transaction pattern detected.
591,SCENARIO_503,Circular Scheme,1090103,942461,4590,6463,470.39,2017-06-13,Two-way circular transaction pattern detected.
592,SCENARIO_503,Circular Scheme,1107029,959007,5680,9412,188.25,2017-09-17,Two-way circular transaction pattern detected.
593,SCENARIO_503,Circular Scheme,959007,1107029,9412,5680,471.88,2017-08-27,Two-way circular transaction pattern detected.
594,SCENARIO_503,Circular Scheme,1107029,1011408,5680,9412,188.25,2017-09-17,Two-way circular transaction pattern detected.
595,SCENARIO_503,Circular Scheme,1011408,1107029,9412,5680,471.88,2012-05-20,Two-way circular transaction pattern detected.
596,SCENARIO_503,Circular Scheme,1107029,245797,5680,9412,188.25,2017-09-17,Two-way circular transaction pattern detected.
597,SCENARIO_503,Circular Scheme,245797,1107029,9412,5680,471.88,2023-10-04,Two-way circular transaction pattern detected.
598,SCENARIO_503,Circular Scheme,1315359,299442,9447,4293,520.83,2018-10-15,Two-way circular transaction pattern detected.
599,SCENARIO_503,Circular Scheme,299442,1315359,4293,9447,73580.24,2024-02-22,Two-way circular transaction pattern detected.
600,SCENARIO_503,Circular Scheme,472533,1214521,6567,8673,595.34,2013-09-26,Two-way circular transaction pattern detected.
601,SCENARIO_503,Circular Scheme,1214521,472533,8673,6567,125.75,2014-10-08,Two-way circular transaction pattern detected.
602,SCENARIO_503,Circular Scheme,38026,1000981,518,8641,422.48,2024-10-18,Two-way circular transaction pattern detected.
603,SCENARIO_503,Circular Scheme,1000981,38026,8641,518,112.47,2023-10-25,Two-way circular transaction pattern detected.
604,SCENARIO_503,Circular Scheme,796980,984669,3406,8695,513.89,2023-08-09,Two-way circular transaction pattern detected.
605,SCENARIO_503,Circular Scheme,984669,796980,8695,3406,145.05,2022-12-25,Two-way circular transaction pattern detected.
606,SCENARIO_503,Circular Scheme,796980,1189355,3406,8695,513.89,2023-08-09,Two-way circular transaction pattern detected.
607,SCENARIO_503,Circular Scheme,1189355,796980,8695,3406,145.05,2019-05-02,Two-way circular transaction pattern detected.
608,SCENARIO_503,Circular Scheme,745598,97515,7134,3575,13.3,2022-02-19,Two-way circular transaction pattern detected.
609,SCENARIO_503,Circular Scheme,97515,745598,3575,7134,510.57,2015-12-08,Two-way circular transaction pattern detected.
610,SCENARIO_503,Circular Scheme,745598,1111329,7134,3575,13.3,2022-02-19,Two-way circular transaction pattern detected.
611,SCENARIO_503,Circular Scheme,1111329,745598,3575,7134,510.57,2016-09-28,Two-way circular transaction pattern detected.
612,SCENARIO_503,Circular Scheme,299442,1315359,4293,9447,73580.24,2024-02-22,Two-way circular transaction pattern detected.
613,SCENARIO_503,Circular Scheme,1315359,299442,9447,4293,520.83,2018-10-15,Two-way circular transaction pattern detected.
614,SCENARIO_503,Circular Scheme,614431,277894,2486,9751,535.77,2024-09-14,Two-way circular transaction pattern detected.
615,SCENARIO_503,Circular Scheme,277894,614431,9751,2486,128.78,2019-12-25,Two-way circular transaction pattern detected.
616,SCENARIO_503,Circular Scheme,1136945,1042632,3507,8662,557.08,2021-08-11,Two-way circular transaction pattern detected.
617,SCENARIO_503,Circular Scheme,1042632,1136945,8662,3507,134.97,2024-04-22,Two-way circular transaction pattern detected.
618,SCENARIO_503,Circular Scheme,241673,17529,2515,495,527.45,2024-09-15,Two-way circular transaction pattern detected.
619,SCENARIO_503,Circular Scheme,17529,241673,495,2515,592.45,2024-10-19,Two-way circular transaction pattern detected.
620,SCENARIO_503,Circular Scheme,241673,1162910,2515,495,527.45,2024-09-15,Two-way circular transaction pattern detected.
621,SCENARIO_503,Circular Scheme,1162910,241673,495,2515,592.45,2024-10-19,Two-way circular transaction pattern detected.
622,SCENARIO_503,Circular Scheme,241673,144457,2515,495,527.45,2024-09-15,Two-way circular transaction pattern detected.
623,SCENARIO_503,Circular Scheme,144457,241673,495,2515,592.45,2024-10-19,Two-way circular transaction pattern detected.
624,SCENARIO_503,Circular Scheme,241673,61861,2515,495,527.45,2024-09-15,Two-way circular transaction pattern detected.
625,SCENARIO_503,Circular Scheme,61861,241673,495,2515,592.45,2024-10-19,Two-way circular transaction pattern detected.
626,SCENARIO_503,Circular Scheme,1227647,211298,1612,481,196.88,2024-09-29,Two-way circular transaction pattern detected.
627,SCENARIO_503,Circular Scheme,211298,1227647,481,1612,422.69,2024-10-22,Two-way circular transaction pattern detected.
628,SCENARIO_503,Circular Scheme,1032988,1000981,518,8641,422.48,2024-10-18,Two-way circular transaction pattern detected.
629,SCENARIO_503,Circular Scheme,1000981,1032988,8641,518,112.47,2023-10-25,Two-way circular transaction pattern detected.
630,SCENARIO_503,Circular Scheme,179674,574691,2572,477,406.23,2024-09-02,Two-way circular transaction pattern detected.
631,SCENARIO_503,Circular Scheme,574691,179674,477,2572,555.88,2024-10-13,Two-way circular transaction pattern detected.
632,SCENARIO_503,Circular Scheme,1127575,877979,6574,4010,580.17,2024-07-19,Two-way circular transaction pattern detected.
633,SCENARIO_503,Circular Scheme,877979,1127575,4010,6574,24.49,2023-02-01,Two-way circular transaction pattern detected.
634,SCENARIO_503,Circular Scheme,144457,241673,495,2515,592.45,2024-10-19,Two-way circular transaction pattern detected.
635,SCENARIO_503,Circular Scheme,241673,144457,2515,495,527.45,2024-09-15,Two-way circular transaction pattern detected.
636,SCENARIO_503,Circular Scheme,144457,987743,495,2515,592.45,2024-10-19,Two-way circular transaction pattern detected.
637,SCENARIO_503,Circular Scheme,987743,144457,2515,495,527.45,2024-09-15,Two-way circular transaction pattern detected.
638,SCENARIO_503,Circular Scheme,38335,168456,1634,7410,152.08,2024-10-01,Two-way circular transaction pattern detected.
639,SCENARIO_503,Circular Scheme,168456,38335,7410,1634,422.55,2024-07-21,Two-way circular transaction pattern detected.
640,SCENARIO_503,Circular Scheme,38335,693193,1634,7410,152.08,2024-10-01,Two-way circular transaction pattern detected.
641,SCENARIO_503,Circular Scheme,693193,38335,7410,1634,422.55,2016-11-06,Two-way circular transaction pattern detected.
642,SCENARIO_503,Circular Scheme,1189355,796980,8695,3406,145.05,2019-05-02,Two-way circular transaction pattern detected.
643,SCENARIO_503,Circular Scheme,796980,1189355,3406,8695,513.89,2023-08-09,Two-way circular transaction pattern detected.
644,SCENARIO_503,Circular Scheme,957765,785677,9796,5571,168.05,2024-05-20,Two-way circular transaction pattern detected.
645,SCENARIO_503,Circular Scheme,785677,957765,5571,9796,429.45,2012-05-17,Two-way circular transaction pattern detected.
646,SCENARIO_503,Circular Scheme,562796,605346,1450,2009,428.2,2024-10-03,Two-way circular transaction pattern detected.
647,SCENARIO_503,Circular Scheme,605346,562796,2009,1450,32.34,2024-07-31,Two-way circular transaction pattern detected.
648,SCENARIO_503,Circular Scheme,1198944,1111982,6456,9069,465.05,2012-04-23,Two-way circular transaction pattern detected.
649,SCENARIO_503,Circular Scheme,1111982,1198944,9069,6456,6.64,2019-02-13,Two-way circular transaction pattern detected.
650,SCENARIO_503,Circular Scheme,1135310,171357,4409,6781,474.88,2018-01-07,Two-way circular transaction pattern detected.
651,SCENARIO_503,Circular Scheme,171357,1135310,6781,4409,137.3,2016-08-28,Two-way circular transaction pattern detected.
652,SCENARIO_503,Circular Scheme,1135310,1231733,4409,6781,474.88,2018-01-07,Two-way circular transaction pattern detected.
653,SCENARIO_503,Circular Scheme,1231733,1135310,6781,4409,137.3,2016-10-14,Two-way circular transaction pattern detected.
654,SCENARIO_503,Circular Scheme,392278,8688,1437,8641,508.2,2024-10-18,Two-way circular transaction pattern detected.
655,SCENARIO_503,Circular Scheme,8688,392278,8641,1437,112.47,2022-11-21,Two-way circular transaction pattern detected.
656,SCENARIO_503,Circular Scheme,626320,832933,4415,5196,430.7,2019-02-20,Two-way circular transaction pattern detected.
657,SCENARIO_503,Circular Scheme,832933,626320,5196,4415,11.48,2013-11-13,Two-way circular transaction pattern detected.
658,SCENARIO_503,Circular Scheme,8688,392278,8641,1437,112.47,2022-11-21,Two-way circular transaction pattern detected.
659,SCENARIO_503,Circular Scheme,392278,8688,1437,8641,508.2,2024-10-18,Two-way circular transaction pattern detected.
660,SCENARIO_503,Circular Scheme,8688,1209145,8641,1437,112.47,2022-11-21,Two-way circular transaction pattern detected.
661,SCENARIO_503,Circular Scheme,1209145,8688,1437,8641,508.2,2024-10-18,Two-way circular transaction pattern detected.
662,SCENARIO_503,Circular Scheme,183214,378820,4522,1327,548.11,2021-08-29,Two-way circular transaction pattern detected.
663,SCENARIO_503,Circular Scheme,378820,183214,1327,4522,31672.16,2024-10-18,Two-way circular transaction pattern detected.
664,SCENARIO_503,Circular Scheme,770168,877979,6574,4010,580.17,2014-09-08,Two-way circular transaction pattern detected.
665,SCENARIO_503,Circular Scheme,877979,770168,4010,6574,24.49,2023-02-01,Two-way circular transaction pattern detected.
666,SCENARIO_503,Circular Scheme,826915,1045004,4590,6463,470.39,2019-12-31,Two-way circular transaction pattern detected.
667,SCENARIO_503,Circular Scheme,1045004,826915,6463,4590,532.82,2014-01-27,Two-way circular transaction pattern detected.
668,SCENARIO_503,Circular Scheme,826915,942461,4590,6463,470.39,2019-12-31,Two-way circular transaction pattern detected.
669,SCENARIO_503,Circular Scheme,942461,826915,6463,4590,532.82,2013-01-29,Two-way circular transaction pattern detected.
670,SCENARIO_503,Circular Scheme,687721,1000981,518,8641,422.48,2024-10-18,Two-way circular transaction pattern detected.
671,SCENARIO_503,Circular Scheme,1000981,687721,8641,518,112.47,2023-10-25,Two-way circular transaction pattern detected.
672,SCENARIO_503,Circular Scheme,696758,465055,9069,9420,6.64,2024-09-04,Two-way circular transaction pattern detected.
673,SCENARIO_503,Circular Scheme,465055,696758,9420,9069,489.07,2019-02-10,Two-way circular transaction pattern detected.
674,SCENARIO_503,Circular Scheme,696758,1125477,9069,9420,6.64,2024-09-04,Two-way circular transaction pattern detected.
675,SCENARIO_503,Circular Scheme,1125477,696758,9420,9069,489.07,2024-01-11,Two-way circular transaction pattern detected.
676,SCENARIO_503,Circular Scheme,1163358,1189032,9069,7493,6.64,2016-08-08,Two-way circular transaction pattern detected.
677,SCENARIO_503,Circular Scheme,1189032,1163358,7493,9069,418.89,2019-10-21,Two-way circular transaction pattern detected.
678,SCENARIO_503,Circular Scheme,211298,1227647,481,1612,422.69,2024-10-22,Two-way circular transaction pattern detected.
679,SCENARIO_503,Circular Scheme,1227647,211298,1612,481,196.88,2024-09-29,Two-way circular transaction pattern detected.
680,SCENARIO_503,Circular Scheme,289206,755817,9554,7187,598.6,2016-11-18,Two-way circular transaction pattern detected.
681,SCENARIO_503,Circular Scheme,755817,289206,7187,9554,13.55,2012-12-08,Two-way circular transaction pattern detected.
682,SCENARIO_503,Circular Scheme,158911,1237134,5173,5425,16.94,2014-10-11,Two-way circular transaction pattern detected.
683,SCENARIO_503,Circular Scheme,1237134,158911,5425,5173,499.1,2024-09-13,Two-way circular transaction pattern detected.
684,SCENARIO_503,Circular Scheme,889731,273637,544,6720,404.1,2024-10-15,Two-way circular transaction pattern detected.
685,SCENARIO_503,Circular Scheme,273637,889731,6720,544,106.16,2023-11-03,Two-way circular transaction pattern detected.
686,SCENARIO_503,Circular Scheme,1000543,241680,476,2081,577.75,2024-10-13,Two-way circular transaction pattern detected.
687,SCENARIO_503,Circular Scheme,241680,1000543,2081,476,26.0,2024-09-30,Two-way circular transaction pattern detected.
688,SCENARIO_503,Circular Scheme,574691,526162,477,2572,555.88,2024-10-13,Two-way circular transaction pattern detected.
689,SCENARIO_503,Circular Scheme,526162,574691,2572,477,406.23,2024-09-02,Two-way circular transaction pattern detected.
690,SCENARIO_503,Circular Scheme,574691,179674,477,2572,555.88,2024-10-13,Two-way circular transaction pattern detected.
691,SCENARIO_503,Circular Scheme,179674,574691,2572,477,406.23,2024-09-02,Two-way circular transaction pattern detected.
692,SCENARIO_503,Circular Scheme,972078,1125691,7560,9520,535.13,2017-11-19,Two-way circular transaction pattern detected.
693,SCENARIO_503,Circular Scheme,1125691,972078,9520,7560,497.7,2021-05-09,Two-way circular transaction pattern detected.
694,SCENARIO_503,Circular Scheme,1280290,1062138,9550,8770,431.67,2022-08-11,Two-way circular transaction pattern detected.
695,SCENARIO_503,Circular Scheme,1062138,1280290,8770,9550,140.55,2024-10-17,Two-way circular transaction pattern detected.
696,SCENARIO_503,Circular Scheme,1280290,1194459,9550,8770,431.67,2022-08-11,Two-way circular transaction pattern detected.
697,SCENARIO_503,Circular Scheme,1194459,1280290,8770,9550,140.55,2012-09-22,Two-way circular transaction pattern detected.
698,SCENARIO_503,Circular Scheme,277894,614431,9751,2486,128.78,2019-12-25,Two-way circular transaction pattern detected.
699,SCENARIO_503,Circular Scheme,614431,277894,2486,9751,535.77,2024-09-14,Two-way circular transaction pattern detected.
700,SCENARIO_503,Circular Scheme,277894,896487,9751,2486,128.78,2019-12-25,Two-way circular transaction pattern detected.
701,SCENARIO_503,Circular Scheme,896487,277894,2486,9751,535.77,2024-09-14,Two-way circular transaction pattern detected.
702,SCENARIO_503,Circular Scheme,826594,65367,8651,8523,122.02,2023-06-20,Two-way circular transaction pattern detected.
703,SCENARIO_503,Circular Scheme,65367,826594,8523,8651,448.8,2021-06-18,Two-way circular transaction pattern detected.
704,SCENARIO_503,Circular Scheme,826594,1267470,8651,8523,122.02,2023-06-20,Two-way circular transaction pattern detected.
705,SCENARIO_503,Circular Scheme,1267470,826594,8523,8651,448.8,2017-06-18,Two-way circular transaction pattern detected.
706,SCENARIO_503,Circular Scheme,826594,504561,8651,8523,122.02,2023-06-20,Two-way circular transaction pattern detected.
707,SCENARIO_503,Circular Scheme,504561,826594,8523,8651,448.8,2013-02-04,Two-way circular transaction pattern detected.
708,SCENARIO_503,Circular Scheme,42554,454390,8033,8521,10.43,2020-02-20,Two-way circular transaction pattern detected.
709,SCENARIO_503,Circular Scheme,454390,42554,8521,8033,465.57,2013-02-23,Two-way circular transaction pattern detected.
710,SCENARIO_503,Circular Scheme,904778,366105,1029,6509,36.89,2024-10-07,Two-way circular transaction pattern detected.
711,SCENARIO_503,Circular Scheme,366105,904778,6509,1029,540.42,2014-09-17,Two-way circular transaction pattern detected.
712,SCENARIO_503,Circular Scheme,531954,1173869,6087,8427,10.98,2014-01-18,Two-way circular transaction pattern detected.
713,SCENARIO_503,Circular Scheme,1173869,531954,8427,6087,437.8,2015-05-23,Two-way circular transaction pattern detected.
714,SCENARIO_503,Circular Scheme,454390,42554,8521,8033,465.57,2013-02-23,Two-way circular transaction pattern detected.
715,SCENARIO_503,Circular Scheme,42554,454390,8033,8521,10.43,2020-02-20,Two-way circular transaction pattern detected.
716,SCENARIO_503,Circular Scheme,1248977,755817,9554,7187,598.6,2022-10-05,Two-way circular transaction pattern detected.
717,SCENARIO_503,Circular Scheme,755817,1248977,7187,9554,13.55,2012-12-08,Two-way circular transaction pattern detected.
718,SCENARIO_503,Circular Scheme,304218,1026802,1407,4607,571.27,2024-10-29,Two-way circular transaction pattern detected.
719,SCENARIO_503,Circular Scheme,1026802,304218,4607,1407,176.21,2021-04-09,Two-way circular transaction pattern detected.
720,SCENARIO_503,Circular Scheme,1294502,499183,5790,6498,172.08,2017-05-09,Two-way circular transaction pattern detected.
721,SCENARIO_503,Circular Scheme,499183,1294502,6498,5790,531.47,2015-10-01,Two-way circular transaction pattern detected.
722,SCENARIO_503,Circular Scheme,1106775,160466,2440,6609,464.04,2024-09-27,Two-way circular transaction pattern detected.
723,SCENARIO_503,Circular Scheme,160466,1106775,6609,2440,109.98,2023-03-10,Two-way circular transaction pattern detected.
724,SCENARIO_503,Circular Scheme,384676,90012,8794,8571,127.08,2024-09-28,Two-way circular transaction pattern detected.
725,SCENARIO_503,Circular Scheme,90012,384676,8571,8794,501.02,2016-09-08,Two-way circular transaction pattern detected.
726,SCENARIO_503,Circular Scheme,384676,39090,8794,8571,127.08,2024-09-28,Two-way circular transaction pattern detected.
727,SCENARIO_503,Circular Scheme,39090,384676,8571,8794,501.02,2023-05-31,Two-way circular transaction pattern detected.
728,SCENARIO_503,Circular Scheme,1191876,1099013,2458,1511,429.72,2024-10-03,Two-way circular transaction pattern detected.
729,SCENARIO_503,Circular Scheme,1099013,1191876,1511,2458,499.85,2024-10-10,Two-way circular transaction pattern detected.
730,SCENARIO_503,Circular Scheme,434262,701500,6295,9588,69368.24,2021-03-29,Two-way circular transaction pattern detected.
731,SCENARIO_503,Circular Scheme,701500,434262,9588,6295,521.25,2024-07-12,Two-way circular transaction pattern detected.
732,SCENARIO_503,Circular Scheme,434262,1018711,6295,9588,69368.24,2021-03-29,Two-way circular transaction pattern detected.
733,SCENARIO_503,Circular Scheme,1018711,434262,9588,6295,521.25,2020-05-01,Two-way circular transaction pattern detected.
734,SCENARIO_503,Circular Scheme,434262,79178,6295,9588,69368.24,2021-03-29,Two-way circular transaction pattern detected.
735,SCENARIO_503,Circular Scheme,79178,434262,9588,6295,521.25,2014-06-11,Two-way circular transaction pattern detected.
736,SCENARIO_503,Circular Scheme,434262,909120,6295,9588,69368.24,2021-03-29,Two-way circular transaction pattern detected.
737,SCENARIO_503,Circular Scheme,909120,434262,9588,6295,521.25,2021-07-05,Two-way circular transaction pattern detected.
738,SCENARIO_503,Circular Scheme,434262,103360,6295,9588,69368.24,2021-03-29,Two-way circular transaction pattern detected.
739,SCENARIO_503,Circular Scheme,103360,434262,9588,6295,521.25,2014-08-04,Two-way circular transaction pattern detected.
740,SCENARIO_503,Circular Scheme,1145394,848625,6718,2564,161.61,2020-03-18,Two-way circular transaction pattern detected.
741,SCENARIO_503,Circular Scheme,848625,1145394,2564,6718,499.48,2024-08-27,Two-way circular transaction pattern detected.
742,SCENARIO_503,Circular Scheme,133207,634661,3170,7542,21.83,2024-09-13,Two-way circular transaction pattern detected.
743,SCENARIO_503,Circular Scheme,634661,133207,7542,3170,554.0,2014-06-30,Two-way circular transaction pattern detected.
744,SCENARIO_503,Circular Scheme,133207,1155814,3170,7542,21.83,2024-09-13,Two-way circular transaction pattern detected.
745,SCENARIO_503,Circular Scheme,1155814,133207,7542,3170,554.0,2018-10-15,Two-way circular transaction pattern detected.
746,SCENARIO_503,Circular Scheme,407901,39870,2443,5619,562.22,2024-09-26,Two-way circular transaction pattern detected.
747,SCENARIO_503,Circular Scheme,39870,407901,5619,2443,178.03,2023-09-01,Two-way circular transaction pattern detected.
748,SCENARIO_503,Circular Scheme,464726,1042632,3507,8662,557.08,2014-08-21,Two-way circular transaction pattern detected.
749,SCENARIO_503,Circular Scheme,1042632,464726,8662,3507,134.97,2024-04-22,Two-way circular transaction pattern detected.
750,SCENARIO_503,Circular Scheme,229363,856890,5315,4037,3.0,2012-07-07,Two-way circular transaction pattern detected.
751,SCENARIO_503,Circular Scheme,856890,229363,4037,5315,16.12,2012-10-15,Two-way circular transaction pattern detected.
752,SCENARIO_503,Circular Scheme,229363,516508,5315,4037,3.0,2012-07-07,Two-way circular transaction pattern detected.
753,SCENARIO_503,Circular Scheme,516508,229363,4037,5315,16.12,2019-09-14,Two-way circular transaction pattern detected.
754,SCENARIO_503,Circular Scheme,536422,761902,8045,460,12.48,2013-12-15,Two-way circular transaction pattern detected.
755,SCENARIO_503,Circular Scheme,761902,536422,460,8045,556.41,2024-09-27,Two-way circular transaction pattern detected.
756,SCENARIO_503,Circular Scheme,176276,70000,4474,5162,433.29,2022-03-26,Two-way circular transaction pattern detected.
757,SCENARIO_503,Circular Scheme,70000,176276,5162,4474,10.59,2018-09-20,Two-way circular transaction pattern detected.
758,SCENARIO_503,Circular Scheme,176276,468815,4474,5162,433.29,2022-03-26,Two-way circular transaction pattern detected.
759,SCENARIO_503,Circular Scheme,468815,176276,5162,4474,10.59,2016-04-16,Two-way circular transaction pattern detected.
760,SCENARIO_503,Circular Scheme,1241420,1214521,6567,8673,595.34,2015-05-16,Two-way circular transaction pattern detected.
761,SCENARIO_503,Circular Scheme,1214521,1241420,8673,6567,125.75,2014-10-08,Two-way circular transaction pattern detected.
762,SCENARIO_503,Circular Scheme,309777,1315111,9425,4074,560.1,2016-05-04,Two-way circular transaction pattern detected.
763,SCENARIO_503,Circular Scheme,1315111,309777,4074,9425,19.05,2021-03-10,Two-way circular transaction pattern detected.
764,SCENARIO_503,Circular Scheme,1042632,1136945,8662,3507,134.97,2024-04-22,Two-way circular transaction pattern detected.
765,SCENARIO_503,Circular Scheme,1136945,1042632,3507,8662,557.08,2021-08-11,Two-way circular transaction pattern detected.
766,SCENARIO_503,Circular Scheme,1042632,464726,8662,3507,134.97,2024-04-22,Two-way circular transaction pattern detected.
767,SCENARIO_503,Circular Scheme,464726,1042632,3507,8662,557.08,2014-08-21,Two-way circular transaction pattern detected.
768,SCENARIO_503,Circular Scheme,1042632,1115514,8662,3507,134.97,2024-04-22,Two-way circular transaction pattern detected.
769,SCENARIO_503,Circular Scheme,1115514,1042632,3507,8662,557.08,2016-03-31,Two-way circular transaction pattern detected.
770,SCENARIO_503,Circular Scheme,1042632,109598,8662,3507,134.97,2024-04-22,Two-way circular transaction pattern detected.
771,SCENARIO_503,Circular Scheme,109598,1042632,3507,8662,557.08,2015-06-13,Two-way circular transaction pattern detected.
772,SCENARIO_503,Circular Scheme,1189032,1163358,7493,9069,418.89,2019-10-21,Two-way circular transaction pattern detected.
773,SCENARIO_503,Circular Scheme,1163358,1189032,9069,7493,6.64,2016-08-08,Two-way circular transaction pattern detected.
774,SCENARIO_503,Circular Scheme,1129425,92548,6691,8527,166.25,2013-05-24,Two-way circular transaction pattern detected.
775,SCENARIO_503,Circular Scheme,92548,1129425,8527,6691,485.33,2022-03-20,Two-way circular transaction pattern detected.
776,SCENARIO_503,Circular Scheme,160466,851768,6609,2440,109.98,2023-03-10,Two-way circular transaction pattern detected.
777,SCENARIO_503,Circular Scheme,851768,160466,2440,6609,464.04,2024-09-27,Two-way circular transaction pattern detected.
778,SCENARIO_503,Circular Scheme,160466,1106775,6609,2440,109.98,2023-03-10,Two-way circular transaction pattern detected.
779,SCENARIO_503,Circular Scheme,1106775,160466,2440,6609,464.04,2024-09-27,Two-way circular transaction pattern detected.
780,SCENARIO_503,Circular Scheme,856890,229363,4037,5315,16.12,2012-10-15,Two-way circular transaction pattern detected.
781,SCENARIO_503,Circular Scheme,229363,856890,5315,4037,3.0,2012-07-07,Two-way circular transaction pattern detected.
782,SCENARIO_503,Circular Scheme,651308,1307765,4518,4052,420.23,2024-08-06,Two-way circular transaction pattern detected.
783,SCENARIO_503,Circular Scheme,1307765,651308,4052,4518,16.15,2020-07-02,Two-way circular transaction pattern detected.
784,SCENARIO_503,Circular Scheme,651308,434146,4518,4052,420.23,2024-08-06,Two-way circular transaction pattern detected.
785,SCENARIO_503,Circular Scheme,434146,651308,4052,4518,16.15,2022-10-14,Two-way circular transaction pattern detected.
786,SCENARIO_503,Circular Scheme,523925,1305193,6471,9553,406.17,2016-11-28,Two-way circular transaction pattern detected.
787,SCENARIO_503,Circular Scheme,1305193,523925,9553,6471,486.01,2012-09-03,Two-way circular transaction pattern detected.
788,SCENARIO_503,Circular Scheme,402786,418646,589,5099,525.78,2024-10-21,Two-way circular transaction pattern detected.
789,SCENARIO_503,Circular Scheme,418646,402786,5099,589,14.84,2014-12-21,Two-way circular transaction pattern detected.
790,SCENARIO_503,Circular Scheme,872933,388261,2406,8699,553.77,2024-08-02,Two-way circular transaction pattern detected.
791,SCENARIO_503,Circular Scheme,388261,872933,8699,2406,163.24,2022-10-13,Two-way circular transaction pattern detected.
792,SCENARIO_503,Circular Scheme,1222990,611482,4427,9642,532.26,2023-03-15,Two-way circular transaction pattern detected.
793,SCENARIO_503,Circular Scheme,611482,1222990,9642,4427,159.52,2017-10-03,Two-way circular transaction pattern detected.
794,SCENARIO_503,Circular Scheme,896487,277894,2486,9751,535.77,2024-09-14,Two-way circular transaction pattern detected.
795,SCENARIO_503,Circular Scheme,277894,896487,9751,2486,128.78,2019-12-25,Two-way circular transaction pattern detected.
796,SCENARIO_503,Circular Scheme,1230057,1173882,6175,7565,16.15,2024-08-25,Two-way circular transaction pattern detected.
797,SCENARIO_503,Circular Scheme,1173882,1230057,7565,6175,587.01,2014-06-25,Two-way circular transaction pattern detected.
798,SCENARIO_503,Circular Scheme,762413,1000981,518,8641,422.48,2024-10-18,Two-way circular transaction pattern detected.
799,SCENARIO_503,Circular Scheme,1000981,762413,8641,518,112.47,2023-10-25,Two-way circular transaction pattern detected.
800,SCENARIO_503,Circular Scheme,484935,832933,4415,5196,430.7,2019-08-22,Two-way circular transaction pattern detected.
801,SCENARIO_503,Circular Scheme,832933,484935,5196,4415,11.48,2013-11-13,Two-way circular transaction pattern detected.
802,SCENARIO_503,Circular Scheme,1061925,755817,9554,7187,598.6,2017-12-28,Two-way circular transaction pattern detected.
803,SCENARIO_503,Circular Scheme,755817,1061925,7187,9554,13.55,2012-12-08,Two-way circular transaction pattern detected.
804,SCENARIO_503,Circular Scheme,299160,19852,465,3588,415.07,2024-09-28,Two-way circular transaction pattern detected.
805,SCENARIO_503,Circular Scheme,19852,299160,3588,465,415.54,2012-07-07,Two-way circular transaction pattern detected.
806,SCENARIO_503,Circular Scheme,207684,1307765,4518,4052,420.23,2024-08-22,Two-way circular transaction pattern detected.
807,SCENARIO_503,Circular Scheme,1307765,207684,4052,4518,16.15,2020-07-02,Two-way circular transaction pattern detected.
808,SCENARIO_503,Circular Scheme,207684,434146,4518,4052,420.23,2024-08-22,Two-way circular transaction pattern detected.
809,SCENARIO_503,Circular Scheme,434146,207684,4052,4518,16.15,2022-10-14,Two-way circular transaction pattern detected.
810,SCENARIO_503,Circular Scheme,1169811,320483,5598,9641,463.22,2020-07-07,Two-way circular transaction pattern detected.
811,SCENARIO_503,Circular Scheme,320483,1169811,9641,5598,127.3,2016-06-29,Two-way circular transaction pattern detected.
812,SCENARIO_503,Circular Scheme,720533,2761,4561,8760,495.97,2024-10-18,Two-way circular transaction pattern detected.
813,SCENARIO_503,Circular Scheme,2761,720533,8760,4561,124.87,2013-01-05,Two-way circular transaction pattern detected.
814,SCENARIO_503,Circular Scheme,39090,384676,8571,8794,501.02,2023-05-31,Two-way circular transaction pattern detected.
815,SCENARIO_503,Circular Scheme,384676,39090,8794,8571,127.08,2024-09-28,Two-way circular transaction pattern detected.
816,SCENARIO_503,Circular Scheme,418646,402786,5099,589,14.84,2014-12-21,Two-way circular transaction pattern detected.
817,SCENARIO_503,Circular Scheme,402786,418646,589,5099,525.78,2024-10-21,Two-way circular transaction pattern detected.
818,SCENARIO_503,Circular Scheme,103879,329382,520,1148,591.83,2024-10-08,Two-way circular transaction pattern detected.
819,SCENARIO_503,Circular Scheme,329382,103879,1148,520,24.77,2024-10-15,Two-way circular transaction pattern detected.
820,SCENARIO_503,Circular Scheme,1303751,221944,5539,4195,593.26,2020-03-15,Two-way circular transaction pattern detected.
821,SCENARIO_503,Circular Scheme,221944,1303751,4195,5539,15.95,2016-10-21,Two-way circular transaction pattern detected.
822,SCENARIO_503,Circular Scheme,1163806,662086,1581,7794,424.07,2024-10-16,Two-way circular transaction pattern detected.
823,SCENARIO_503,Circular Scheme,662086,1163806,7794,1581,113.2,2015-12-09,Two-way circular transaction pattern detected.
824,SCENARIO_503,Circular Scheme,293441,1307765,4518,4052,420.23,2023-11-15,Two-way circular transaction pattern detected.
825,SCENARIO_503,Circular Scheme,1307765,293441,4052,4518,16.15,2020-07-02,Two-way circular transaction pattern detected.
826,SCENARIO_503,Circular Scheme,293441,434146,4518,4052,420.23,2023-11-15,Two-way circular transaction pattern detected.
827,SCENARIO_503,Circular Scheme,434146,293441,4052,4518,16.15,2022-10-14,Two-way circular transaction pattern detected.
828,SCENARIO_503,Circular Scheme,1090103,1045004,4590,6463,470.39,2017-06-13,Two-way circular transaction pattern detected.
829,SCENARIO_503,Circular Scheme,1045004,1090103,6463,4590,532.82,2014-01-27,Two-way circular transaction pattern detected.
830,SCENARIO_503,Circular Scheme,1090103,942461,4590,6463,470.39,2017-06-13,Two-way circular transaction pattern detected.
831,SCENARIO_503,Circular Scheme,942461,1090103,6463,4590,532.82,2013-01-29,Two-way circular transaction pattern detected.
832,SCENARIO_503,Circular Scheme,1062138,670610,8770,9550,140.55,2024-10-17,Two-way circular transaction pattern detected.
833,SCENARIO_503,Circular Scheme,670610,1062138,9550,8770,431.67,2015-08-19,Two-way circular transaction pattern detected.
834,SCENARIO_503,Circular Scheme,1062138,1280290,8770,9550,140.55,2024-10-17,Two-way circular transaction pattern detected.
835,SCENARIO_503,Circular Scheme,1280290,1062138,9550,8770,431.67,2022-08-11,Two-way circular transaction pattern detected.
836,SCENARIO_503,Circular Scheme,1267470,826594,8523,8651,448.8,2017-06-18,Two-way circular transaction pattern detected.
837,SCENARIO_503,Circular Scheme,826594,1267470,8651,8523,122.02,2023-06-20,Two-way circular transaction pattern detected.
838,SCENARIO_503,Circular Scheme,1259646,297757,8167,6422,8.03,2019-01-07,Two-way circular transaction pattern detected.
839,SCENARIO_503,Circular Scheme,297757,1259646,6422,8167,541.4,2024-08-14,Two-way circular transaction pattern detected.
840,SCENARIO_503,Circular Scheme,1259646,1055995,8167,6422,8.03,2019-01-07,Two-way circular transaction pattern detected.
841,SCENARIO_503,Circular Scheme,1055995,1259646,6422,8167,541.4,2017-04-30,Two-way circular transaction pattern detected.
842,SCENARIO_503,Circular Scheme,1214109,923530,9135,8530,6.59,2018-05-23,Two-way circular transaction pattern detected.
843,SCENARIO_503,Circular Scheme,923530,1214109,8530,9135,515.1,2018-12-29,Two-way circular transaction pattern detected.
844,SCENARIO_503,Circular Scheme,1214109,1252147,9135,8530,6.59,2018-05-23,Two-way circular transaction pattern detected.
845,SCENARIO_503,Circular Scheme,1252147,1214109,8530,9135,515.1,2013-07-27,Two-way circular transaction pattern detected.
846,SCENARIO_503,Circular Scheme,321821,65616,1447,3537,453.1,2024-10-16,Two-way circular transaction pattern detected.
847,SCENARIO_503,Circular Scheme,65616,321821,3537,1447,522.61,2012-10-09,Two-way circular transaction pattern detected.
848,SCENARIO_503,Circular Scheme,321821,106268,1447,3537,453.1,2024-10-16,Two-way circular transaction pattern detected.
849,SCENARIO_503,Circular Scheme,106268,321821,3537,1447,522.61,2023-01-01,Two-way circular transaction pattern detected.
850,SCENARIO_503,Circular Scheme,321821,1265754,1447,3537,453.1,2024-10-16,Two-way circular transaction pattern detected.
851,SCENARIO_503,Circular Scheme,1265754,321821,3537,1447,522.61,2023-11-10,Two-way circular transaction pattern detected.
852,SCENARIO_503,Circular Scheme,168456,38335,7410,1634,422.55,2024-07-21,Two-way circular transaction pattern detected.
853,SCENARIO_503,Circular Scheme,38335,168456,1634,7410,152.08,2024-10-01,Two-way circular transaction pattern detected.
854,SCENARIO_503,Circular Scheme,605346,562796,2009,1450,32.34,2024-07-31,Two-way circular transaction pattern detected.
855,SCENARIO_503,Circular Scheme,562796,605346,1450,2009,428.2,2024-10-03,Two-way circular transaction pattern detected.
856,SCENARIO_503,Circular Scheme,1177632,2761,4561,8760,495.97,2012-03-15,Two-way circular transaction pattern detected.
857,SCENARIO_503,Circular Scheme,2761,1177632,8760,4561,124.87,2013-01-05,Two-way circular transaction pattern detected.
858,SCENARIO_503,Circular Scheme,478780,65616,1447,3537,453.1,2024-10-16,Two-way circular transaction pattern detected.
859,SCENARIO_503,Circular Scheme,65616,478780,3537,1447,522.61,2012-10-09,Two-way circular transaction pattern detected.
860,SCENARIO_503,Circular Scheme,478780,106268,1447,3537,453.1,2024-10-16,Two-way circular transaction pattern detected.
861,SCENARIO_503,Circular Scheme,106268,478780,3537,1447,522.61,2023-01-01,Two-way circular transaction pattern detected.
862,SCENARIO_503,Circular Scheme,478780,1265754,1447,3537,453.1,2024-10-16,Two-way circular transaction pattern detected.
863,SCENARIO_503,Circular Scheme,1265754,478780,3537,1447,522.61,2023-11-10,Two-way circular transaction pattern detected.
864,SCENARIO_503,Circular Scheme,790103,1000981,518,8641,422.48,2024-10-18,Two-way circular transaction pattern detected.
865,SCENARIO_503,Circular Scheme,1000981,790103,8641,518,112.47,2023-10-25,Two-way circular transaction pattern detected.
866,SCENARIO_503,Circular Scheme,1011408,1107029,9412,5680,471.88,2012-05-20,Two-way circular transaction pattern detected.
867,SCENARIO_503,Circular Scheme,1107029,1011408,5680,9412,188.25,2017-09-17,Two-way circular transaction pattern detected.
868,SCENARIO_503,Circular Scheme,1115514,1042632,3507,8662,557.08,2016-03-31,Two-way circular transaction pattern detected.
869,SCENARIO_503,Circular Scheme,1042632,1115514,8662,3507,134.97,2024-04-22,Two-way circular transaction pattern detected.
870,SCENARIO_503,Circular Scheme,2761,113825,8760,4561,124.87,2013-01-05,Two-way circular transaction pattern detected.
871,SCENARIO_503,Circular Scheme,113825,2761,4561,8760,495.97,2021-11-30,Two-way circular transaction pattern detected.
872,SCENARIO_503,Circular Scheme,2761,720533,8760,4561,124.87,2013-01-05,Two-way circular transaction pattern detected.
873,SCENARIO_503,Circular Scheme,720533,2761,4561,8760,495.97,2024-10-18,Two-way circular transaction pattern detected.
874,SCENARIO_503,Circular Scheme,2761,1177632,8760,4561,124.87,2013-01-05,Two-way circular transaction pattern detected.
875,SCENARIO_503,Circular Scheme,1177632,2761,4561,8760,495.97,2012-03-15,Two-way circular transaction pattern detected.
876,SCENARIO_503,Circular Scheme,2761,1164016,8760,4561,124.87,2013-01-05,Two-way circular transaction pattern detected.
877,SCENARIO_503,Circular Scheme,1164016,2761,4561,8760,495.97,2022-06-14,Two-way circular transaction pattern detected.
878,SCENARIO_503,Circular Scheme,634661,133207,7542,3170,554.0,2014-06-30,Two-way circular transaction pattern detected.
879,SCENARIO_503,Circular Scheme,133207,634661,3170,7542,21.83,2024-09-13,Two-way circular transaction pattern detected.
880,SCENARIO_503,Circular Scheme,378820,183214,1327,4522,31672.16,2024-10-18,Two-way circular transaction pattern detected.
881,SCENARIO_503,Circular Scheme,183214,378820,4522,1327,548.11,2021-08-29,Two-way circular transaction pattern detected.
882,SCENARIO_503,Circular Scheme,648320,678317,7582,9179,448.91,2023-03-24,Two-way circular transaction pattern detected.
883,SCENARIO_503,Circular Scheme,678317,648320,9179,7582,7.65,2018-05-18,Two-way circular transaction pattern detected.
884,SCENARIO_503,Circular Scheme,1265754,321821,3537,1447,522.61,2023-11-10,Two-way circular transaction pattern detected.
885,SCENARIO_503,Circular Scheme,321821,1265754,1447,3537,453.1,2024-10-16,Two-way circular transaction pattern detected.
886,SCENARIO_503,Circular Scheme,1265754,478780,3537,1447,522.61,2023-11-10,Two-way circular transaction pattern detected.
887,SCENARIO_503,Circular Scheme,478780,1265754,1447,3537,453.1,2024-10-16,Two-way circular transaction pattern detected.
888,SCENARIO_503,Circular Scheme,1241203,440634,577,5691,587.41,2024-10-15,Two-way circular transaction pattern detected.
889,SCENARIO_503,Circular Scheme,440634,1241203,5691,577,165.02,2018-02-16,Two-way circular transaction pattern detected.
890,SCENARIO_503,Circular Scheme,485413,1027899,99,5542,49.54,2024-08-13,Two-way circular transaction pattern detected.
891,SCENARIO_503,Circular Scheme,1027899,485413,5542,99,420.51,2019-01-22,Two-way circular transaction pattern detected.
892,SCENARIO_503,Circular Scheme,485413,1007416,99,5542,49.54,2024-08-13,Two-way circular transaction pattern detected.
893,SCENARIO_503,Circular Scheme,1007416,485413,5542,99,420.51,2013-07-04,Two-way circular transaction pattern detected.
894,SCENARIO_503,Circular Scheme,485413,273862,99,5542,49.54,2024-08-13,Two-way circular transaction pattern detected.
895,SCENARIO_503,Circular Scheme,273862,485413,5542,99,420.51,2024-03-25,Two-way circular transaction pattern detected.
896,SCENARIO_503,Circular Scheme,485413,586510,99,5542,49.54,2024-08-13,Two-way circular transaction pattern detected.
897,SCENARIO_503,Circular Scheme,586510,485413,5542,99,420.51,2012-11-29,Two-way circular transaction pattern detected.
898,SCENARIO_503,Circular Scheme,97515,745598,3575,7134,510.57,2015-12-08,Two-way circular transaction pattern detected.
899,SCENARIO_503,Circular Scheme,745598,97515,7134,3575,13.3,2022-02-19,Two-way circular transaction pattern detected.
900,SCENARIO_503,Circular Scheme,599361,611482,4427,9642,532.26,2023-04-12,Two-way circular transaction pattern detected.
901,SCENARIO_503,Circular Scheme,611482,599361,9642,4427,159.52,2017-10-03,Two-way circular transaction pattern detected.
902,SCENARIO_503,Circular Scheme,1307765,855541,4052,4518,16.15,2020-07-02,Two-way circular transaction pattern detected.
903,SCENARIO_503,Circular Scheme,855541,1307765,4518,4052,420.23,2015-12-08,Two-way circular transaction pattern detected.
904,SCENARIO_503,Circular Scheme,1307765,651308,4052,4518,16.15,2020-07-02,Two-way circular transaction pattern detected.
905,SCENARIO_503,Circular Scheme,651308,1307765,4518,4052,420.23,2024-08-06,Two-way circular transaction pattern detected.
906,SCENARIO_503,Circular Scheme,1307765,207684,4052,4518,16.15,2020-07-02,Two-way circular transaction pattern detected.
907,SCENARIO_503,Circular Scheme,207684,1307765,4518,4052,420.23,2024-08-22,Two-way circular transaction pattern detected.
908,SCENARIO_503,Circular Scheme,1307765,293441,4052,4518,16.15,2020-07-02,Two-way circular transaction pattern detected.
909,SCENARIO_503,Circular Scheme,293441,1307765,4518,4052,420.23,2023-11-15,Two-way circular transaction pattern detected.
910,SCENARIO_503,Circular Scheme,1294629,606993,6551,9465,587.47,2021-09-15,Two-way circular transaction pattern detected.
911,SCENARIO_503,Circular Scheme,606993,1294629,9465,6551,545.61,2023-04-28,Two-way circular transaction pattern detected.
912,SCENARIO_503,Circular Scheme,1155814,133207,7542,3170,554.0,2018-10-15,Two-way circular transaction pattern detected.
913,SCENARIO_503,Circular Scheme,133207,1155814,3170,7542,21.83,2024-09-13,Two-way circular transaction pattern detected.
914,SCENARIO_503,Circular Scheme,487304,171357,4409,6781,474.88,2017-09-22,Two-way circular transaction pattern detected.
915,SCENARIO_503,Circular Scheme,171357,487304,6781,4409,137.3,2016-08-28,Two-way circular transaction pattern detected.
916,SCENARIO_503,Circular Scheme,487304,1231733,4409,6781,474.88,2017-09-22,Two-way circular transaction pattern detected.
917,SCENARIO_503,Circular Scheme,1231733,487304,6781,4409,137.3,2016-10-14,Two-way circular transaction pattern detected.
918,SCENARIO_503,Circular Scheme,1315111,309777,4074,9425,19.05,2021-03-10,Two-way circular transaction pattern detected.
919,SCENARIO_503,Circular Scheme,309777,1315111,9425,4074,560.1,2016-05-04,Two-way circular transaction pattern detected.
920,SCENARIO_503,Circular Scheme,923530,1214109,8530,9135,515.1,2018-12-29,Two-way circular transaction pattern detected.
921,SCENARIO_503,Circular Scheme,1214109,923530,9135,8530,6.59,2018-05-23,Two-way circular transaction pattern detected.
922,SCENARIO_503,Circular Scheme,693193,38335,7410,1634,422.55,2016-11-06,Two-way circular transaction pattern detected.
923,SCENARIO_503,Circular Scheme,38335,693193,1634,7410,152.08,2024-10-01,Two-way circular transaction pattern detected.
924,SCENARIO_503,Circular Scheme,1111982,1198944,9069,6456,6.64,2019-02-13,Two-way circular transaction pattern detected.
925,SCENARIO_503,Circular Scheme,1198944,1111982,6456,9069,465.05,2012-04-23,Two-way circular transaction pattern detected.
926,SCENARIO_503,Circular Scheme,39870,407901,5619,2443,178.03,2023-09-01,Two-way circular transaction pattern detected.
927,SCENARIO_503,Circular Scheme,407901,39870,2443,5619,562.22,2024-09-26,Two-way circular transaction pattern detected.
928,SCENARIO_503,Circular Scheme,39870,678712,5619,2443,178.03,2023-09-01,Two-way circular transaction pattern detected.
929,SCENARIO_503,Circular Scheme,678712,39870,2443,5619,562.22,2024-09-26,Two-way circular transaction pattern detected.
930,SCENARIO_503,Circular Scheme,105270,587046,4480,3515,470.82,2012-10-04,Two-way circular transaction pattern detected.
931,SCENARIO_503,Circular Scheme,587046,105270,3515,4480,528.66,2019-11-17,Two-way circular transaction pattern detected.
932,SCENARIO_503,Circular Scheme,499183,1294502,6498,5790,531.47,2015-10-01,Two-way circular transaction pattern detected.
933,SCENARIO_503,Circular Scheme,1294502,499183,5790,6498,172.08,2017-05-09,Two-way circular transaction pattern detected.
934,SCENARIO_503,Circular Scheme,273637,889731,6720,544,106.16,2023-11-03,Two-way circular transaction pattern detected.
935,SCENARIO_503,Circular Scheme,889731,273637,544,6720,404.1,2024-10-15,Two-way circular transaction pattern detected.
936,SCENARIO_503,Circular Scheme,516508,229363,4037,5315,16.12,2019-09-14,Two-way circular transaction pattern detected.
937,SCENARIO_503,Circular Scheme,229363,516508,5315,4037,3.0,2012-07-07,Two-way circular transaction pattern detected.
938,SCENARIO_503,Circular Scheme,79178,434262,9588,6295,521.25,2014-06-11,Two-way circular transaction pattern detected.
939,SCENARIO_503,Circular Scheme,434262,79178,6295,9588,69368.24,2021-03-29,Two-way circular transaction pattern detected.
940,SCENARIO_503,Circular Scheme,1214521,472533,8673,6567,125.75,2014-10-08,Two-way circular transaction pattern detected.
941,SCENARIO_503,Circular Scheme,472533,1214521,6567,8673,595.34,2013-09-26,Two-way circular transaction pattern detected.
942,SCENARIO_503,Circular Scheme,1214521,1241420,8673,6567,125.75,2014-10-08,Two-way circular transaction pattern detected.
943,SCENARIO_503,Circular Scheme,1241420,1214521,6567,8673,595.34,2015-05-16,Two-way circular transaction pattern detected.
944,SCENARIO_503,Circular Scheme,245797,1107029,9412,5680,471.88,2023-10-04,Two-way circular transaction pattern detected.
945,SCENARIO_503,Circular Scheme,1107029,245797,5680,9412,188.25,2017-09-17,Two-way circular transaction pattern detected.
946,SCENARIO_503,Circular Scheme,1099013,1191876,1511,2458,499.85,2024-10-10,Two-way circular transaction pattern detected.
947,SCENARIO_503,Circular Scheme,1191876,1099013,2458,1511,429.72,2024-10-03,Two-way circular transaction pattern detected.
948,SCENARIO_503,Circular Scheme,287715,105045,1467,2303,419.51,2024-10-07,Two-way circular transaction pattern detected.
949,SCENARIO_503,Circular Scheme,105045,287715,2303,1467,1679.38,2024-09-24,Two-way circular transaction pattern detected.
950,SCENARIO_503,Circular Scheme,1305193,523925,9553,6471,486.01,2012-09-03,Two-way circular transaction pattern detected.
951,SCENARIO_503,Circular Scheme,523925,1305193,6471,9553,406.17,2016-11-28,Two-way circular transaction pattern detected.
952,SCENARIO_503,Circular Scheme,465055,696758,9420,9069,489.07,2019-02-10,Two-way circular transaction pattern detected.
953,SCENARIO_503,Circular Scheme,696758,465055,9069,9420,6.64,2024-09-04,Two-way circular transaction pattern detected.
954,SCENARIO_503,Circular Scheme,163318,832933,4415,5196,430.7,2021-01-05,Two-way circular transaction pattern detected.
955,SCENARIO_503,Circular Scheme,832933,163318,5196,4415,11.48,2013-11-13,Two-way circular transaction pattern detected.
956,SCENARIO_503,Circular Scheme,366105,904778,6509,1029,540.42,2014-09-17,Two-way circular transaction pattern detected.
957,SCENARIO_503,Circular Scheme,904778,366105,1029,6509,36.89,2024-10-07,Two-way circular transaction pattern detected.
958,SCENARIO_503,Circular Scheme,909120,434262,9588,6295,521.25,2021-07-05,Two-way circular transaction pattern detected.
959,SCENARIO_503,Circular Scheme,434262,909120,6295,9588,69368.24,2021-03-29,Two-way circular transaction pattern detected.
960,SCENARIO_503,Circular Scheme,273862,485413,5542,99,420.51,2024-03-25,Two-way circular transaction pattern detected.
961,SCENARIO_503,Circular Scheme,485413,273862,99,5542,49.54,2024-08-13,Two-way circular transaction pattern detected.
962,SCENARIO_503,Circular Scheme,434146,855541,4052,4518,16.15,2022-10-14,Two-way circular transaction pattern detected.
963,SCENARIO_503,Circular Scheme,855541,434146,4518,4052,420.23,2015-12-08,Two-way circular transaction pattern detected.
964,SCENARIO_503,Circular Scheme,434146,651308,4052,4518,16.15,2022-10-14,Two-way circular transaction pattern detected.
965,SCENARIO_503,Circular Scheme,651308,434146,4518,4052,420.23,2024-08-06,Two-way circular transaction pattern detected.
966,SCENARIO_503,Circular Scheme,434146,207684,4052,4518,16.15,2022-10-14,Two-way circular transaction pattern detected.
967,SCENARIO_503,Circular Scheme,207684,434146,4518,4052,420.23,2024-08-22,Two-way circular transaction pattern detected.
968,SCENARIO_503,Circular Scheme,434146,293441,4052,4518,16.15,2022-10-14,Two-way circular transaction pattern detected.
969,SCENARIO_503,Circular Scheme,293441,434146,4518,4052,420.23,2023-11-15,Two-way circular transaction pattern detected.
970,SCENARIO_503,Circular Scheme,388261,872933,8699,2406,163.24,2022-10-13,Two-way circular transaction pattern detected.
971,SCENARIO_503,Circular Scheme,872933,388261,2406,8699,553.77,2024-08-02,Two-way circular transaction pattern detected.
972,SCENARIO_503,Circular Scheme,103360,434262,9588,6295,521.25,2014-08-04,Two-way circular transaction pattern detected.
973,SCENARIO_503,Circular Scheme,434262,103360,6295,9588,69368.24,2021-03-29,Two-way circular transaction pattern detected.
974,SCENARIO_503,Circular Scheme,504561,826594,8523,8651,448.8,2013-02-04,Two-way circular transaction pattern detected.
975,SCENARIO_503,Circular Scheme,826594,504561,8651,8523,122.02,2023-06-20,Two-way circular transaction pattern detected.
976,SCENARIO_503,Circular Scheme,594202,62377,8047,1538,13.98,2024-01-29,Two-way circular transaction pattern detected.
977,SCENARIO_503,Circular Scheme,62377,594202,1538,8047,472.82,2024-10-02,Two-way circular transaction pattern detected.
978,SCENARIO_503,Circular Scheme,198802,241680,476,2081,577.75,2024-10-13,Two-way circular transaction pattern detected.
979,SCENARIO_503,Circular Scheme,241680,198802,2081,476,26.0,2024-09-30,Two-way circular transaction pattern detected.
980,SCENARIO_503,Circular Scheme,1111329,745598,3575,7134,510.57,2016-09-28,Two-way circular transaction pattern detected.
981,SCENARIO_503,Circular Scheme,745598,1111329,7134,3575,13.3,2022-02-19,Two-way circular transaction pattern detected.
982,SCENARIO_503,Circular Scheme,761902,536422,460,8045,556.41,2024-09-27,Two-way circular transaction pattern detected.
983,SCENARIO_503,Circular Scheme,536422,761902,8045,460,12.48,2013-12-15,Two-way circular transaction pattern detected.
984,SCENARIO_503,Circular Scheme,1055995,1259646,6422,8167,541.4,2017-04-30,Two-way circular transaction pattern detected.
985,SCENARIO_503,Circular Scheme,1259646,1055995,8167,6422,8.03,2019-01-07,Two-way circular transaction pattern detected.
986,SCENARIO_503,Circular Scheme,678712,39870,2443,5619,562.22,2024-09-26,Two-way circular transaction pattern detected.
987,SCENARIO_503,Circular Scheme,39870,678712,5619,2443,178.03,2023-09-01,Two-way circular transaction pattern detected.
988,SCENARIO_503,Circular Scheme,62377,65943,1538,8047,472.82,2024-10-02,Two-way circular transaction pattern detected.
989,SCENARIO_503,Circular Scheme,65943,62377,8047,1538,13.98,2023-11-27,Two-way circular transaction pattern detected.
990,SCENARIO_503,Circular Scheme,62377,594202,1538,8047,472.82,2024-10-02,Two-way circular transaction pattern detected.
991,SCENARIO_503,Circular Scheme,594202,62377,8047,1538,13.98,2024-01-29,Two-way circular transaction pattern detected.
992,SCENARIO_503,Circular Scheme,92548,1129425,8527,6691,485.33,2022-03-20,Two-way circular transaction pattern detected.
993,SCENARIO_503,Circular Scheme,1129425,92548,6691,8527,166.25,2013-05-24,Two-way circular transaction pattern detected.
994,SCENARIO_503,Circular Scheme,92548,261184,8527,6691,485.33,2022-03-20,Two-way circular transaction pattern detected.
995,SCENARIO_503,Circular Scheme,261184,92548,6691,8527,166.25,2021-11-21,Two-way circular transaction pattern detected.
996,SCENARIO_503,Circular Scheme,1209145,8688,1437,8641,508.2,2024-10-18,Two-way circular transaction pattern detected.
997,SCENARIO_503,Circular Scheme,8688,1209145,8641,1437,112.47,2022-11-21,Two-way circular transaction pattern detected.
998,SCENARIO_503,Circular Scheme,1252147,1214109,8530,9135,515.1,2013-07-27,Two-way circular transaction pattern detected.
999,SCENARIO_503,Circular Scheme,1214109,1252147,9135,8530,6.59,2018-05-23,Two-way circular transaction pattern detected.
1000,SCENARIO_503,Circular Scheme,171357,1135310,6781,4409,137.3,2016-08-28,Two-way circular transaction pattern detected.
1001,SCENARIO_503,Circular Scheme,1135310,171357,4409,6781,474.88,2018-01-07,Two-way circular transaction pattern detected.
1002,SCENARIO_503,Circular Scheme,171357,487304,6781,4409,137.3,2016-08-28,Two-way circular transaction pattern detected.
1003,SCENARIO_503,Circular Scheme,487304,171357,4409,6781,474.88,2017-09-22,Two-way circular transaction pattern detected.
1004,SCENARIO_503,Circular Scheme,848625,1145394,2564,6718,499.48,2024-08-27,Two-way circular transaction pattern detected.
1005,SCENARIO_503,Circular Scheme,1145394,848625,6718,2564,161.61,2020-03-18,Two-way circular transaction pattern detected.
1006,SCENARIO_503,Circular Scheme,1173869,531954,8427,6087,437.8,2015-05-23,Two-way circular transaction pattern detected.
1007,SCENARIO_503,Circular Scheme,531954,1173869,6087,8427,10.98,2014-01-18,Two-way circular transaction pattern detected.
1008,SCENARIO_503,Circular Scheme,662086,1163806,7794,1581,113.2,2015-12-09,Two-way circular transaction pattern detected.
1009,SCENARIO_503,Circular Scheme,1163806,662086,1581,7794,424.07,2024-10-16,Two-way circular transaction pattern detected.
1010,SCENARIO_503,Circular Scheme,606993,1294629,9465,6551,545.61,2023-04-28,Two-way circular transaction pattern detected.
1011,SCENARIO_503,Circular Scheme,1294629,606993,6551,9465,587.47,2021-09-15,Two-way circular transaction pattern detected.
1012,SCENARIO_503,Circular Scheme,1095592,1135211,7414,8135,547.57,2021-02-20,Two-way circular transaction pattern detected.
1013,SCENARIO_503,Circular Scheme,1135211,1095592,8135,7414,10.02,2015-01-23,Two-way circular transaction pattern detected.
1014,SCENARIO_503,Circular Scheme,717465,291621,8695,6594,145.05,2022-08-10,Two-way circular transaction pattern detected.
1015,SCENARIO_503,Circular Scheme,291621,717465,6594,8695,406.61,2019-04-12,Two-way circular transaction pattern detected.
1016,SCENARIO_503,Circular Scheme,1231733,1135310,6781,4409,137.3,2016-10-14,Two-way circular transaction pattern detected.
1017,SCENARIO_503,Circular Scheme,1135310,1231733,4409,6781,474.88,2018-01-07,Two-way circular transaction pattern detected.
1018,SCENARIO_503,Circular Scheme,1231733,487304,6781,4409,137.3,2016-10-14,Two-way circular transaction pattern detected.
1019,SCENARIO_503,Circular Scheme,487304,1231733,4409,6781,474.88,2017-09-22,Two-way circular transaction pattern detected.
1020,SCENARIO_503,Circular Scheme,329382,103879,1148,520,24.77,2024-10-15,Two-way circular transaction pattern detected.
1021,SCENARIO_503,Circular Scheme,103879,329382,520,1148,591.83,2024-10-08,Two-way circular transaction pattern detected.
1022,SCENARIO_503,Circular Scheme,105045,287715,2303,1467,1679.38,2024-09-24,Two-way circular transaction pattern detected.
1023,SCENARIO_503,Circular Scheme,287715,105045,1467,2303,419.51,2024-10-07,Two-way circular transaction pattern detected.
1024,SCENARIO_503,Circular Scheme,370019,1135211,7414,8135,547.57,2018-09-19,Two-way circular transaction pattern detected.
1025,SCENARIO_503,Circular Scheme,1135211,370019,8135,7414,10.02,2015-01-23,Two-way circular transaction pattern detected.
1026,SCENARIO_503,Circular Scheme,987147,1141953,9576,4095,409.75,2018-08-20,Two-way circular transaction pattern detected.
1027,SCENARIO_503,Circular Scheme,1141953,987147,4095,9576,12.78,2016-08-31,Two-way circular transaction pattern detected.
1028,SCENARIO_503,Circular Scheme,877979,1127575,4010,6574,24.49,2023-02-01,Two-way circular transaction pattern detected.
1029,SCENARIO_503,Circular Scheme,1127575,877979,6574,4010,580.17,2024-07-19,Two-way circular transaction pattern detected.
1030,SCENARIO_503,Circular Scheme,877979,770168,4010,6574,24.49,2023-02-01,Two-way circular transaction pattern detected.
1031,SCENARIO_503,Circular Scheme,770168,877979,6574,4010,580.17,2014-09-08,Two-way circular transaction pattern detected.
1032,SCENARIO_503,Circular Scheme,1164016,2761,4561,8760,495.97,2022-06-14,Two-way circular transaction pattern detected.
1033,SCENARIO_503,Circular Scheme,2761,1164016,8760,4561,124.87,2013-01-05,Two-way circular transaction pattern detected.
1034,SCENARIO_503,Circular Scheme,13294,1262828,2548,2636,555.34,2024-03-22,Two-way circular transaction pattern detected.
1035,SCENARIO_503,Circular Scheme,1262828,13294,2636,2548,116.77,2024-09-25,Two-way circular transaction pattern detected.
1036,SCENARIO_503,Circular Scheme,1194459,670610,8770,9550,140.55,2012-09-22,Two-way circular transaction pattern detected.
1037,SCENARIO_503,Circular Scheme,670610,1194459,9550,8770,431.67,2015-08-19,Two-way circular transaction pattern detected.
1038,SCENARIO_503,Circular Scheme,1194459,1280290,8770,9550,140.55,2012-09-22,Two-way circular transaction pattern detected.
1039,SCENARIO_503,Circular Scheme,1280290,1194459,9550,8770,431.67,2022-08-11,Two-way circular transaction pattern detected.
1040,SCENARIO_503,Circular Scheme,837995,1026802,1407,4607,571.27,2024-10-29,Two-way circular transaction pattern detected.
1041,SCENARIO_503,Circular Scheme,1026802,837995,4607,1407,176.21,2021-04-09,Two-way circular transaction pattern detected.
1042,SCENARIO_503,Circular Scheme,1063443,296328,5184,3454,13.29,2022-09-28,Two-way circular transaction pattern detected.
1043,SCENARIO_503,Circular Scheme,296328,1063443,3454,5184,401.69,2024-08-05,Two-way circular transaction pattern detected.
1044,SCENARIO_503,Circular Scheme,1063443,102335,5184,3454,13.29,2022-09-28,Two-way circular transaction pattern detected.
1045,SCENARIO_503,Circular Scheme,102335,1063443,3454,5184,401.69,2024-08-05,Two-way circular transaction pattern detected.
1046,SCENARIO_503,Circular Scheme,320483,1169811,9641,5598,127.3,2016-06-29,Two-way circular transaction pattern detected.
1047,SCENARIO_503,Circular Scheme,1169811,320483,5598,9641,463.22,2020-07-07,Two-way circular transaction pattern detected.
1048,SCENARIO_503,Circular Scheme,320483,732049,9641,5598,127.3,2016-06-29,Two-way circular transaction pattern detected.
1049,SCENARIO_503,Circular Scheme,732049,320483,5598,9641,463.22,2024-04-29,Two-way circular transaction pattern detected.
1050,SCENARIO_503,Circular Scheme,1286098,1026802,1407,4607,571.27,2024-10-29,Two-way circular transaction pattern detected.
1051,SCENARIO_503,Circular Scheme,1026802,1286098,4607,1407,176.21,2021-04-09,Two-way circular transaction pattern detected.
1052,SCENARIO_503,Circular Scheme,109598,1042632,3507,8662,557.08,2015-06-13,Two-way circular transaction pattern detected.
1053,SCENARIO_503,Circular Scheme,1042632,109598,8662,3507,134.97,2024-04-22,Two-way circular transaction pattern detected.
1054,SCENARIO_503,Circular Scheme,70000,176276,5162,4474,10.59,2018-09-20,Two-way circular transaction pattern detected.
1055,SCENARIO_503,Circular Scheme,176276,70000,4474,5162,433.29,2022-03-26,Two-way circular transaction pattern detected.
1056,SCENARIO_503,Circular Scheme,732049,320483,5598,9641,463.22,2024-04-29,Two-way circular transaction pattern detected.
1057,SCENARIO_503,Circular Scheme,320483,732049,9641,5598,127.3,2016-06-29,Two-way circular transaction pattern detected.
1058,SCENARIO_503,Circular Scheme,663051,101067,4587,7780,401.04,2015-04-10,Two-way circular transaction pattern detected.
1059,SCENARIO_503,Circular Scheme,101067,663051,7780,4587,140.5,2012-05-11,Two-way circular transaction pattern detected.
1060,SCENARIO_503,Circular Scheme,611482,1222990,9642,4427,159.52,2017-10-03,Two-way circular transaction pattern detected.
1061,SCENARIO_503,Circular Scheme,1222990,611482,4427,9642,532.26,2023-03-15,Two-way circular transaction pattern detected.
1062,SCENARIO_503,Circular Scheme,611482,599361,9642,4427,159.52,2017-10-03,Two-way circular transaction pattern detected.
1063,SCENARIO_503,Circular Scheme,599361,611482,4427,9642,532.26,2023-04-12,Two-way circular transaction pattern detected.
1064,SCENARIO_503,Circular Scheme,102335,1063443,3454,5184,401.69,2024-08-05,Two-way circular transaction pattern detected.
1065,SCENARIO_503,Circular Scheme,1063443,102335,5184,3454,13.29,2022-09-28,Two-way circular transaction pattern detected.
1066,SCENARIO_503,Circular Scheme,586510,485413,5542,99,420.51,2012-11-29,Two-way circular transaction pattern detected.
1067,SCENARIO_503,Circular Scheme,485413,586510,99,5542,49.54,2024-08-13,Two-way circular transaction pattern detected.
1068,SCENARIO_503,Circular Scheme,1026802,1018849,4607,1407,176.21,2021-04-09,Two-way circular transaction pattern detected.
1069,SCENARIO_503,Circular Scheme,1018849,1026802,1407,4607,571.27,2024-10-29,Two-way circular transaction pattern detected.
1070,SCENARIO_503,Circular Scheme,1026802,304218,4607,1407,176.21,2021-04-09,Two-way circular transaction pattern detected.
1071,SCENARIO_503,Circular Scheme,304218,1026802,1407,4607,571.27,2024-10-29,Two-way circular transaction pattern detected.
1072,SCENARIO_503,Circular Scheme,1026802,837995,4607,1407,176.21,2021-04-09,Two-way circular transaction pattern detected.
1073,SCENARIO_503,Circular Scheme,837995,1026802,1407,4607,571.27,2024-10-29,Two-way circular transaction pattern detected.
1074,SCENARIO_503,Circular Scheme,1026802,1286098,4607,1407,176.21,2021-04-09,Two-way circular transaction pattern detected.
1075,SCENARIO_503,Circular Scheme,1286098,1026802,1407,4607,571.27,2024-10-29,Two-way circular transaction pattern detected.
1076,SCENARIO_503,Circular Scheme,101067,506307,7780,4587,140.5,2012-05-11,Two-way circular transaction pattern detected.
1077,SCENARIO_503,Circular Scheme,506307,101067,4587,7780,401.04,2013-10-18,Two-way circular transaction pattern detected.
1078,SCENARIO_503,Circular Scheme,101067,690727,7780,4587,140.5,2012-05-11,Two-way circular transaction pattern detected.
1079,SCENARIO_503,Circular Scheme,690727,101067,4587,7780,401.04,2021-05-09,Two-way circular transaction pattern detected.
1080,SCENARIO_503,Circular Scheme,101067,663051,7780,4587,140.5,2012-05-11,Two-way circular transaction pattern detected.
1081,SCENARIO_503,Circular Scheme,663051,101067,4587,7780,401.04,2015-04-10,Two-way circular transaction pattern detected.
1082,SCENARIO_503,Circular Scheme,1125477,696758,9420,9069,489.07,2024-01-11,Two-way circular transaction pattern detected.
1083,SCENARIO_503,Circular Scheme,696758,1125477,9069,9420,6.64,2024-09-04,Two-way circular transaction pattern detected.
1084,SCENARIO_503,Circular Scheme,468815,176276,5162,4474,10.59,2016-04-16,Two-way circular transaction pattern detected.
1085,SCENARIO_503,Circular Scheme,176276,468815,4474,5162,433.29,2022-03-26,Two-way circular transaction pattern detected.
1086,SCENARIO_503,Circular Scheme,261184,92548,6691,8527,166.25,2021-11-21,Two-way circular transaction pattern detected.
1087,SCENARIO_503,Circular Scheme,92548,261184,8527,6691,485.33,2022-03-20,Two-way circular transaction pattern detected.
1088,SCENARIO_503,Circular Scheme,907415,1274347,9773,8547,179.07,2024-01-12,Two-way circular transaction pattern detected.
1089,SCENARIO_503,Circular Scheme,1274347,907415,8547,9773,576.1,2014-04-12,Two-way circular transaction pattern detected.
1090,SCENARIO_503,Circular Scheme,1274347,907415,8547,9773,576.1,2014-04-12,Two-way circular transaction pattern detected.
1091,SCENARIO_503,Circular Scheme,907415,1274347,9773,8547,179.07,2024-01-12,Two-way circular transaction pattern detected.
1092,SCENARIO_503,Circular Scheme,987743,17529,2515,495,527.45,2024-09-15,Two-way circular transaction pattern detected.
1093,SCENARIO_503,Circular Scheme,17529,987743,495,2515,592.45,2024-10-19,Two-way circular transaction pattern detected.
1094,SCENARIO_503,Circular Scheme,987743,1162910,2515,495,527.45,2024-09-15,Two-way circular transaction pattern detected.
1095,SCENARIO_503,Circular Scheme,1162910,987743,495,2515,592.45,2024-10-19,Two-way circular transaction pattern detected.
1096,SCENARIO_503,Circular Scheme,987743,144457,2515,495,527.45,2024-09-15,Two-way circular transaction pattern detected.
1097,SCENARIO_503,Circular Scheme,144457,987743,495,2515,592.45,2024-10-19,Two-way circular transaction pattern detected.
1098,SCENARIO_503,Circular Scheme,987743,61861,2515,495,527.45,2024-09-15,Two-way circular transaction pattern detected.
1099,SCENARIO_503,Circular Scheme,61861,987743,495,2515,592.45,2024-10-19,Two-way circular transaction pattern detected.
1100,SCENARIO_503,Circular Scheme,61861,241673,495,2515,592.45,2024-10-19,Two-way circular transaction pattern detected.
1101,SCENARIO_503,Circular Scheme,241673,61861,2515,495,527.45,2024-09-15,Two-way circular transaction pattern detected.
1102,SCENARIO_503,Circular Scheme,61861,987743,495,2515,592.45,2024-10-19,Two-way circular transaction pattern detected.
1103,SCENARIO_503,Circular Scheme,987743,61861,2515,495,527.45,2024-09-15,Two-way circular transaction pattern detected.
1104,SCENARIO_503,Circular Scheme,1000981,38026,8641,518,112.47,2023-10-25,Two-way circular transaction pattern detected.
1105,SCENARIO_503,Circular Scheme,38026,1000981,518,8641,422.48,2024-10-18,Two-way circular transaction pattern detected.
1106,SCENARIO_503,Circular Scheme,1000981,1032988,8641,518,112.47,2023-10-25,Two-way circular transaction pattern detected.
1107,SCENARIO_503,Circular Scheme,1032988,1000981,518,8641,422.48,2024-10-18,Two-way circular transaction pattern detected.
1108,SCENARIO_503,Circular Scheme,1000981,687721,8641,518,112.47,2023-10-25,Two-way circular transaction pattern detected.
1109,SCENARIO_503,Circular Scheme,687721,1000981,518,8641,422.48,2024-10-18,Two-way circular transaction pattern detected.
1110,SCENARIO_503,Circular Scheme,1000981,762413,8641,518,112.47,2023-10-25,Two-way circular transaction pattern detected.
1111,SCENARIO_503,Circular Scheme,762413,1000981,518,8641,422.48,2024-10-18,Two-way circular transaction pattern detected.
1112,SCENARIO_503,Circular Scheme,1000981,790103,8641,518,112.47,2023-10-25,Two-way circular transaction pattern detected.
1113,SCENARIO_503,Circular Scheme,790103,1000981,518,8641,422.48,2024-10-18,Two-way circular transaction pattern detected.
1114,SCENARIO_503,Circular Scheme,1135211,1095592,8135,7414,10.02,2015-01-23,Two-way circular transaction pattern detected.
1115,SCENARIO_503,Circular Scheme,1095592,1135211,7414,8135,547.57,2021-02-20,Two-way circular transaction pattern detected.
1116,SCENARIO_503,Circular Scheme,1135211,370019,8135,7414,10.02,2015-01-23,Two-way circular transaction pattern detected.
1117,SCENARIO_503,Circular Scheme,370019,1135211,7414,8135,547.57,2018-09-19,Two-way circular transaction pattern detected.
1118,SCENARIO_504,Fraud,486543,,9999,8767,4.28,2012-10-05,Transaction is marked as fraudulent in the source dataset.
1119,SCENARIO_504,Fraud,907269,,6949,6400,4.83,2020-12-14,Transaction is marked as fraudulent in the source dataset.
1120,SCENARIO_504,Fraud,1269863,,6381,4513,16.9,2020-12-28,Transaction is marked as fraudulent in the source dataset.
1121,SCENARIO_504,Fraud,229363,,5315,4037,3.0,2012-07-07,Transaction is marked as fraudulent in the source dataset.
1122,SCENARIO_504,Fraud,145756,,8301,9351,19.62,2022-02-20,Transaction is marked as fraudulent in the source dataset.
1123,SCENARIO_504,Fraud,723011,,9806,7973,4.47,2018-04-19,Transaction is marked as fraudulent in the source dataset.
1124,SCENARIO_504,Fraud,621857,,806,4102,19.47,2024-08-13,Transaction is marked as fraudulent in the source dataset.
1125,SCENARIO_504,Fraud,336497,,9899,7517,2.67,2024-05-19,Transaction is marked as fraudulent in the source dataset.
1126,SCENARIO_504,Fraud,1087610,,9701,3222,14.81,2018-01-23,Transaction is marked as fraudulent in the source dataset.
1127,SCENARIO_504,Fraud,74685,,8350,9935,19.34,2018-12-22,Transaction is marked as fraudulent in the source dataset.
1128,SCENARIO_504,Fraud,739469,,7485,8648,15.15,2014-05-15,Transaction is marked as fraudulent in the source dataset.
1129,SCENARIO_505,Large Transaction > 1M,1168863,,370,8961,20730362.0,2024-10-21,"Transaction amount greater than 1,000,000."
1130,SCENARIO_505,Large Transaction > 1M,1186204,,6320,9221,21474836.0,2018-10-11,"Transaction amount greater than 1,000,000."
1131,SCENARIO_505,Large Transaction > 1M,823686,,8265,9709,1357056.5,2018-06-23,"Transaction amount greater than 1,000,000."
1132,SCENARIO_505,Large Transaction > 1M,1072238,,5200,337,5934195.0,2012-09-04,"Transaction amount greater than 1,000,000."
1133,SCENARIO_505,Large Transaction > 1M,1262145,,9240,824,21474836.0,2023-11-12,"Transaction amount greater than 1,000,000."
1134,SCENARIO_505,Large Transaction > 1M,813043,,1352,5959,3380932.2,2024-10-11,"Transaction amount greater than 1,000,000."
1135,SCENARIO_505,Large Transaction > 1M,1121019,,8394,8291,8314858.0,2022-02-05,"Transaction amount greater than 1,000,000."
1136,SCENARIO_505,Large Transaction > 1M,1138501,,3242,7625,16168483.0,2016-10-14,"Transaction amount greater than 1,000,000."
1137,SCENARIO_505,Large Transaction > 1M,886145,,6286,9810,2181508.5,2013-12-07,"Transaction amount greater than 1,000,000."
1138,SCENARIO_505,Large Transaction > 1M,1091874,,3233,9951,3198056.5,2024-09-04,"Transaction amount greater than 1,000,000."
1139,SCENARIO_505,Large Transaction > 1M,781160,,1296,4060,1535674.4,2024-10-14,"Transaction amount greater than 1,000,000."
1140,SCENARIO_505,Large Transaction > 1M,961097,,2266,7268,5548853.0,2024-10-01,"Transaction amount greater than 1,000,000."
1141,SCENARIO_505,Large Transaction > 1M,1088907,,4273,8288,16472820.0,2015-07-12,"Transaction amount greater than 1,000,000."
1142,SCENARIO_505,Large Transaction > 1M,1134384,,3294,4837,11554254.0,2024-06-12,"Transaction amount greater than 1,000,000."
1143,SCENARIO_505,Large Transaction > 1M,907364,,1304,2515,1862791.6,2024-08-15,"Transaction amount greater than 1,000,000."
1144,SCENARIO_505,Large Transaction > 1M,659223,,8269,9956,1123587.8,2013-03-02,"Transaction amount greater than 1,000,000."
1145,SCENARIO_505,Large Transaction > 1M,866808,,6357,8916,1284076.1,2020-04-03,"Transaction amount greater than 1,000,000."
1146,SCENARIO_505,Large Transaction > 1M,965918,,8232,9408,5704034.0,2017-09-01,"Transaction amount greater than 1,000,000."
1147,SCENARIO_505,Large Transaction > 1M,849599,,5327,4140,2017905.1,2015-04-29,"Transaction amount greater than 1,000,000."
1148,SCENARIO_505,Large Transaction > 1M,1290123,,9399,5254,21474836.0,2016-02-27,"Transaction amount greater than 1,000,000."
1149,SCENARIO_505,Large Transaction > 1M,1093514,,2285,8475,7586529.5,2024-10-03,"Transaction amount greater than 1,000,000."
1150,SCENARIO_505,Large Transaction > 1M,803917,,3208,5416,1328015.2,2022-07-29,"Transaction amount greater than 1,000,000."
1151,SCENARIO_505,Large Transaction > 1M,798492,,8348,1928,1043652.9,2016-04-25,"Transaction amount greater than 1,000,000."
1152,SCENARIO_505,Large Transaction > 1M,991929,,396,5359,3421772.2,2024-10-17,"Transaction amount greater than 1,000,000."
1153,SCENARIO_505,Large Transaction > 1M,973339,,2301,528,5816979.5,2024-08-02,"Transaction amount greater than 1,000,000."
1154,SCENARIO_505,Large Transaction > 1M,1201824,,1286,9445,7652220.0,2024-08-16,"Transaction amount greater than 1,000,000."
1155,SCENARIO_505,Large Transaction > 1M,770308,,1385,2501,1759043.6,2024-10-28,"Transaction amount greater than 1,000,000."
1156,SCENARIO_505,Large Transaction > 1M,1310361,,3366,4417,21474836.0,2014-02-19,"Transaction amount greater than 1,000,000."
1157,SCENARIO_505,Large Transaction > 1M,829590,,6229,8980,1051575.4,2017-09-09,"Transaction amount greater than 1,000,000."
1158,SCENARIO_505,Large Transaction > 1M,793960,,7285,6991,1963728.1,2017-07-02,"Transaction amount greater than 1,000,000."
1159,SCENARIO_505,Large Transaction > 1M,1150967,,2269,6091,8407297.0,2024-10-02,"Transaction amount greater than 1,000,000."
1160,SCENARIO_505,Large Transaction > 1M,1152622,,4255,3645,16446133.0,2022-07-15,"Transaction amount greater than 1,000,000."
1161,SCENARIO_505,Large Transaction > 1M,1021306,,4352,1796,3008152.0,2020-01-15,"Transaction amount greater than 1,000,000."
1162,SCENARIO_505,Large Transaction > 1M,1217182,,8386,9088,17916638.0,2021-03-10,"Transaction amount greater than 1,000,000."
1163,SCENARIO_505,Large Transaction > 1M,907642,,5242,9994,1658951.5,2017-06-14,"Transaction amount greater than 1,000,000."
1164,SCENARIO_505,Large Transaction > 1M,865756,,5279,8158,5587452.5,2021-03-23,"Transaction amount greater than 1,000,000."
1165,SCENARIO_505,Large Transaction > 1M,942794,,6311,8556,2958190.5,2024-10-14,"Transaction amount greater than 1,000,000."
1166,SCENARIO_505,Large Transaction > 1M,1037349,,276,5710,4925112.0,2024-10-11,"Transaction amount greater than 1,000,000."
1167,SCENARIO_505,Large Transaction > 1M,1277256,,6227,9924,14501976.0,2022-10-12,"Transaction amount greater than 1,000,000."
1168,SCENARIO_505,Large Transaction > 1M,1310204,,3210,51,21474836.0,2024-08-28,"Transaction amount greater than 1,000,000."
1169,SCENARIO_505,Large Transaction > 1M,1147156,,6211,9824,14185672.0,2017-06-21,"Transaction amount greater than 1,000,000."
1170,SCENARIO_505,Large Transaction > 1M,1028250,,3379,8946,2734214.0,2024-08-05,"Transaction amount greater than 1,000,000."
1171,SCENARIO_505,Large Transaction > 1M,1114310,,5241,9994,15131228.0,2018-06-26,"Transaction amount greater than 1,000,000."
1172,SCENARIO_505,Large Transaction > 1M,1150583,,4326,8625,10950996.0,2017-09-02,"Transaction amount greater than 1,000,000."
1173,SCENARIO_505,Large Transaction > 1M,803789,,5308,3272,1978678.0,2016-10-04,"Transaction amount greater than 1,000,000."
1174,SCENARIO_505,Large Transaction > 1M,710369,,5203,9669,1564639.4,2024-03-23,"Transaction amount greater than 1,000,000."
1175,SCENARIO_505,Large Transaction > 1M,952996,,3242,9995,5367775.5,2016-10-14,"Transaction amount greater than 1,000,000."
1176,SCENARIO_505,Large Transaction > 1M,1245202,,5303,9877,21474836.0,2019-12-30,"Transaction amount greater than 1,000,000."
1177,SCENARIO_505,Large Transaction > 1M,941308,,299,637,2502247.5,2024-10-17,"Transaction amount greater than 1,000,000."
1178,SCENARIO_505,Large Transaction > 1M,905138,,6232,9992,1600754.2,2012-11-13,"Transaction amount greater than 1,000,000."
1179,SCENARIO_505,Large Transaction > 1M,1130827,,5351,8733,14074979.0,2021-03-13,"Transaction amount greater than 1,000,000."
1180,SCENARIO_505,Large Transaction > 1M,1103081,,4319,1169,7833355.5,2013-11-11,"Transaction amount greater than 1,000,000."
1181,SCENARIO_505,Large Transaction > 1M,629409,,6380,6784,1044518.6,2017-01-21,"Transaction amount greater than 1,000,000."
1182,SCENARIO_505,Large Transaction > 1M,976587,,8246,8629,4489087.0,2018-10-24,"Transaction amount greater than 1,000,000."
1183,SCENARIO_505,Large Transaction > 1M,1132068,,5286,3404,9313789.0,2014-05-20,"Transaction amount greater than 1,000,000."
1184,SCENARIO_505,Large Transaction > 1M,984707,,7277,9178,4869128.5,2024-03-03,"Transaction amount greater than 1,000,000."
1185,SCENARIO_505,Large Transaction > 1M,993894,,7337,1461,3200697.0,2022-02-23,"Transaction amount greater than 1,000,000."
1186,SCENARIO_505,Large Transaction > 1M,910195,,6231,1813,5186716.0,2019-01-08,"Transaction amount greater than 1,000,000."
1187,SCENARIO_505,Large Transaction > 1M,1165854,,8383,9964,10766669.0,2017-11-26,"Transaction amount greater than 1,000,000."
1188,SCENARIO_505,Large Transaction > 1M,888989,,6225,5870,1115906.6,2016-03-23,"Transaction amount greater than 1,000,000."
1189,SCENARIO_505,Large Transaction > 1M,805430,,217,7533,1884353.9,2024-10-15,"Transaction amount greater than 1,000,000."
1190,SCENARIO_505,Large Transaction > 1M,969116,,1293,9936,3668408.0,2024-10-24,"Transaction amount greater than 1,000,000."
1191,SCENARIO_505,Large Transaction > 1M,712329,,2231,2384,3266528.0,2024-10-06,"Transaction amount greater than 1,000,000."
1192,SCENARIO_505,Large Transaction > 1M,951321,,7228,9651,7509214.0,2013-10-10,"Transaction amount greater than 1,000,000."
1193,SCENARIO_505,Large Transaction > 1M,1289897,,3345,6203,21474836.0,2013-10-31,"Transaction amount greater than 1,000,000."
1194,SCENARIO_505,Large Transaction > 1M,1162146,,289,9965,21474836.0,2024-10-17,"Transaction amount greater than 1,000,000."
1195,SCENARIO_505,Large Transaction > 1M,822315,,6387,9622,1086817.9,2016-11-22,"Transaction amount greater than 1,000,000."
1196,SCENARIO_505,Large Transaction > 1M,1223564,,5270,9613,21474836.0,2016-09-26,"Transaction amount greater than 1,000,000."
1197,SCENARIO_505,Large Transaction > 1M,1310247,,6389,8906,21474836.0,2021-01-01,"Transaction amount greater than 1,000,000."
1198,SCENARIO_505,Large Transaction > 1M,641723,,7332,8395,1110410.5,2015-01-29,"Transaction amount greater than 1,000,000."
1199,SCENARIO_505,Large Transaction > 1M,822908,,4329,3320,1574824.6,2024-08-24,"Transaction amount greater than 1,000,000."
1200,SCENARIO_505,Large Transaction > 1M,1083376,,259,8724,10353414.0,2024-10-18,"Transaction amount greater than 1,000,000."
1201,SCENARIO_505,Large Transaction > 1M,1213103,,9211,4896,10543303.0,2024-05-12,"Transaction amount greater than 1,000,000."
1202,SCENARIO_505,Large Transaction > 1M,1114639,,5356,1504,15838244.0,2022-12-06,"Transaction amount greater than 1,000,000."
1203,SCENARIO_505,Large Transaction > 1M,827844,,1275,4493,1578352.9,2024-10-28,"Transaction amount greater than 1,000,000."
1204,SCENARIO_505,Large Transaction > 1M,851609,,5250,3248,1150237.6,2015-07-29,"Transaction amount greater than 1,000,000."
1205,SCENARIO_505,Large Transaction > 1M,805962,,8239,9999,1703964.0,2024-05-29,"Transaction amount greater than 1,000,000."
1206,SCENARIO_505,Large Transaction > 1M,1193270,,3257,6577,21474836.0,2024-08-10,"Transaction amount greater than 1,000,000."
1207,SCENARIO_505,Large Transaction > 1M,1044828,,2352,8358,3299788.5,2024-09-13,"Transaction amount greater than 1,000,000."
1208,SCENARIO_505,Large Transaction > 1M,1090870,,8397,8003,6133305.0,2020-03-27,"Transaction amount greater than 1,000,000."
1209,SCENARIO_505,Large Transaction > 1M,789838,,2252,737,1609098.4,2024-10-01,"Transaction amount greater than 1,000,000."
1210,SCENARIO_505,Large Transaction > 1M,1231406,,5218,6040,21474836.0,2022-05-21,"Transaction amount greater than 1,000,000."
1211,SCENARIO_505,Large Transaction > 1M,1030867,,5388,5846,3507437.2,2019-03-23,"Transaction amount greater than 1,000,000."
1212,SCENARIO_505,Large Transaction > 1M,725740,,9308,3401,1023303.7,2017-12-23,"Transaction amount greater than 1,000,000."
1213,SCENARIO_505,Large Transaction > 1M,1269886,,1333,9787,21474836.0,2024-09-28,"Transaction amount greater than 1,000,000."
1214,SCENARIO_505,Large Transaction > 1M,1240867,,2288,6348,21474836.0,2024-09-30,"Transaction amount greater than 1,000,000."
1215,SCENARIO_505,Large Transaction > 1M,1147448,,1386,4758,2898546.2,2024-10-28,"Transaction amount greater than 1,000,000."
1216,SCENARIO_505,Large Transaction > 1M,1183309,,9359,8465,16263325.0,2014-12-24,"Transaction amount greater than 1,000,000."
1217,SCENARIO_505,Large Transaction > 1M,1281847,,8348,9106,21474836.0,2015-05-04,"Transaction amount greater than 1,000,000."
1218,SCENARIO_505,Large Transaction > 1M,888093,,7211,9449,1403705.0,2018-02-15,"Transaction amount greater than 1,000,000."
1219,SCENARIO_505,Large Transaction > 1M,949665,,323,8998,3418083.5,2024-10-18,"Transaction amount greater than 1,000,000."
1220,SCENARIO_505,Large Transaction > 1M,985228,,9382,9932,2366617.8,2018-03-22,"Transaction amount greater than 1,000,000."
1221,SCENARIO_505,Large Transaction > 1M,1310097,,6239,8716,21474836.0,2017-04-30,"Transaction amount greater than 1,000,000."
1222,SCENARIO_505,Large Transaction > 1M,734208,,8264,9575,1104495.2,2018-12-14,"Transaction amount greater than 1,000,000."
1223,SCENARIO_505,Large Transaction > 1M,907588,,2345,9360,2105728.2,2024-10-04,"Transaction amount greater than 1,000,000."
1224,SCENARIO_505,Large Transaction > 1M,1305932,,4206,9931,14647043.0,2019-07-20,"Transaction amount greater than 1,000,000."
1225,SCENARIO_505,Large Transaction > 1M,1294297,,7236,4987,21474836.0,2018-08-15,"Transaction amount greater than 1,000,000."
1226,SCENARIO_505,Large Transaction > 1M,1126493,,1333,9989,6437134.5,2024-09-28,"Transaction amount greater than 1,000,000."
1227,SCENARIO_505,Large Transaction > 1M,806569,,1223,8597,1936494.0,2024-10-14,"Transaction amount greater than 1,000,000."
1228,SCENARIO_505,Large Transaction > 1M,1267454,,8272,7086,21474836.0,2023-02-27,"Transaction amount greater than 1,000,000."
1229,SCENARIO_505,Large Transaction > 1M,889451,,7339,6748,1055452.9,2020-05-06,"Transaction amount greater than 1,000,000."
1230,SCENARIO_505,Large Transaction > 1M,1154715,,6331,6910,20114662.0,2020-03-12,"Transaction amount greater than 1,000,000."
1231,SCENARIO_505,Large Transaction > 1M,1002678,,5382,9897,5056478.0,2012-08-02,"Transaction amount greater than 1,000,000."
1232,SCENARIO_505,Large Transaction > 1M,1175006,,5341,9491,21474836.0,2019-05-10,"Transaction amount greater than 1,000,000."
1233,SCENARIO_505,Large Transaction > 1M,1126965,,7210,7850,12066544.0,2023-04-07,"Transaction amount greater than 1,000,000."
1234,SCENARIO_505,Large Transaction > 1M,999518,,7308,3364,2748586.8,2013-07-08,"Transaction amount greater than 1,000,000."
1235,SCENARIO_505,Large Transaction > 1M,1063148,,8310,9389,9586622.0,2017-08-15,"Transaction amount greater than 1,000,000."
1236,SCENARIO_505,Large Transaction > 1M,1190160,,8392,8238,7031542.0,2020-12-03,"Transaction amount greater than 1,000,000."
1237,SCENARIO_505,Large Transaction > 1M,833310,,4230,6449,1197465.9,2015-06-24,"Transaction amount greater than 1,000,000."
1238,SCENARIO_505,Large Transaction > 1M,861861,,6282,8895,2775960.8,2022-01-26,"Transaction amount greater than 1,000,000."
1239,SCENARIO_505,Large Transaction > 1M,995378,,360,6274,3130264.8,2024-10-17,"Transaction amount greater than 1,000,000."
1240,SCENARIO_505,Large Transaction > 1M,1000836,,5333,3034,12042085.0,2020-07-27,"Transaction amount greater than 1,000,000."
1241,SCENARIO_506,Full withdrawal,286011,,8761,4897,103.8,2021-09-24,Transaction amount matches the sender's initial account balance.
1242,SCENARIO_506,Full withdrawal,1060276,,7638,3646,110.5,2012-10-25,Transaction amount matches the sender's initial account balance.
1243,SCENARIO_506,Full withdrawal,1162307,,7687,4698,118.44,2024-04-08,Transaction amount matches the sender's initial account balance.
1244,SCENARIO_506,Full withdrawal,1072467,,1506,3449,489.2,2024-10-03,Transaction amount matches the sender's initial account balance.
1245,SCENARIO_506,Full withdrawal,1142996,,6656,9736,147.8,2016-06-28,Transaction amount matches the sender's initial account balance.
1246,SCENARIO_506,Full withdrawal,387310,,8625,9878,109.44,2021-02-16,Transaction amount matches the sender's initial account balance.
1247,SCENARIO_506,Full withdrawal,1185733,,6617,9738,158.0,2013-06-30,Transaction amount matches the sender's initial account balance.
1248,SCENARIO_506,Full withdrawal,304540,,1477,1723,415.5,2024-10-11,Transaction amount matches the sender's initial account balance.
1249,SCENARIO_506,Full withdrawal,622552,,9763,9302,105.8,2024-10-23,Transaction amount matches the sender's initial account balance.
1250,SCENARIO_506,Full withdrawal,620138,,5674,711,133.1,2017-07-02,Transaction amount matches the sender's initial account balance.
1251,SCENARIO_506,Full withdrawal,1145999,,9706,7074,195.6,2021-09-17,Transaction amount matches the sender's initial account balance.
1252,SCENARIO_506,Full withdrawal,998130,,4809,9256,334.8,2014-06-11,Transaction amount matches the sender's initial account balance.
1253,SCENARIO_506,Full withdrawal,885987,,8748,2178,100.8,2015-10-16,Transaction amount matches the sender's initial account balance.
1254,SCENARIO_506,Full withdrawal,1298108,,4695,5926,120.44,2019-08-01,Transaction amount matches the sender's initial account balance.
1255,SCENARIO_506,Full withdrawal,875444,,9619,7510,166.1,2020-08-10,Transaction amount matches the sender's initial account balance.
1256,SCENARIO_506,Full withdrawal,1277944,,9609,7169,177.6,2023-08-05,Transaction amount matches the sender's initial account balance.
1257,SCENARIO_506,Full withdrawal,1089000,,4576,6322,457.2,2017-08-04,Transaction amount matches the sender's initial account balance.
1258,SCENARIO_506,Full withdrawal,67576,,8698,9695,180.6,2024-07-23,Transaction amount matches the sender's initial account balance.
1259,SCENARIO_506,Full withdrawal,217975,,8673,661,125.75,2013-08-29,Transaction amount matches the sender's initial account balance.
1260,SCENARIO_506,Full withdrawal,1196087,,6721,6855,160.0,2021-05-12,Transaction amount matches the sender's initial account balance.
1261,SCENARIO_506,Full withdrawal,914709,,7724,5700,128.6,2024-07-04,Transaction amount matches the sender's initial account balance.
1262,SCENARIO_506,Full withdrawal,1285759,,6762,9863,140.5,2022-12-23,Transaction amount matches the sender's initial account balance.
1263,SCENARIO_506,Full withdrawal,1082288,,9718,6644,122.94,2015-02-03,Transaction amount matches the sender's initial account balance.
1264,SCENARIO_506,Full withdrawal,367586,,6666,9312,103.8,2014-11-13,Transaction amount matches the sender's initial account balance.
1265,SCENARIO_506,Full withdrawal,1235634,,9732,7850,121.75,2024-04-24,Transaction amount matches the sender's initial account balance.
1266,SCENARIO_506,Full withdrawal,121108,,5713,2804,176.0,2022-07-05,Transaction amount matches the sender's initial account balance.
1267,SCENARIO_506,Full withdrawal,938495,,7711,9956,115.8,2016-03-01,Transaction amount matches the sender's initial account balance.
1268,SCENARIO_506,Full withdrawal,527564,,6694,1889,185.0,2016-11-14,Transaction amount matches the sender's initial account balance.
1269,SCENARIO_506,Full withdrawal,132545,,1480,9970,473.5,2024-10-14,Transaction amount matches the sender's initial account balance.
1270,SCENARIO_506,Full withdrawal,824176,,5473,8237,462.0,2023-04-01,Transaction amount matches the sender's initial account balance.
1271,SCENARIO_506,Full withdrawal,387557,,8656,8032,176.1,2016-04-21,Transaction amount matches the sender's initial account balance.
1272,SCENARIO_506,Full withdrawal,583672,,7760,9585,100.94,2024-10-06,Transaction amount matches the sender's initial account balance.
1273,SCENARIO_506,Full withdrawal,907002,,529,2290,436.8,2024-10-17,Transaction amount matches the sender's initial account balance.
1274,SCENARIO_506,Full withdrawal,694308,,6676,9859,122.8,2023-12-30,Transaction amount matches the sender's initial account balance.
1275,SCENARIO_506,Full withdrawal,64308,,8681,7423,107.56,2017-11-29,Transaction amount matches the sender's initial account balance.
1276,SCENARIO_506,Full withdrawal,1207333,,9619,7954,166.1,2014-03-18,Transaction amount matches the sender's initial account balance.
1277,SCENARIO_506,Full withdrawal,43255,,8636,9048,119.2,2020-01-30,Transaction amount matches the sender's initial account balance.
1278,SCENARIO_506,Full withdrawal,567096,,9786,9998,101.3,2019-01-27,Transaction amount matches the sender's initial account balance.
1279,SCENARIO_506,Full withdrawal,186912,,8582,5580,594.0,2017-07-31,Transaction amount matches the sender's initial account balance.
1280,SCENARIO_506,Full withdrawal,293478,,6654,7210,103.94,2017-06-21,Transaction amount matches the sender's initial account balance.
1281,SCENARIO_506,Full withdrawal,519871,,8656,5106,176.1,2021-09-24,Transaction amount matches the sender's initial account balance.
1282,SCENARIO_506,Full withdrawal,1132556,,3795,7328,194.5,2013-11-06,Transaction amount matches the sender's initial account balance.
1283,SCENARIO_506,Full withdrawal,347855,,4576,6322,457.2,2013-06-14,Transaction amount matches the sender's initial account balance.
1284,SCENARIO_506,Full withdrawal,712652,,5602,9988,149.5,2016-05-15,Transaction amount matches the sender's initial account balance.
1285,SCENARIO_506,Full withdrawal,1075393,,8706,8565,181.8,2013-09-26,Transaction amount matches the sender's initial account balance.
1286,SCENARIO_506,Full withdrawal,657234,,6748,5078,167.6,2012-05-24,Transaction amount matches the sender's initial account balance.
1287,SCENARIO_506,Full withdrawal,1078635,,6706,8706,114.3,2014-05-11,Transaction amount matches the sender's initial account balance.
1288,SCENARIO_506,Full withdrawal,10509,,7656,7292,155.5,2013-01-28,Transaction amount matches the sender's initial account balance.
1289,SCENARIO_506,Full withdrawal,1279924,,4785,5767,179.5,2023-09-24,Transaction amount matches the sender's initial account balance.
1290,SCENARIO_506,Full withdrawal,1317796,,3487,1668,440.0,2024-05-09,Transaction amount matches the sender's initial account balance.
1291,SCENARIO_506,Full withdrawal,837490,,9732,9066,121.75,2016-04-02,Transaction amount matches the sender's initial account balance.
1292,SCENARIO_506,Full withdrawal,650668,,8409,9487,424.2,2017-01-10,Transaction amount matches the sender's initial account balance.
1293,SCENARIO_506,Full withdrawal,676993,,3807,9894,277.0,2013-06-12,Transaction amount matches the sender's initial account balance.
1294,SCENARIO_506,Full withdrawal,477712,,9619,6090,166.1,2021-05-28,Transaction amount matches the sender's initial account balance.
1295,SCENARIO_506,Full withdrawal,1260262,,4668,9438,173.5,2016-11-30,Transaction amount matches the sender's initial account balance.
1296,SCENARIO_506,Full withdrawal,673525,,5687,4115,158.5,2018-09-16,Transaction amount matches the sender's initial account balance.
1297,SCENARIO_506,Full withdrawal,1144450,,9659,9748,191.0,2022-08-06,Transaction amount matches the sender's initial account balance.
1298,SCENARIO_506,Full withdrawal,134062,,6793,9018,117.8,2013-12-13,Transaction amount matches the sender's initial account balance.
1299,SCENARIO_506,Full withdrawal,280221,,7789,8307,123.0,2014-10-04,Transaction amount matches the sender's initial account balance.
1300,SCENARIO_506,Full withdrawal,178248,,5666,4583,126.4,2017-10-22,Transaction amount matches the sender's initial account balance.
1301,SCENARIO_506,Full withdrawal,1301919,,7780,9157,140.5,2023-10-30,Transaction amount matches the sender's initial account balance.
1302,SCENARIO_506,Full withdrawal,499938,,9732,9896,121.75,2021-03-24,Transaction amount matches the sender's initial account balance.
1303,SCENARIO_506,Full withdrawal,640460,,4701,9737,184.0,2021-03-19,Transaction amount matches the sender's initial account balance.
1304,SCENARIO_506,Full withdrawal,220383,,8748,2485,100.8,2023-05-14,Transaction amount matches the sender's initial account balance.
1305,SCENARIO_506,Full withdrawal,1249160,,1506,3449,489.2,2024-10-03,Transaction amount matches the sender's initial account balance.
1306,SCENARIO_506,Full withdrawal,1095536,,4783,8633,120.7,2024-06-18,Transaction amount matches the sender's initial account balance.
1307,SCENARIO_506,Full withdrawal,684609,,6604,7154,163.8,2018-09-19,Transaction amount matches the sender's initial account balance.
1308,SCENARIO_506,Full withdrawal,623166,,6775,6040,194.6,2020-03-25,Transaction amount matches the sender's initial account balance.
1309,SCENARIO_506,Full withdrawal,489709,,9747,6745,101.44,2019-08-14,Transaction amount matches the sender's initial account balance.
1310,SCENARIO_506,Full withdrawal,1312612,,2419,253,465.8,2024-10-01,Transaction amount matches the sender's initial account balance.
1311,SCENARIO_506,Full withdrawal,499458,,4799,7789,166.0,2013-06-20,Transaction amount matches the sender's initial account balance.
1312,SCENARIO_506,Full withdrawal,389176,,6566,9993,470.2,2016-03-16,Transaction amount matches the sender's initial account balance.
1313,SCENARIO_506,Full withdrawal,261037,,9519,7385,437.2,2024-09-08,Transaction amount matches the sender's initial account balance.
1314,SCENARIO_506,Full withdrawal,50710,,3900,3448,245.8,2020-02-03,Transaction amount matches the sender's initial account balance.
1315,SCENARIO_506,Full withdrawal,969582,,4934,6054,252.8,2020-10-11,Transaction amount matches the sender's initial account balance.
1316,SCENARIO_506,Full withdrawal,529215,,1506,3449,489.2,2024-10-03,Transaction amount matches the sender's initial account balance.
1317,SCENARIO_506,Full withdrawal,300988,,3620,855,156.6,2012-03-18,Transaction amount matches the sender's initial account balance.
1318,SCENARIO_506,Full withdrawal,465110,,749,8671,186.0,2024-10-10,Transaction amount matches the sender's initial account balance.
1319,SCENARIO_506,Full withdrawal,525737,,6764,951,105.75,2022-11-17,Transaction amount matches the sender's initial account balance.
1320,SCENARIO_506,Full withdrawal,1272979,,1647,1936,124.3,2024-10-25,Transaction amount matches the sender's initial account balance.
1321,SCENARIO_506,Full withdrawal,1144433,,9659,1652,191.0,2013-08-06,Transaction amount matches the sender's initial account balance.
1322,SCENARIO_506,Full withdrawal,1282694,,8761,8826,103.8,2013-08-25,Transaction amount matches the sender's initial account balance.
1323,SCENARIO_506,Full withdrawal,534697,,3428,9983,504.2,2024-09-07,Transaction amount matches the sender's initial account balance.
1324,SCENARIO_506,Full withdrawal,933967,,7793,2427,182.8,2015-05-12,Transaction amount matches the sender's initial account balance.
1325,SCENARIO_506,Full withdrawal,595723,,8725,6806,185.8,2024-01-12,Transaction amount matches the sender's initial account balance.
1326,SCENARIO_506,Full withdrawal,967419,,5524,8256,442.2,2024-09-27,Transaction amount matches the sender's initial account balance.
1327,SCENARIO_506,Full withdrawal,403755,,1648,6107,190.5,2024-10-07,Transaction amount matches the sender's initial account balance.
1328,SCENARIO_506,Full withdrawal,543866,,8497,8244,503.2,2018-10-20,Transaction amount matches the sender's initial account balance.
1329,SCENARIO_506,Full withdrawal,1244628,,7853,7255,347.8,2019-02-24,Transaction amount matches the sender's initial account balance.
1330,SCENARIO_506,Full withdrawal,1096610,,4548,9796,410.2,2018-12-15,Transaction amount matches the sender's initial account balance.
1331,SCENARIO_506,Full withdrawal,616640,,9566,8432,556.5,2021-01-30,Transaction amount matches the sender's initial account balance.
1332,SCENARIO_506,Full withdrawal,136578,,9637,2311,104.5,2013-02-16,Transaction amount matches the sender's initial account balance.
1333,SCENARIO_506,Full withdrawal,1257019,,6764,9963,105.75,2014-10-09,Transaction amount matches the sender's initial account balance.
1334,SCENARIO_506,Full withdrawal,552277,,6706,9901,114.3,2024-08-18,Transaction amount matches the sender's initial account balance.
1335,SCENARIO_506,Full withdrawal,749313,,9729,3024,103.44,2015-10-25,Transaction amount matches the sender's initial account balance.
1336,SCENARIO_506,Full withdrawal,742197,,2633,6128,116.56,2024-09-26,Transaction amount matches the sender's initial account balance.
1337,SCENARIO_506,Full withdrawal,65367,,8523,8651,448.8,2021-06-18,Transaction amount matches the sender's initial account balance.
1338,SCENARIO_506,Full withdrawal,538164,,5656,9458,165.5,2017-03-27,Transaction amount matches the sender's initial account balance.
1339,SCENARIO_506,Full withdrawal,278388,,3750,9216,121.06,2024-08-24,Transaction amount matches the sender's initial account balance.
1340,SCENARIO_506,Full withdrawal,1019736,,6604,7890,163.8,2023-02-27,Transaction amount matches the sender's initial account balance.
1341,SCENARIO_506,Full withdrawal,1145504,,9729,6773,103.44,2022-08-14,Transaction amount matches the sender's initial account balance.
1342,SCENARIO_506,Full withdrawal,1171205,,8780,8762,109.8,2022-08-01,Transaction amount matches the sender's initial account balance.
1343,SCENARIO_506,Full withdrawal,686441,,9954,8498,285.5,2022-12-20,Transaction amount matches the sender's initial account balance.
1344,SCENARIO_506,Full withdrawal,1293537,,7733,307,102.44,2020-09-17,Transaction amount matches the sender's initial account balance.
1345,SCENARIO_506,Full withdrawal,883557,,8686,3800,122.06,2013-10-11,Transaction amount matches the sender's initial account balance.
1346,SCENARIO_506,Full withdrawal,1045083,,8708,9146,171.0,2018-01-11,Transaction amount matches the sender's initial account balance.
1347,SCENARIO_506,Full withdrawal,1267156,,5847,7297,260.5,2014-12-22,Transaction amount matches the sender's initial account balance.
1348,SCENARIO_506,Full withdrawal,1205850,,1417,8266,481.0,2024-09-26,Transaction amount matches the sender's initial account balance.
1349,SCENARIO_506,Full withdrawal,252617,,9767,7125,127.0,2018-10-21,Transaction amount matches the sender's initial account balance.
1350,SCENARIO_506,Full withdrawal,675314,,7596,6011,540.0,2017-07-06,Transaction amount matches the sender's initial account balance.
1351,SCENARIO_506,Full withdrawal,734294,,2620,4754,110.7,2024-09-24,Transaction amount matches the sender's initial account balance.
1352,SCENARIO_506,Full withdrawal,1247143,,7724,9997,128.6,2021-07-26,Transaction amount matches the sender's initial account balance.
1353,SCENARIO_506,Full withdrawal,786806,,3428,9983,504.2,2024-09-07,Transaction amount matches the sender's initial account balance.
1354,SCENARIO_506,Full withdrawal,667582,,4679,9895,197.6,2013-07-02,Transaction amount matches the sender's initial account balance.
1355,SCENARIO_506,Full withdrawal,60798,,6641,5362,158.5,2012-09-27,Transaction amount matches the sender's initial account balance.
1356,SCENARIO_506,Full withdrawal,618756,,8748,760,100.8,2022-03-17,Transaction amount matches the sender's initial account balance.
1357,SCENARIO_506,Full withdrawal,709848,,2715,9997,138.1,2024-08-26,Transaction amount matches the sender's initial account balance.
1358,SCENARIO_506,Full withdrawal,199795,,8717,9284,158.0,2018-10-16,Transaction amount matches the sender's initial account balance.
1359,SCENARIO_506,Full withdrawal,450588,,8639,4483,125.44,2020-02-10,Transaction amount matches the sender's initial account balance.
1360,SCENARIO_506,Full withdrawal,111441,,4664,2518,103.3,2023-08-26,Transaction amount matches the sender's initial account balance.
1361,SCENARIO_506,Full withdrawal,1123798,,6721,8971,160.0,2016-11-13,Transaction amount matches the sender's initial account balance.
1362,SCENARIO_506,Full withdrawal,1175655,,3428,9983,504.2,2024-09-07,Transaction amount matches the sender's initial account balance.
1363,SCENARIO_506,Full withdrawal,590005,,3770,3072,131.1,2019-12-09,Transaction amount matches the sender's initial account balance.
1364,SCENARIO_506,Full withdrawal,823064,,3735,7690,123.2,2013-05-27,Transaction amount matches the sender's initial account balance.
1365,SCENARIO_506,Full withdrawal,1159970,,6699,9492,198.5,2019-08-12,Transaction amount matches the sender's initial account balance.
1366,SCENARIO_506,Full withdrawal,950345,,9718,9519,122.94,2021-02-07,Transaction amount matches the sender's initial account balance.
1367,SCENARIO_506,Full withdrawal,877605,,7718,9178,162.6,2019-10-25,Transaction amount matches the sender's initial account balance.
1368,SCENARIO_506,Full withdrawal,869938,,643,5545,141.5,2024-10-10,Transaction amount matches the sender's initial account balance.
1369,SCENARIO_506,Full withdrawal,938901,,4682,7958,113.5,2022-06-07,Transaction amount matches the sender's initial account balance.
1370,SCENARIO_506,Full withdrawal,625630,,5581,9784,518.0,2024-09-13,Transaction amount matches the sender's initial account balance.
1371,SCENARIO_506,Full withdrawal,190065,,9575,9983,555.5,2024-06-24,Transaction amount matches the sender's initial account balance.
1372,SCENARIO_506,Full withdrawal,664567,,8698,7043,180.6,2019-05-28,Transaction amount matches the sender's initial account balance.
1373,SCENARIO_506,Full withdrawal,974904,,8608,8282,147.5,2022-07-14,Transaction amount matches the sender's initial account balance.
1374,SCENARIO_506,Full withdrawal,417239,,9718,9870,122.94,2014-06-09,Transaction amount matches the sender's initial account balance.
1375,SCENARIO_506,Full withdrawal,80608,,8548,6220,468.5,2020-05-23,Transaction amount matches the sender's initial account balance.
1376,SCENARIO_506,Full withdrawal,25269,,3504,9909,571.5,2024-06-20,Transaction amount matches the sender's initial account balance.
1377,SCENARIO_506,Full withdrawal,876375,,9667,1124,150.8,2018-06-25,Transaction amount matches the sender's initial account balance.
1378,SCENARIO_506,Full withdrawal,356576,,9763,9391,105.8,2014-11-29,Transaction amount matches the sender's initial account balance.
1379,SCENARIO_506,Full withdrawal,147086,,9619,8424,166.1,2012-09-14,Transaction amount matches the sender's initial account balance.
1380,SCENARIO_506,Full withdrawal,719415,,3770,3424,131.1,2020-04-15,Transaction amount matches the sender's initial account balance.
1381,SCENARIO_506,Full withdrawal,477345,,4408,5320,466.2,2012-07-06,Transaction amount matches the sender's initial account balance.
1382,SCENARIO_506,Full withdrawal,989941,,6475,1125,515.5,2022-08-21,Transaction amount matches the sender's initial account balance.
1383,SCENARIO_506,Full withdrawal,488487,,7677,3517,101.44,2022-07-26,Transaction amount matches the sender's initial account balance.
1384,SCENARIO_506,Full withdrawal,1092273,,7590,8366,435.0,2022-01-30,Transaction amount matches the sender's initial account balance.
1385,SCENARIO_506,Full withdrawal,828466,,7627,1798,152.8,2012-10-06,Transaction amount matches the sender's initial account balance.
1386,SCENARIO_506,Full withdrawal,1003584,,7749,6892,108.44,2023-02-03,Transaction amount matches the sender's initial account balance.
1387,SCENARIO_506,Full withdrawal,865988,,6793,5036,117.8,2021-04-19,Transaction amount matches the sender's initial account balance.
1388,SCENARIO_506,Full withdrawal,32773,,7782,7297,112.3,2015-04-14,Transaction amount matches the sender's initial account balance.
1389,SCENARIO_506,Full withdrawal,321561,,7513,5086,475.8,2024-04-13,Transaction amount matches the sender's initial account balance.
1390,SCENARIO_506,Full withdrawal,1309137,,7748,9067,135.0,2023-04-29,Transaction amount matches the sender's initial account balance.
1391,SCENARIO_506,Full withdrawal,684884,,9747,2561,101.44,2016-05-07,Transaction amount matches the sender's initial account balance.
1392,SCENARIO_506,Full withdrawal,1001573,,7793,7521,182.8,2017-04-24,Transaction amount matches the sender's initial account balance.
1393,SCENARIO_506,Full withdrawal,1154482,,9747,6745,101.44,2018-07-22,Transaction amount matches the sender's initial account balance.
1394,SCENARIO_506,Full withdrawal,893370,,4783,9958,120.7,2020-10-14,Transaction amount matches the sender's initial account balance.
1395,SCENARIO_506,Full withdrawal,407043,,9667,8379,150.8,2019-05-24,Transaction amount matches the sender's initial account balance.
1396,SCENARIO_506,Full withdrawal,1309988,,7760,3891,100.94,2015-09-07,Transaction amount matches the sender's initial account balance.
1397,SCENARIO_506,Full withdrawal,544877,,696,8980,123.4,2024-10-10,Transaction amount matches the sender's initial account balance.
1398,SCENARIO_506,Full withdrawal,501315,,7679,8553,116.3,2023-12-17,Transaction amount matches the sender's initial account balance.
1399,SCENARIO_506,Full withdrawal,615256,,8673,4613,125.75,2017-04-06,Transaction amount matches the sender's initial account balance.
1400,SCENARIO_506,Full withdrawal,990288,,6764,3304,105.75,2015-06-29,Transaction amount matches the sender's initial account balance.
1401,SCENARIO_506,Full withdrawal,644447,,9767,5397,127.0,2016-12-12,Transaction amount matches the sender's initial account balance.
1402,SCENARIO_506,Full withdrawal,562796,,1450,2009,428.2,2024-10-03,Transaction amount matches the sender's initial account balance.
1403,SCENARIO_506,Full withdrawal,554418,,6651,7473,109.44,2013-04-04,Transaction amount matches the sender's initial account balance.
1404,SCENARIO_506,Full withdrawal,474737,,5703,9994,127.5,2021-07-12,Transaction amount matches the sender's initial account balance.
1405,SCENARIO_506,Full withdrawal,392278,,1437,8641,508.2,2024-10-18,Transaction amount matches the sender's initial account balance.
1406,SCENARIO_506,Full withdrawal,1316453,,7735,9869,140.6,2021-03-15,Transaction amount matches the sender's initial account balance.
1407,SCENARIO_506,Full withdrawal,409706,,1506,3449,489.2,2024-10-03,Transaction amount matches the sender's initial account balance.
1408,SCENARIO_506,Full withdrawal,924577,,8717,9610,158.0,2012-06-09,Transaction amount matches the sender's initial account balance.
1409,SCENARIO_506,Full withdrawal,1144434,,9659,9858,191.0,2015-04-27,Transaction amount matches the sender's initial account balance.
1410,SCENARIO_506,Full withdrawal,489904,,7626,9776,161.1,2023-09-17,Transaction amount matches the sender's initial account balance.
1411,SCENARIO_506,Full withdrawal,547631,,9706,9035,195.6,2014-10-16,Transaction amount matches the sender's initial account balance.
1412,SCENARIO_506,Full withdrawal,950883,,9747,9908,101.44,2017-12-13,Transaction amount matches the sender's initial account balance.
1413,SCENARIO_506,Full withdrawal,51016,,8639,8496,125.44,2014-01-18,Transaction amount matches the sender's initial account balance.
1414,SCENARIO_506,Full withdrawal,465437,,6764,9928,105.75,2020-07-25,Transaction amount matches the sender's initial account balance.
1415,SCENARIO_506,Full withdrawal,551023,,3771,8782,168.8,2016-02-13,Transaction amount matches the sender's initial account balance.
1416,SCENARIO_506,Full withdrawal,336170,,9637,2998,104.5,2012-04-10,Transaction amount matches the sender's initial account balance.
1417,SCENARIO_506,Full withdrawal,1101481,,7747,9432,107.94,2018-01-10,Transaction amount matches the sender's initial account balance.
1418,SCENARIO_506,Full withdrawal,933970,,7793,9923,182.8,2016-11-26,Transaction amount matches the sender's initial account balance.
1419,SCENARIO_506,Full withdrawal,1288182,,6775,5709,194.6,2013-10-28,Transaction amount matches the sender's initial account balance.
1420,SCENARIO_506,Full withdrawal,899381,,9786,468,101.3,2024-02-09,Transaction amount matches the sender's initial account balance.
1421,SCENARIO_506,Full withdrawal,713726,,7953,9221,219.1,2020-09-17,Transaction amount matches the sender's initial account balance.
1422,SCENARIO_506,Full withdrawal,837856,,8694,6041,185.0,2012-10-17,Transaction amount matches the sender's initial account balance.
1423,SCENARIO_506,Full withdrawal,310179,,8608,9645,147.5,2020-08-18,Transaction amount matches the sender's initial account balance.
1424,SCENARIO_506,Full withdrawal,194341,,7794,7318,113.2,2016-10-21,Transaction amount matches the sender's initial account balance.
1425,SCENARIO_506,Full withdrawal,903458,,9732,6270,121.75,2013-04-24,Transaction amount matches the sender's initial account balance.
1426,SCENARIO_506,Full withdrawal,554256,,9763,9918,105.8,2014-07-29,Transaction amount matches the sender's initial account balance.
1427,SCENARIO_506,Full withdrawal,652286,,6489,4480,426.5,2023-07-21,Transaction amount matches the sender's initial account balance.
1428,SCENARIO_506,Full withdrawal,260243,,5658,9853,189.5,2023-01-12,Transaction amount matches the sender's initial account balance.
1429,SCENARIO_506,Full withdrawal,500399,,5524,8256,442.2,2012-04-28,Transaction amount matches the sender's initial account balance.
1430,SCENARIO_506,Full withdrawal,61285,,6730,5301,197.6,2019-11-28,Transaction amount matches the sender's initial account balance.
1431,SCENARIO_506,Full withdrawal,1278631,,9659,7719,191.0,2020-09-27,Transaction amount matches the sender's initial account balance.
1432,SCENARIO_506,Full withdrawal,1202923,,9415,9960,521.0,2021-03-12,Transaction amount matches the sender's initial account balance.
1433,SCENARIO_506,Full withdrawal,592272,,3487,1668,440.0,2024-05-09,Transaction amount matches the sender's initial account balance.
1434,SCENARIO_506,Full withdrawal,272187,,643,5074,141.5,2024-10-10,Transaction amount matches the sender's initial account balance.
1435,SCENARIO_506,Full withdrawal,1296535,,5735,8790,199.5,2015-06-02,Transaction amount matches the sender's initial account balance.
1436,SCENARIO_506,Full withdrawal,476750,,1480,9970,473.5,2024-10-14,Transaction amount matches the sender's initial account balance.
1437,SCENARIO_506,Full withdrawal,199379,,3601,9452,140.1,2017-05-06,Transaction amount matches the sender's initial account balance.
1438,SCENARIO_506,Full withdrawal,945763,,9706,6498,195.6,2021-05-20,Transaction amount matches the sender's initial account balance.
1439,SCENARIO_506,Full withdrawal,965705,,7747,6020,107.94,2020-03-15,Transaction amount matches the sender's initial account balance.
1440,SCENARIO_506,Full withdrawal,761683,,473,8633,443.2,2024-10-23,Transaction amount matches the sender's initial account balance.
1441,SCENARIO_506,Full withdrawal,266376,,3694,7791,105.06,2022-07-11,Transaction amount matches the sender's initial account balance.
1442,SCENARIO_506,Full withdrawal,355320,,6604,7154,163.8,2019-08-12,Transaction amount matches the sender's initial account balance.
1443,SCENARIO_506,Full withdrawal,564084,,9525,7165,496.2,2018-01-08,Transaction amount matches the sender's initial account balance.
1444,SCENARIO_506,Full withdrawal,1222299,,8748,760,100.8,2019-06-29,Transaction amount matches the sender's initial account balance.
1445,SCENARIO_506,Full withdrawal,462793,,2690,3741,106.8,2024-09-25,Transaction amount matches the sender's initial account balance.
1446,SCENARIO_506,Full withdrawal,952620,,7677,9988,101.44,2012-10-18,Transaction amount matches the sender's initial account balance.
1447,SCENARIO_506,Full withdrawal,622786,,9747,2561,101.44,2021-11-11,Transaction amount matches the sender's initial account balance.
1448,SCENARIO_506,Full withdrawal,236531,,9786,5826,101.3,2012-10-11,Transaction amount matches the sender's initial account balance.
1449,SCENARIO_506,Full withdrawal,184912,,8629,2430,159.5,2020-11-05,Transaction amount matches the sender's initial account balance.
1450,SCENARIO_506,Full withdrawal,78404,,5703,7006,127.5,2023-02-17,Transaction amount matches the sender's initial account balance.
1451,SCENARIO_506,Full withdrawal,717779,,8656,2450,176.1,2013-02-24,Transaction amount matches the sender's initial account balance.
1452,SCENARIO_506,Full withdrawal,363475,,6676,9962,122.8,2016-06-10,Transaction amount matches the sender's initial account balance.
1453,SCENARIO_506,Full withdrawal,832617,,4799,5458,166.0,2017-11-09,Transaction amount matches the sender's initial account balance.
1454,SCENARIO_506,Full withdrawal,152605,,9718,9896,122.94,2024-06-20,Transaction amount matches the sender's initial account balance.
1455,SCENARIO_506,Full withdrawal,531273,,3883,8819,347.8,2023-05-29,Transaction amount matches the sender's initial account balance.
1456,SCENARIO_506,Full withdrawal,776266,,4687,9971,105.4,2012-06-11,Transaction amount matches the sender's initial account balance.
1457,SCENARIO_506,Full withdrawal,139572,,5730,7084,108.8,2017-04-17,Transaction amount matches the sender's initial account balance.
1458,SCENARIO_506,Full withdrawal,214881,,2473,2711,420.2,2024-09-25,Transaction amount matches the sender's initial account balance.
1459,SCENARIO_506,Full withdrawal,1271787,,9619,9917,166.1,2014-11-12,Transaction amount matches the sender's initial account balance.
1460,SCENARIO_506,Full withdrawal,1245781,,3647,2304,197.0,2021-03-10,Transaction amount matches the sender's initial account balance.
1461,SCENARIO_506,Full withdrawal,27178,,6889,2900,349.2,2017-06-16,Transaction amount matches the sender's initial account balance.
1462,SCENARIO_506,Full withdrawal,580843,,8497,8244,503.2,2023-03-12,Transaction amount matches the sender's initial account balance.
1463,SCENARIO_506,Full withdrawal,680863,,4754,9862,130.0,2015-03-23,Transaction amount matches the sender's initial account balance.
1464,SCENARIO_506,Full withdrawal,4971,,7793,9729,182.8,2020-06-07,Transaction amount matches the sender's initial account balance.
1465,SCENARIO_506,Full withdrawal,749345,,9729,9428,103.44,2012-08-01,Transaction amount matches the sender's initial account balance.
1466,SCENARIO_506,Full withdrawal,143912,,6489,4480,426.5,2023-01-28,Transaction amount matches the sender's initial account balance.
1467,SCENARIO_506,Full withdrawal,1222301,,8748,4929,100.8,2015-04-03,Transaction amount matches the sender's initial account balance.
1468,SCENARIO_506,Full withdrawal,139568,,5730,8743,108.8,2016-12-09,Transaction amount matches the sender's initial account balance.
1469,SCENARIO_506,Full withdrawal,164128,,7733,3542,102.44,2018-04-13,Transaction amount matches the sender's initial account balance.
1470,SCENARIO_506,Full withdrawal,6581,,4564,6045,550.5,2019-04-16,Transaction amount matches the sender's initial account balance.
1471,SCENARIO_506,Full withdrawal,844490,,7724,6981,128.6,2024-10-27,Transaction amount matches the sender's initial account balance.
1472,SCENARIO_506,Full withdrawal,287009,,5674,9339,133.1,2014-11-09,Transaction amount matches the sender's initial account balance.
1473,SCENARIO_506,Full withdrawal,418821,,8686,258,122.06,2023-06-14,Transaction amount matches the sender's initial account balance.
1474,SCENARIO_506,Full withdrawal,565418,,9566,8432,556.5,2014-01-12,Transaction amount matches the sender's initial account balance.
1475,SCENARIO_506,Full withdrawal,934980,,2620,9935,110.7,2024-09-24,Transaction amount matches the sender's initial account balance.
1476,SCENARIO_506,Full withdrawal,868926,,8634,9914,109.3,2015-02-19,Transaction amount matches the sender's initial account balance.
1477,SCENARIO_506,Full withdrawal,264757,,8717,8191,158.0,2018-08-10,Transaction amount matches the sender's initial account balance.
1478,SCENARIO_506,Full withdrawal,785636,,7787,1057,100.8,2012-09-09,Transaction amount matches the sender's initial account balance.
1479,SCENARIO_506,Full withdrawal,347008,,4681,9626,111.06,2015-07-28,Transaction amount matches the sender's initial account balance.
1480,SCENARIO_506,Full withdrawal,899392,,9786,5826,101.3,2019-08-24,Transaction amount matches the sender's initial account balance.
1481,SCENARIO_506,Full withdrawal,684618,,6604,9903,163.8,2019-08-20,Transaction amount matches the sender's initial account balance.
1482,SCENARIO_506,Full withdrawal,742200,,2633,9098,116.56,2024-09-26,Transaction amount matches the sender's initial account balance.
1483,SCENARIO_506,Full withdrawal,1090301,,6699,2250,198.5,2014-09-15,Transaction amount matches the sender's initial account balance.
1484,SCENARIO_506,Full withdrawal,1044399,,9767,8816,127.0,2015-08-24,Transaction amount matches the sender's initial account balance.
1485,SCENARIO_506,Full withdrawal,852867,,3770,9162,131.1,2015-04-05,Transaction amount matches the sender's initial account balance.
1486,SCENARIO_506,Full withdrawal,599525,,9637,8828,104.5,2016-07-11,Transaction amount matches the sender's initial account balance.
1487,SCENARIO_506,Full withdrawal,295260,,3651,4487,169.8,2024-01-31,Transaction amount matches the sender's initial account balance.
1488,SCENARIO_506,Full withdrawal,796984,,5438,9870,450.0,2022-03-06,Transaction amount matches the sender's initial account balance.
1489,SCENARIO_506,Full withdrawal,700469,,9786,8803,101.3,2017-06-03,Transaction amount matches the sender's initial account balance.
1490,SCENARIO_506,Full withdrawal,953511,,540,9668,458.2,2024-10-17,Transaction amount matches the sender's initial account balance.
1491,SCENARIO_506,Full withdrawal,808714,,8671,8019,109.5,2019-11-06,Transaction amount matches the sender's initial account balance.
1492,SCENARIO_506,Full withdrawal,945764,,9706,9822,195.6,2016-08-30,Transaction amount matches the sender's initial account balance.
1493,SCENARIO_506,Full withdrawal,941650,,4746,2087,106.3,2019-04-26,Transaction amount matches the sender's initial account balance.
1494,SCENARIO_506,Full withdrawal,447216,,9774,4241,121.25,2014-05-05,Transaction amount matches the sender's initial account balance.
1495,SCENARIO_506,Full withdrawal,768431,,5581,9784,518.0,2020-07-19,Transaction amount matches the sender's initial account balance.
1496,SCENARIO_506,Full withdrawal,1004370,,4746,985,106.3,2014-07-04,Transaction amount matches the sender's initial account balance.
1497,SCENARIO_506,Full withdrawal,820961,,9747,9532,101.44,2014-02-16,Transaction amount matches the sender's initial account balance.
1498,SCENARIO_506,Full withdrawal,913194,,8708,6885,171.0,2012-09-11,Transaction amount matches the sender's initial account balance.
1499,SCENARIO_506,Full withdrawal,731973,,5783,4195,162.8,2012-09-06,Transaction amount matches the sender's initial account balance.
1500,SCENARIO_506,Full withdrawal,1264933,,8634,7462,109.3,2024-08-30,Transaction amount matches the sender's initial account balance.
1501,SCENARIO_506,Full withdrawal,890413,,6604,3536,163.8,2014-03-09,Transaction amount matches the sender's initial account balance.
1502,SCENARIO_506,Full withdrawal,925284,,7794,6218,113.2,2016-06-21,Transaction amount matches the sender's initial account balance.
1503,SCENARIO_506,Full withdrawal,872672,,1647,5222,124.3,2024-10-25,Transaction amount matches the sender's initial account balance.
1504,SCENARIO_506,Full withdrawal,1013725,,9609,9315,177.6,2016-02-09,Transaction amount matches the sender's initial account balance.
1505,SCENARIO_506,Full withdrawal,552279,,6706,8706,114.3,2012-02-20,Transaction amount matches the sender's initial account balance.
1506,SCENARIO_506,Full withdrawal,10259,,7711,4327,115.8,2024-01-23,Transaction amount matches the sender's initial account balance.
1507,SCENARIO_506,Full withdrawal,1026331,,5705,3889,114.44,2023-05-12,Transaction amount matches the sender's initial account balance.
1508,SCENARIO_506,Full withdrawal,869515,,3974,5551,399.2,2021-05-24,Transaction amount matches the sender's initial account balance.
1509,SCENARIO_506,Full withdrawal,622720,,753,7833,104.44,2024-09-01,Transaction amount matches the sender's initial account balance.
1510,SCENARIO_506,Full withdrawal,1172407,,8636,9580,119.2,2016-02-19,Transaction amount matches the sender's initial account balance.
1511,SCENARIO_506,Full withdrawal,362906,,4783,8861,120.7,2015-06-01,Transaction amount matches the sender's initial account balance.
1512,SCENARIO_506,Full withdrawal,1204157,,6489,4480,426.5,2023-03-02,Transaction amount matches the sender's initial account balance.
1513,SCENARIO_506,Full withdrawal,374872,,8780,8762,109.8,2013-10-04,Transaction amount matches the sender's initial account balance.
1514,SCENARIO_506,Full withdrawal,886764,,4631,7056,172.5,2016-01-25,Transaction amount matches the sender's initial account balance.
1515,SCENARIO_506,Full withdrawal,719074,,6614,9995,153.8,2024-09-11,Transaction amount matches the sender's initial account balance.
1516,SCENARIO_506,Full withdrawal,808164,,3799,8737,133.1,2013-06-15,Transaction amount matches the sender's initial account balance.
1517,SCENARIO_506,Full withdrawal,770292,,6663,2291,147.6,2020-09-12,Transaction amount matches the sender's initial account balance.
1518,SCENARIO_506,Full withdrawal,774200,,7748,7676,135.0,2017-08-24,Transaction amount matches the sender's initial account balance.
1519,SCENARIO_506,Full withdrawal,1256674,,7996,9463,279.8,2016-05-29,Transaction amount matches the sender's initial account balance.
1520,SCENARIO_506,Full withdrawal,805147,,2794,1050,103.3,2024-09-23,Transaction amount matches the sender's initial account balance.
1521,SCENARIO_506,Full withdrawal,423472,,7677,9988,101.44,2022-10-23,Transaction amount matches the sender's initial account balance.
1522,SCENARIO_506,Full withdrawal,1212901,,6706,4116,114.3,2013-09-02,Transaction amount matches the sender's initial account balance.
1523,SCENARIO_506,Full withdrawal,469105,,7465,7165,553.0,2012-02-18,Transaction amount matches the sender's initial account balance.
1524,SCENARIO_506,Full withdrawal,615023,,9659,6671,191.0,2023-10-06,Transaction amount matches the sender's initial account balance.
1525,SCENARIO_506,Full withdrawal,184914,,8629,382,159.5,2017-04-18,Transaction amount matches the sender's initial account balance.
1526,SCENARIO_506,Full withdrawal,1044372,,9767,2291,127.0,2023-01-30,Transaction amount matches the sender's initial account balance.
1527,SCENARIO_506,Full withdrawal,1004106,,9667,9873,150.8,2020-12-06,Transaction amount matches the sender's initial account balance.
1528,SCENARIO_506,Full withdrawal,940558,,5703,4885,127.5,2013-02-16,Transaction amount matches the sender's initial account balance.
1529,SCENARIO_506,Full withdrawal,382491,,9767,9956,127.0,2021-12-25,Transaction amount matches the sender's initial account balance.
1530,SCENARIO_506,Full withdrawal,724937,,8725,6803,185.8,2018-05-05,Transaction amount matches the sender's initial account balance.
1531,SCENARIO_506,Full withdrawal,1044619,,7760,4703,100.94,2021-09-19,Transaction amount matches the sender's initial account balance.
1532,SCENARIO_506,Full withdrawal,150224,,9729,315,103.44,2015-03-20,Transaction amount matches the sender's initial account balance.
1533,SCENARIO_506,Full withdrawal,715376,,9767,7677,127.0,2020-02-14,Transaction amount matches the sender's initial account balance.
1534,SCENARIO_506,Full withdrawal,947822,,9659,9994,191.0,2023-05-17,Transaction amount matches the sender's initial account balance.
1535,SCENARIO_506,Full withdrawal,302896,,1722,6336,108.9,2024-08-18,Transaction amount matches the sender's initial account balance.
1536,SCENARIO_506,Full withdrawal,1211867,,9729,4849,103.44,2022-01-22,Transaction amount matches the sender's initial account balance.
1537,SCENARIO_506,Full withdrawal,194211,,6721,4255,160.0,2022-05-19,Transaction amount matches the sender's initial account balance.
1538,SCENARIO_506,Full withdrawal,388864,,6641,5362,158.5,2016-03-22,Transaction amount matches the sender's initial account balance.
1539,SCENARIO_506,Full withdrawal,263374,,6764,4096,105.75,2016-03-29,Transaction amount matches the sender's initial account balance.
1540,SCENARIO_506,Full withdrawal,848639,,4548,9796,410.2,2016-04-07,Transaction amount matches the sender's initial account balance.
1541,SCENARIO_506,Full withdrawal,860336,,2585,9322,470.8,2024-09-12,Transaction amount matches the sender's initial account balance.
1542,SCENARIO_506,Full withdrawal,948543,,9729,1784,103.44,2015-12-07,Transaction amount matches the sender's initial account balance.
1543,SCENARIO_506,Full withdrawal,483027,,9609,3659,177.6,2018-07-25,Transaction amount matches the sender's initial account balance.
1544,SCENARIO_506,Full withdrawal,561791,,5705,9592,114.44,2022-01-05,Transaction amount matches the sender's initial account balance.
1545,SCENARIO_506,Full withdrawal,999379,,9637,8081,104.5,2020-04-08,Transaction amount matches the sender's initial account balance.
1546,SCENARIO_506,Full withdrawal,1267470,,8523,8651,448.8,2017-06-18,Transaction amount matches the sender's initial account balance.
1547,SCENARIO_506,Full withdrawal,68133,,9519,7385,437.2,2019-08-16,Transaction amount matches the sender's initial account balance.
1548,SCENARIO_506,Full withdrawal,220152,,7677,3091,101.44,2019-02-09,Transaction amount matches the sender's initial account balance.
1549,SCENARIO_506,Full withdrawal,643148,,8780,7499,109.8,2021-01-15,Transaction amount matches the sender's initial account balance.
1550,SCENARIO_506,Full withdrawal,1306289,,8636,7863,119.2,2024-08-27,Transaction amount matches the sender's initial account balance.
1551,SCENARIO_506,Full withdrawal,738096,,639,5111,113.94,2024-10-12,Transaction amount matches the sender's initial account balance.
1552,SCENARIO_506,Full withdrawal,672114,,7561,8310,440.0,2018-06-30,Transaction amount matches the sender's initial account balance.
1553,SCENARIO_506,Full withdrawal,1124808,,7794,795,113.2,2017-10-17,Transaction amount matches the sender's initial account balance.
1554,SCENARIO_506,Full withdrawal,966172,,9786,9329,101.3,2016-06-17,Transaction amount matches the sender's initial account balance.
1555,SCENARIO_506,Full withdrawal,303130,,4408,5320,466.2,2018-10-02,Transaction amount matches the sender's initial account balance.
1556,SCENARIO_506,Full withdrawal,844232,,5903,6483,262.2,2022-09-20,Transaction amount matches the sender's initial account balance.
1557,SCENARIO_506,Full withdrawal,1185702,,2757,3237,117.9,2024-09-21,Transaction amount matches the sender's initial account balance.
1558,SCENARIO_506,Full withdrawal,80418,,8671,238,109.5,2014-05-29,Transaction amount matches the sender's initial account balance.
1559,SCENARIO_506,Full withdrawal,373301,,5796,9908,100.44,2013-11-12,Transaction amount matches the sender's initial account balance.
1560,SCENARIO_506,Full withdrawal,733400,,3773,3561,186.6,2019-03-07,Transaction amount matches the sender's initial account balance.
1561,SCENARIO_506,Full withdrawal,1264472,,7749,9973,108.44,2014-03-11,Transaction amount matches the sender's initial account balance.
1562,SCENARIO_506,Full withdrawal,259945,,4668,9558,173.5,2022-12-22,Transaction amount matches the sender's initial account balance.
1563,SCENARIO_506,Full withdrawal,568705,,2793,4305,105.8,2024-09-02,Transaction amount matches the sender's initial account balance.
1564,SCENARIO_506,Full withdrawal,826057,,1698,4829,197.0,2024-10-01,Transaction amount matches the sender's initial account balance.
1565,SCENARIO_506,Full withdrawal,954998,,3785,567,131.0,2015-10-01,Transaction amount matches the sender's initial account balance.
1566,SCENARIO_506,Full withdrawal,236810,,7747,9432,107.94,2019-04-28,Transaction amount matches the sender's initial account balance.
1567,SCENARIO_506,Full withdrawal,497906,,3732,3986,105.0,2015-03-23,Transaction amount matches the sender's initial account balance.
1568,SCENARIO_506,Full withdrawal,771725,,6489,4480,426.5,2016-11-03,Transaction amount matches the sender's initial account balance.
1569,SCENARIO_506,Full withdrawal,1171049,,7748,9873,135.0,2014-09-22,Transaction amount matches the sender's initial account balance.
1570,SCENARIO_506,Full withdrawal,47630,,5530,5592,573.0,2023-08-09,Transaction amount matches the sender's initial account balance.
1571,SCENARIO_506,Full withdrawal,1007572,,696,7541,123.4,2024-10-10,Transaction amount matches the sender's initial account balance.
1572,SCENARIO_506,Full withdrawal,636003,,8778,7089,179.8,2013-01-23,Transaction amount matches the sender's initial account balance.
1573,SCENARIO_506,Full withdrawal,568447,,7952,9895,311.8,2018-07-23,Transaction amount matches the sender's initial account balance.
1574,SCENARIO_506,Full withdrawal,577210,,8608,9645,147.5,2015-10-31,Transaction amount matches the sender's initial account balance.
1575,SCENARIO_506,Full withdrawal,1042409,,2715,9997,138.1,2024-08-26,Transaction amount matches the sender's initial account balance.
1576,SCENARIO_506,Full withdrawal,410566,,7711,3492,115.8,2018-07-26,Transaction amount matches the sender's initial account balance.
1577,SCENARIO_506,Full withdrawal,1045984,,7465,7165,553.0,2016-11-17,Transaction amount matches the sender's initial account balance.
1578,SCENARIO_506,Full withdrawal,1271777,,9619,9082,166.1,2020-12-21,Transaction amount matches the sender's initial account balance.
1579,SCENARIO_506,Full withdrawal,637965,,5796,1579,100.44,2018-09-13,Transaction amount matches the sender's initial account balance.
1580,SCENARIO_506,Full withdrawal,603343,,7749,6486,108.44,2023-08-16,Transaction amount matches the sender's initial account balance.
1581,SCENARIO_506,Full withdrawal,547617,,9706,9822,195.6,2013-04-12,Transaction amount matches the sender's initial account balance.
1582,SCENARIO_506,Full withdrawal,750334,,8409,9487,424.2,2019-12-18,Transaction amount matches the sender's initial account balance.
1583,SCENARIO_506,Full withdrawal,634661,,7542,3170,554.0,2014-06-30,Transaction amount matches the sender's initial account balance.
1584,SCENARIO_506,Full withdrawal,234302,,7679,9970,116.3,2020-01-16,Transaction amount matches the sender's initial account balance.
1585,SCENARIO_506,Full withdrawal,920476,,9641,6890,127.3,2022-01-21,Transaction amount matches the sender's initial account balance.
1586,SCENARIO_506,Full withdrawal,497377,,6654,3262,103.94,2016-05-27,Transaction amount matches the sender's initial account balance.
1587,SCENARIO_506,Full withdrawal,335209,,6639,9209,183.0,2022-11-17,Transaction amount matches the sender's initial account balance.
1588,SCENARIO_506,Full withdrawal,843512,,4402,3913,551.0,2023-01-01,Transaction amount matches the sender's initial account balance.
1589,SCENARIO_506,Full withdrawal,731418,,6566,9993,470.2,2024-06-19,Transaction amount matches the sender's initial account balance.
1590,SCENARIO_506,Full withdrawal,940560,,5703,1989,127.5,2013-06-10,Transaction amount matches the sender's initial account balance.
1591,SCENARIO_506,Full withdrawal,823065,,3487,1668,440.0,2024-05-09,Transaction amount matches the sender's initial account balance.
1592,SCENARIO_506,Full withdrawal,886943,,9765,9628,122.3,2012-12-05,Transaction amount matches the sender's initial account balance.
1593,SCENARIO_506,Full withdrawal,982527,,473,8633,443.2,2024-10-23,Transaction amount matches the sender's initial account balance.
1594,SCENARIO_506,Full withdrawal,990717,,4483,4815,443.0,2012-06-06,Transaction amount matches the sender's initial account balance.
1595,SCENARIO_506,Full withdrawal,1247141,,7724,9212,128.6,2020-04-14,Transaction amount matches the sender's initial account balance.
1596,SCENARIO_506,Full withdrawal,722187,,2695,9748,194.1,2024-09-18,Transaction amount matches the sender's initial account balance.
1597,SCENARIO_506,Full withdrawal,1206546,,8706,6799,181.8,2016-05-20,Transaction amount matches the sender's initial account balance.
1598,SCENARIO_506,Full withdrawal,1003276,,8634,9321,109.3,2020-10-29,Transaction amount matches the sender's initial account balance.
1599,SCENARIO_506,Full withdrawal,84152,,9718,9414,122.94,2015-08-17,Transaction amount matches the sender's initial account balance.
1600,SCENARIO_506,Full withdrawal,1293918,,1,884,175.8,2024-07-02,Transaction amount matches the sender's initial account balance.
1601,SCENARIO_506,Full withdrawal,999965,,5783,8225,162.8,2019-12-18,Transaction amount matches the sender's initial account balance.
1602,SCENARIO_506,Full withdrawal,990977,,8725,5817,185.8,2023-04-04,Transaction amount matches the sender's initial account balance.
1603,SCENARIO_506,Full withdrawal,890877,,5753,9150,152.5,2012-05-18,Transaction amount matches the sender's initial account balance.
1604,SCENARIO_506,Full withdrawal,1291329,,9738,4571,139.5,2013-02-01,Transaction amount matches the sender's initial account balance.
1605,SCENARIO_506,Full withdrawal,679565,,8686,9810,122.06,2015-09-15,Transaction amount matches the sender's initial account balance.
1606,SCENARIO_506,Full withdrawal,519926,,9641,5624,127.3,2021-03-26,Transaction amount matches the sender's initial account balance.
1607,SCENARIO_506,Full withdrawal,1091691,,5753,8145,152.5,2018-01-22,Transaction amount matches the sender's initial account balance.
1608,SCENARIO_506,Full withdrawal,1155814,,7542,3170,554.0,2018-10-15,Transaction amount matches the sender's initial account balance.
1609,SCENARIO_506,Full withdrawal,503451,,1664,2692,133.8,2024-10-25,Transaction amount matches the sender's initial account balance.
1610,SCENARIO_506,Full withdrawal,535604,,643,5545,141.5,2024-10-10,Transaction amount matches the sender's initial account balance.
1611,SCENARIO_506,Full withdrawal,1060000,,8725,5817,185.8,2017-05-15,Transaction amount matches the sender's initial account balance.
1612,SCENARIO_506,Full withdrawal,1209120,,3799,9939,133.1,2012-05-31,Transaction amount matches the sender's initial account balance.
1613,SCENARIO_506,Full withdrawal,531179,,7794,8768,113.2,2019-12-21,Transaction amount matches the sender's initial account balance.
1614,SCENARIO_506,Full withdrawal,140152,,5423,6284,418.2,2018-12-19,Transaction amount matches the sender's initial account balance.
1615,SCENARIO_506,Full withdrawal,1199453,,5783,4195,162.8,2023-08-12,Transaction amount matches the sender's initial account balance.
1616,SCENARIO_506,Full withdrawal,1027165,,4783,9958,120.7,2017-05-07,Transaction amount matches the sender's initial account balance.
1617,SCENARIO_506,Full withdrawal,675269,,2633,9916,116.56,2024-09-26,Transaction amount matches the sender's initial account balance.
1618,SCENARIO_506,Full withdrawal,1222127,,7645,494,192.8,2021-01-14,Transaction amount matches the sender's initial account balance.
1619,SCENARIO_506,Full withdrawal,944054,,639,7135,113.94,2024-10-12,Transaction amount matches the sender's initial account balance.
1620,SCENARIO_506,Full withdrawal,1277945,,9609,4495,177.6,2022-06-15,Transaction amount matches the sender's initial account balance.
1621,SCENARIO_506,Full withdrawal,227655,,762,9960,111.8,2024-10-19,Transaction amount matches the sender's initial account balance.
1622,SCENARIO_506,Full withdrawal,926706,,8582,5580,594.0,2020-08-01,Transaction amount matches the sender's initial account balance.
1623,SCENARIO_506,Full withdrawal,1112186,,9767,9956,127.0,2024-09-21,Transaction amount matches the sender's initial account balance.
1624,SCENARIO_506,Full withdrawal,370763,,9732,3514,121.75,2019-07-09,Transaction amount matches the sender's initial account balance.
1625,SCENARIO_506,Full withdrawal,1074963,,9619,2643,166.1,2014-02-02,Transaction amount matches the sender's initial account balance.
1626,SCENARIO_506,Full withdrawal,416087,,4785,7941,179.5,2014-11-04,Transaction amount matches the sender's initial account balance.
1627,SCENARIO_506,Full withdrawal,1224400,,762,777,111.8,2024-10-19,Transaction amount matches the sender's initial account balance.
1628,SCENARIO_506,Full withdrawal,439716,,6666,9312,103.8,2015-09-18,Transaction amount matches the sender's initial account balance.
1629,SCENARIO_506,Full withdrawal,941644,,4746,4486,106.3,2023-08-27,Transaction amount matches the sender's initial account balance.
1630,SCENARIO_506,Full withdrawal,1129240,,8717,8866,158.0,2014-06-09,Transaction amount matches the sender's initial account balance.
1631,SCENARIO_506,Full withdrawal,1169670,,8778,7089,179.8,2017-01-08,Transaction amount matches the sender's initial account balance.
1632,SCENARIO_506,Full withdrawal,1100423,,5735,9806,199.5,2022-03-26,Transaction amount matches the sender's initial account balance.
1633,SCENARIO_506,Full withdrawal,1214521,,8673,6567,125.75,2014-10-08,Transaction amount matches the sender's initial account balance.
1634,SCENARIO_506,Full withdrawal,583700,,7724,1432,128.6,2017-02-19,Transaction amount matches the sender's initial account balance.
1635,SCENARIO_506,Full withdrawal,1135256,,3839,434,366.2,2015-04-08,Transaction amount matches the sender's initial account balance.
1636,SCENARIO_506,Full withdrawal,645346,,8708,7968,171.0,2018-10-02,Transaction amount matches the sender's initial account balance.
1637,SCENARIO_506,Full withdrawal,411454,,8706,3983,181.8,2013-07-06,Transaction amount matches the sender's initial account balance.
1638,SCENARIO_506,Full withdrawal,444881,,9601,5543,165.6,2023-11-12,Transaction amount matches the sender's initial account balance.
1639,SCENARIO_506,Full withdrawal,151464,,4754,7026,130.0,2013-08-03,Transaction amount matches the sender's initial account balance.
1640,SCENARIO_506,Full withdrawal,854888,,4741,1615,120.75,2022-09-06,Transaction amount matches the sender's initial account balance.
1641,SCENARIO_506,Full withdrawal,724045,,5508,6320,461.2,2012-05-31,Transaction amount matches the sender's initial account balance.
1642,SCENARIO_506,Full withdrawal,447209,,9774,8928,121.25,2015-02-14,Transaction amount matches the sender's initial account balance.
1643,SCENARIO_506,Full withdrawal,1006558,,5755,4126,100.0,2018-09-14,Transaction amount matches the sender's initial account balance.
1644,SCENARIO_506,Full withdrawal,966168,,9786,468,101.3,2013-10-03,Transaction amount matches the sender's initial account balance.
1645,SCENARIO_506,Full withdrawal,108611,,7513,5086,475.8,2019-05-25,Transaction amount matches the sender's initial account balance.
1646,SCENARIO_506,Full withdrawal,199797,,8717,8866,158.0,2014-07-25,Transaction amount matches the sender's initial account balance.
1647,SCENARIO_506,Full withdrawal,1278620,,9659,8178,191.0,2014-04-12,Transaction amount matches the sender's initial account balance.
1648,SCENARIO_506,Full withdrawal,185055,,1704,4997,174.5,2024-10-11,Transaction amount matches the sender's initial account balance.
1649,SCENARIO_506,Full withdrawal,679338,,9729,5033,103.44,2018-12-17,Transaction amount matches the sender's initial account balance.
1650,SCENARIO_506,Full withdrawal,853026,,9641,1635,127.3,2017-09-22,Transaction amount matches the sender's initial account balance.
1651,SCENARIO_506,Full withdrawal,884794,,7590,8366,435.0,2024-08-13,Transaction amount matches the sender's initial account balance.
1652,SCENARIO_506,Full withdrawal,282816,,9706,651,195.6,2021-08-18,Transaction amount matches the sender's initial account balance.
1653,SCENARIO_506,Full withdrawal,2393,,3601,3926,140.1,2016-04-29,Transaction amount matches the sender's initial account balance.
1654,SCENARIO_506,Full withdrawal,915475,,5530,5592,573.0,2023-12-06,Transaction amount matches the sender's initial account balance.
1655,SCENARIO_506,Full withdrawal,1302566,,4698,9991,107.3,2018-04-10,Transaction amount matches the sender's initial account balance.
1656,SCENARIO_506,Full withdrawal,813669,,9415,9960,521.0,2016-05-25,Transaction amount matches the sender's initial account balance.
1657,SCENARIO_506,Full withdrawal,1048196,,9774,7470,121.25,2019-09-03,Transaction amount matches the sender's initial account balance.
1658,SCENARIO_506,Full withdrawal,444701,,9415,9960,521.0,2023-03-18,Transaction amount matches the sender's initial account balance.
1659,SCENARIO_506,Full withdrawal,439859,,4664,2518,103.3,2016-02-11,Transaction amount matches the sender's initial account balance.
1660,SCENARIO_506,Full withdrawal,1178275,,738,2170,132.5,2024-10-03,Transaction amount matches the sender's initial account balance.
1661,SCENARIO_506,Full withdrawal,879530,,3428,9983,504.2,2024-09-07,Transaction amount matches the sender's initial account balance.
1662,SCENARIO_506,Full withdrawal,286113,,5418,9179,557.0,2016-08-15,Transaction amount matches the sender's initial account balance.
1663,SCENARIO_506,Full withdrawal,1220991,,753,9589,104.44,2024-09-01,Transaction amount matches the sender's initial account balance.
1664,SCENARIO_506,Full withdrawal,108314,,4576,6322,457.2,2023-02-28,Transaction amount matches the sender's initial account balance.
1665,SCENARIO_506,Full withdrawal,757003,,5674,8606,133.1,2017-01-20,Transaction amount matches the sender's initial account balance.
1666,SCENARIO_506,Full withdrawal,695222,,3732,1548,105.0,2022-04-05,Transaction amount matches the sender's initial account balance.
1667,SCENARIO_506,Full withdrawal,1177590,,4780,9660,145.5,2014-02-27,Transaction amount matches the sender's initial account balance.
1668,SCENARIO_506,Full withdrawal,1293252,,6699,6793,198.5,2014-09-05,Transaction amount matches the sender's initial account balance.
1669,SCENARIO_506,Full withdrawal,472464,,9882,5140,235.1,2014-06-08,Transaction amount matches the sender's initial account balance.
1670,SCENARIO_506,Full withdrawal,852041,,7787,8512,100.8,2014-09-30,Transaction amount matches the sender's initial account balance.
1671,SCENARIO_506,Full withdrawal,1213757,,9706,8374,195.6,2012-04-14,Transaction amount matches the sender's initial account balance.
1672,SCENARIO_506,Full withdrawal,504561,,8523,8651,448.8,2013-02-04,Transaction amount matches the sender's initial account balance.
1673,SCENARIO_506,Full withdrawal,477738,,9619,5129,166.1,2018-01-22,Transaction amount matches the sender's initial account balance.
1674,SCENARIO_506,Full withdrawal,435233,,8778,2534,179.8,2018-07-27,Transaction amount matches the sender's initial account balance.
1675,SCENARIO_506,Full withdrawal,179801,,6671,6288,184.1,2021-07-10,Transaction amount matches the sender's initial account balance.
1676,SCENARIO_506,Full withdrawal,281828,,9729,9909,103.44,2015-04-25,Transaction amount matches the sender's initial account balance.
1677,SCENARIO_506,Full withdrawal,231129,,9738,6158,139.5,2024-03-27,Transaction amount matches the sender's initial account balance.
1678,SCENARIO_506,Full withdrawal,68246,,8634,9844,109.3,2022-05-10,Transaction amount matches the sender's initial account balance.
1679,SCENARIO_506,Full withdrawal,514045,,5530,5592,573.0,2023-09-16,Transaction amount matches the sender's initial account balance.
1680,SCENARIO_506,Full withdrawal,567844,,5530,5592,573.0,2013-02-17,Transaction amount matches the sender's initial account balance.
1681,SCENARIO_506,Full withdrawal,338046,,8634,9996,109.3,2021-12-29,Transaction amount matches the sender's initial account balance.
1682,SCENARIO_506,Full withdrawal,1161477,,5753,6253,152.5,2024-05-17,Transaction amount matches the sender's initial account balance.
1683,SCENARIO_506,Full withdrawal,200146,,9637,8081,104.5,2022-11-22,Transaction amount matches the sender's initial account balance.
1684,SCENARIO_506,Full withdrawal,1066830,,9637,4986,104.5,2019-04-22,Transaction amount matches the sender's initial account balance.
1685,SCENARIO_506,Full withdrawal,913196,,8708,9580,171.0,2023-11-15,Transaction amount matches the sender's initial account balance.
1686,SCENARIO_506,Full withdrawal,563597,,540,9668,458.2,2024-10-17,Transaction amount matches the sender's initial account balance.
1687,SCENARIO_506,Full withdrawal,1193,,8548,6220,468.5,2019-06-23,Transaction amount matches the sender's initial account balance.
1688,SCENARIO_506,Full withdrawal,989246,,8625,6476,109.44,2013-09-14,Transaction amount matches the sender's initial account balance.
1689,SCENARIO_506,Full withdrawal,949564,,8615,4919,104.56,2016-02-24,Transaction amount matches the sender's initial account balance.
1690,SCENARIO_506,Full withdrawal,1209145,,1437,8641,508.2,2024-10-18,Transaction amount matches the sender's initial account balance.
1691,SCENARIO_506,Full withdrawal,817330,,2623,5682,111.5,2024-09-26,Transaction amount matches the sender's initial account balance.
1692,SCENARIO_506,Full withdrawal,84469,,2418,366,458.0,2024-09-05,Transaction amount matches the sender's initial account balance.
1693,SCENARIO_506,Full withdrawal,1132601,,9637,4819,104.5,2020-06-13,Transaction amount matches the sender's initial account balance.
1694,SCENARIO_506,Full withdrawal,653722,,5431,1788,474.2,2022-11-24,Transaction amount matches the sender's initial account balance.
1695,SCENARIO_506,Full withdrawal,1081241,,1436,8112,436.2,2024-10-18,Transaction amount matches the sender's initial account balance.
1696,SCENARIO_506,Full withdrawal,445446,,3457,9047,493.0,2014-10-14,Transaction amount matches the sender's initial account balance.
1697,SCENARIO_506,Full withdrawal,92703,,9765,1084,122.3,2024-08-08,Transaction amount matches the sender's initial account balance.
1698,SCENARIO_506,Full withdrawal,820697,,4631,5709,172.5,2022-09-06,Transaction amount matches the sender's initial account balance.
1699,SCENARIO_506,Full withdrawal,857515,,8625,4213,109.44,2023-02-20,Transaction amount matches the sender's initial account balance.
1700,SCENARIO_506,Full withdrawal,787036,,8656,2117,176.1,2015-08-30,Transaction amount matches the sender's initial account balance.
1701,SCENARIO_506,Full withdrawal,452920,,7735,9968,140.6,2022-07-19,Transaction amount matches the sender's initial account balance.
1702,SCENARIO_506,Full withdrawal,1173869,,8427,6087,437.8,2015-05-23,Transaction amount matches the sender's initial account balance.
1703,SCENARIO_506,Full withdrawal,662086,,7794,1581,113.2,2015-12-09,Transaction amount matches the sender's initial account balance.
1704,SCENARIO_506,Full withdrawal,108787,,2715,9993,138.1,2024-08-26,Transaction amount matches the sender's initial account balance.
1705,SCENARIO_506,Full withdrawal,725952,,8717,4812,158.0,2022-05-06,Transaction amount matches the sender's initial account balance.
1706,SCENARIO_506,Full withdrawal,283054,,8727,9928,131.5,2014-11-08,Transaction amount matches the sender's initial account balance.
1707,SCENARIO_506,Full withdrawal,566432,,4408,5320,466.2,2017-04-10,Transaction amount matches the sender's initial account balance.
1708,SCENARIO_506,Full withdrawal,1305664,,2715,2128,138.1,2024-08-26,Transaction amount matches the sender's initial account balance.
1709,SCENARIO_506,Full withdrawal,488230,,2585,9322,470.8,2024-09-12,Transaction amount matches the sender's initial account balance.
1710,SCENARIO_506,Full withdrawal,79559,,9667,1124,150.8,2014-06-14,Transaction amount matches the sender's initial account balance.
1711,SCENARIO_506,Full withdrawal,550410,,9609,6944,177.6,2014-08-09,Transaction amount matches the sender's initial account balance.
1712,SCENARIO_506,Full withdrawal,429323,,6699,9139,198.5,2023-07-24,Transaction amount matches the sender's initial account balance.
1713,SCENARIO_506,Full withdrawal,186863,,7840,9322,264.5,2017-03-16,Transaction amount matches the sender's initial account balance.
1714,SCENARIO_506,Full withdrawal,1178112,,7760,4703,100.94,2019-04-03,Transaction amount matches the sender's initial account balance.
1715,SCENARIO_506,Full withdrawal,535098,,8634,9914,109.3,2012-11-10,Transaction amount matches the sender's initial account balance.
1716,SCENARIO_506,Full withdrawal,1256551,,2690,4123,106.8,2024-09-25,Transaction amount matches the sender's initial account balance.
1717,SCENARIO_506,Full withdrawal,236820,,7747,4501,107.94,2015-05-01,Transaction amount matches the sender's initial account balance.
1718,SCENARIO_506,Full withdrawal,860404,,2690,4123,106.8,2024-09-25,Transaction amount matches the sender's initial account balance.
1719,SCENARIO_506,Full withdrawal,1320519,,473,8633,443.2,2024-10-23,Transaction amount matches the sender's initial account balance.
1720,SCENARIO_506,Full withdrawal,417257,,9718,2318,122.94,2023-01-23,Transaction amount matches the sender's initial account balance.
1721,SCENARIO_506,Full withdrawal,14428,,8706,6154,181.8,2019-06-14,Transaction amount matches the sender's initial account balance.
1722,SCENARIO_506,Full withdrawal,248113,,8639,5729,125.44,2017-12-17,Transaction amount matches the sender's initial account balance.
1723,SCENARIO_506,Full withdrawal,790731,,7638,9955,110.5,2014-07-28,Transaction amount matches the sender's initial account balance.
1724,SCENARIO_506,Full withdrawal,359721,,7626,6626,161.1,2016-08-08,Transaction amount matches the sender's initial account balance.
1725,SCENARIO_506,Full withdrawal,880415,,9659,4186,191.0,2012-04-09,Transaction amount matches the sender's initial account balance.
1726,SCENARIO_506,Full withdrawal,968862,,9732,5267,121.75,2017-11-02,Transaction amount matches the sender's initial account balance.
1727,SCENARIO_506,Full withdrawal,703939,,6666,7970,103.8,2023-01-12,Transaction amount matches the sender's initial account balance.
1728,SCENARIO_506,Full withdrawal,681136,,9575,9983,555.5,2022-02-22,Transaction amount matches the sender's initial account balance.
1729,SCENARIO_506,Full withdrawal,454167,,6641,9265,158.5,2023-01-28,Transaction amount matches the sender's initial account balance.
1730,SCENARIO_506,Full withdrawal,817469,,9659,1652,191.0,2023-11-04,Transaction amount matches the sender's initial account balance.
1731,SCENARIO_506,Full withdrawal,1020599,,7677,9652,101.44,2021-05-23,Transaction amount matches the sender's initial account balance.
1732,SCENARIO_506,Full withdrawal,715321,,473,8633,443.2,2024-10-23,Transaction amount matches the sender's initial account balance.
1733,SCENARIO_506,Full withdrawal,1220327,,5530,5592,573.0,2014-11-03,Transaction amount matches the sender's initial account balance.
1734,SCENARIO_506,Full withdrawal,110470,,8608,9990,147.5,2017-12-28,Transaction amount matches the sender's initial account balance.
1735,SCENARIO_506,Full withdrawal,291334,,9747,2561,101.44,2019-06-13,Transaction amount matches the sender's initial account balance.
1736,SCENARIO_506,Full withdrawal,320483,,9641,5598,127.3,2016-06-29,Transaction amount matches the sender's initial account balance.
1737,SCENARIO_506,Full withdrawal,704834,,8694,8234,185.0,2013-08-09,Transaction amount matches the sender's initial account balance.
1738,SCENARIO_506,Full withdrawal,942359,,9667,1124,150.8,2023-08-25,Transaction amount matches the sender's initial account balance.
1739,SCENARIO_506,Full withdrawal,91938,,6683,448,167.0,2015-10-23,Transaction amount matches the sender's initial account balance.
1740,SCENARIO_506,Full withdrawal,385133,,9774,9938,121.25,2020-11-04,Transaction amount matches the sender's initial account balance.
1741,SCENARIO_506,Full withdrawal,80785,,773,7680,103.94,2024-10-17,Transaction amount matches the sender's initial account balance.
1742,SCENARIO_506,Full withdrawal,527905,,6730,4259,197.6,2012-12-14,Transaction amount matches the sender's initial account balance.
1743,SCENARIO_506,Full withdrawal,1253142,,6614,7156,153.8,2018-09-06,Transaction amount matches the sender's initial account balance.
1744,SCENARIO_506,Full withdrawal,1123765,,9560,9520,449.0,2012-02-08,Transaction amount matches the sender's initial account balance.
1745,SCENARIO_506,Full withdrawal,444811,,8608,8166,147.5,2012-04-05,Transaction amount matches the sender's initial account balance.
1746,SCENARIO_506,Full withdrawal,207145,,7711,7536,115.8,2024-06-22,Transaction amount matches the sender's initial account balance.
1747,SCENARIO_506,Full withdrawal,902728,,4483,4815,443.0,2021-11-09,Transaction amount matches the sender's initial account balance.
1748,SCENARIO_506,Full withdrawal,1241468,,8694,733,185.0,2023-11-25,Transaction amount matches the sender's initial account balance.
1749,SCENARIO_506,Full withdrawal,44786,,5796,9908,100.44,2017-05-12,Transaction amount matches the sender's initial account balance.
1750,SCENARIO_506,Full withdrawal,157575,,7423,8399,572.5,2013-07-26,Transaction amount matches the sender's initial account balance.
1751,SCENARIO_506,Full withdrawal,27191,,9747,6156,101.44,2018-05-17,Transaction amount matches the sender's initial account balance.
1752,SCENARIO_506,Full withdrawal,96976,,9566,8432,556.5,2019-01-26,Transaction amount matches the sender's initial account balance.
1753,SCENARIO_506,Full withdrawal,1171894,,8608,9193,147.5,2016-01-31,Transaction amount matches the sender's initial account balance.
1754,SCENARIO_506,Full withdrawal,420860,,6683,8757,167.0,2013-07-02,Transaction amount matches the sender's initial account balance.
1755,SCENARIO_506,Full withdrawal,101067,,7780,4587,140.5,2012-05-11,Transaction amount matches the sender's initial account balance.
1756,SCENARIO_506,Full withdrawal,1070125,,7793,9923,182.8,2024-06-05,Transaction amount matches the sender's initial account balance.
1757,SCENARIO_506,Full withdrawal,684864,,9747,6156,101.44,2018-12-13,Transaction amount matches the sender's initial account balance.
1758,SCENARIO_506,Full withdrawal,1162713,,8548,6220,468.5,2012-10-30,Transaction amount matches the sender's initial account balance.
1759,SCENARIO_506,Full withdrawal,937370,,8706,8194,181.8,2023-04-28,Transaction amount matches the sender's initial account balance.
1760,SCENARIO_506,Full withdrawal,687243,,7626,9571,161.1,2020-07-06,Transaction amount matches the sender's initial account balance.
1761,SCENARIO_506,Full withdrawal,633446,,9732,7558,121.75,2014-09-05,Transaction amount matches the sender's initial account balance.
1762,SCENARIO_506,Full withdrawal,519169,,8582,5580,594.0,2016-06-19,Transaction amount matches the sender's initial account balance.
1763,SCENARIO_506,Full withdrawal,487644,,6732,8210,106.9,2019-08-04,Transaction amount matches the sender's initial account balance.
1764,SCENARIO_506,Full withdrawal,1137127,,8706,8395,181.8,2018-05-10,Transaction amount matches the sender's initial account balance.
1765,SCENARIO_506,Full withdrawal,1273846,,3577,4095,559.5,2015-06-17,Transaction amount matches the sender's initial account balance.
1766,SCENARIO_506,Full withdrawal,833381,,4483,4815,443.0,2014-07-25,Transaction amount matches the sender's initial account balance.
1767,SCENARIO_506,Full withdrawal,872108,,5687,5541,158.5,2018-06-06,Transaction amount matches the sender's initial account balance.
1768,SCENARIO_506,Full withdrawal,517092,,8629,8131,159.5,2023-08-20,Transaction amount matches the sender's initial account balance.
1769,SCENARIO_506,Full withdrawal,168066,,7780,7104,140.5,2019-08-15,Transaction amount matches the sender's initial account balance.
1770,SCENARIO_506,Full withdrawal,541564,,4746,7697,106.3,2023-03-02,Transaction amount matches the sender's initial account balance.
