account_id,customer_id,init_balance,is_fraud,tx_behavior_id
1,C_1,175.8,False,1
3,C_3,125.9,False,1
4,C_4,151.1,False,1
6,C_6,178.4,False,1
9,C_9,158.4,False,1
12,C_12,128.1,False,1
14,C_14,161.9,False,1
16,C_16,191.0,False,1
17,C_17,198.2,False,1
21,C_21,173.0,False,1
22,C_22,189.9,False,1
23,C_23,168.4,False,1
24,C_24,147.2,False,1
25,C_25,110.06,False,1
30,C_30,147.8,False,1
36,C_36,172.0,False,1
41,C_41,149.4,False,1
42,C_42,186.8,False,1
48,C_48,123.9,False,1
51,C_51,144.8,False,1
52,C_52,108.06,False,1
55,C_55,193.2,False,1
57,C_57,155.1,False,1
58,C_58,170.6,False,1
59,C_59,154.8,False,1
61,C_61,154.0,False,1
63,C_63,160.4,False,1
66,C_66,159.6,False,1
68,C_68,157.6,False,1
72,C_72,161.2,False,1
76,C_76,175.8,False,1
77,C_77,187.6,False,1
78,C_78,192.4,False,1
79,C_79,184.2,False,1
81,C_81,192.2,False,1
82,C_82,154.0,False,1
88,C_88,189.5,False,1
91,C_91,158.0,True,1
92,C_92,145.0,False,1
94,C_94,199.6,False,1
98,C_98,161.2,False,1
99,C_99,148.6,False,1
103,C_103,173.1,False,1
105,C_105,122.06,False,1
112,C_112,104.5,False,1
113,C_113,157.4,True,1
117,C_117,102.7,False,1
119,C_119,160.6,False,1
120,C_120,157.6,False,1
121,C_121,139.1,False,1
122,C_122,137.0,False,1
126,C_126,196.1,False,1
127,C_127,118.5,False,1
129,C_129,121.06,False,1
130,C_130,180.1,False,1
131,C_131,193.8,False,1
133,C_133,142.5,False,1
134,C_134,110.1,False,1
137,C_137,164.8,False,1
139,C_139,118.0,False,1
141,C_141,103.94,False,1
142,C_142,110.06,False,1
143,C_143,198.9,False,1
145,C_145,135.9,False,1
146,C_146,173.1,False,1
147,C_147,183.9,False,1
149,C_149,116.94,False,1
151,C_151,196.6,False,1
152,C_152,105.8,False,1
153,C_153,167.6,True,1
159,C_159,117.5,False,1
160,C_160,147.1,False,1
161,C_161,141.0,False,1
162,C_162,156.9,False,1
165,C_165,135.8,False,1
166,C_166,183.8,False,1
167,C_167,125.06,False,1
168,C_168,156.0,False,1
170,C_170,174.1,False,1
173,C_173,128.1,False,1
174,C_174,124.0,False,1
175,C_175,195.2,False,1
179,C_179,194.8,False,1
180,C_180,163.4,False,1
181,C_181,162.1,False,1
182,C_182,171.5,True,1
183,C_183,138.8,False,1
184,C_184,141.5,False,1
186,C_186,100.1,False,1
188,C_188,133.5,False,1
189,C_189,123.94,True,1
190,C_190,163.8,False,1
194,C_194,141.5,False,1
195,C_195,140.2,False,1
196,C_196,170.1,False,1
197,C_197,141.9,False,1
198,C_198,166.2,False,1
199,C_199,104.7,False,1
203,C_203,305.5,False,2
208,C_208,299.0,False,2
210,C_210,293.5,False,2
212,C_212,375.0,False,2
213,C_213,362.5,False,2
217,C_217,216.8,False,2
218,C_218,345.0,False,2
223,C_223,242.8,False,2
230,C_230,329.8,False,2
234,C_234,220.0,False,2
235,C_235,370.8,False,2
238,C_238,255.0,False,2
243,C_243,304.2,False,2
246,C_246,374.2,False,2
251,C_251,311.8,False,2
253,C_253,387.8,False,2
254,C_254,382.0,False,2
258,C_258,331.0,True,2
259,C_259,342.5,False,2
262,C_262,274.5,False,2
264,C_264,241.6,False,2
266,C_266,201.8,False,2
269,C_269,358.0,False,2
271,C_271,267.8,False,2
273,C_273,208.2,False,2
275,C_275,396.5,False,2
276,C_276,258.0,False,2
277,C_277,279.0,False,2
278,C_278,309.8,False,2
279,C_279,258.8,False,2
280,C_280,295.5,False,2
282,C_282,209.6,False,2
285,C_285,214.1,False,2
286,C_286,280.8,False,2
287,C_287,265.8,False,2
288,C_288,283.0,False,2
289,C_289,219.9,False,2
291,C_291,294.8,False,2
292,C_292,368.2,False,2
294,C_294,268.8,False,2
295,C_295,295.8,False,2
298,C_298,260.5,False,2
299,C_299,347.0,False,2
300,C_300,379.0,False,2
301,C_301,384.0,False,2
306,C_306,213.1,False,2
307,C_307,216.9,False,2
308,C_308,350.0,False,2
314,C_314,297.8,True,2
315,C_315,317.0,False,2
316,C_316,335.8,True,2
322,C_322,286.2,False,2
323,C_323,271.8,False,2
324,C_324,212.8,False,2
331,C_331,279.5,False,2
333,C_333,208.4,False,2
334,C_334,389.5,False,2
337,C_337,239.6,False,2
339,C_339,309.2,False,2
341,C_341,397.8,False,2
344,C_344,281.2,True,2
346,C_346,375.5,False,2
352,C_352,334.0,False,2
354,C_354,322.0,False,2
357,C_357,392.5,False,2
360,C_360,207.1,True,2
363,C_363,356.8,False,2
364,C_364,368.5,False,2
366,C_366,343.8,False,2
370,C_370,373.8,False,2
371,C_371,207.9,False,2
374,C_374,203.0,False,2
376,C_376,266.0,False,2
377,C_377,232.1,False,2
380,C_380,393.8,False,2
382,C_382,380.2,False,2
383,C_383,300.5,False,2
387,C_387,351.5,False,2
389,C_389,349.5,False,2
396,C_396,358.2,False,2
401,C_401,531.5,False,3
402,C_402,400.0,False,3
403,C_403,436.5,False,3
404,C_404,501.2,False,3
405,C_405,451.0,False,3
406,C_406,413.0,False,3
407,C_407,572.0,False,3
408,C_408,588.5,False,3
409,C_409,460.5,False,3
413,C_413,528.0,False,3
416,C_416,566.0,False,3
417,C_417,411.0,False,3
418,C_418,407.2,False,3
419,C_419,483.5,False,3
420,C_420,498.2,False,3
421,C_421,572.5,False,3
422,C_422,543.5,True,3
425,C_425,597.5,False,3
426,C_426,482.2,False,3
428,C_428,477.2,False,3
429,C_429,409.5,False,3
430,C_430,494.2,False,3
431,C_431,430.2,False,3
432,C_432,406.5,False,3
433,C_433,523.5,False,3
434,C_434,526.0,False,3
436,C_436,509.8,False,3
437,C_437,469.2,False,3
438,C_438,476.8,False,3
439,C_439,555.5,False,3
440,C_440,498.0,False,3
441,C_441,576.5,False,3
442,C_442,522.0,False,3
446,C_446,424.8,False,3
447,C_447,536.5,False,3
448,C_448,524.5,False,3
449,C_449,557.5,False,3
450,C_450,425.5,False,3
452,C_452,560.0,False,3
453,C_453,583.5,False,3
454,C_454,574.5,False,3
456,C_456,562.0,False,3
457,C_457,503.8,False,3
458,C_458,557.0,False,3
459,C_459,437.8,False,3
460,C_460,556.5,False,3
461,C_461,489.0,False,3
462,C_462,551.5,False,3
464,C_464,558.0,False,3
465,C_465,415.0,False,3
466,C_466,409.0,False,3
467,C_467,587.0,False,3
468,C_468,497.2,False,3
469,C_469,580.0,False,3
470,C_470,589.0,False,3
471,C_471,533.5,False,3
472,C_472,514.5,False,3
473,C_473,443.2,False,3
474,C_474,418.8,False,3
475,C_475,564.0,False,3
476,C_476,578.0,True,3
477,C_477,556.0,False,3
479,C_479,484.0,False,3
480,C_480,461.0,False,3
481,C_481,422.8,False,3
482,C_482,485.2,False,3
484,C_484,584.5,False,3
486,C_486,483.2,False,3
487,C_487,419.8,False,3
488,C_488,555.0,False,3
489,C_489,547.0,False,3
490,C_490,406.2,False,3
494,C_494,584.0,False,3
495,C_495,592.5,False,3
496,C_496,544.5,True,3
497,C_497,415.8,False,3
498,C_498,414.0,True,3
499,C_499,471.8,False,3
500,C_500,406.0,False,3
501,C_501,469.5,False,3
502,C_502,402.0,True,3
503,C_503,595.0,False,3
504,C_504,564.0,False,3
505,C_505,414.0,False,3
506,C_506,578.5,False,3
507,C_507,441.5,False,3
508,C_508,441.0,True,3
510,C_510,587.5,False,3
512,C_512,401.5,False,3
514,C_514,405.0,True,3
515,C_515,521.0,False,3
516,C_516,572.0,False,3
517,C_517,437.5,True,3
518,C_518,422.5,False,3
519,C_519,469.0,False,3
520,C_520,592.0,False,3
521,C_521,426.0,False,3
523,C_523,472.5,False,3
525,C_525,458.5,False,3
526,C_526,587.5,True,3
528,C_528,527.0,True,3
529,C_529,436.8,False,3
530,C_530,598.5,False,3
531,C_531,420.5,False,3
532,C_532,516.0,False,3
533,C_533,431.2,False,3
534,C_534,579.5,False,3
535,C_535,589.0,False,3
536,C_536,561.0,False,3
537,C_537,463.2,False,3
538,C_538,448.5,False,3
540,C_540,458.2,False,3
541,C_541,484.0,False,3
542,C_542,409.2,False,3
543,C_543,426.5,False,3
544,C_544,404.0,False,3
545,C_545,415.5,False,3
546,C_546,414.8,False,3
547,C_547,484.0,False,3
548,C_548,510.2,False,3
550,C_550,428.5,False,3
551,C_551,484.5,False,3
552,C_552,527.5,False,3
554,C_554,489.0,True,3
555,C_555,473.8,False,3
556,C_556,590.0,False,3
557,C_557,411.5,False,3
559,C_559,483.5,False,3
560,C_560,545.5,False,3
561,C_561,464.2,False,3
562,C_562,440.8,False,3
563,C_563,458.8,False,3
565,C_565,590.0,False,3
566,C_566,559.5,False,3
567,C_567,455.5,False,3
568,C_568,511.8,False,3
569,C_569,537.5,True,3
570,C_570,559.0,False,3
572,C_572,479.8,False,3
573,C_573,553.5,False,3
576,C_576,490.8,False,3
577,C_577,587.5,False,3
578,C_578,428.5,False,3
580,C_580,527.5,False,3
582,C_582,440.8,False,3
583,C_583,400.2,False,3
584,C_584,540.0,False,3
585,C_585,524.0,False,3
586,C_586,401.5,False,3
587,C_587,459.8,False,3
588,C_588,553.5,True,3
589,C_589,526.0,False,3
590,C_590,509.0,True,3
591,C_591,431.2,False,3
592,C_592,541.5,False,3
593,C_593,494.2,False,3
595,C_595,552.0,True,3
597,C_597,552.5,False,3
598,C_598,456.0,False,3
599,C_599,597.0,False,3
600,C_600,112.06,False,4
602,C_602,104.06,False,4
603,C_603,125.7,False,4
606,C_606,139.6,False,4
607,C_607,110.2,False,4
611,C_611,190.9,False,4
613,C_613,103.56,False,4
615,C_615,130.5,False,4
616,C_616,134.0,False,4
620,C_620,116.4,False,4
621,C_621,141.5,False,4
622,C_622,129.0,False,4
623,C_623,152.0,False,4
624,C_624,157.4,False,4
625,C_625,162.8,False,4
626,C_626,153.1,False,4
627,C_627,141.1,False,4
629,C_629,140.4,False,4
631,C_631,178.9,False,4
632,C_632,129.2,False,4
633,C_633,137.1,False,4
634,C_634,162.9,False,4
635,C_635,115.7,False,4
637,C_637,138.1,False,4
638,C_638,159.1,False,4
639,C_639,113.94,True,4
640,C_640,166.9,False,4
641,C_641,135.4,False,4
642,C_642,147.2,False,4
643,C_643,141.5,False,4
644,C_644,147.6,False,4
645,C_645,169.5,False,4
647,C_647,165.2,False,4
648,C_648,106.0,False,4
649,C_649,130.0,False,4
651,C_651,105.25,False,4
652,C_652,162.1,True,4
653,C_653,102.56,False,4
656,C_656,101.0,False,4
658,C_658,106.6,False,4
660,C_660,168.6,False,4
661,C_661,174.2,False,4
662,C_662,166.9,False,4
664,C_664,104.1,False,4
665,C_665,162.1,False,4
666,C_666,200.0,False,4
667,C_667,187.2,False,4
671,C_671,175.1,False,4
672,C_672,128.8,False,4
675,C_675,133.0,False,4
677,C_677,142.1,False,4
678,C_678,189.8,False,4
679,C_679,143.5,False,4
681,C_681,170.9,False,4
684,C_684,191.0,False,4
685,C_685,144.4,False,4
688,C_688,180.6,False,4
693,C_693,158.6,False,4
694,C_694,105.0,False,4
695,C_695,138.9,False,4
696,C_696,123.4,False,4
697,C_697,108.5,False,4
698,C_698,118.7,False,4
699,C_699,105.7,False,4
701,C_701,117.3,False,4
702,C_702,161.1,False,4
704,C_704,170.5,False,4
705,C_705,151.2,False,4
708,C_708,135.2,False,4
709,C_709,145.9,False,4
710,C_710,163.2,False,4
711,C_711,151.6,False,4
713,C_713,195.5,False,4
715,C_715,193.4,False,4
717,C_717,149.0,False,4
718,C_718,170.4,False,4
719,C_719,121.56,False,4
720,C_720,126.56,False,4
721,C_721,104.4,False,4
724,C_724,165.5,True,4
728,C_728,197.1,False,4
729,C_729,139.6,False,4
731,C_731,145.4,False,4
733,C_733,110.25,False,4
737,C_737,145.6,False,4
738,C_738,132.5,False,4
741,C_741,136.9,True,4
742,C_742,120.94,False,4
743,C_743,152.5,False,4
745,C_745,120.2,False,4
746,C_746,167.2,False,4
747,C_747,173.5,True,4
749,C_749,186.0,False,4
750,C_750,125.44,False,4
751,C_751,134.4,False,4
753,C_753,104.44,False,4
754,C_754,193.4,True,4
755,C_755,107.25,False,4
756,C_756,146.1,False,4
757,C_757,172.5,False,4
759,C_759,180.9,False,4
760,C_760,197.9,False,4
761,C_761,146.0,False,4
762,C_762,111.8,False,4
763,C_763,108.1,False,4
764,C_764,109.9,False,4
765,C_765,176.5,False,4
767,C_767,191.9,False,4
770,C_770,142.8,False,4
772,C_772,182.9,False,4
773,C_773,103.94,False,4
774,C_774,118.06,True,4
777,C_777,187.1,False,4
778,C_778,193.5,False,4
779,C_779,132.0,False,4
781,C_781,155.8,False,4
782,C_782,128.5,False,4
784,C_784,120.1,False,4
785,C_785,129.6,False,4
786,C_786,144.1,False,4
788,C_788,153.6,False,4
789,C_789,126.1,False,4
794,C_794,173.2,False,4
795,C_795,124.9,True,4
798,C_798,166.0,False,4
799,C_799,174.2,False,4
800,C_800,303.0,False,5
806,C_806,271.8,True,5
809,C_809,332.0,False,5
810,C_810,244.2,True,5
814,C_814,335.0,False,5
815,C_815,246.8,False,5
816,C_816,325.8,False,5
818,C_818,234.2,False,5
819,C_819,362.0,False,5
822,C_822,317.0,False,5
824,C_824,226.0,False,5
825,C_825,279.0,False,5
826,C_826,395.2,False,5
828,C_828,215.2,False,5
830,C_830,356.2,False,5
831,C_831,355.0,False,5
833,C_833,339.2,False,5
836,C_836,363.2,False,5
840,C_840,325.8,True,5
841,C_841,380.2,False,5
843,C_843,366.8,False,5
844,C_844,305.2,False,5
849,C_849,330.5,False,5
851,C_851,299.0,False,5
852,C_852,390.8,True,5
854,C_854,262.8,False,5
855,C_855,369.5,False,5
857,C_857,320.8,False,5
858,C_858,340.8,True,5
862,C_862,211.9,False,5
870,C_870,252.0,False,5
875,C_875,346.5,False,5
878,C_878,325.5,False,5
879,C_879,204.9,False,5
880,C_880,209.0,False,5
884,C_884,212.5,False,5
888,C_888,243.2,False,5
890,C_890,271.5,False,5
891,C_891,235.4,False,5
892,C_892,265.8,False,5
897,C_897,252.8,False,5
899,C_899,347.2,False,5
903,C_903,384.2,False,5
907,C_907,227.6,False,5
910,C_910,346.5,False,5
914,C_914,364.2,True,5
916,C_916,204.4,False,5
917,C_917,361.2,False,5
918,C_918,233.8,False,5
923,C_923,385.5,True,5
924,C_924,319.5,False,5
925,C_925,324.0,False,5
929,C_929,250.5,False,5
932,C_932,205.5,False,5
933,C_933,386.5,False,5
937,C_937,230.1,False,5
938,C_938,247.2,False,5
946,C_946,380.0,False,5
947,C_947,310.0,False,5
951,C_951,252.5,True,5
954,C_954,344.2,False,5
955,C_955,280.8,False,5
960,C_960,336.2,False,5
962,C_962,355.2,False,5
963,C_963,258.0,False,5
964,C_964,337.2,False,5
967,C_967,268.0,False,5
969,C_969,394.2,False,5
970,C_970,241.8,False,5
973,C_973,393.8,False,5
974,C_974,385.0,False,5
976,C_976,344.0,True,5
978,C_978,270.8,False,5
980,C_980,380.0,False,5
984,C_984,363.2,False,5
985,C_985,313.0,False,5
988,C_988,325.2,False,5
990,C_990,356.5,False,5
993,C_993,200.2,False,5
994,C_994,228.1,False,5
996,C_996,225.1,False,5
1002,C_1002,177.9,False,1
1003,C_1003,174.8,False,1
1004,C_1004,118.75,False,1
1006,C_1006,142.4,False,1
1007,C_1007,195.0,False,1
1008,C_1008,117.4,False,1
1010,C_1010,165.9,False,1
1012,C_1012,111.0,False,1
1013,C_1013,150.4,False,1
1014,C_1014,179.6,False,1
1015,C_1015,160.5,False,1
1016,C_1016,175.5,False,1
1017,C_1017,126.56,False,1
1019,C_1019,142.9,True,1
1020,C_1020,199.1,False,1
1022,C_1022,194.6,False,1
1023,C_1023,153.8,False,1
1025,C_1025,199.0,False,1
1026,C_1026,119.0,True,1
1028,C_1028,179.1,False,1
1029,C_1029,184.5,False,1
1030,C_1030,175.0,False,1
1031,C_1031,115.5,False,1
1035,C_1035,136.1,False,1
1038,C_1038,141.1,False,1
1039,C_1039,161.4,False,1
1041,C_1041,122.8,False,1
1042,C_1042,101.56,False,1
1045,C_1045,168.0,True,1
1047,C_1047,162.8,True,1
1049,C_1049,173.1,False,1
1050,C_1050,124.94,False,1
1051,C_1051,189.1,False,1
1053,C_1053,194.5,False,1
1055,C_1055,107.8,False,1
1057,C_1057,174.4,False,1
1058,C_1058,145.0,False,1
1060,C_1060,180.6,False,1
1062,C_1062,195.8,False,1
1064,C_1064,192.4,False,1
1065,C_1065,192.8,False,1
1066,C_1066,163.5,False,1
1067,C_1067,194.0,False,1
1068,C_1068,125.25,False,1
1070,C_1070,177.4,False,1
1071,C_1071,161.0,False,1
1072,C_1072,109.06,False,1
1073,C_1073,103.0,False,1
1074,C_1074,101.1,False,1
1076,C_1076,176.2,False,1
1077,C_1077,138.6,False,1
1078,C_1078,177.5,False,1
1079,C_1079,162.5,False,1
1080,C_1080,138.9,False,1
1083,C_1083,146.5,False,1
1084,C_1084,183.0,False,1
1085,C_1085,112.7,False,1
1086,C_1086,171.0,True,1
1087,C_1087,132.8,False,1
1088,C_1088,102.44,False,1
1089,C_1089,147.4,True,1
1090,C_1090,152.1,False,1
1091,C_1091,104.2,False,1
1092,C_1092,156.6,False,1
1093,C_1093,134.8,False,1
1094,C_1094,100.44,False,1
1095,C_1095,119.06,False,1
1097,C_1097,154.0,True,1
1098,C_1098,104.3,False,1
1099,C_1099,192.8,False,1
1100,C_1100,184.5,False,1
1101,C_1101,194.5,False,1
1102,C_1102,131.5,False,1
1107,C_1107,167.1,False,1
1108,C_1108,159.6,False,1
1114,C_1114,148.1,False,1
1115,C_1115,164.2,False,1
1117,C_1117,104.7,False,1
1118,C_1118,182.4,False,1
1119,C_1119,104.4,True,1
1121,C_1121,174.4,False,1
1124,C_1124,134.5,False,1
1125,C_1125,158.6,False,1
1126,C_1126,108.25,False,1
1127,C_1127,156.0,False,1
1128,C_1128,181.4,False,1
1129,C_1129,120.2,False,1
1130,C_1130,126.1,True,1
1132,C_1132,125.4,True,1
1133,C_1133,125.94,False,1
1134,C_1134,193.5,False,1
1135,C_1135,199.9,True,1
1136,C_1136,115.5,True,1
1137,C_1137,190.0,False,1
1140,C_1140,158.5,False,1
1142,C_1142,103.4,False,1
1143,C_1143,175.8,False,1
1144,C_1144,181.8,False,1
1145,C_1145,107.2,False,1
1146,C_1146,164.9,False,1
1148,C_1148,123.9,False,1
1149,C_1149,145.9,True,1
1150,C_1150,115.94,True,1
1151,C_1151,133.4,False,1
1154,C_1154,155.6,False,1
1155,C_1155,154.4,False,1
1156,C_1156,182.0,True,1
1158,C_1158,181.2,False,1
1159,C_1159,108.0,False,1
1162,C_1162,145.1,False,1
1164,C_1164,151.2,False,1
1165,C_1165,198.8,False,1
1166,C_1166,186.1,False,1
1167,C_1167,111.9,False,1
1168,C_1168,131.8,True,1
1169,C_1169,102.25,False,1
1170,C_1170,173.4,False,1
1173,C_1173,119.3,False,1
1174,C_1174,141.4,False,1
1175,C_1175,106.2,False,1
1178,C_1178,105.25,False,1
1179,C_1179,176.8,False,1
1181,C_1181,135.8,False,1
1182,C_1182,183.5,False,1
1183,C_1183,107.75,False,1
1186,C_1186,190.1,False,1
1190,C_1190,180.4,False,1
1191,C_1191,141.2,False,1
1192,C_1192,103.06,False,1
1194,C_1194,119.06,False,1
1196,C_1196,135.8,False,1
1197,C_1197,112.3,False,1
1198,C_1198,135.1,False,1
1199,C_1199,117.7,False,1
1205,C_1205,374.2,False,2
1206,C_1206,299.2,False,2
1207,C_1207,216.1,False,2
1214,C_1214,219.1,False,2
1215,C_1215,365.2,False,2
1217,C_1217,391.0,False,2
1219,C_1219,206.6,True,2
1223,C_1223,207.4,False,2
1224,C_1224,275.2,True,2
1228,C_1228,234.9,False,2
1233,C_1233,325.0,False,2
1234,C_1234,389.0,False,2
1243,C_1243,245.2,False,2
1248,C_1248,313.0,False,2
1249,C_1249,202.8,False,2
1250,C_1250,386.0,False,2
1253,C_1253,360.2,False,2
1254,C_1254,400.0,False,2
1261,C_1261,322.2,True,2
1263,C_1263,334.8,False,2
1264,C_1264,276.0,False,2
1265,C_1265,205.2,True,2
1268,C_1268,266.5,False,2
1270,C_1270,227.6,False,2
1271,C_1271,302.0,False,2
1272,C_1272,306.8,False,2
1275,C_1275,331.8,False,2
1279,C_1279,294.2,False,2
1280,C_1280,245.0,False,2
1282,C_1282,329.0,False,2
1283,C_1283,279.5,True,2
1284,C_1284,316.2,True,2
1286,C_1286,399.5,False,2
1287,C_1287,377.0,False,2
1293,C_1293,208.0,False,2
1294,C_1294,264.2,True,2
1296,C_1296,392.8,False,2
1297,C_1297,221.4,False,2
1300,C_1300,342.8,True,2
1303,C_1303,374.0,False,2
1304,C_1304,278.5,False,2
1306,C_1306,342.8,False,2
1308,C_1308,232.2,False,2
1313,C_1313,256.8,False,2
1315,C_1315,386.8,True,2
1316,C_1316,269.0,False,2
1317,C_1317,325.8,False,2
1323,C_1323,235.4,False,2
1324,C_1324,316.8,False,2
1326,C_1326,327.0,False,2
1327,C_1327,258.2,True,2
1328,C_1328,286.2,False,2
1329,C_1329,336.5,False,2
1330,C_1330,253.8,False,2
1331,C_1331,345.5,False,2
1333,C_1333,226.4,False,2
1334,C_1334,322.8,False,2
1338,C_1338,215.2,False,2
1342,C_1342,309.0,False,2
1344,C_1344,233.9,True,2
1345,C_1345,241.5,False,2
1346,C_1346,245.6,False,2
1352,C_1352,343.2,False,2
1354,C_1354,223.8,False,2
1356,C_1356,371.0,False,2
1360,C_1360,268.5,False,2
1361,C_1361,300.2,False,2
1369,C_1369,398.5,False,2
1375,C_1375,362.5,False,2
1379,C_1379,319.0,False,2
1381,C_1381,387.0,False,2
1384,C_1384,329.5,False,2
1385,C_1385,241.0,False,2
1386,C_1386,328.8,False,2
1388,C_1388,222.2,False,2
1391,C_1391,275.2,True,2
1392,C_1392,358.8,False,2
1393,C_1393,202.1,False,2
1400,C_1400,450.8,False,3
1401,C_1401,497.2,False,3
1402,C_1402,555.0,False,3
1404,C_1404,512.5,False,3
1406,C_1406,415.5,False,3
1407,C_1407,571.5,False,3
1408,C_1408,584.0,False,3
1409,C_1409,433.5,False,3
1411,C_1411,570.0,False,3
1412,C_1412,575.5,False,3
1413,C_1413,503.5,True,3
1414,C_1414,521.5,False,3
1415,C_1415,441.5,False,3
1417,C_1417,481.0,False,3
1418,C_1418,404.2,False,3
1419,C_1419,426.8,False,3
1420,C_1420,477.8,False,3
1422,C_1422,513.0,False,3
1423,C_1423,583.0,True,3
1425,C_1425,417.2,False,3
1426,C_1426,517.5,True,3
1427,C_1427,467.0,False,3
1430,C_1430,496.0,False,3
1431,C_1431,420.2,False,3
1432,C_1432,566.5,False,3
1435,C_1435,494.5,False,3
1436,C_1436,436.2,False,3
1437,C_1437,508.2,False,3
1438,C_1438,432.0,False,3
1439,C_1439,570.5,False,3
1440,C_1440,566.5,True,3
1441,C_1441,428.8,False,3
1443,C_1443,413.8,False,3
1444,C_1444,478.8,False,3
1445,C_1445,590.5,False,3
1447,C_1447,453.0,False,3
1448,C_1448,446.0,False,3
1449,C_1449,422.2,True,3
1450,C_1450,428.2,False,3
1451,C_1451,562.5,False,3
1452,C_1452,427.8,False,3
1453,C_1453,573.0,True,3
1455,C_1455,427.2,False,3
1456,C_1456,511.8,True,3
1457,C_1457,401.5,False,3
1459,C_1459,511.8,False,3
1460,C_1460,551.0,False,3
1461,C_1461,498.0,False,3
1462,C_1462,538.0,False,3
1463,C_1463,586.0,False,3
1464,C_1464,512.0,False,3
1465,C_1465,575.0,False,3
1466,C_1466,468.5,False,3
1467,C_1467,419.5,False,3
1468,C_1468,401.0,False,3
1470,C_1470,567.5,False,3
1471,C_1471,462.2,False,3
1472,C_1472,445.0,False,3
1473,C_1473,499.2,False,3
1474,C_1474,589.5,False,3
1475,C_1475,501.8,False,3
1476,C_1476,468.2,False,3
1477,C_1477,415.5,False,3
1478,C_1478,514.5,False,3
1480,C_1480,473.5,False,3
1481,C_1481,476.2,False,3
1482,C_1482,551.5,False,3
1483,C_1483,446.2,False,3
1484,C_1484,587.0,False,3
1485,C_1485,548.5,False,3
1486,C_1486,496.2,False,3
1487,C_1487,576.0,False,3
1488,C_1488,471.8,True,3
1489,C_1489,476.8,False,3
1490,C_1490,425.8,False,3
1491,C_1491,555.5,False,3
1493,C_1493,500.0,False,3
1494,C_1494,494.2,False,3
1496,C_1496,474.8,False,3
1497,C_1497,583.0,False,3
1498,C_1498,486.5,False,3
1501,C_1501,553.5,False,3
1502,C_1502,598.5,False,3
1503,C_1503,573.5,False,3
1504,C_1504,496.0,False,3
1505,C_1505,458.2,True,3
1506,C_1506,489.2,False,3
1507,C_1507,468.8,False,3
1508,C_1508,448.8,False,3
1509,C_1509,437.5,False,3
1510,C_1510,591.0,False,3
1511,C_1511,499.8,False,3
1512,C_1512,422.0,False,3
1513,C_1513,476.8,False,3
1514,C_1514,477.8,False,3
1515,C_1515,502.8,False,3
1516,C_1516,596.0,False,3
1518,C_1518,513.0,False,3
1520,C_1520,535.0,False,3
1521,C_1521,500.5,False,3
1522,C_1522,497.2,False,3
1523,C_1523,463.0,False,3
1525,C_1525,418.5,False,3
1526,C_1526,463.5,False,3
1527,C_1527,578.0,False,3
1528,C_1528,445.5,False,3
1529,C_1529,593.5,False,3
1530,C_1530,597.0,False,3
1531,C_1531,515.0,False,3
1533,C_1533,418.8,False,3
1534,C_1534,440.0,False,3
1535,C_1535,465.2,False,3
1536,C_1536,422.5,False,3
1537,C_1537,559.5,False,3
1538,C_1538,472.8,False,3
1539,C_1539,446.8,False,3
1540,C_1540,408.8,False,3
1542,C_1542,401.0,False,3
1543,C_1543,423.2,False,3
1544,C_1544,521.0,False,3
1545,C_1545,587.0,False,3
1547,C_1547,548.0,False,3
1548,C_1548,439.5,True,3
1549,C_1549,400.2,True,3
1550,C_1550,579.5,False,3
1551,C_1551,569.0,False,3
1552,C_1552,413.2,False,3
1554,C_1554,446.8,False,3
1555,C_1555,585.5,False,3
1556,C_1556,476.5,False,3
1557,C_1557,561.5,True,3
1558,C_1558,487.2,False,3
1559,C_1559,476.2,True,3
1560,C_1560,553.0,False,3
1561,C_1561,523.0,False,3
1562,C_1562,453.8,False,3
1564,C_1564,541.0,True,3
1565,C_1565,565.5,True,3
1566,C_1566,535.5,False,3
1567,C_1567,528.0,True,3
1568,C_1568,519.0,False,3
1569,C_1569,418.5,True,3
1570,C_1570,589.0,False,3
1571,C_1571,543.0,False,3
1573,C_1573,538.5,True,3
1574,C_1574,524.0,False,3
1575,C_1575,532.0,False,3
1577,C_1577,514.5,False,3
1578,C_1578,532.0,False,3
1579,C_1579,440.2,False,3
1580,C_1580,501.5,False,3
1581,C_1581,424.0,False,3
1583,C_1583,582.0,False,3
1584,C_1584,425.0,True,3
1585,C_1585,578.5,False,3
1586,C_1586,494.0,False,3
1587,C_1587,491.0,False,3
1589,C_1589,483.2,False,3
1590,C_1590,475.5,False,3
1592,C_1592,467.0,True,3
1594,C_1594,446.8,True,3
1595,C_1595,449.8,True,3
1596,C_1596,496.0,False,3
1597,C_1597,587.0,False,3
1598,C_1598,404.8,True,3
1599,C_1599,544.5,False,3
1600,C_1600,100.6,True,4
1601,C_1601,140.5,False,4
1603,C_1603,144.6,False,4
1605,C_1605,125.3,False,4
1606,C_1606,147.5,False,4
1608,C_1608,128.4,False,4
1609,C_1609,165.4,True,4
1610,C_1610,160.0,False,4
1612,C_1612,196.9,False,4
1613,C_1613,152.2,False,4
1614,C_1614,108.75,True,4
1615,C_1615,130.0,False,4
1616,C_1616,151.8,True,4
1617,C_1617,167.4,False,4
1618,C_1618,194.6,False,4
1619,C_1619,115.5,False,4
1620,C_1620,103.7,True,4
1622,C_1622,180.5,False,4
1624,C_1624,146.9,False,4
1626,C_1626,141.1,False,4
1630,C_1630,180.2,False,4
1631,C_1631,196.1,False,4
1633,C_1633,168.2,False,4
1634,C_1634,152.1,False,4
1635,C_1635,172.4,False,4
1636,C_1636,118.3,False,4
1637,C_1637,192.2,False,4
1638,C_1638,171.2,False,4
1639,C_1639,159.5,False,4
1640,C_1640,143.4,False,4
1641,C_1641,163.4,False,4
1642,C_1642,161.8,False,4
1643,C_1643,189.9,False,4
1644,C_1644,157.1,False,4
1645,C_1645,121.3,False,4
1646,C_1646,144.1,False,4
1647,C_1647,124.3,False,4
1648,C_1648,190.5,False,4
1649,C_1649,184.4,False,4
1651,C_1651,119.6,False,4
1652,C_1652,104.4,False,4
1654,C_1654,144.4,False,4
1657,C_1657,168.5,False,4
1658,C_1658,186.2,False,4
1659,C_1659,175.8,False,4
1660,C_1660,142.5,False,4
1661,C_1661,164.6,False,4
1663,C_1663,188.5,False,4
1664,C_1664,133.8,False,4
1667,C_1667,155.8,False,4
1668,C_1668,135.6,True,4
1670,C_1670,143.9,True,4
1671,C_1671,166.4,False,4
1674,C_1674,114.7,False,4
1675,C_1675,175.4,True,4
1676,C_1676,175.1,False,4
1677,C_1677,195.4,False,4
1679,C_1679,146.4,False,4
1683,C_1683,102.1,False,4
1684,C_1684,120.75,False,4
1685,C_1685,185.4,False,4
1686,C_1686,158.5,False,4
1687,C_1687,187.4,False,4
1688,C_1688,141.1,False,4
1689,C_1689,121.06,False,4
1691,C_1691,199.6,False,4
1692,C_1692,113.6,True,4
1693,C_1693,164.2,False,4
1694,C_1694,149.0,True,4
1696,C_1696,153.8,False,4
1697,C_1697,107.8,False,4
1698,C_1698,197.0,False,4
1699,C_1699,149.2,False,4
1700,C_1700,101.5,False,4
1701,C_1701,141.9,True,4
1702,C_1702,175.8,False,4
1703,C_1703,131.2,True,4
1704,C_1704,174.5,False,4
1705,C_1705,176.8,False,4
1706,C_1706,123.94,False,4
1709,C_1709,186.4,False,4
1710,C_1710,151.2,False,4
1711,C_1711,115.3,False,4
1712,C_1712,125.8,False,4
1717,C_1717,138.4,False,4
1718,C_1718,150.6,False,4
1721,C_1721,126.4,False,4
1722,C_1722,108.9,False,4
1723,C_1723,115.5,False,4
1725,C_1725,156.4,False,4
1726,C_1726,106.3,False,4
1727,C_1727,199.2,False,4
1728,C_1728,148.0,False,4
1729,C_1729,132.0,False,4
1730,C_1730,172.9,False,4
1731,C_1731,102.44,False,4
1732,C_1732,143.4,False,4
1733,C_1733,166.5,False,4
1734,C_1734,196.2,False,4
1736,C_1736,188.5,False,4
1737,C_1737,111.9,False,4
1738,C_1738,143.0,False,4
1740,C_1740,127.2,False,4
1741,C_1741,138.4,False,4
1743,C_1743,137.4,False,4
1745,C_1745,118.94,False,4
1746,C_1746,182.5,False,4
1749,C_1749,155.2,True,4
1750,C_1750,116.1,False,4
1751,C_1751,149.5,True,4
1752,C_1752,102.2,False,4
1753,C_1753,186.2,False,4
1755,C_1755,134.4,True,4
1756,C_1756,199.5,False,4
1757,C_1757,161.4,False,4
1758,C_1758,141.8,False,4
1759,C_1759,179.1,False,4
1760,C_1760,106.75,False,4
1761,C_1761,157.0,False,4
1762,C_1762,152.1,False,4
1763,C_1763,186.1,False,4
1764,C_1764,158.6,False,4
1765,C_1765,148.5,False,4
1766,C_1766,152.0,False,4
1767,C_1767,178.2,True,4
1769,C_1769,155.8,False,4
1771,C_1771,199.5,False,4
1772,C_1772,169.4,False,4
1773,C_1773,196.2,False,4
1774,C_1774,139.9,False,4
1775,C_1775,160.9,False,4
1776,C_1776,174.5,False,4
1777,C_1777,134.9,False,4
1778,C_1778,126.94,False,4
1782,C_1782,185.2,False,4
1784,C_1784,182.9,True,4
1785,C_1785,198.4,False,4
1786,C_1786,127.7,False,4
1788,C_1788,177.0,False,4
1792,C_1792,170.6,False,4
1794,C_1794,103.5,False,4
1795,C_1795,161.1,False,4
1796,C_1796,129.2,False,4
1797,C_1797,111.5,False,4
1798,C_1798,171.2,False,4
1799,C_1799,197.9,False,4
1800,C_1800,302.5,False,5
1801,C_1801,269.2,False,5
1804,C_1804,306.5,True,5
1806,C_1806,216.1,False,5
1807,C_1807,396.0,False,5
1809,C_1809,234.9,True,5
1811,C_1811,287.5,False,5
1812,C_1812,339.8,True,5
1813,C_1813,206.2,False,5
1814,C_1814,367.0,False,5
1815,C_1815,327.8,False,5
1816,C_1816,253.9,False,5
1821,C_1821,395.8,False,5
1822,C_1822,209.8,False,5
1827,C_1827,319.5,False,5
1828,C_1828,357.2,False,5
1830,C_1830,316.5,False,5
1831,C_1831,250.8,False,5
1832,C_1832,262.5,False,5
1833,C_1833,361.8,True,5
1836,C_1836,224.6,False,5
1838,C_1838,304.2,False,5
1843,C_1843,261.8,False,5
1844,C_1844,365.0,False,5
1845,C_1845,380.8,False,5
1849,C_1849,305.0,False,5
1851,C_1851,249.2,True,5
1852,C_1852,256.2,False,5
1853,C_1853,280.8,False,5
1854,C_1854,294.2,True,5
1855,C_1855,387.2,False,5
1858,C_1858,370.8,False,5
1860,C_1860,249.9,True,5
1861,C_1861,244.2,False,5
1865,C_1865,250.1,True,5
1867,C_1867,246.5,False,5
1870,C_1870,376.8,False,5
1871,C_1871,388.8,True,5
1873,C_1873,312.0,False,5
1875,C_1875,316.2,False,5
1878,C_1878,397.5,False,5
1882,C_1882,348.5,False,5
1883,C_1883,344.5,False,5
1885,C_1885,369.5,False,5
1887,C_1887,233.5,False,5
1888,C_1888,301.0,False,5
1889,C_1889,242.5,False,5
1893,C_1893,217.2,False,5
1897,C_1897,392.2,False,5
1898,C_1898,396.8,False,5
1901,C_1901,255.1,False,5
1905,C_1905,345.2,False,5
1910,C_1910,209.1,False,5
1911,C_1911,370.8,False,5
1912,C_1912,302.2,False,5
1919,C_1919,325.5,False,5
1920,C_1920,302.0,False,5
1921,C_1921,202.8,False,5
1926,C_1926,300.2,False,5
1928,C_1928,226.8,True,5
1929,C_1929,296.0,False,5
1931,C_1931,366.8,False,5
1932,C_1932,239.9,False,5
1933,C_1933,279.5,False,5
1936,C_1936,295.0,False,5
1937,C_1937,259.2,False,5
1938,C_1938,361.8,False,5
1941,C_1941,327.5,False,5
1947,C_1947,351.5,False,5
1948,C_1948,368.8,False,5
1951,C_1951,302.8,False,5
1959,C_1959,295.2,False,5
1962,C_1962,291.2,False,5
1964,C_1964,210.4,False,5
1967,C_1967,291.8,False,5
1971,C_1971,251.2,False,5
1972,C_1972,358.8,False,5
1974,C_1974,374.8,False,5
1977,C_1977,234.8,True,5
1980,C_1980,362.2,False,5
1981,C_1981,201.8,False,5
1984,C_1984,321.5,False,5
1987,C_1987,262.0,True,5
1989,C_1989,278.5,False,5
1990,C_1990,300.0,False,5
1992,C_1992,271.0,False,5
1994,C_1994,356.5,False,5
1998,C_1998,306.2,False,5
2000,C_2000,120.9,False,1
2001,C_2001,192.1,False,1
2002,C_2002,119.7,False,1
2003,C_2003,118.44,True,1
2004,C_2004,117.9,False,1
2005,C_2005,165.8,False,1
2006,C_2006,161.1,False,1
2007,C_2007,150.5,False,1
2008,C_2008,158.6,True,1
2009,C_2009,194.0,False,1
2010,C_2010,186.1,False,1
2012,C_2012,105.44,False,1
2013,C_2013,189.8,False,1
2014,C_2014,103.1,True,1
2015,C_2015,164.8,False,1
2016,C_2016,193.1,False,1
2019,C_2019,133.1,False,1
2020,C_2020,191.6,True,1
2021,C_2021,192.6,False,1
2022,C_2022,161.9,False,1
2023,C_2023,171.5,False,1
2025,C_2025,113.8,False,1
2026,C_2026,197.9,False,1
2027,C_2027,165.8,False,1
2028,C_2028,127.44,False,1
2029,C_2029,197.8,False,1
2031,C_2031,133.0,False,1
2032,C_2032,189.6,False,1
2033,C_2033,107.8,False,1
2037,C_2037,125.9,False,1
2038,C_2038,171.5,True,1
2039,C_2039,160.8,False,1
2042,C_2042,192.4,False,1
2044,C_2044,168.6,False,1
2046,C_2046,177.4,False,1
2047,C_2047,111.25,False,1
2048,C_2048,177.4,False,1
2049,C_2049,183.9,True,1
2050,C_2050,174.6,False,1
2051,C_2051,148.2,True,1
2052,C_2052,168.6,False,1
2053,C_2053,110.0,False,1
2054,C_2054,176.4,False,1
2056,C_2056,178.5,False,1
2057,C_2057,163.5,False,1
2058,C_2058,150.9,False,1
2059,C_2059,153.6,False,1
2061,C_2061,104.06,False,1
2062,C_2062,101.5,False,1
2064,C_2064,113.9,False,1
2065,C_2065,112.3,False,1
2067,C_2067,197.8,False,1
2068,C_2068,188.6,False,1
2070,C_2070,182.0,False,1
2072,C_2072,139.2,False,1
2074,C_2074,198.6,False,1
2076,C_2076,141.2,False,1
2077,C_2077,192.0,False,1
2080,C_2080,140.0,False,1
2081,C_2081,156.0,False,1
2083,C_2083,140.6,True,1
2084,C_2084,189.2,False,1
2087,C_2087,105.5,False,1
2088,C_2088,183.6,False,1
2089,C_2089,187.9,False,1
2090,C_2090,114.56,True,1
2091,C_2091,194.1,False,1
2092,C_2092,112.7,False,1
2095,C_2095,183.1,False,1
2096,C_2096,157.6,False,1
2100,C_2100,100.9,False,1
2101,C_2101,163.6,False,1
2103,C_2103,177.4,False,1
2105,C_2105,101.0,False,1
2106,C_2106,128.5,False,1
2107,C_2107,177.2,False,1
2108,C_2108,183.2,False,1
2109,C_2109,150.8,False,1
2112,C_2112,133.2,False,1
2114,C_2114,132.4,False,1
2117,C_2117,106.25,False,1
2118,C_2118,137.2,False,1
2119,C_2119,125.4,False,1
2120,C_2120,133.1,False,1
2121,C_2121,148.5,True,1
2122,C_2122,153.6,False,1
2123,C_2123,108.44,False,1
2124,C_2124,131.5,False,1
2126,C_2126,140.4,False,1
2127,C_2127,148.0,False,1
2128,C_2128,142.6,False,1
2130,C_2130,121.94,False,1
2131,C_2131,164.4,False,1
2133,C_2133,151.1,False,1
2134,C_2134,114.8,False,1
2135,C_2135,107.06,False,1
2136,C_2136,115.56,False,1
2137,C_2137,138.4,False,1
2138,C_2138,156.5,False,1
2139,C_2139,166.4,False,1
2141,C_2141,156.5,False,1
2142,C_2142,135.2,False,1
2143,C_2143,166.5,False,1
2144,C_2144,172.8,False,1
2145,C_2145,140.2,False,1
2146,C_2146,181.5,False,1
2147,C_2147,174.4,False,1
2148,C_2148,190.5,False,1
2150,C_2150,134.5,False,1
2151,C_2151,177.8,False,1
2152,C_2152,103.75,False,1
2153,C_2153,138.4,False,1
2154,C_2154,197.8,False,1
2155,C_2155,134.2,False,1
2157,C_2157,125.0,False,1
2158,C_2158,107.7,False,1
2162,C_2162,154.6,False,1
2163,C_2163,151.9,False,1
2164,C_2164,111.2,False,1
2165,C_2165,104.0,False,1
2166,C_2166,135.9,False,1
2167,C_2167,194.2,False,1
2168,C_2168,118.0,False,1
2169,C_2169,126.94,False,1
2170,C_2170,148.2,False,1
2171,C_2171,191.4,False,1
2172,C_2172,194.8,True,1
2174,C_2174,164.8,False,1
2175,C_2175,123.6,False,1
2176,C_2176,165.5,False,1
2177,C_2177,174.2,False,1
2178,C_2178,188.8,False,1
2179,C_2179,168.4,False,1
2180,C_2180,184.8,False,1
2182,C_2182,116.06,False,1
2183,C_2183,104.4,False,1
2184,C_2184,173.9,False,1
2185,C_2185,152.6,False,1
2186,C_2186,199.8,False,1
2187,C_2187,116.5,True,1
2188,C_2188,138.5,True,1
2189,C_2189,128.8,False,1
2190,C_2190,187.9,False,1
2191,C_2191,148.4,False,1
2192,C_2192,191.4,False,1
2193,C_2193,170.8,False,1
2194,C_2194,199.9,False,1
2195,C_2195,160.0,False,1
2196,C_2196,197.6,False,1
2197,C_2197,117.3,False,1
2198,C_2198,144.1,True,1
2199,C_2199,157.9,False,1
2202,C_2202,373.0,False,2
2204,C_2204,302.5,False,2
2207,C_2207,259.0,False,2
2209,C_2209,392.5,False,2
2210,C_2210,307.2,False,2
2213,C_2213,388.5,False,2
2215,C_2215,267.5,False,2
2216,C_2216,326.8,False,2
2220,C_2220,310.0,False,2
2224,C_2224,384.5,False,2
2228,C_2228,321.0,False,2
2229,C_2229,342.0,False,2
2231,C_2231,299.2,True,2
2232,C_2232,242.0,False,2
2233,C_2233,278.0,False,2
2235,C_2235,270.8,False,2
2238,C_2238,208.6,False,2
2239,C_2239,391.2,False,2
2241,C_2241,232.8,False,2
2242,C_2242,311.5,False,2
2247,C_2247,262.8,False,2
2248,C_2248,334.8,False,2
2250,C_2250,374.8,False,2
2252,C_2252,372.8,False,2
2258,C_2258,311.8,False,2
2263,C_2263,244.1,False,2
2266,C_2266,399.0,False,2
2269,C_2269,398.0,False,2
2270,C_2270,371.0,True,2
2272,C_2272,266.2,True,2
2273,C_2273,346.5,False,2
2274,C_2274,319.2,True,2
2279,C_2279,364.8,True,2
2281,C_2281,218.2,False,2
2282,C_2282,317.5,False,2
2284,C_2284,225.6,True,2
2285,C_2285,378.5,False,2
2286,C_2286,388.5,True,2
2287,C_2287,384.5,False,2
2288,C_2288,306.2,False,2
2290,C_2290,239.6,False,2
2291,C_2291,259.0,False,2
2294,C_2294,245.2,False,2
2298,C_2298,260.8,False,2
2301,C_2301,215.8,False,2
2303,C_2303,332.8,False,2
2304,C_2304,394.8,True,2
2306,C_2306,374.0,False,2
2308,C_2308,307.5,False,2
2311,C_2311,363.0,False,2
2314,C_2314,340.0,False,2
2316,C_2316,373.2,False,2
2318,C_2318,347.2,False,2
2320,C_2320,228.8,False,2
2322,C_2322,315.5,False,2
2323,C_2323,200.6,False,2
2324,C_2324,225.4,False,2
2326,C_2326,208.2,False,2
2328,C_2328,244.0,False,2
2329,C_2329,234.9,False,2
2332,C_2332,246.2,False,2
2334,C_2334,346.8,False,2
2335,C_2335,335.0,False,2
2336,C_2336,237.8,False,2
2337,C_2337,270.0,False,2
2339,C_2339,307.8,False,2
2340,C_2340,393.8,False,2
2341,C_2341,243.6,False,2
2343,C_2343,213.1,False,2
2344,C_2344,275.0,False,2
2345,C_2345,390.8,True,2
2347,C_2347,219.0,True,2
2348,C_2348,370.5,False,2
2350,C_2350,383.5,False,2
2352,C_2352,284.5,False,2
2353,C_2353,379.2,False,2
2355,C_2355,352.2,False,2
2357,C_2357,213.8,False,2
2369,C_2369,207.0,False,2
2375,C_2375,278.2,False,2
2379,C_2379,334.8,False,2
2384,C_2384,319.8,True,2
2385,C_2385,281.2,False,2
2386,C_2386,377.5,False,2
2391,C_2391,385.0,False,2
2393,C_2393,226.0,False,2
2400,C_2400,452.5,False,3
2402,C_2402,528.0,False,3
2403,C_2403,520.5,False,3
2404,C_2404,405.8,False,3
2405,C_2405,469.0,False,3
2406,C_2406,554.0,False,3
2407,C_2407,441.2,False,3
2408,C_2408,529.0,False,3
2409,C_2409,595.0,False,3
2410,C_2410,488.0,True,3
2411,C_2411,503.5,False,3
2412,C_2412,442.5,False,3
2413,C_2413,401.5,False,3
2414,C_2414,447.2,False,3
2415,C_2415,494.2,True,3
2416,C_2416,521.0,False,3
2417,C_2417,567.0,False,3
2418,C_2418,458.0,False,3
2419,C_2419,465.8,False,3
2420,C_2420,544.0,False,3
2421,C_2421,533.0,False,3
2422,C_2422,543.0,False,3
2423,C_2423,575.5,False,3
2424,C_2424,417.8,False,3
2425,C_2425,425.0,False,3
2426,C_2426,499.2,False,3
2427,C_2427,522.5,False,3
2430,C_2430,427.2,False,3
2431,C_2431,584.5,False,3
2432,C_2432,448.0,False,3
2433,C_2433,403.5,False,3
2434,C_2434,456.5,False,3
2435,C_2435,503.5,False,3
2436,C_2436,526.5,False,3
2437,C_2437,548.0,False,3
2438,C_2438,429.0,False,3
2439,C_2439,501.5,False,3
2440,C_2440,464.0,False,3
2441,C_2441,545.0,False,3
2442,C_2442,472.0,False,3
2443,C_2443,562.0,True,3
2444,C_2444,438.2,False,3
2445,C_2445,599.0,False,3
2446,C_2446,504.2,False,3
2447,C_2447,484.8,False,3
2448,C_2448,545.0,False,3
2449,C_2449,475.8,False,3
2450,C_2450,407.0,False,3
2451,C_2451,488.2,True,3
2452,C_2452,457.5,False,3
2454,C_2454,505.2,True,3
2455,C_2455,566.0,False,3
2456,C_2456,497.8,True,3
2457,C_2457,431.0,False,3
2458,C_2458,429.8,False,3
2459,C_2459,514.5,True,3
2460,C_2460,453.0,False,3
2462,C_2462,588.5,False,3
2464,C_2464,583.0,False,3
2466,C_2466,587.5,True,3
2467,C_2467,568.0,False,3
2468,C_2468,459.8,False,3
2469,C_2469,494.0,True,3
2471,C_2471,473.2,False,3
2472,C_2472,585.5,False,3
2473,C_2473,420.2,False,3
2479,C_2479,493.2,True,3
2480,C_2480,452.0,False,3
2481,C_2481,517.0,False,3
2482,C_2482,540.5,False,3
2483,C_2483,558.5,False,3
2484,C_2484,432.5,False,3
2485,C_2485,525.0,False,3
2486,C_2486,536.0,False,3
2488,C_2488,545.5,False,3
2489,C_2489,503.5,True,3
2490,C_2490,591.0,False,3
2491,C_2491,530.0,True,3
2492,C_2492,525.5,False,3
2493,C_2493,402.8,False,3
2495,C_2495,520.0,True,3
2496,C_2496,553.5,False,3
2497,C_2497,428.8,False,3
2498,C_2498,527.5,False,3
2499,C_2499,430.8,False,3
2500,C_2500,552.5,False,3
2501,C_2501,564.0,False,3
2503,C_2503,413.5,True,3
2504,C_2504,456.0,False,3
2505,C_2505,454.0,False,3
2507,C_2507,556.0,False,3
2508,C_2508,515.5,False,3
2509,C_2509,598.5,False,3
2512,C_2512,596.0,False,3
2513,C_2513,411.8,False,3
2514,C_2514,466.5,False,3
2515,C_2515,527.5,False,3
2516,C_2516,478.0,True,3
2517,C_2517,404.5,False,3
2518,C_2518,459.2,False,3
2519,C_2519,448.2,False,3
2520,C_2520,555.0,False,3
2521,C_2521,518.5,False,3
2522,C_2522,428.8,True,3
2523,C_2523,574.5,False,3
2524,C_2524,442.5,False,3
2525,C_2525,464.0,False,3
2526,C_2526,575.0,False,3
2527,C_2527,553.0,False,3
2528,C_2528,484.2,False,3
2529,C_2529,503.8,True,3
2530,C_2530,596.0,False,3
2531,C_2531,542.0,False,3
2533,C_2533,531.0,False,3
2534,C_2534,597.5,False,3
2535,C_2535,585.0,False,3
2536,C_2536,459.8,True,3
2537,C_2537,489.0,True,3
2538,C_2538,527.0,False,3
2539,C_2539,447.5,False,3
2541,C_2541,580.5,False,3
2542,C_2542,461.2,True,3
2543,C_2543,473.5,False,3
2544,C_2544,490.0,False,3
2545,C_2545,477.2,False,3
2546,C_2546,528.5,False,3
2547,C_2547,410.5,True,3
2548,C_2548,555.5,False,3
2549,C_2549,457.0,False,3
2551,C_2551,484.8,False,3
2552,C_2552,522.5,False,3
2553,C_2553,514.0,False,3
2555,C_2555,432.0,False,3
2556,C_2556,401.5,False,3
2557,C_2557,421.5,False,3
2558,C_2558,477.0,False,3
2559,C_2559,451.5,False,3
2560,C_2560,497.0,False,3
2561,C_2561,494.2,False,3
2563,C_2563,426.5,False,3
2564,C_2564,499.5,True,3
2565,C_2565,590.0,True,3
2566,C_2566,434.5,True,3
2568,C_2568,467.8,False,3
2569,C_2569,541.5,False,3
2570,C_2570,572.0,True,3
2572,C_2572,406.2,False,3
2573,C_2573,462.0,False,3
2574,C_2574,524.5,False,3
2576,C_2576,466.0,False,3
2578,C_2578,425.5,False,3
2579,C_2579,528.0,False,3
2580,C_2580,450.0,False,3
2581,C_2581,552.0,False,3
2582,C_2582,582.5,False,3
2584,C_2584,537.5,False,3
2585,C_2585,470.8,False,3
2587,C_2587,482.0,False,3
2588,C_2588,517.0,False,3
2589,C_2589,597.5,False,3
2590,C_2590,511.5,False,3
2591,C_2591,490.5,False,3
2592,C_2592,419.2,False,3
2593,C_2593,590.0,False,3
2594,C_2594,505.0,False,3
2595,C_2595,540.0,False,3
2599,C_2599,419.2,True,3
2601,C_2601,184.1,False,4
2602,C_2602,160.1,False,4
2603,C_2603,130.1,False,4
2604,C_2604,152.6,False,4
2606,C_2606,167.8,True,4
2608,C_2608,114.44,False,4
2609,C_2609,109.3,False,4
2610,C_2610,175.2,False,4
2611,C_2611,145.2,False,4
2612,C_2612,119.8,False,4
2613,C_2613,137.5,False,4
2614,C_2614,167.0,False,4
2615,C_2615,146.1,False,4
2616,C_2616,154.6,False,4
2617,C_2617,193.8,False,4
2618,C_2618,140.0,False,4
2620,C_2620,110.7,False,4
2621,C_2621,172.5,False,4
2622,C_2622,131.2,False,4
2623,C_2623,111.5,False,4
2624,C_2624,177.9,False,4
2625,C_2625,188.9,False,4
2626,C_2626,110.25,True,4
2627,C_2627,161.6,True,4
2628,C_2628,174.0,True,4
2631,C_2631,168.4,True,4
2632,C_2632,144.5,False,4
2633,C_2633,116.56,False,4
2634,C_2634,125.75,True,4
2635,C_2635,183.0,False,4
2636,C_2636,116.75,False,4
2637,C_2637,170.5,False,4
2638,C_2638,157.1,False,4
2639,C_2639,156.1,False,4
2640,C_2640,101.6,True,4
2641,C_2641,112.25,True,4
2642,C_2642,131.0,False,4
2643,C_2643,163.0,True,4
2644,C_2644,138.1,False,4
2645,C_2645,125.6,False,4
2646,C_2646,138.4,False,4
2648,C_2648,159.5,False,4
2649,C_2649,156.0,True,4
2650,C_2650,136.8,False,4
2651,C_2651,142.5,False,4
2654,C_2654,197.0,False,4
2655,C_2655,160.2,False,4
2656,C_2656,128.4,False,4
2658,C_2658,147.2,False,4
2659,C_2659,185.2,False,4
2660,C_2660,173.8,False,4
2661,C_2661,188.0,False,4
2662,C_2662,171.8,False,4
2663,C_2663,125.3,False,4
2664,C_2664,127.25,True,4
2665,C_2665,116.4,False,4
2666,C_2666,187.9,False,4
2667,C_2667,190.0,False,4
2668,C_2668,132.4,False,4
2669,C_2669,102.3,False,4
2670,C_2670,147.4,False,4
2671,C_2671,178.9,False,4
2672,C_2672,170.2,False,4
2675,C_2675,110.2,False,4
2676,C_2676,172.9,False,4
2677,C_2677,181.9,False,4
2678,C_2678,118.25,False,4
2679,C_2679,181.6,False,4
2680,C_2680,195.1,False,4
2681,C_2681,160.1,False,4
2682,C_2682,155.1,True,4
2683,C_2683,103.3,False,4
2684,C_2684,141.4,False,4
2685,C_2685,146.8,False,4
2687,C_2687,144.1,False,4
2688,C_2688,101.2,False,4
2690,C_2690,106.8,False,4
2691,C_2691,199.2,False,4
2692,C_2692,166.0,False,4
2694,C_2694,169.4,False,4
2695,C_2695,194.1,False,4
2696,C_2696,140.5,False,4
2697,C_2697,127.9,False,4
2698,C_2698,107.9,False,4
2699,C_2699,102.25,True,4
2700,C_2700,147.8,False,4
2703,C_2703,100.3,False,4
2705,C_2705,183.1,False,4
2707,C_2707,177.0,False,4
2708,C_2708,141.9,False,4
2709,C_2709,170.4,True,4
2711,C_2711,106.44,False,4
2712,C_2712,103.9,False,4
2713,C_2713,134.6,True,4
2714,C_2714,164.4,False,4
2715,C_2715,138.1,False,4
2716,C_2716,164.5,False,4
2718,C_2718,177.1,False,4
2719,C_2719,128.4,False,4
2721,C_2721,155.4,False,4
2722,C_2722,162.8,False,4
2723,C_2723,163.5,False,4
2724,C_2724,167.4,False,4
2728,C_2728,196.9,False,4
2729,C_2729,171.4,False,4
2730,C_2730,197.4,False,4
2731,C_2731,199.1,False,4
2734,C_2734,160.1,False,4
2735,C_2735,147.0,True,4
2736,C_2736,137.0,False,4
2737,C_2737,141.9,False,4
2739,C_2739,164.6,False,4
2741,C_2741,103.75,False,4
2743,C_2743,144.1,True,4
2744,C_2744,106.56,False,4
2745,C_2745,122.7,False,4
2746,C_2746,133.1,False,4
2747,C_2747,137.6,False,4
2748,C_2748,162.5,False,4
2749,C_2749,115.6,False,4
2750,C_2750,182.1,False,4
2751,C_2751,149.8,True,4
2753,C_2753,109.94,False,4
2754,C_2754,194.4,True,4
2756,C_2756,164.9,False,4
2757,C_2757,117.9,False,4
2760,C_2760,191.9,False,4
2762,C_2762,143.1,False,4
2763,C_2763,129.0,False,4
2764,C_2764,144.0,False,4
2765,C_2765,195.8,False,4
2766,C_2766,103.8,False,4
2767,C_2767,147.9,False,4
2768,C_2768,189.6,False,4
2769,C_2769,110.7,False,4
2770,C_2770,111.7,False,4
2771,C_2771,181.5,False,4
2772,C_2772,128.2,False,4
2773,C_2773,179.8,False,4
2774,C_2774,130.1,False,4
2777,C_2777,133.1,False,4
2779,C_2779,106.0,False,4
2780,C_2780,165.1,False,4
2783,C_2783,193.4,False,4
2784,C_2784,163.4,False,4
2785,C_2785,154.9,True,4
2786,C_2786,120.56,False,4
2787,C_2787,187.6,False,4
2788,C_2788,142.4,False,4
2789,C_2789,104.25,False,4
2790,C_2790,192.6,False,4
2791,C_2791,136.9,False,4
2792,C_2792,129.5,False,4
2793,C_2793,105.8,False,4
2794,C_2794,103.3,False,4
2795,C_2795,104.3,True,4
2797,C_2797,186.8,False,4
2798,C_2798,147.0,False,4
2799,C_2799,108.1,False,4
2801,C_2801,389.5,False,5
2804,C_2804,215.4,False,5
2808,C_2808,364.2,False,5
2809,C_2809,387.0,False,5
2810,C_2810,286.5,False,5
2811,C_2811,223.0,False,5
2812,C_2812,343.5,False,5
2816,C_2816,308.0,False,5
2817,C_2817,227.6,False,5
2822,C_2822,301.2,False,5
2823,C_2823,207.0,False,5
2824,C_2824,375.8,False,5
2826,C_2826,345.8,False,5
2827,C_2827,399.0,True,5
2828,C_2828,379.2,False,5
2830,C_2830,264.8,False,5
2832,C_2832,309.2,False,5
2833,C_2833,381.8,False,5
2834,C_2834,248.5,False,5
2837,C_2837,281.0,False,5
2838,C_2838,355.5,False,5
2839,C_2839,272.8,False,5
2841,C_2841,270.5,False,5
2842,C_2842,274.8,False,5
2843,C_2843,201.6,False,5
2845,C_2845,348.0,False,5
2850,C_2850,298.0,False,5
2851,C_2851,296.8,False,5
2852,C_2852,225.1,False,5
2855,C_2855,374.5,False,5
2856,C_2856,234.5,False,5
2861,C_2861,219.0,False,5
2862,C_2862,358.8,False,5
2863,C_2863,228.9,False,5
2864,C_2864,250.2,False,5
2867,C_2867,334.2,False,5
2871,C_2871,391.5,False,5
2876,C_2876,266.5,False,5
2878,C_2878,393.2,False,5
2879,C_2879,284.2,True,5
2881,C_2881,360.0,False,5
2883,C_2883,209.4,False,5
2884,C_2884,396.2,False,5
2886,C_2886,399.2,True,5
2887,C_2887,329.8,False,5
2888,C_2888,201.5,False,5
2889,C_2889,335.8,False,5
2890,C_2890,245.4,True,5
2891,C_2891,397.8,False,5
2892,C_2892,386.5,False,5
2894,C_2894,341.8,False,5
2896,C_2896,385.2,False,5
2900,C_2900,239.9,False,5
2904,C_2904,362.8,False,5
2908,C_2908,321.2,False,5
2909,C_2909,266.0,False,5
2911,C_2911,246.9,False,5
2913,C_2913,239.6,True,5
2914,C_2914,393.2,False,5
2922,C_2922,267.0,False,5
2926,C_2926,203.4,True,5
2927,C_2927,272.8,True,5
2930,C_2930,344.5,False,5
2931,C_2931,346.8,False,5
2933,C_2933,380.2,False,5
2934,C_2934,345.0,False,5
2936,C_2936,384.2,False,5
2938,C_2938,203.0,False,5
2939,C_2939,373.8,False,5
2940,C_2940,237.6,False,5
2941,C_2941,349.8,False,5
2942,C_2942,282.8,False,5
2944,C_2944,230.8,False,5
2945,C_2945,285.8,False,5
2946,C_2946,400.0,False,5
2949,C_2949,328.5,False,5
2950,C_2950,243.0,False,5
2951,C_2951,212.6,False,5
2953,C_2953,381.8,False,5
2954,C_2954,200.5,False,5
2956,C_2956,349.8,False,5
2957,C_2957,219.8,False,5
2961,C_2961,380.5,False,5
2962,C_2962,284.2,True,5
2963,C_2963,307.8,False,5
2964,C_2964,284.8,False,5
2965,C_2965,292.8,True,5
2966,C_2966,250.1,False,5
2967,C_2967,263.0,False,5
2968,C_2968,250.5,False,5
2970,C_2970,321.5,False,5
2971,C_2971,204.6,True,5
2972,C_2972,387.5,False,5
2975,C_2975,284.5,False,5
2976,C_2976,346.2,False,5
2977,C_2977,352.2,False,5
2979,C_2979,393.0,False,5
2981,C_2981,217.1,False,5
2983,C_2983,342.5,False,5
2984,C_2984,205.1,False,5
2985,C_2985,298.5,True,5
2987,C_2987,389.8,False,5
2988,C_2988,270.0,False,5
2989,C_2989,294.2,False,5
2991,C_2991,348.8,False,5
2994,C_2994,237.0,False,5
2996,C_2996,205.0,False,5
2997,C_2997,271.2,True,5
2998,C_2998,261.5,False,5
3001,C_3001,178.9,False,1
3002,C_3002,145.4,False,1
3003,C_3003,112.9,False,1
3004,C_3004,193.4,True,1
3005,C_3005,131.5,False,1
3006,C_3006,144.0,False,1
3010,C_3010,184.5,True,1
3011,C_3011,149.1,True,1
3012,C_3012,171.0,False,1
3014,C_3014,199.2,True,1
3015,C_3015,177.5,False,1
3016,C_3016,136.1,False,1
3018,C_3018,139.4,False,1
3019,C_3019,153.5,False,1
3020,C_3020,189.6,False,1
3022,C_3022,189.4,False,1
3024,C_3024,114.56,False,1
3026,C_3026,119.44,False,1
3027,C_3027,102.7,False,1
3028,C_3028,147.1,False,1
3029,C_3029,157.4,False,1
3030,C_3030,105.06,False,1
3032,C_3032,156.2,False,1
3033,C_3033,156.2,True,1
3034,C_3034,108.1,False,1
3036,C_3036,113.06,False,1
3037,C_3037,146.8,False,1
3038,C_3038,137.0,False,1
3039,C_3039,133.0,False,1
3040,C_3040,188.1,True,1
3041,C_3041,162.4,False,1
3042,C_3042,111.0,False,1
3043,C_3043,165.8,False,1
3044,C_3044,199.6,False,1
3045,C_3045,136.5,False,1
3046,C_3046,177.0,False,1
3047,C_3047,165.8,False,1
3048,C_3048,147.5,False,1
3049,C_3049,140.5,False,1
3051,C_3051,141.8,False,1
3052,C_3052,126.7,False,1
3053,C_3053,148.6,False,1
3054,C_3054,167.0,True,1
3055,C_3055,188.8,True,1
3056,C_3056,114.56,False,1
3059,C_3059,162.8,False,1
3060,C_3060,119.2,False,1
3061,C_3061,107.2,False,1
3062,C_3062,113.7,False,1
3063,C_3063,132.2,True,1
3064,C_3064,129.1,True,1
3066,C_3066,134.4,True,1
3068,C_3068,197.6,False,1
3069,C_3069,170.5,True,1
3070,C_3070,180.4,False,1
3071,C_3071,149.8,False,1
3072,C_3072,109.7,False,1
3073,C_3073,158.6,False,1
3074,C_3074,144.5,False,1
3075,C_3075,131.8,False,1
3076,C_3076,108.75,False,1
3077,C_3077,131.6,False,1
3078,C_3078,127.25,False,1
3079,C_3079,135.6,True,1
3081,C_3081,111.7,False,1
3082,C_3082,137.9,False,1
3083,C_3083,175.9,False,1
3084,C_3084,131.0,False,1
3086,C_3086,186.4,False,1
3087,C_3087,118.94,False,1
3090,C_3090,117.0,False,1
3091,C_3091,155.8,False,1
3092,C_3092,147.5,True,1
3093,C_3093,124.06,False,1
3095,C_3095,189.5,False,1
3096,C_3096,189.6,False,1
3097,C_3097,110.56,False,1
3098,C_3098,137.9,True,1
3099,C_3099,108.94,False,1
3100,C_3100,146.4,False,1
3101,C_3101,166.4,False,1
3102,C_3102,170.8,False,1
3103,C_3103,105.75,False,1
3104,C_3104,111.3,False,1
3105,C_3105,163.2,False,1
3108,C_3108,109.4,False,1
3109,C_3109,108.2,False,1
3110,C_3110,158.0,False,1
3112,C_3112,174.8,True,1
3113,C_3113,130.2,False,1
3115,C_3115,190.2,False,1
3116,C_3116,153.1,False,1
3118,C_3118,176.4,False,1
3119,C_3119,162.6,False,1
3120,C_3120,164.6,False,1
3121,C_3121,140.4,False,1
3122,C_3122,189.2,False,1
3123,C_3123,117.75,False,1
3124,C_3124,116.2,False,1
3125,C_3125,172.5,False,1
3126,C_3126,121.1,False,1
3127,C_3127,152.0,False,1
3128,C_3128,190.1,True,1
3129,C_3129,135.8,False,1
3130,C_3130,173.5,False,1
3131,C_3131,186.9,False,1
3132,C_3132,165.9,False,1
3133,C_3133,109.06,True,1
3135,C_3135,179.8,False,1
3136,C_3136,199.8,False,1
3137,C_3137,145.9,False,1
3138,C_3138,105.6,False,1
3140,C_3140,150.0,False,1
3142,C_3142,106.5,True,1
3143,C_3143,191.6,True,1
3145,C_3145,109.94,False,1
3146,C_3146,175.1,False,1
3148,C_3148,113.4,False,1
3149,C_3149,123.7,False,1
3150,C_3150,154.8,True,1
3151,C_3151,166.0,True,1
3152,C_3152,186.0,False,1
3153,C_3153,159.0,False,1
3154,C_3154,163.8,False,1
3155,C_3155,148.1,False,1
3157,C_3157,166.2,False,1
3158,C_3158,127.0,False,1
3160,C_3160,162.2,False,1
3161,C_3161,162.1,False,1
3162,C_3162,118.0,False,1
3163,C_3163,119.56,False,1
3164,C_3164,154.9,False,1
3165,C_3165,183.4,False,1
3166,C_3166,131.1,False,1
3168,C_3168,104.9,False,1
3169,C_3169,153.0,False,1
3170,C_3170,152.9,False,1
3171,C_3171,161.2,False,1
3173,C_3173,165.9,False,1
3174,C_3174,187.0,True,1
3175,C_3175,131.8,False,1
3176,C_3176,179.6,False,1
3177,C_3177,122.7,True,1
3178,C_3178,133.1,False,1
3179,C_3179,149.5,False,1
3180,C_3180,152.0,False,1
3181,C_3181,173.8,False,1
3182,C_3182,102.6,False,1
3184,C_3184,180.6,False,1
3185,C_3185,100.1,False,1
3186,C_3186,156.2,False,1
3188,C_3188,113.8,False,1
3189,C_3189,187.1,True,1
3190,C_3190,105.5,False,1
3191,C_3191,190.8,False,1
3192,C_3192,166.8,False,1
3194,C_3194,167.5,False,1
3195,C_3195,175.9,False,1
3196,C_3196,173.2,False,1
3197,C_3197,189.5,True,1
3198,C_3198,136.0,True,1
3201,C_3201,306.0,False,2
3202,C_3202,335.8,False,2
3204,C_3204,283.8,False,2
3207,C_3207,347.2,False,2
3208,C_3208,313.8,False,2
3210,C_3210,347.5,False,2
3214,C_3214,327.2,False,2
3216,C_3216,378.2,False,2
3217,C_3217,263.2,False,2
3218,C_3218,256.0,False,2
3219,C_3219,259.0,False,2
3220,C_3220,377.2,False,2
3222,C_3222,282.8,True,2
3223,C_3223,266.0,False,2
3225,C_3225,374.0,False,2
3226,C_3226,288.8,False,2
3228,C_3228,280.2,False,2
3232,C_3232,256.0,False,2
3233,C_3233,339.2,False,2
3236,C_3236,293.5,False,2
3237,C_3237,259.8,False,2
3239,C_3239,348.0,False,2
3242,C_3242,226.0,False,2
3245,C_3245,390.2,True,2
3248,C_3248,238.6,False,2
3251,C_3251,368.2,False,2
3254,C_3254,332.2,False,2
3255,C_3255,224.2,False,2
3256,C_3256,387.2,False,2
3257,C_3257,286.8,False,2
3259,C_3259,368.8,False,2
3262,C_3262,347.5,False,2
3263,C_3263,218.0,False,2
3267,C_3267,227.5,False,2
3268,C_3268,312.5,True,2
3269,C_3269,329.2,False,2
3272,C_3272,297.8,False,2
3276,C_3276,244.8,False,2
3279,C_3279,257.5,False,2
3280,C_3280,228.1,False,2
3283,C_3283,380.8,False,2
3284,C_3284,388.0,False,2
3287,C_3287,253.1,False,2
3289,C_3289,265.0,False,2
3290,C_3290,289.0,False,2
3292,C_3292,309.2,False,2
3294,C_3294,279.2,False,2
3299,C_3299,385.2,False,2
3301,C_3301,265.8,False,2
3302,C_3302,296.2,False,2
3303,C_3303,298.8,False,2
3304,C_3304,249.0,False,2
3312,C_3312,362.2,False,2
3315,C_3315,347.0,False,2
3317,C_3317,267.5,False,2
3318,C_3318,348.8,False,2
3320,C_3320,338.8,False,2
3329,C_3329,226.4,False,2
3337,C_3337,282.8,True,2
3342,C_3342,231.4,False,2
3344,C_3344,351.5,False,2
3345,C_3345,372.8,False,2
3347,C_3347,384.8,True,2
3351,C_3351,392.0,False,2
3354,C_3354,272.0,False,2
3359,C_3359,295.8,False,2
3361,C_3361,394.0,False,2
3363,C_3363,238.2,False,2
3364,C_3364,358.8,True,2
3365,C_3365,275.2,False,2
3366,C_3366,252.9,False,2
3367,C_3367,318.0,True,2
3368,C_3368,288.5,False,2
3369,C_3369,303.8,False,2
3374,C_3374,369.2,False,2
3375,C_3375,375.2,False,2
3376,C_3376,347.2,False,2
3377,C_3377,294.8,False,2
3378,C_3378,304.2,False,2
3379,C_3379,319.2,False,2
3383,C_3383,267.5,False,2
3384,C_3384,391.0,False,2
3386,C_3386,258.8,False,2
3388,C_3388,345.2,False,2
3389,C_3389,256.2,False,2
3390,C_3390,361.8,False,2
3394,C_3394,260.2,False,2
3395,C_3395,251.1,False,2
3398,C_3398,373.0,True,2
3399,C_3399,205.5,False,2
3400,C_3400,590.5,False,3
3401,C_3401,565.0,False,3
3402,C_3402,564.5,False,3
3403,C_3403,585.5,False,3
3404,C_3404,482.2,False,3
3405,C_3405,415.2,False,3
3406,C_3406,514.0,False,3
3407,C_3407,507.2,False,3
3409,C_3409,548.5,False,3
3411,C_3411,543.0,False,3
3412,C_3412,559.0,False,3
3413,C_3413,554.5,True,3
3414,C_3414,562.0,False,3
3415,C_3415,432.0,False,3
3416,C_3416,521.0,False,3
3417,C_3417,521.5,False,3
3418,C_3418,575.0,False,3
3419,C_3419,487.5,False,3
3420,C_3420,452.0,False,3
3421,C_3421,507.2,False,3
3422,C_3422,498.8,True,3
3423,C_3423,403.2,False,3
3424,C_3424,409.8,False,3
3425,C_3425,437.5,False,3
3426,C_3426,498.5,False,3
3427,C_3427,531.5,False,3
3428,C_3428,504.2,False,3
3429,C_3429,515.0,False,3
3430,C_3430,598.5,False,3
3431,C_3431,417.5,False,3
3432,C_3432,474.5,False,3
3435,C_3435,576.5,False,3
3436,C_3436,524.0,False,3
3437,C_3437,531.0,False,3
3438,C_3438,579.0,False,3
3439,C_3439,558.5,False,3
3440,C_3440,516.0,False,3
3441,C_3441,402.5,False,3
3443,C_3443,414.2,False,3
3444,C_3444,592.5,False,3
3445,C_3445,565.5,False,3
3446,C_3446,469.2,False,3
3447,C_3447,420.0,False,3
3448,C_3448,513.0,False,3
3449,C_3449,470.5,False,3
3451,C_3451,567.5,True,3
3452,C_3452,519.5,False,3
3454,C_3454,401.8,True,3
3455,C_3455,446.8,False,3
3456,C_3456,486.2,True,3
3457,C_3457,493.0,False,3
3458,C_3458,562.5,False,3
3459,C_3459,435.0,False,3
3460,C_3460,514.5,True,3
3461,C_3461,507.5,False,3
3463,C_3463,402.8,True,3
3464,C_3464,408.8,True,3
3465,C_3465,418.2,False,3
3466,C_3466,478.8,False,3
3467,C_3467,519.5,False,3
3468,C_3468,547.0,False,3
3469,C_3469,530.0,False,3
3471,C_3471,573.0,False,3
3473,C_3473,563.5,True,3
3474,C_3474,434.2,False,3
3475,C_3475,476.0,False,3
3476,C_3476,534.0,True,3
3477,C_3477,526.0,False,3
3478,C_3478,503.8,False,3
3479,C_3479,584.5,False,3
3480,C_3480,562.5,False,3
3481,C_3481,519.0,False,3
3482,C_3482,535.5,False,3
3484,C_3484,502.5,False,3
3486,C_3486,567.5,False,3
3487,C_3487,440.0,False,3
3488,C_3488,491.5,False,3
3490,C_3490,439.5,False,3
3491,C_3491,407.2,False,3
3492,C_3492,423.8,False,3
3493,C_3493,551.5,False,3
3494,C_3494,466.0,False,3
3495,C_3495,461.0,True,3
3496,C_3496,428.8,False,3
3497,C_3497,515.5,False,3
3498,C_3498,483.0,False,3
3499,C_3499,411.0,False,3
3500,C_3500,476.5,False,3
3501,C_3501,561.5,False,3
3502,C_3502,551.5,True,3
3503,C_3503,595.0,True,3
3504,C_3504,571.5,False,3
3505,C_3505,499.5,False,3
3506,C_3506,558.5,False,3
3507,C_3507,557.0,False,3
3508,C_3508,482.0,False,3
3511,C_3511,488.5,False,3
3512,C_3512,524.5,False,3
3513,C_3513,563.0,False,3
3514,C_3514,584.0,False,3
3515,C_3515,528.5,False,3
3516,C_3516,505.0,False,3
3517,C_3517,443.2,False,3
3520,C_3520,546.0,False,3
3521,C_3521,508.0,False,3
3522,C_3522,430.8,False,3
3523,C_3523,433.0,False,3
3524,C_3524,405.8,False,3
3525,C_3525,422.8,False,3
3526,C_3526,524.0,False,3
3527,C_3527,527.5,True,3
3528,C_3528,505.8,False,3
3529,C_3529,558.0,False,3
3530,C_3530,509.2,False,3
3531,C_3531,451.2,False,3
3533,C_3533,473.2,False,3
3534,C_3534,409.0,False,3
3535,C_3535,443.2,False,3
3536,C_3536,489.0,False,3
3537,C_3537,522.5,False,3
3538,C_3538,556.0,False,3
3539,C_3539,572.5,False,3
3540,C_3540,555.0,False,3
3541,C_3541,550.5,False,3
3542,C_3542,518.0,False,3
3543,C_3543,438.8,True,3
3544,C_3544,533.0,True,3
3545,C_3545,539.0,True,3
3546,C_3546,453.5,False,3
3547,C_3547,474.2,False,3
3548,C_3548,458.8,False,3
3549,C_3549,599.0,False,3
3550,C_3550,539.5,False,3
3551,C_3551,471.8,False,3
3552,C_3552,439.0,False,3
3554,C_3554,448.2,True,3
3555,C_3555,566.0,False,3
3556,C_3556,437.5,False,3
3557,C_3557,475.8,False,3
3558,C_3558,507.0,False,3
3559,C_3559,450.2,False,3
3560,C_3560,433.8,False,3
3561,C_3561,592.5,False,3
3562,C_3562,580.5,False,3
3563,C_3563,405.2,False,3
3564,C_3564,506.8,False,3
3565,C_3565,408.8,False,3
3566,C_3566,486.8,False,3
3567,C_3567,422.0,False,3
3569,C_3569,440.2,False,3
3570,C_3570,460.0,False,3
3571,C_3571,417.2,False,3
3574,C_3574,484.5,False,3
3575,C_3575,510.5,False,3
3576,C_3576,436.0,False,3
3577,C_3577,559.5,False,3
3578,C_3578,457.5,True,3
3579,C_3579,569.5,False,3
3580,C_3580,548.0,False,3
3581,C_3581,459.0,False,3
3583,C_3583,459.0,False,3
3584,C_3584,588.0,False,3
3585,C_3585,570.0,False,3
3586,C_3586,507.8,False,3
3588,C_3588,415.5,False,3
3589,C_3589,560.0,False,3
3590,C_3590,471.8,True,3
3591,C_3591,453.8,False,3
3592,C_3592,465.5,False,3
3594,C_3594,420.8,False,3
3595,C_3595,597.5,False,3
3596,C_3596,492.8,False,3
3598,C_3598,501.2,False,3
3599,C_3599,412.5,False,3
3600,C_3600,176.6,False,4
3601,C_3601,140.1,False,4
3602,C_3602,148.2,False,4
3603,C_3603,182.1,False,4
3604,C_3604,131.1,False,4
3605,C_3605,114.1,False,4
3606,C_3606,104.56,False,4
3608,C_3608,106.6,True,4
3609,C_3609,159.4,False,4
3610,C_3610,106.8,False,4
3611,C_3611,111.3,False,4
3612,C_3612,139.4,False,4
3613,C_3613,129.2,False,4
3614,C_3614,110.75,False,4
3615,C_3615,194.2,False,4
3616,C_3616,194.6,False,4
3617,C_3617,196.2,False,4
3618,C_3618,198.0,False,4
3619,C_3619,191.0,False,4
3620,C_3620,156.6,False,4
3621,C_3621,140.4,False,4
3622,C_3622,174.1,False,4
3623,C_3623,152.4,False,4
3624,C_3624,122.75,False,4
3626,C_3626,116.3,False,4
3627,C_3627,165.1,False,4
3628,C_3628,195.0,False,4
3629,C_3629,153.5,True,4
3630,C_3630,114.56,False,4
3631,C_3631,135.9,False,4
3632,C_3632,151.1,False,4
3633,C_3633,143.2,False,4
3634,C_3634,114.94,False,4
3635,C_3635,159.9,False,4
3637,C_3637,197.1,False,4
3638,C_3638,118.1,False,4
3639,C_3639,165.9,False,4
3641,C_3641,115.0,False,4
3644,C_3644,124.8,False,4
3645,C_3645,173.5,False,4
3646,C_3646,189.2,False,4
3647,C_3647,197.0,True,4
3648,C_3648,110.4,False,4
3649,C_3649,168.4,False,4
3650,C_3650,152.2,False,4
3651,C_3651,169.8,False,4
3652,C_3652,193.4,False,4
3653,C_3653,128.6,False,4
3656,C_3656,104.1,False,4
3658,C_3658,125.9,False,4
3659,C_3659,171.0,False,4
3660,C_3660,122.0,False,4
3663,C_3663,172.2,False,4
3664,C_3664,174.5,False,4
3665,C_3665,190.2,False,4
3666,C_3666,180.4,True,4
3667,C_3667,145.0,False,4
3668,C_3668,112.75,False,4
3669,C_3669,167.1,False,4
3670,C_3670,143.9,False,4
3672,C_3672,198.9,False,4
3674,C_3674,144.4,True,4
3675,C_3675,134.4,False,4
3676,C_3676,132.1,False,4
3677,C_3677,124.25,False,4
3678,C_3678,135.2,False,4
3680,C_3680,135.9,False,4
3681,C_3681,194.8,False,4
3682,C_3682,137.5,False,4
3683,C_3683,101.75,False,4
3684,C_3684,196.5,False,4
3685,C_3685,158.1,False,4
3686,C_3686,130.9,False,4
3687,C_3687,179.4,False,4
3688,C_3688,102.2,False,4
3689,C_3689,185.5,False,4
3691,C_3691,102.44,True,4
3692,C_3692,114.3,False,4
3693,C_3693,183.5,True,4
3694,C_3694,105.06,False,4
3695,C_3695,191.4,False,4
3696,C_3696,129.1,False,4
3697,C_3697,119.7,False,4
3699,C_3699,124.25,False,4
3700,C_3700,156.5,False,4
3701,C_3701,176.4,False,4
3702,C_3702,166.8,False,4
3703,C_3703,131.8,False,4
3704,C_3704,163.4,False,4
3705,C_3705,162.9,False,4
3707,C_3707,146.1,False,4
3708,C_3708,163.2,False,4
3710,C_3710,116.06,False,4
3711,C_3711,191.2,True,4
3712,C_3712,101.06,False,4
3713,C_3713,186.5,False,4
3714,C_3714,116.7,False,4
3715,C_3715,199.1,False,4
3717,C_3717,109.2,True,4
3718,C_3718,176.8,True,4
3719,C_3719,166.8,False,4
3720,C_3720,186.5,False,4
3721,C_3721,149.6,False,4
3722,C_3722,131.2,False,4
3723,C_3723,179.1,False,4
3724,C_3724,173.6,False,4
3726,C_3726,198.5,False,4
3728,C_3728,149.8,True,4
3729,C_3729,192.6,False,4
3730,C_3730,150.6,False,4
3731,C_3731,184.2,False,4
3732,C_3732,105.0,False,4
3733,C_3733,113.0,True,4
3734,C_3734,121.3,True,4
3735,C_3735,123.2,True,4
3736,C_3736,114.06,False,4
3737,C_3737,104.1,True,4
3738,C_3738,156.0,False,4
3740,C_3740,172.6,True,4
3741,C_3741,161.5,True,4
3743,C_3743,145.0,False,4
3744,C_3744,101.44,False,4
3745,C_3745,161.6,True,4
3746,C_3746,163.6,True,4
3747,C_3747,162.6,False,4
3748,C_3748,196.1,True,4
3749,C_3749,170.4,True,4
3750,C_3750,121.06,False,4
3751,C_3751,161.0,False,4
3752,C_3752,155.4,False,4
3759,C_3759,126.4,False,4
3760,C_3760,166.2,False,4
3761,C_3761,173.8,True,4
3762,C_3762,182.1,False,4
3765,C_3765,196.2,False,4
3766,C_3766,151.4,False,4
3767,C_3767,145.2,False,4
3768,C_3768,110.3,False,4
3769,C_3769,158.8,False,4
3770,C_3770,131.1,False,4
3771,C_3771,168.8,False,4
3772,C_3772,171.6,False,4
3773,C_3773,186.6,False,4
3775,C_3775,181.0,False,4
3777,C_3777,199.6,False,4
3778,C_3778,132.9,False,4
3779,C_3779,158.9,False,4
3781,C_3781,157.1,False,4
3782,C_3782,166.8,False,4
3783,C_3783,193.8,False,4
3784,C_3784,101.8,False,4
3785,C_3785,131.0,False,4
3787,C_3787,151.6,False,4
3788,C_3788,190.8,True,4
3789,C_3789,150.0,False,4
3791,C_3791,185.8,True,4
3793,C_3793,178.4,False,4
3795,C_3795,194.5,False,4
3796,C_3796,140.1,False,4
3798,C_3798,147.6,False,4
3799,C_3799,133.1,True,4
3800,C_3800,351.8,False,5
3801,C_3801,315.2,False,5
3803,C_3803,320.2,False,5
3804,C_3804,259.0,False,5
3805,C_3805,268.2,True,5
3807,C_3807,277.0,False,5
3810,C_3810,325.0,False,5
3813,C_3813,244.2,False,5
3815,C_3815,393.8,False,5
3816,C_3816,293.2,True,5
3818,C_3818,216.6,False,5
3823,C_3823,393.2,False,5
3824,C_3824,266.5,False,5
3825,C_3825,211.4,False,5
3826,C_3826,334.0,False,5
3827,C_3827,234.8,False,5
3829,C_3829,295.2,False,5
3830,C_3830,308.0,False,5
3835,C_3835,215.0,False,5
3836,C_3836,363.5,False,5
3837,C_3837,365.8,True,5
3839,C_3839,366.2,False,5
3840,C_3840,234.8,False,5
3841,C_3841,379.8,False,5
3843,C_3843,252.9,False,5
3844,C_3844,200.4,False,5
3845,C_3845,231.5,False,5
3847,C_3847,246.6,False,5
3849,C_3849,209.5,True,5
3854,C_3854,265.0,False,5
3855,C_3855,335.8,False,5
3858,C_3858,339.2,True,5
3861,C_3861,347.5,False,5
3863,C_3863,252.9,False,5
3865,C_3865,202.1,False,5
3868,C_3868,365.2,False,5
3869,C_3869,257.0,False,5
3871,C_3871,296.2,False,5
3872,C_3872,267.8,False,5
3876,C_3876,288.5,False,5
3878,C_3878,335.8,False,5
3879,C_3879,276.5,False,5
3882,C_3882,240.6,False,5
3883,C_3883,347.8,False,5
3886,C_3886,346.8,False,5
3887,C_3887,394.5,False,5
3889,C_3889,343.0,False,5
3890,C_3890,314.5,False,5
3891,C_3891,308.2,False,5
3892,C_3892,286.8,False,5
3894,C_3894,234.4,True,5
3896,C_3896,335.0,False,5
3898,C_3898,347.2,False,5
3900,C_3900,245.8,False,5
3901,C_3901,201.1,False,5
3902,C_3902,371.8,False,5
3903,C_3903,353.2,False,5
3904,C_3904,389.2,False,5
3907,C_3907,266.0,True,5
3913,C_3913,231.0,False,5
3915,C_3915,309.5,False,5
3917,C_3917,203.8,False,5
3919,C_3919,355.8,True,5
3920,C_3920,352.8,False,5
3922,C_3922,383.8,False,5
3923,C_3923,273.5,False,5
3924,C_3924,354.0,False,5
3925,C_3925,268.5,True,5
3926,C_3926,397.2,True,5
3929,C_3929,213.0,False,5
3930,C_3930,237.5,False,5
3934,C_3934,242.5,False,5
3935,C_3935,304.8,False,5
3936,C_3936,320.0,False,5
3937,C_3937,387.8,False,5
3939,C_3939,384.8,False,5
3940,C_3940,263.8,False,5
3941,C_3941,316.5,True,5
3942,C_3942,325.0,False,5
3943,C_3943,219.2,False,5
3946,C_3946,252.5,False,5
3947,C_3947,237.0,False,5
3951,C_3951,371.2,False,5
3952,C_3952,235.9,False,5
3956,C_3956,253.6,False,5
3957,C_3957,332.5,False,5
3959,C_3959,282.8,False,5
3960,C_3960,241.4,False,5
3961,C_3961,231.5,False,5
3962,C_3962,292.0,False,5
3963,C_3963,319.0,True,5
3967,C_3967,200.2,False,5
3968,C_3968,227.2,False,5
3969,C_3969,288.2,False,5
3970,C_3970,393.8,False,5
3972,C_3972,396.0,False,5
3973,C_3973,368.2,False,5
3974,C_3974,399.2,True,5
3975,C_3975,258.0,False,5
3977,C_3977,286.2,False,5
3979,C_3979,322.8,False,5
3980,C_3980,280.8,True,5
3981,C_3981,388.8,False,5
3983,C_3983,298.8,True,5
3985,C_3985,280.8,True,5
3986,C_3986,281.0,False,5
3987,C_3987,262.0,False,5
3990,C_3990,224.4,False,5
3991,C_3991,324.5,False,5
3992,C_3992,231.9,False,5
3994,C_3994,245.5,False,5
3996,C_3996,203.5,False,5
4000,C_4000,186.5,False,1
4001,C_4001,150.8,True,1
4003,C_4003,156.8,False,1
4004,C_4004,102.9,False,1
4005,C_4005,169.6,False,1
4006,C_4006,127.1,False,1
4008,C_4008,186.2,False,1
4009,C_4009,162.4,False,1
4010,C_4010,195.9,False,1
4011,C_4011,122.7,True,1
4012,C_4012,100.7,False,1
4013,C_4013,185.2,False,1
4014,C_4014,160.9,False,1
4015,C_4015,113.3,False,1
4016,C_4016,125.4,False,1
4017,C_4017,194.8,False,1
4019,C_4019,155.4,False,1
4020,C_4020,177.1,False,1
4021,C_4021,190.1,False,1
4022,C_4022,139.0,False,1
4024,C_4024,186.9,False,1
4025,C_4025,195.5,False,1
4026,C_4026,148.0,True,1
4027,C_4027,189.2,False,1
4029,C_4029,147.0,False,1
4030,C_4030,171.8,False,1
4032,C_4032,174.5,False,1
4033,C_4033,139.6,False,1
4035,C_4035,134.5,True,1
4037,C_4037,129.0,True,1
4038,C_4038,149.9,False,1
4039,C_4039,139.8,True,1
4041,C_4041,124.1,False,1
4043,C_4043,180.8,False,1
4044,C_4044,194.6,False,1
4045,C_4045,169.2,False,1
4046,C_4046,149.6,False,1
4048,C_4048,103.75,False,1
4049,C_4049,190.8,False,1
4050,C_4050,174.2,False,1
4051,C_4051,120.25,True,1
4052,C_4052,129.2,False,1
4053,C_4053,186.4,False,1
4054,C_4054,110.4,False,1
4055,C_4055,127.0,False,1
4058,C_4058,113.06,False,1
4059,C_4059,134.8,False,1
4060,C_4060,187.2,False,1
4061,C_4061,159.2,False,1
4062,C_4062,115.94,False,1
4063,C_4063,110.5,False,1
4064,C_4064,199.8,False,1
4065,C_4065,125.25,False,1
4066,C_4066,128.6,False,1
4067,C_4067,118.56,False,1
4069,C_4069,194.5,False,1
4070,C_4070,137.1,True,1
4071,C_4071,141.4,False,1
4072,C_4072,133.4,False,1
4073,C_4073,159.6,False,1
4074,C_4074,152.5,False,1
4076,C_4076,110.75,False,1
4078,C_4078,155.8,False,1
4079,C_4079,105.7,True,1
4081,C_4081,142.4,False,1
4083,C_4083,131.8,False,1
4084,C_4084,167.0,False,1
4085,C_4085,180.1,False,1
4086,C_4086,111.94,False,1
4087,C_4087,142.2,False,1
4088,C_4088,166.8,False,1
4089,C_4089,159.2,False,1
4090,C_4090,187.2,False,1
4091,C_4091,187.0,False,1
4092,C_4092,154.5,False,1
4093,C_4093,188.8,False,1
4094,C_4094,180.6,False,1
4095,C_4095,115.0,True,1
4096,C_4096,100.94,False,1
4101,C_4101,151.6,False,1
4102,C_4102,197.6,True,1
4103,C_4103,183.4,True,1
4105,C_4105,139.9,True,1
4106,C_4106,194.4,False,1
4107,C_4107,171.4,False,1
4108,C_4108,110.5,False,1
4109,C_4109,155.4,False,1
4110,C_4110,121.1,False,1
4111,C_4111,164.2,False,1
4112,C_4112,140.2,False,1
4113,C_4113,104.1,False,1
4114,C_4114,190.0,False,1
4115,C_4115,192.0,False,1
4116,C_4116,163.6,False,1
4117,C_4117,120.75,False,1
4118,C_4118,141.1,False,1
4119,C_4119,169.5,False,1
4120,C_4120,111.56,False,1
4121,C_4121,120.75,False,1
4122,C_4122,109.06,False,1
4123,C_4123,193.4,False,1
4124,C_4124,175.5,False,1
4125,C_4125,113.75,False,1
4126,C_4126,123.56,False,1
4127,C_4127,165.8,False,1
4128,C_4128,197.4,False,1
4129,C_4129,121.56,False,1
4130,C_4130,184.9,False,1
4131,C_4131,143.5,False,1
4132,C_4132,185.8,False,1
4133,C_4133,101.1,True,1
4134,C_4134,152.2,False,1
4135,C_4135,141.9,False,1
4136,C_4136,178.8,True,1
4137,C_4137,196.1,False,1
4138,C_4138,110.2,False,1
4139,C_4139,175.4,False,1
4140,C_4140,136.2,False,1
4142,C_4142,186.4,False,1
4145,C_4145,149.9,False,1
4146,C_4146,121.2,True,1
4147,C_4147,105.1,False,1
4148,C_4148,190.5,False,1
4149,C_4149,110.8,False,1
4150,C_4150,143.2,True,1
4151,C_4151,110.1,False,1
4152,C_4152,103.75,False,1
4153,C_4153,132.8,False,1
4154,C_4154,111.44,False,1
4155,C_4155,128.2,True,1
4156,C_4156,199.2,False,1
4157,C_4157,124.06,False,1
4159,C_4159,178.9,False,1
4160,C_4160,106.5,False,1
4161,C_4161,139.1,False,1
4162,C_4162,114.94,True,1
4163,C_4163,132.5,False,1
4164,C_4164,113.06,False,1
4165,C_4165,113.8,False,1
4166,C_4166,171.5,False,1
4167,C_4167,105.44,True,1
4168,C_4168,147.6,False,1
4169,C_4169,155.1,True,1
4170,C_4170,142.4,False,1
4171,C_4171,124.75,False,1
4172,C_4172,162.4,False,1
4173,C_4173,109.75,False,1
4174,C_4174,117.5,True,1
4175,C_4175,129.5,False,1
4176,C_4176,144.9,False,1
4177,C_4177,120.2,False,1
4178,C_4178,164.9,True,1
4179,C_4179,126.2,False,1
4180,C_4180,147.9,False,1
4182,C_4182,166.9,False,1
4183,C_4183,160.2,False,1
4184,C_4184,183.2,False,1
4186,C_4186,143.0,True,1
4187,C_4187,139.0,False,1
4188,C_4188,113.06,False,1
4189,C_4189,159.6,False,1
4190,C_4190,149.0,False,1
4191,C_4191,179.8,False,1
4192,C_4192,160.9,False,1
4193,C_4193,134.5,False,1
4194,C_4194,185.9,False,1
4195,C_4195,127.6,False,1
4196,C_4196,130.5,False,1
4197,C_4197,187.0,False,1
4198,C_4198,198.0,False,1
4199,C_4199,121.2,False,1
4203,C_4203,363.0,False,2
4204,C_4204,285.2,True,2
4206,C_4206,205.0,False,2
4212,C_4212,324.8,False,2
4213,C_4213,290.5,True,2
4214,C_4214,328.8,False,2
4216,C_4216,276.5,True,2
4223,C_4223,334.8,False,2
4225,C_4225,324.0,False,2
4226,C_4226,349.2,False,2
4227,C_4227,202.8,False,2
4229,C_4229,326.0,True,2
4230,C_4230,366.8,True,2
4231,C_4231,350.8,True,2
4232,C_4232,206.9,False,2
4238,C_4238,231.1,False,2
4240,C_4240,296.5,False,2
4241,C_4241,321.0,True,2
4250,C_4250,291.8,False,2
4251,C_4251,249.2,False,2
4255,C_4255,374.5,False,2
4256,C_4256,298.2,True,2
4258,C_4258,362.5,False,2
4259,C_4259,310.0,False,2
4260,C_4260,310.5,False,2
4261,C_4261,339.5,False,2
4262,C_4262,278.0,False,2
4263,C_4263,340.0,True,2
4268,C_4268,316.5,False,2
4271,C_4271,360.5,True,2
4272,C_4272,266.5,False,2
4273,C_4273,328.0,True,2
4276,C_4276,259.8,False,2
4282,C_4282,372.5,False,2
4283,C_4283,286.8,False,2
4284,C_4284,258.5,False,2
4285,C_4285,276.0,True,2
4286,C_4286,348.8,True,2
4289,C_4289,368.8,False,2
4291,C_4291,239.0,False,2
4293,C_4293,388.5,False,2
4294,C_4294,232.8,False,2
4295,C_4295,242.6,False,2
4296,C_4296,358.8,False,2
4297,C_4297,373.5,False,2
4299,C_4299,304.5,False,2
4300,C_4300,273.0,False,2
4301,C_4301,372.8,False,2
4302,C_4302,317.0,True,2
4303,C_4303,295.2,True,2
4305,C_4305,397.0,True,2
4307,C_4307,361.8,False,2
4309,C_4309,253.0,True,2
4310,C_4310,278.0,False,2
4311,C_4311,239.8,True,2
4312,C_4312,320.8,False,2
4314,C_4314,283.2,False,2
4316,C_4316,285.5,False,2
4319,C_4319,385.0,False,2
4320,C_4320,332.2,False,2
4321,C_4321,314.5,False,2
4324,C_4324,230.2,False,2
4326,C_4326,311.8,False,2
4327,C_4327,232.9,False,2
4329,C_4329,266.5,False,2
4333,C_4333,297.2,True,2
4334,C_4334,327.5,False,2
4336,C_4336,324.0,True,2
4338,C_4338,202.6,False,2
4342,C_4342,305.2,True,2
4344,C_4344,361.5,False,2
4345,C_4345,394.0,False,2
4347,C_4347,207.8,False,2
4349,C_4349,201.9,False,2
4350,C_4350,280.0,False,2
4351,C_4351,218.4,True,2
4352,C_4352,372.8,False,2
4354,C_4354,335.5,False,2
4355,C_4355,292.5,True,2
4359,C_4359,286.5,False,2
4361,C_4361,297.8,False,2
4362,C_4362,367.0,False,2
4364,C_4364,372.0,False,2
4368,C_4368,342.5,False,2
4369,C_4369,347.0,False,2
4371,C_4371,280.0,False,2
4372,C_4372,255.5,False,2
4373,C_4373,347.5,False,2
4374,C_4374,211.9,False,2
4378,C_4378,377.5,False,2
4379,C_4379,391.5,False,2
4382,C_4382,237.1,False,2
4383,C_4383,291.8,False,2
4384,C_4384,204.6,False,2
4390,C_4390,232.1,False,2
4393,C_4393,385.0,False,2
4395,C_4395,239.8,False,2
4396,C_4396,321.0,False,2
4400,C_4400,514.5,False,3
4401,C_4401,572.0,False,3
4402,C_4402,551.0,False,3
4404,C_4404,491.0,False,3
4406,C_4406,522.5,False,3
4407,C_4407,455.8,True,3
4408,C_4408,466.2,False,3
4409,C_4409,475.0,False,3
4410,C_4410,426.2,False,3
4411,C_4411,528.5,False,3
4412,C_4412,507.2,False,3
4413,C_4413,564.5,False,3
4414,C_4414,419.5,False,3
4415,C_4415,430.8,False,3
4416,C_4416,467.5,False,3
4417,C_4417,443.5,False,3
4418,C_4418,450.2,False,3
4419,C_4419,470.5,False,3
4420,C_4420,470.8,False,3
4421,C_4421,501.5,True,3
4422,C_4422,548.0,False,3
4423,C_4423,504.0,False,3
4424,C_4424,578.0,False,3
4425,C_4425,412.8,False,3
4426,C_4426,531.5,False,3
4427,C_4427,532.5,False,3
4428,C_4428,586.5,False,3
4429,C_4429,515.0,False,3
4430,C_4430,542.0,False,3
4431,C_4431,492.0,False,3
4432,C_4432,414.8,False,3
4433,C_4433,420.0,False,3
4434,C_4434,491.2,False,3
4435,C_4435,525.5,False,3
4436,C_4436,476.5,True,3
4437,C_4437,437.0,False,3
4438,C_4438,573.5,True,3
4439,C_4439,591.5,False,3
4440,C_4440,468.8,False,3
4442,C_4442,428.2,False,3
4444,C_4444,513.5,False,3
4445,C_4445,509.2,False,3
4446,C_4446,462.8,False,3
4448,C_4448,437.8,False,3
4449,C_4449,533.0,False,3
4450,C_4450,534.0,False,3
4451,C_4451,587.0,False,3
4452,C_4452,566.5,True,3
4454,C_4454,544.5,False,3
4455,C_4455,501.5,False,3
4456,C_4456,427.2,False,3
4457,C_4457,508.0,False,3
4458,C_4458,544.0,False,3
4459,C_4459,585.5,False,3
4460,C_4460,511.2,False,3
4461,C_4461,453.0,False,3
4462,C_4462,502.8,True,3
4463,C_4463,539.0,False,3
4464,C_4464,457.0,True,3
4465,C_4465,426.2,False,3
4468,C_4468,441.5,False,3
4469,C_4469,459.0,False,3
4470,C_4470,408.5,False,3
4471,C_4471,487.2,True,3
4472,C_4472,538.5,False,3
4473,C_4473,402.0,False,3
4474,C_4474,433.2,True,3
4475,C_4475,420.8,False,3
4477,C_4477,575.0,False,3
4478,C_4478,453.8,False,3
4479,C_4479,480.2,False,3
4480,C_4480,470.8,False,3
4481,C_4481,431.0,False,3
4483,C_4483,443.0,False,3
4484,C_4484,408.5,False,3
4485,C_4485,478.8,False,3
4486,C_4486,552.0,False,3
4487,C_4487,455.8,False,3
4488,C_4488,598.0,False,3
4490,C_4490,551.5,True,3
4491,C_4491,513.5,True,3
4492,C_4492,513.5,False,3
4493,C_4493,556.5,False,3
4494,C_4494,557.0,True,3
4495,C_4495,441.0,True,3
4496,C_4496,432.2,False,3
4497,C_4497,436.8,False,3
4498,C_4498,446.2,False,3
4499,C_4499,415.8,False,3
4500,C_4500,446.2,False,3
4501,C_4501,479.5,False,3
4502,C_4502,526.0,False,3
4503,C_4503,405.5,False,3
4504,C_4504,523.0,False,3
4506,C_4506,578.5,False,3
4507,C_4507,531.0,False,3
4508,C_4508,513.5,False,3
4509,C_4509,459.5,False,3
4510,C_4510,476.5,False,3
4511,C_4511,522.5,False,3
4512,C_4512,560.5,False,3
4513,C_4513,469.8,True,3
4514,C_4514,533.0,False,3
4515,C_4515,472.8,True,3
4517,C_4517,408.8,False,3
4518,C_4518,420.2,False,3
4519,C_4519,532.0,False,3
4522,C_4522,548.0,False,3
4523,C_4523,554.5,False,3
4525,C_4525,534.0,False,3
4528,C_4528,441.0,False,3
4529,C_4529,564.5,False,3
4531,C_4531,481.0,False,3
4532,C_4532,494.5,True,3
4533,C_4533,432.2,False,3
4534,C_4534,598.0,True,3
4535,C_4535,505.0,False,3
4536,C_4536,414.8,False,3
4537,C_4537,482.5,True,3
4538,C_4538,575.5,False,3
4539,C_4539,464.0,False,3
4540,C_4540,546.5,False,3
4541,C_4541,416.0,False,3
4543,C_4543,522.5,False,3
4544,C_4544,491.0,False,3
4546,C_4546,497.8,False,3
4547,C_4547,559.0,False,3
4548,C_4548,410.2,False,3
4550,C_4550,458.2,False,3
4551,C_4551,459.0,False,3
4552,C_4552,533.5,False,3
4553,C_4553,586.0,True,3
4554,C_4554,518.0,False,3
4555,C_4555,531.0,False,3
4557,C_4557,494.2,False,3
4559,C_4559,537.0,True,3
4560,C_4560,473.2,True,3
4561,C_4561,496.0,False,3
4562,C_4562,414.0,False,3
4563,C_4563,461.8,False,3
4564,C_4564,550.5,False,3
4565,C_4565,596.0,False,3
4566,C_4566,492.8,False,3
4568,C_4568,429.0,False,3
4569,C_4569,538.0,False,3
4570,C_4570,577.5,False,3
4571,C_4571,412.8,False,3
4572,C_4572,529.5,False,3
4573,C_4573,441.8,False,3
4574,C_4574,427.0,False,3
4576,C_4576,457.2,False,3
4577,C_4577,416.2,False,3
4578,C_4578,546.0,False,3
4579,C_4579,574.5,False,3
4580,C_4580,517.0,False,3
4581,C_4581,553.5,False,3
4582,C_4582,538.0,False,3
4583,C_4583,507.5,False,3
4584,C_4584,491.2,False,3
4585,C_4585,511.0,True,3
4586,C_4586,455.5,True,3
4587,C_4587,401.0,False,3
4588,C_4588,528.5,True,3
4589,C_4589,580.0,False,3
4590,C_4590,470.5,True,3
4591,C_4591,487.5,False,3
4592,C_4592,540.5,False,3
4593,C_4593,406.5,False,3
4594,C_4594,449.8,False,3
4595,C_4595,554.0,False,3
4596,C_4596,530.5,True,3
4597,C_4597,409.2,False,3
4598,C_4598,475.0,False,3
4599,C_4599,519.5,False,3
4601,C_4601,194.0,True,4
4602,C_4602,117.4,False,4
4603,C_4603,160.6,False,4
4604,C_4604,106.7,True,4
4605,C_4605,125.1,False,4
4606,C_4606,114.56,False,4
4607,C_4607,176.2,False,4
4608,C_4608,198.0,True,4
4609,C_4609,189.2,True,4
4610,C_4610,121.7,False,4
4611,C_4611,164.1,False,4
4612,C_4612,190.8,False,4
4613,C_4613,165.9,True,4
4615,C_4615,144.9,False,4
4617,C_4617,164.6,False,4
4618,C_4618,106.2,False,4
4619,C_4619,165.9,False,4
4620,C_4620,104.8,False,4
4621,C_4621,105.6,True,4
4622,C_4622,122.8,False,4
4623,C_4623,186.4,False,4
4624,C_4624,176.8,True,4
4626,C_4626,101.0,False,4
4627,C_4627,126.1,False,4
4628,C_4628,193.2,False,4
4629,C_4629,155.6,False,4
4631,C_4631,172.5,False,4
4632,C_4632,162.9,False,4
4633,C_4633,184.8,False,4
4634,C_4634,198.0,False,4
4635,C_4635,184.8,False,4
4636,C_4636,167.9,False,4
4637,C_4637,187.8,False,4
4639,C_4639,121.1,False,4
4640,C_4640,151.5,False,4
4641,C_4641,129.9,False,4
4642,C_4642,124.8,False,4
4643,C_4643,118.5,True,4
4644,C_4644,106.75,False,4
4645,C_4645,128.5,False,4
4646,C_4646,187.6,False,4
4647,C_4647,150.9,False,4
4649,C_4649,111.06,True,4
4650,C_4650,195.8,False,4
4651,C_4651,112.06,True,4
4652,C_4652,196.5,False,4
4653,C_4653,118.6,False,4
4654,C_4654,104.94,False,4
4655,C_4655,194.1,False,4
4656,C_4656,103.1,False,4
4657,C_4657,127.2,True,4
4658,C_4658,166.0,False,4
4660,C_4660,173.2,False,4
4661,C_4661,131.5,False,4
4662,C_4662,175.2,False,4
4663,C_4663,105.5,False,4
4664,C_4664,103.3,False,4
4665,C_4665,123.3,False,4
4668,C_4668,173.5,False,4
4669,C_4669,194.2,False,4
4670,C_4670,197.1,True,4
4671,C_4671,109.1,False,4
4672,C_4672,125.56,False,4
4674,C_4674,176.2,False,4
4675,C_4675,142.4,False,4
4676,C_4676,126.5,False,4
4679,C_4679,197.6,False,4
4680,C_4680,168.1,False,4
4681,C_4681,111.06,False,4
4682,C_4682,113.5,False,4
4684,C_4684,136.1,False,4
4685,C_4685,178.9,False,4
4686,C_4686,191.8,False,4
4687,C_4687,105.4,True,4
4688,C_4688,140.9,True,4
4689,C_4689,194.1,False,4
4691,C_4691,128.0,False,4
4692,C_4692,189.8,False,4
4693,C_4693,113.75,False,4
4694,C_4694,133.5,False,4
4695,C_4695,120.44,False,4
4696,C_4696,142.4,False,4
4697,C_4697,153.4,False,4
4698,C_4698,107.3,True,4
4701,C_4701,184.0,False,4
4702,C_4702,108.9,False,4
4703,C_4703,195.6,False,4
4705,C_4705,177.5,False,4
4706,C_4706,105.9,False,4
4707,C_4707,135.8,False,4
4708,C_4708,146.2,False,4
4709,C_4709,156.5,False,4
4710,C_4710,196.2,False,4
4711,C_4711,150.5,False,4
4712,C_4712,191.4,False,4
4713,C_4713,196.8,False,4
4714,C_4714,189.4,False,4
4715,C_4715,135.1,False,4
4717,C_4717,131.2,False,4
4718,C_4718,171.9,False,4
4722,C_4722,179.5,False,4
4723,C_4723,181.4,False,4
4724,C_4724,142.4,True,4
4725,C_4725,188.6,False,4
4726,C_4726,172.9,False,4
4727,C_4727,131.5,False,4
4728,C_4728,142.2,False,4
4729,C_4729,123.9,False,4
4730,C_4730,185.1,False,4
4731,C_4731,137.4,True,4
4732,C_4732,137.5,True,4
4733,C_4733,138.8,False,4
4734,C_4734,155.9,False,4
4735,C_4735,128.2,False,4
4736,C_4736,182.0,False,4
4737,C_4737,167.0,False,4
4738,C_4738,179.2,False,4
4739,C_4739,106.8,False,4
4740,C_4740,137.6,True,4
4741,C_4741,120.75,False,4
4742,C_4742,119.3,False,4
4743,C_4743,133.8,False,4
4744,C_4744,185.2,False,4
4745,C_4745,137.8,False,4
4746,C_4746,106.3,False,4
4747,C_4747,184.8,False,4
4749,C_4749,154.9,False,4
4750,C_4750,104.6,False,4
4751,C_4751,115.25,False,4
4752,C_4752,135.8,False,4
4753,C_4753,141.5,False,4
4754,C_4754,130.0,False,4
4756,C_4756,196.8,True,4
4757,C_4757,142.8,False,4
4758,C_4758,117.06,True,4
4759,C_4759,145.1,False,4
4760,C_4760,113.8,False,4
4761,C_4761,146.4,False,4
4762,C_4762,140.9,False,4
4763,C_4763,198.2,False,4
4764,C_4764,135.2,False,4
4765,C_4765,112.2,False,4
4766,C_4766,193.1,True,4
4767,C_4767,170.4,False,4
4768,C_4768,169.6,False,4
4769,C_4769,132.5,True,4
4770,C_4770,120.4,False,4
4771,C_4771,171.2,False,4
4773,C_4773,161.5,False,4
4774,C_4774,109.4,False,4
4775,C_4775,143.8,False,4
4776,C_4776,163.6,False,4
4778,C_4778,163.9,False,4
4779,C_4779,123.06,False,4
4780,C_4780,145.5,False,4
4781,C_4781,106.56,False,4
4782,C_4782,107.6,False,4
4783,C_4783,120.7,False,4
4784,C_4784,164.8,False,4
4785,C_4785,179.5,False,4
4786,C_4786,159.9,False,4
4787,C_4787,135.6,False,4
4788,C_4788,100.75,False,4
4789,C_4789,169.5,False,4
4790,C_4790,185.0,False,4
4791,C_4791,100.94,False,4
4792,C_4792,161.8,False,4
4793,C_4793,134.5,True,4
4794,C_4794,141.1,False,4
4795,C_4795,173.4,False,4
4796,C_4796,143.4,False,4
4797,C_4797,155.0,True,4
4799,C_4799,166.0,False,4
4801,C_4801,307.2,False,5
4804,C_4804,204.6,False,5
4805,C_4805,293.0,False,5
4806,C_4806,341.5,False,5
4808,C_4808,305.2,False,5
4809,C_4809,334.8,False,5
4812,C_4812,225.5,False,5
4815,C_4815,260.8,False,5
4817,C_4817,374.0,True,5
4819,C_4819,314.8,True,5
4820,C_4820,385.8,False,5
4821,C_4821,319.0,False,5
4822,C_4822,292.5,False,5
4825,C_4825,301.0,False,5
4826,C_4826,209.0,False,5
4828,C_4828,376.2,False,5
4829,C_4829,277.8,False,5
4830,C_4830,367.8,False,5
4832,C_4832,362.8,False,5
4834,C_4834,322.0,False,5
4836,C_4836,219.9,False,5
4837,C_4837,234.0,False,5
4838,C_4838,334.5,False,5
4840,C_4840,208.1,False,5
4844,C_4844,352.8,False,5
4848,C_4848,347.2,False,5
4849,C_4849,276.5,False,5
4852,C_4852,307.0,False,5
4853,C_4853,389.8,False,5
4854,C_4854,395.0,False,5
4856,C_4856,375.5,True,5
4858,C_4858,357.0,False,5
4859,C_4859,306.8,True,5
4860,C_4860,340.2,False,5
4867,C_4867,323.2,False,5
4868,C_4868,274.0,False,5
4869,C_4869,279.2,True,5
4870,C_4870,354.5,False,5
4873,C_4873,361.8,False,5
4874,C_4874,298.0,True,5
4875,C_4875,220.9,False,5
4876,C_4876,284.5,False,5
4882,C_4882,351.8,False,5
4885,C_4885,385.2,False,5
4887,C_4887,218.5,False,5
4888,C_4888,202.5,True,5
4889,C_4889,372.2,False,5
4896,C_4896,328.8,False,5
4897,C_4897,283.8,True,5
4900,C_4900,259.5,False,5
4903,C_4903,241.0,False,5
4904,C_4904,247.1,False,5
4905,C_4905,339.2,False,5
4907,C_4907,327.5,False,5
4908,C_4908,258.5,False,5
4913,C_4913,350.5,False,5
4914,C_4914,297.2,False,5
4916,C_4916,200.6,False,5
4918,C_4918,345.0,False,5
4919,C_4919,239.5,False,5
4920,C_4920,389.2,False,5
4922,C_4922,325.8,False,5
4923,C_4923,367.2,False,5
4925,C_4925,261.0,False,5
4927,C_4927,264.8,False,5
4928,C_4928,393.2,False,5
4929,C_4929,259.2,False,5
4930,C_4930,290.2,True,5
4934,C_4934,252.8,False,5
4936,C_4936,392.2,False,5
4938,C_4938,212.4,False,5
4942,C_4942,209.8,False,5
4945,C_4945,287.8,True,5
4946,C_4946,213.5,False,5
4948,C_4948,349.8,True,5
4952,C_4952,287.2,False,5
4953,C_4953,268.2,False,5
4958,C_4958,394.8,False,5
4959,C_4959,282.5,False,5
4962,C_4962,327.5,False,5
4963,C_4963,270.8,False,5
4965,C_4965,390.2,True,5
4970,C_4970,211.8,False,5
4972,C_4972,360.0,False,5
4974,C_4974,307.8,False,5
4978,C_4978,309.8,False,5
4982,C_4982,345.8,False,5
4984,C_4984,317.8,False,5
4985,C_4985,319.5,False,5
4986,C_4986,394.8,False,5
4987,C_4987,321.0,False,5
4991,C_4991,306.5,False,5
4992,C_4992,334.8,False,5
4993,C_4993,258.8,False,5
4996,C_4996,388.2,False,5
4997,C_4997,348.0,False,5
4999,C_4999,398.8,False,5
5000,C_5000,127.06,True,1
5001,C_5001,134.5,False,1
5006,C_5006,119.4,False,1
5007,C_5007,120.56,False,1
5009,C_5009,120.9,False,1
5010,C_5010,138.1,False,1
5011,C_5011,116.3,False,1
5012,C_5012,169.0,False,1
5013,C_5013,161.5,False,1
5014,C_5014,190.8,False,1
5015,C_5015,109.56,False,1
5016,C_5016,198.6,False,1
5018,C_5018,102.9,False,1
5019,C_5019,134.9,True,1
5020,C_5020,194.8,True,1
5021,C_5021,129.0,False,1
5022,C_5022,149.2,True,1
5024,C_5024,167.6,True,1
5025,C_5025,137.1,True,1
5026,C_5026,192.5,True,1
5027,C_5027,110.94,False,1
5028,C_5028,162.6,False,1
5029,C_5029,198.8,False,1
5030,C_5030,136.9,False,1
5031,C_5031,153.5,False,1
5032,C_5032,177.4,False,1
5033,C_5033,114.56,True,1
5034,C_5034,147.5,True,1
5035,C_5035,185.5,True,1
5036,C_5036,188.0,False,1
5038,C_5038,179.8,False,1
5039,C_5039,153.4,False,1
5040,C_5040,168.1,False,1
5041,C_5041,181.0,False,1
5042,C_5042,107.6,False,1
5044,C_5044,104.5,False,1
5045,C_5045,189.8,False,1
5046,C_5046,122.0,False,1
5047,C_5047,150.5,False,1
5048,C_5048,135.6,False,1
5049,C_5049,139.0,False,1
5050,C_5050,134.9,False,1
5051,C_5051,186.8,False,1
5053,C_5053,174.1,False,1
5055,C_5055,158.6,False,1
5056,C_5056,147.0,False,1
5057,C_5057,177.4,False,1
5059,C_5059,141.1,False,1
5060,C_5060,141.2,False,1
5061,C_5061,142.5,False,1
5064,C_5064,197.8,False,1
5065,C_5065,186.0,False,1
5066,C_5066,133.8,True,1
5067,C_5067,153.2,False,1
5068,C_5068,164.9,False,1
5069,C_5069,149.4,True,1
5070,C_5070,117.25,False,1
5071,C_5071,164.4,True,1
5073,C_5073,158.8,False,1
5074,C_5074,152.1,False,1
5075,C_5075,146.9,False,1
5076,C_5076,197.8,False,1
5078,C_5078,188.5,False,1
5079,C_5079,100.2,False,1
5080,C_5080,175.9,False,1
5081,C_5081,145.9,False,1
5082,C_5082,153.2,False,1
5084,C_5084,195.5,False,1
5085,C_5085,118.06,False,1
5086,C_5086,182.6,False,1
5087,C_5087,199.6,True,1
5088,C_5088,188.8,False,1
5089,C_5089,163.6,False,1
5090,C_5090,115.25,False,1
5091,C_5091,159.2,False,1
5092,C_5092,167.6,False,1
5093,C_5093,192.9,False,1
5094,C_5094,168.6,False,1
5095,C_5095,116.2,False,1
5096,C_5096,103.8,False,1
5097,C_5097,180.8,False,1
5098,C_5098,135.2,False,1
5099,C_5099,133.6,False,1
5100,C_5100,135.0,True,1
5101,C_5101,192.2,False,1
5102,C_5102,183.6,False,1
5103,C_5103,179.1,False,1
5104,C_5104,148.5,False,1
5105,C_5105,198.4,False,1
5106,C_5106,157.9,False,1
5108,C_5108,196.8,False,1
5110,C_5110,159.2,False,1
5111,C_5111,196.2,False,1
5112,C_5112,103.0,True,1
5114,C_5114,111.9,False,1
5115,C_5115,181.9,True,1
5116,C_5116,193.5,True,1
5117,C_5117,156.1,False,1
5118,C_5118,129.9,False,1
5119,C_5119,190.1,False,1
5120,C_5120,110.25,False,1
5121,C_5121,178.9,False,1
5124,C_5124,176.4,False,1
5125,C_5125,179.1,False,1
5126,C_5126,166.2,False,1
5128,C_5128,182.2,False,1
5129,C_5129,122.4,True,1
5130,C_5130,182.9,True,1
5131,C_5131,162.8,False,1
5132,C_5132,184.2,False,1
5133,C_5133,153.8,True,1
5134,C_5134,101.4,False,1
5135,C_5135,192.2,False,1
5136,C_5136,156.8,False,1
5137,C_5137,144.6,False,1
5138,C_5138,145.8,False,1
5139,C_5139,156.6,False,1
5140,C_5140,178.2,False,1
5141,C_5141,131.6,False,1
5142,C_5142,142.9,False,1
5143,C_5143,119.06,False,1
5144,C_5144,148.0,False,1
5145,C_5145,177.8,True,1
5146,C_5146,104.25,False,1
5147,C_5147,184.8,False,1
5148,C_5148,115.94,False,1
5150,C_5150,121.2,False,1
5151,C_5151,174.1,False,1
5152,C_5152,168.6,False,1
5153,C_5153,184.8,True,1
5154,C_5154,118.9,False,1
5155,C_5155,190.4,True,1
5156,C_5156,116.1,False,1
5157,C_5157,116.06,False,1
5158,C_5158,142.1,True,1
5159,C_5159,133.5,False,1
5160,C_5160,176.0,True,1
5161,C_5161,167.5,False,1
5162,C_5162,106.0,True,1
5164,C_5164,152.5,False,1
5165,C_5165,110.44,False,1
5166,C_5166,156.2,False,1
5167,C_5167,171.9,True,1
5168,C_5168,161.9,False,1
5169,C_5169,100.94,False,1
5170,C_5170,193.6,False,1
5172,C_5172,145.8,False,1
5173,C_5173,152.5,False,1
5174,C_5174,197.8,False,1
5175,C_5175,130.9,False,1
5176,C_5176,165.8,False,1
5177,C_5177,183.9,True,1
5179,C_5179,122.3,False,1
5181,C_5181,113.06,False,1
5182,C_5182,173.2,False,1
5183,C_5183,149.5,False,1
5184,C_5184,132.9,True,1
5185,C_5185,191.9,False,1
5186,C_5186,120.0,False,1
5188,C_5188,162.0,False,1
5189,C_5189,139.4,False,1
5191,C_5191,158.9,False,1
5192,C_5192,160.9,False,1
5194,C_5194,109.8,False,1
5195,C_5195,104.75,False,1
5196,C_5196,103.4,False,1
5198,C_5198,191.0,False,1
5200,C_5200,238.6,False,2
5201,C_5201,315.2,False,2
5203,C_5203,333.2,False,2
5210,C_5210,203.5,True,2
5215,C_5215,338.8,False,2
5218,C_5218,249.1,False,2
5222,C_5222,263.2,False,2
5233,C_5233,217.8,True,2
5235,C_5235,319.5,True,2
5237,C_5237,278.2,True,2
5241,C_5241,291.8,False,2
5242,C_5242,375.2,False,2
5244,C_5244,354.2,False,2
5245,C_5245,309.8,False,2
5246,C_5246,338.5,False,2
5247,C_5247,361.5,False,2
5250,C_5250,341.0,False,2
5251,C_5251,342.8,False,2
5253,C_5253,260.8,False,2
5254,C_5254,241.4,False,2
5256,C_5256,337.2,False,2
5259,C_5259,262.0,False,2
5260,C_5260,356.5,False,2
5261,C_5261,373.2,False,2
5262,C_5262,363.2,True,2
5263,C_5263,308.8,True,2
5265,C_5265,364.0,False,2
5267,C_5267,216.8,True,2
5269,C_5269,363.5,False,2
5270,C_5270,301.0,False,2
5271,C_5271,244.4,False,2
5272,C_5272,290.5,True,2
5273,C_5273,299.5,False,2
5274,C_5274,365.0,False,2
5276,C_5276,373.0,False,2
5277,C_5277,284.8,False,2
5278,C_5278,235.5,False,2
5279,C_5279,282.0,False,2
5281,C_5281,322.0,False,2
5283,C_5283,341.8,False,2
5285,C_5285,384.8,False,2
5286,C_5286,343.8,False,2
5287,C_5287,309.0,True,2
5288,C_5288,373.2,False,2
5295,C_5295,282.8,True,2
5296,C_5296,321.0,False,2
5298,C_5298,208.4,True,2
5299,C_5299,264.2,False,2
5301,C_5301,232.6,False,2
5303,C_5303,398.2,False,2
5307,C_5307,397.2,False,2
5308,C_5308,384.2,False,2
5309,C_5309,322.0,False,2
5310,C_5310,280.5,False,2
5315,C_5315,295.0,True,2
5320,C_5320,258.0,False,2
5325,C_5325,205.0,False,2
5327,C_5327,383.2,False,2
5328,C_5328,209.4,False,2
5329,C_5329,217.1,True,2
5330,C_5330,400.0,False,2
5333,C_5333,212.5,False,2
5336,C_5336,317.5,False,2
5339,C_5339,388.2,False,2
5340,C_5340,266.8,False,2
5341,C_5341,366.0,False,2
5344,C_5344,365.8,False,2
5345,C_5345,395.0,False,2
5349,C_5349,371.0,False,2
5350,C_5350,205.2,False,2
5351,C_5351,271.2,True,2
5352,C_5352,365.8,False,2
5356,C_5356,205.9,False,2
5359,C_5359,308.8,False,2
5360,C_5360,369.0,False,2
5361,C_5361,230.4,True,2
5362,C_5362,397.0,False,2
5364,C_5364,363.8,False,2
5365,C_5365,251.5,False,2
5366,C_5366,203.9,False,2
5371,C_5371,244.9,False,2
5372,C_5372,322.5,False,2
5373,C_5373,363.0,False,2
5374,C_5374,259.5,True,2
5375,C_5375,278.2,False,2
5382,C_5382,259.5,False,2
5383,C_5383,379.0,False,2
5384,C_5384,313.0,False,2
5386,C_5386,261.5,False,2
5387,C_5387,305.0,False,2
5388,C_5388,397.8,False,2
5394,C_5394,330.0,False,2
5395,C_5395,337.0,False,2
5397,C_5397,365.2,False,2
5400,C_5400,589.0,False,3
5401,C_5401,504.8,False,3
5402,C_5402,529.0,False,3
5403,C_5403,540.5,False,3
5404,C_5404,584.5,False,3
5405,C_5405,482.0,False,3
5406,C_5406,555.0,False,3
5407,C_5407,489.0,False,3
5408,C_5408,468.5,False,3
5409,C_5409,547.5,False,3
5410,C_5410,523.0,False,3
5411,C_5411,462.0,False,3
5412,C_5412,517.5,False,3
5413,C_5413,421.0,False,3
5414,C_5414,583.0,False,3
5415,C_5415,406.2,True,3
5416,C_5416,414.2,False,3
5417,C_5417,539.0,False,3
5418,C_5418,557.0,False,3
5419,C_5419,587.0,False,3
5422,C_5422,500.5,False,3
5423,C_5423,418.2,True,3
5425,C_5425,499.0,False,3
5426,C_5426,576.0,False,3
5428,C_5428,508.5,False,3
5430,C_5430,573.0,True,3
5431,C_5431,474.2,False,3
5432,C_5432,494.8,False,3
5433,C_5433,533.0,False,3
5434,C_5434,445.2,False,3
5435,C_5435,527.0,False,3
5436,C_5436,490.0,False,3
5437,C_5437,448.0,False,3
5438,C_5438,450.0,False,3
5439,C_5439,518.5,False,3
5440,C_5440,535.5,False,3
5441,C_5441,456.8,False,3
5442,C_5442,477.2,False,3
5443,C_5443,593.0,False,3
5445,C_5445,518.5,False,3
5446,C_5446,491.5,False,3
5447,C_5447,483.0,False,3
5448,C_5448,446.2,False,3
5450,C_5450,566.0,False,3
5451,C_5451,490.8,False,3
5452,C_5452,599.5,True,3
5453,C_5453,590.5,False,3
5454,C_5454,452.0,False,3
5455,C_5455,426.0,False,3
5456,C_5456,541.5,False,3
5457,C_5457,407.2,False,3
5458,C_5458,439.0,False,3
5459,C_5459,458.5,True,3
5460,C_5460,447.5,True,3
5461,C_5461,491.8,False,3
5462,C_5462,590.5,False,3
5463,C_5463,497.5,False,3
5464,C_5464,464.2,False,3
5465,C_5465,436.0,False,3
5466,C_5466,500.8,False,3
5468,C_5468,444.2,True,3
5469,C_5469,507.8,False,3
5470,C_5470,573.0,False,3
5471,C_5471,474.5,False,3
5472,C_5472,466.5,False,3
5473,C_5473,462.0,False,3
5474,C_5474,572.5,True,3
5475,C_5475,502.8,False,3
5476,C_5476,580.0,False,3
5478,C_5478,451.2,False,3
5480,C_5480,416.8,False,3
5481,C_5481,411.5,False,3
5482,C_5482,586.0,False,3
5483,C_5483,517.0,False,3
5484,C_5484,564.5,False,3
5485,C_5485,445.5,False,3
5486,C_5486,512.0,False,3
5487,C_5487,507.8,False,3
5492,C_5492,434.5,False,3
5493,C_5493,517.0,True,3
5494,C_5494,588.0,False,3
5495,C_5495,598.0,False,3
5496,C_5496,499.2,False,3
5497,C_5497,577.0,False,3
5498,C_5498,572.5,False,3
5499,C_5499,575.5,False,3
5500,C_5500,535.5,False,3
5502,C_5502,536.0,False,3
5504,C_5504,442.0,False,3
5505,C_5505,444.2,False,3
5506,C_5506,431.0,False,3
5507,C_5507,503.2,False,3
5508,C_5508,461.2,False,3
5509,C_5509,459.0,True,3
5510,C_5510,468.8,False,3
5512,C_5512,495.8,False,3
5513,C_5513,577.5,True,3
5514,C_5514,502.5,False,3
5515,C_5515,552.5,False,3
5516,C_5516,477.8,False,3
5517,C_5517,598.5,False,3
5518,C_5518,469.8,False,3
5519,C_5519,461.5,False,3
5520,C_5520,535.5,False,3
5521,C_5521,540.0,False,3
5522,C_5522,475.2,False,3
5524,C_5524,442.2,False,3
5525,C_5525,523.0,False,3
5528,C_5528,410.0,False,3
5529,C_5529,496.2,False,3
5530,C_5530,573.0,False,3
5532,C_5532,519.5,False,3
5533,C_5533,434.8,False,3
5534,C_5534,403.0,False,3
5535,C_5535,450.5,False,3
5536,C_5536,435.2,False,3
5537,C_5537,563.5,True,3
5538,C_5538,454.5,False,3
5539,C_5539,593.5,False,3
5540,C_5540,541.5,True,3
5541,C_5541,569.5,False,3
5542,C_5542,420.5,False,3
5543,C_5543,481.5,False,3
5545,C_5545,441.0,False,3
5546,C_5546,584.0,False,3
5547,C_5547,556.5,False,3
5548,C_5548,432.8,True,3
5549,C_5549,520.5,False,3
5550,C_5550,564.5,False,3
5551,C_5551,477.0,False,3
5552,C_5552,565.0,False,3
5554,C_5554,547.5,False,3
5555,C_5555,562.5,False,3
5556,C_5556,419.5,False,3
5557,C_5557,555.5,False,3
5558,C_5558,490.5,False,3
5559,C_5559,569.0,False,3
5560,C_5560,427.2,False,3
5561,C_5561,460.8,False,3
5562,C_5562,507.0,False,3
5563,C_5563,530.5,False,3
5565,C_5565,536.0,False,3
5566,C_5566,586.5,True,3
5569,C_5569,472.8,False,3
5570,C_5570,403.0,False,3
5571,C_5571,429.5,False,3
5572,C_5572,533.0,False,3
5573,C_5573,455.2,False,3
5574,C_5574,425.5,False,3
5575,C_5575,582.5,True,3
5576,C_5576,432.2,False,3
5578,C_5578,500.2,True,3
5579,C_5579,572.5,False,3
5580,C_5580,551.0,False,3
5581,C_5581,518.0,False,3
5582,C_5582,595.5,True,3
5583,C_5583,503.0,False,3
5585,C_5585,497.8,False,3
5586,C_5586,474.5,False,3
5587,C_5587,479.0,False,3
5588,C_5588,499.0,False,3
5589,C_5589,564.5,False,3
5590,C_5590,509.2,False,3
5591,C_5591,540.5,False,3
5592,C_5592,588.0,False,3
5594,C_5594,545.5,False,3
5596,C_5596,524.0,False,3
5598,C_5598,463.2,False,3
5600,C_5600,115.06,False,4
5601,C_5601,183.5,False,4
5602,C_5602,149.5,False,4
5604,C_5604,146.0,False,4
5605,C_5605,152.6,False,4
5606,C_5606,148.1,False,4
5607,C_5607,102.6,False,4
5608,C_5608,118.7,False,4
5610,C_5610,134.0,False,4
5611,C_5611,177.6,False,4
5612,C_5612,131.0,False,4
5613,C_5613,178.9,False,4
5615,C_5615,132.2,False,4
5616,C_5616,130.2,False,4
5617,C_5617,140.5,False,4
5618,C_5618,107.4,False,4
5619,C_5619,178.0,False,4
5620,C_5620,191.9,False,4
5621,C_5621,164.0,False,4
5624,C_5624,109.44,False,4
5625,C_5625,174.6,False,4
5626,C_5626,168.6,False,4
5627,C_5627,115.3,False,4
5628,C_5628,156.5,False,4
5629,C_5629,180.2,False,4
5632,C_5632,110.3,False,4
5633,C_5633,130.8,False,4
5634,C_5634,138.4,False,4
5635,C_5635,183.4,False,4
5636,C_5636,147.8,False,4
5637,C_5637,176.4,False,4
5638,C_5638,123.56,False,4
5639,C_5639,169.9,False,4
5640,C_5640,197.6,False,4
5641,C_5641,141.4,True,4
5642,C_5642,186.2,False,4
5643,C_5643,105.6,False,4
5644,C_5644,107.8,False,4
5645,C_5645,103.94,False,4
5646,C_5646,186.0,False,4
5648,C_5648,174.5,False,4
5649,C_5649,188.1,False,4
5650,C_5650,130.2,False,4
5652,C_5652,188.4,False,4
5653,C_5653,160.1,False,4
5654,C_5654,179.9,False,4
5655,C_5655,183.4,False,4
5656,C_5656,165.5,False,4
5657,C_5657,180.0,True,4
5658,C_5658,189.5,False,4
5659,C_5659,121.5,False,4
5660,C_5660,120.7,False,4
5661,C_5661,161.6,False,4
5662,C_5662,188.1,True,4
5663,C_5663,181.8,False,4
5664,C_5664,181.8,False,4
5665,C_5665,115.56,False,4
5666,C_5666,126.4,False,4
5667,C_5667,193.6,False,4
5668,C_5668,172.5,False,4
5669,C_5669,172.4,True,4
5670,C_5670,184.4,False,4
5672,C_5672,129.2,True,4
5673,C_5673,188.2,False,4
5674,C_5674,133.1,False,4
5676,C_5676,164.8,False,4
5678,C_5678,185.5,False,4
5679,C_5679,179.5,False,4
5680,C_5680,188.2,False,4
5681,C_5681,164.8,True,4
5682,C_5682,114.5,False,4
5684,C_5684,113.2,False,4
5685,C_5685,152.9,True,4
5686,C_5686,148.4,False,4
5687,C_5687,158.5,True,4
5688,C_5688,144.5,False,4
5689,C_5689,171.5,False,4
5690,C_5690,153.9,False,4
5691,C_5691,165.0,False,4
5692,C_5692,185.6,True,4
5693,C_5693,108.56,False,4
5694,C_5694,185.0,False,4
5695,C_5695,123.75,False,4
5696,C_5696,197.0,True,4
5697,C_5697,145.8,False,4
5698,C_5698,141.6,False,4
5699,C_5699,197.4,False,4
5700,C_5700,155.6,False,4
5701,C_5701,104.4,False,4
5702,C_5702,189.2,False,4
5703,C_5703,127.5,False,4
5705,C_5705,114.44,False,4
5706,C_5706,199.5,False,4
5708,C_5708,190.4,False,4
5709,C_5709,162.0,True,4
5710,C_5710,186.4,False,4
5711,C_5711,187.4,False,4
5712,C_5712,195.8,False,4
5713,C_5713,176.0,False,4
5715,C_5715,166.6,False,4
5717,C_5717,192.6,False,4
5718,C_5718,194.2,False,4
5720,C_5720,100.44,False,4
5721,C_5721,158.5,False,4
5722,C_5722,196.0,False,4
5723,C_5723,164.9,True,4
5724,C_5724,119.2,False,4
5725,C_5725,115.4,False,4
5726,C_5726,133.6,False,4
5727,C_5727,152.8,False,4
5728,C_5728,140.9,False,4
5729,C_5729,136.9,True,4
5730,C_5730,108.8,False,4
5731,C_5731,164.4,False,4
5732,C_5732,138.9,False,4
5734,C_5734,105.2,True,4
5735,C_5735,199.5,False,4
5736,C_5736,129.4,False,4
5737,C_5737,171.1,False,4
5738,C_5738,180.2,False,4
5739,C_5739,117.0,False,4
5740,C_5740,137.4,False,4
5742,C_5742,117.2,False,4
5743,C_5743,165.6,False,4
5744,C_5744,175.4,False,4
5745,C_5745,165.0,False,4
5746,C_5746,173.6,False,4
5747,C_5747,109.4,False,4
5748,C_5748,141.5,False,4
5750,C_5750,196.9,False,4
5751,C_5751,145.4,True,4
5752,C_5752,153.9,False,4
5753,C_5753,152.5,False,4
5754,C_5754,117.8,False,4
5755,C_5755,100.0,False,4
5756,C_5756,189.1,False,4
5757,C_5757,193.1,True,4
5758,C_5758,101.75,True,4
5759,C_5759,115.4,False,4
5760,C_5760,188.1,True,4
5761,C_5761,157.1,False,4
5762,C_5762,108.56,False,4
5765,C_5765,126.0,False,4
5766,C_5766,142.5,False,4
5767,C_5767,173.8,False,4
5768,C_5768,139.2,False,4
5769,C_5769,100.44,False,4
5770,C_5770,128.5,False,4
5771,C_5771,155.2,False,4
5772,C_5772,168.8,False,4
5773,C_5773,141.5,False,4
5774,C_5774,131.8,False,4
5775,C_5775,170.5,True,4
5776,C_5776,197.5,True,4
5777,C_5777,186.6,False,4
5778,C_5778,149.4,False,4
5779,C_5779,112.75,True,4
5780,C_5780,166.0,False,4
5781,C_5781,121.0,False,4
5782,C_5782,122.7,True,4
5783,C_5783,162.8,False,4
5784,C_5784,122.3,False,4
5785,C_5785,171.2,False,4
5786,C_5786,150.4,False,4
5787,C_5787,143.4,False,4
5788,C_5788,180.4,False,4
5789,C_5789,146.2,False,4
5790,C_5790,172.1,False,4
5791,C_5791,162.0,False,4
5792,C_5792,174.4,False,4
5793,C_5793,189.2,False,4
5794,C_5794,121.4,False,4
5795,C_5795,167.8,False,4
5796,C_5796,100.44,False,4
5797,C_5797,121.6,False,4
5798,C_5798,174.1,False,4
5799,C_5799,130.8,False,4
5803,C_5803,308.2,False,5
5804,C_5804,242.6,True,5
5805,C_5805,258.8,False,5
5807,C_5807,266.2,False,5
5811,C_5811,222.2,False,5
5813,C_5813,229.4,False,5
5815,C_5815,392.5,False,5
5816,C_5816,261.0,False,5
5817,C_5817,288.2,False,5
5819,C_5819,345.5,False,5
5820,C_5820,301.8,False,5
5822,C_5822,246.6,False,5
5825,C_5825,374.2,False,5
5826,C_5826,376.2,False,5
5827,C_5827,320.5,False,5
5828,C_5828,392.0,False,5
5830,C_5830,302.0,False,5
5831,C_5831,278.8,False,5
5832,C_5832,263.0,False,5
5833,C_5833,233.4,True,5
5834,C_5834,310.2,False,5
5837,C_5837,206.8,False,5
5839,C_5839,252.0,False,5
5841,C_5841,380.5,False,5
5846,C_5846,380.0,False,5
5847,C_5847,260.5,False,5
5849,C_5849,319.0,False,5
5850,C_5850,284.0,False,5
5851,C_5851,283.8,False,5
5853,C_5853,348.2,False,5
5855,C_5855,330.2,False,5
5856,C_5856,312.5,False,5
5859,C_5859,204.0,False,5
5860,C_5860,335.8,False,5
5863,C_5863,240.1,False,5
5866,C_5866,209.1,False,5
5870,C_5870,254.6,False,5
5871,C_5871,393.5,False,5
5872,C_5872,392.5,False,5
5879,C_5879,272.8,False,5
5882,C_5882,360.5,False,5
5887,C_5887,331.5,False,5
5892,C_5892,388.8,False,5
5894,C_5894,327.2,False,5
5896,C_5896,327.2,False,5
5897,C_5897,310.5,False,5
5903,C_5903,262.2,False,5
5904,C_5904,260.8,False,5
5905,C_5905,287.0,False,5
5907,C_5907,240.9,False,5
5910,C_5910,202.6,False,5
5911,C_5911,321.2,True,5
5914,C_5914,348.2,True,5
5916,C_5916,276.5,False,5
5917,C_5917,273.2,False,5
5918,C_5918,321.8,False,5
5920,C_5920,368.5,False,5
5921,C_5921,262.5,False,5
5922,C_5922,379.5,False,5
5923,C_5923,211.8,False,5
5924,C_5924,324.5,True,5
5926,C_5926,391.2,False,5
5927,C_5927,283.5,False,5
5928,C_5928,283.0,False,5
5930,C_5930,268.0,False,5
5931,C_5931,393.8,False,5
5932,C_5932,269.5,False,5
5935,C_5935,250.9,False,5
5937,C_5937,377.8,False,5
5938,C_5938,346.8,False,5
5939,C_5939,254.9,False,5
5940,C_5940,256.2,False,5
5945,C_5945,380.2,False,5
5946,C_5946,253.9,True,5
5947,C_5947,325.2,False,5
5948,C_5948,225.9,False,5
5952,C_5952,201.9,False,5
5953,C_5953,272.2,False,5
5955,C_5955,325.2,False,5
5956,C_5956,389.8,True,5
5957,C_5957,290.2,True,5
5959,C_5959,230.8,False,5
5962,C_5962,218.4,False,5
5965,C_5965,284.2,False,5
5966,C_5966,350.0,False,5
5967,C_5967,388.0,False,5
5969,C_5969,218.2,False,5
5970,C_5970,223.5,False,5
5973,C_5973,308.8,True,5
5974,C_5974,342.0,False,5
5975,C_5975,258.0,False,5
5977,C_5977,395.8,False,5
5978,C_5978,233.2,False,5
5979,C_5979,386.0,True,5
5980,C_5980,283.0,False,5
5981,C_5981,376.0,False,5
5983,C_5983,383.8,False,5
5988,C_5988,219.6,False,5
5989,C_5989,356.0,True,5
5990,C_5990,280.0,False,5
5991,C_5991,293.0,False,5
5993,C_5993,213.9,False,5
5994,C_5994,368.2,False,5
5996,C_5996,233.0,False,5
6000,C_6000,113.6,False,1
6001,C_6001,100.75,False,1
6002,C_6002,195.5,True,1
6003,C_6003,144.4,True,1
6004,C_6004,166.1,False,1
6005,C_6005,156.5,False,1
6006,C_6006,170.1,True,1
6009,C_6009,165.8,False,1
6010,C_6010,101.5,False,1
6011,C_6011,129.6,False,1
6012,C_6012,102.6,False,1
6013,C_6013,144.4,False,1
6014,C_6014,185.8,False,1
6015,C_6015,189.4,False,1
6016,C_6016,167.1,False,1
6017,C_6017,184.6,False,1
6019,C_6019,108.25,False,1
6020,C_6020,146.5,False,1
6021,C_6021,171.9,False,1
6022,C_6022,122.5,False,1
6023,C_6023,112.8,False,1
6024,C_6024,198.5,False,1
6026,C_6026,164.9,False,1
6027,C_6027,199.2,False,1
6029,C_6029,141.4,False,1
6030,C_6030,154.0,False,1
6031,C_6031,149.6,False,1
6032,C_6032,145.1,True,1
6033,C_6033,156.8,False,1
6034,C_6034,130.9,False,1
6035,C_6035,111.5,False,1
6036,C_6036,196.2,False,1
6037,C_6037,190.4,False,1
6038,C_6038,168.8,False,1
6039,C_6039,144.1,False,1
6040,C_6040,189.0,False,1
6041,C_6041,146.5,False,1
6042,C_6042,164.2,False,1
6043,C_6043,192.5,False,1
6044,C_6044,117.8,False,1
6045,C_6045,176.6,False,1
6046,C_6046,193.4,False,1
6047,C_6047,141.1,True,1
6048,C_6048,156.1,False,1
6049,C_6049,133.1,True,1
6050,C_6050,193.1,False,1
6051,C_6051,133.5,False,1
6052,C_6052,124.3,False,1
6053,C_6053,139.2,True,1
6054,C_6054,109.7,False,1
6055,C_6055,115.94,False,1
6056,C_6056,109.7,False,1
6057,C_6057,171.1,True,1
6058,C_6058,133.2,False,1
6059,C_6059,103.75,False,1
6060,C_6060,169.1,False,1
6061,C_6061,129.9,False,1
6062,C_6062,181.0,False,1
6063,C_6063,191.8,False,1
6064,C_6064,158.5,False,1
6065,C_6065,193.2,False,1
6066,C_6066,192.2,False,1
6067,C_6067,139.2,False,1
6068,C_6068,171.2,False,1
6070,C_6070,163.2,False,1
6071,C_6071,196.9,False,1
6072,C_6072,157.0,False,1
6073,C_6073,129.8,False,1
6074,C_6074,154.0,False,1
6075,C_6075,138.2,False,1
6076,C_6076,129.5,False,1
6077,C_6077,144.9,False,1
6078,C_6078,122.56,False,1
6079,C_6079,147.4,False,1
6080,C_6080,123.9,False,1
6081,C_6081,101.8,False,1
6082,C_6082,102.25,False,1
6083,C_6083,142.4,False,1
6085,C_6085,103.94,False,1
6086,C_6086,181.6,False,1
6087,C_6087,109.8,False,1
6088,C_6088,130.9,False,1
6089,C_6089,182.2,True,1
6090,C_6090,173.5,False,1
6091,C_6091,142.9,True,1
6092,C_6092,176.8,True,1
6096,C_6096,131.1,False,1
6097,C_6097,180.4,False,1
6098,C_6098,143.8,False,1
6099,C_6099,170.4,False,1
6100,C_6100,117.94,False,1
6101,C_6101,145.5,False,1
6103,C_6103,156.4,False,1
6105,C_6105,194.2,True,1
6106,C_6106,192.2,False,1
6107,C_6107,127.7,False,1
6108,C_6108,131.6,False,1
6109,C_6109,100.44,False,1
6110,C_6110,199.5,True,1
6111,C_6111,157.6,False,1
6112,C_6112,131.8,True,1
6113,C_6113,199.6,False,1
6114,C_6114,126.6,False,1
6115,C_6115,165.1,False,1
6116,C_6116,142.8,False,1
6118,C_6118,125.7,False,1
6120,C_6120,123.2,False,1
6121,C_6121,131.4,False,1
6123,C_6123,103.75,False,1
6124,C_6124,105.25,True,1
6125,C_6125,119.56,False,1
6126,C_6126,109.5,False,1
6127,C_6127,168.8,False,1
6128,C_6128,188.5,False,1
6129,C_6129,149.5,False,1
6130,C_6130,130.6,False,1
6131,C_6131,150.5,False,1
6132,C_6132,171.6,True,1
6134,C_6134,116.0,False,1
6135,C_6135,177.2,False,1
6136,C_6136,189.9,False,1
6137,C_6137,150.2,False,1
6138,C_6138,169.5,False,1
6139,C_6139,158.1,False,1
6140,C_6140,116.6,False,1
6141,C_6141,138.5,False,1
6142,C_6142,196.4,True,1
6143,C_6143,105.4,False,1
6144,C_6144,176.4,False,1
6145,C_6145,161.9,False,1
6147,C_6147,149.2,False,1
6148,C_6148,115.0,False,1
6149,C_6149,161.0,False,1
6150,C_6150,194.4,False,1
6151,C_6151,150.8,False,1
6152,C_6152,184.9,False,1
6153,C_6153,168.5,False,1
6154,C_6154,117.25,False,1
6155,C_6155,182.1,False,1
6156,C_6156,116.94,False,1
6157,C_6157,194.2,False,1
6158,C_6158,116.0,False,1
6159,C_6159,141.1,False,1
6160,C_6160,182.6,False,1
6161,C_6161,136.0,False,1
6162,C_6162,161.6,False,1
6163,C_6163,166.2,False,1
6164,C_6164,129.0,False,1
6165,C_6165,140.5,False,1
6166,C_6166,158.5,False,1
6167,C_6167,150.1,False,1
6168,C_6168,193.8,False,1
6169,C_6169,172.4,False,1
6170,C_6170,108.56,True,1
6171,C_6171,168.5,False,1
6172,C_6172,159.2,False,1
6173,C_6173,152.6,False,1
6174,C_6174,132.5,False,1
6175,C_6175,177.8,True,1
6176,C_6176,190.9,False,1
6177,C_6177,132.4,False,1
6178,C_6178,148.4,False,1
6179,C_6179,171.6,False,1
6181,C_6181,128.2,False,1
6182,C_6182,157.5,False,1
6183,C_6183,187.5,False,1
6184,C_6184,107.1,False,1
6186,C_6186,170.1,False,1
6187,C_6187,182.8,False,1
6188,C_6188,188.9,False,1
6190,C_6190,166.6,False,1
6191,C_6191,109.5,False,1
6192,C_6192,157.1,False,1
6193,C_6193,103.4,False,1
6194,C_6194,143.6,False,1
6196,C_6196,160.9,False,1
6197,C_6197,103.25,False,1
6198,C_6198,173.6,False,1
6199,C_6199,166.6,False,1
6200,C_6200,216.9,False,2
6201,C_6201,226.2,False,2
6203,C_6203,349.0,False,2
6204,C_6204,381.8,False,2
6206,C_6206,241.4,False,2
6207,C_6207,391.0,False,2
6208,C_6208,294.5,False,2
6210,C_6210,218.1,False,2
6211,C_6211,361.2,False,2
6213,C_6213,390.0,True,2
6216,C_6216,320.8,False,2
6218,C_6218,222.6,False,2
6219,C_6219,297.2,False,2
6220,C_6220,300.8,False,2
6222,C_6222,380.0,False,2
6223,C_6223,243.5,True,2
6224,C_6224,365.0,False,2
6225,C_6225,290.8,False,2
6226,C_6226,225.2,False,2
6227,C_6227,350.2,False,2
6229,C_6229,312.0,False,2
6230,C_6230,200.6,False,2
6231,C_6231,249.5,False,2
6232,C_6232,315.8,False,2
6233,C_6233,206.2,False,2
6235,C_6235,305.0,False,2
6237,C_6237,340.8,True,2
6239,C_6239,232.9,False,2
6240,C_6240,274.2,False,2
6241,C_6241,214.4,False,2
6243,C_6243,342.5,False,2
6245,C_6245,246.5,False,2
6246,C_6246,322.8,False,2
6247,C_6247,259.8,False,2
6248,C_6248,231.5,False,2
6250,C_6250,255.1,False,2
6251,C_6251,340.2,False,2
6252,C_6252,279.5,False,2
6253,C_6253,247.8,False,2
6254,C_6254,373.0,False,2
6256,C_6256,282.5,True,2
6257,C_6257,325.5,False,2
6258,C_6258,227.4,False,2
6259,C_6259,395.0,True,2
6260,C_6260,350.2,False,2
6262,C_6262,241.2,False,2
6263,C_6263,368.0,False,2
6265,C_6265,268.0,False,2
6266,C_6266,333.5,False,2
6267,C_6267,374.8,False,2
6270,C_6270,365.0,False,2
6272,C_6272,388.5,False,2
6273,C_6273,341.2,True,2
6274,C_6274,312.2,False,2
6275,C_6275,241.8,False,2
6276,C_6276,292.2,False,2
6279,C_6279,353.0,False,2
6282,C_6282,323.0,True,2
6284,C_6284,343.0,True,2
6285,C_6285,319.8,True,2
6286,C_6286,280.5,False,2
6287,C_6287,212.4,False,2
6288,C_6288,366.2,False,2
6289,C_6289,240.5,True,2
6291,C_6291,242.2,False,2
6293,C_6293,280.8,False,2
6295,C_6295,252.1,True,2
6296,C_6296,210.1,False,2
6298,C_6298,296.8,False,2
6300,C_6300,227.5,False,2
6305,C_6305,291.2,False,2
6307,C_6307,216.8,True,2
6311,C_6311,216.5,False,2
6313,C_6313,254.2,False,2
6315,C_6315,246.9,False,2
6319,C_6319,246.1,False,2
6320,C_6320,365.0,False,2
6321,C_6321,297.0,False,2
6322,C_6322,367.0,False,2
6325,C_6325,245.4,False,2
6327,C_6327,233.4,True,2
6328,C_6328,297.0,False,2
6330,C_6330,278.2,False,2
6331,C_6331,205.8,False,2
6333,C_6333,362.0,False,2
6335,C_6335,219.0,False,2
6336,C_6336,241.0,False,2
6337,C_6337,264.2,True,2
6339,C_6339,321.5,False,2
6340,C_6340,300.2,True,2
6341,C_6341,355.5,False,2
6342,C_6342,295.2,False,2
6343,C_6343,309.0,True,2
6344,C_6344,360.8,True,2
6348,C_6348,379.5,False,2
6350,C_6350,203.9,False,2
6351,C_6351,212.0,False,2
6353,C_6353,280.8,False,2
6354,C_6354,201.1,True,2
6355,C_6355,313.2,False,2
6356,C_6356,399.2,False,2
6357,C_6357,396.8,False,2
6360,C_6360,237.1,False,2
6361,C_6361,364.0,False,2
6362,C_6362,323.0,False,2
6363,C_6363,363.2,False,2
6366,C_6366,227.5,False,2
6367,C_6367,254.0,True,2
6368,C_6368,237.4,False,2
6371,C_6371,216.6,False,2
6372,C_6372,289.8,False,2
6373,C_6373,269.0,False,2
6374,C_6374,201.8,False,2
6375,C_6375,239.1,True,2
6378,C_6378,203.8,False,2
6380,C_6380,383.0,False,2
6381,C_6381,207.4,True,2
6384,C_6384,316.2,False,2
6385,C_6385,325.5,False,2
6387,C_6387,254.1,False,2
6389,C_6389,275.2,True,2
6390,C_6390,367.8,False,2
6392,C_6392,381.8,False,2
6394,C_6394,297.8,False,2
6395,C_6395,344.0,False,2
6399,C_6399,271.2,True,2
6400,C_6400,574.5,True,3
6402,C_6402,516.5,False,3
6403,C_6403,576.5,False,3
6405,C_6405,476.8,False,3
6406,C_6406,569.0,False,3
6407,C_6407,581.5,False,3
6408,C_6408,557.0,False,3
6409,C_6409,584.0,False,3
6410,C_6410,510.0,False,3
6411,C_6411,434.8,False,3
6412,C_6412,569.5,False,3
6413,C_6413,576.5,False,3
6414,C_6414,460.8,True,3
6415,C_6415,533.5,False,3
6416,C_6416,403.8,False,3
6417,C_6417,585.0,False,3
6418,C_6418,469.5,False,3
6419,C_6419,513.0,False,3
6420,C_6420,537.0,False,3
6421,C_6421,564.5,False,3
6422,C_6422,541.5,False,3
6423,C_6423,465.5,False,3
6424,C_6424,586.0,False,3
6425,C_6425,444.5,False,3
6426,C_6426,549.5,False,3
6428,C_6428,450.8,False,3
6429,C_6429,502.5,False,3
6430,C_6430,463.0,False,3
6431,C_6431,504.2,False,3
6432,C_6432,441.8,False,3
6433,C_6433,453.0,False,3
6434,C_6434,449.0,False,3
6435,C_6435,572.5,False,3
6436,C_6436,478.2,False,3
6438,C_6438,475.8,False,3
6439,C_6439,464.0,False,3
6440,C_6440,533.0,False,3
6441,C_6441,481.0,False,3
6442,C_6442,563.5,False,3
6443,C_6443,529.5,False,3
6445,C_6445,594.0,False,3
6447,C_6447,468.2,False,3
6449,C_6449,573.0,False,3
6450,C_6450,578.5,False,3
6451,C_6451,507.8,False,3
6452,C_6452,509.2,False,3
6454,C_6454,442.5,False,3
6455,C_6455,423.8,True,3
6456,C_6456,465.0,False,3
6457,C_6457,403.2,False,3
6458,C_6458,501.5,False,3
6459,C_6459,400.0,False,3
6460,C_6460,472.0,False,3
6461,C_6461,420.5,False,3
6462,C_6462,448.8,True,3
6463,C_6463,533.0,False,3
6465,C_6465,401.2,False,3
6467,C_6467,507.8,False,3
6468,C_6468,576.5,False,3
6469,C_6469,453.8,False,3
6470,C_6470,464.0,True,3
6471,C_6471,406.2,False,3
6472,C_6472,501.5,False,3
6473,C_6473,579.0,False,3
6474,C_6474,400.2,False,3
6475,C_6475,515.5,False,3
6476,C_6476,448.0,False,3
6477,C_6477,537.5,False,3
6478,C_6478,585.0,False,3
6479,C_6479,496.8,False,3
6480,C_6480,575.5,False,3
6482,C_6482,443.5,True,3
6483,C_6483,484.5,False,3
6484,C_6484,531.5,False,3
6486,C_6486,535.5,False,3
6487,C_6487,414.2,True,3
6488,C_6488,559.0,False,3
6489,C_6489,426.5,False,3
6490,C_6490,423.0,False,3
6491,C_6491,442.5,False,3
6492,C_6492,434.8,True,3
6493,C_6493,438.8,False,3
6494,C_6494,440.0,False,3
6496,C_6496,572.0,False,3
6497,C_6497,505.0,False,3
6498,C_6498,531.5,False,3
6500,C_6500,598.0,False,3
6503,C_6503,439.0,False,3
6505,C_6505,559.0,False,3
6506,C_6506,415.8,False,3
6507,C_6507,580.0,False,3
6508,C_6508,580.5,False,3
6509,C_6509,540.5,False,3
6511,C_6511,496.0,False,3
6512,C_6512,414.2,False,3
6513,C_6513,469.2,False,3
6516,C_6516,461.2,False,3
6517,C_6517,434.5,False,3
6518,C_6518,442.2,False,3
6519,C_6519,506.8,False,3
6520,C_6520,540.0,False,3
6521,C_6521,589.0,False,3
6522,C_6522,556.0,True,3
6523,C_6523,541.0,False,3
6524,C_6524,526.5,False,3
6526,C_6526,522.0,False,3
6527,C_6527,556.5,False,3
6528,C_6528,480.5,True,3
6529,C_6529,427.8,False,3
6530,C_6530,473.5,False,3
6531,C_6531,558.5,False,3
6532,C_6532,501.5,False,3
6533,C_6533,499.0,False,3
6534,C_6534,441.5,False,3
6535,C_6535,472.5,False,3
6537,C_6537,483.5,False,3
6538,C_6538,435.2,True,3
6539,C_6539,592.0,False,3
6540,C_6540,586.5,False,3
6544,C_6544,414.2,False,3
6545,C_6545,531.0,False,3
6546,C_6546,406.5,False,3
6547,C_6547,469.0,False,3
6548,C_6548,512.0,False,3
6549,C_6549,496.5,False,3
6551,C_6551,587.5,False,3
6552,C_6552,576.5,False,3
6553,C_6553,578.0,False,3
6556,C_6556,532.0,False,3
6557,C_6557,474.0,False,3
6559,C_6559,469.0,True,3
6560,C_6560,519.5,True,3
6561,C_6561,565.5,True,3
6562,C_6562,465.8,True,3
6563,C_6563,424.2,False,3
6564,C_6564,471.2,False,3
6565,C_6565,454.0,False,3
6566,C_6566,470.2,False,3
6567,C_6567,595.5,False,3
6568,C_6568,572.0,False,3
6569,C_6569,517.0,False,3
6570,C_6570,568.0,False,3
6571,C_6571,501.0,False,3
6572,C_6572,586.0,False,3
6573,C_6573,450.8,False,3
6574,C_6574,580.0,False,3
6575,C_6575,513.0,True,3
6576,C_6576,422.2,False,3
6577,C_6577,494.8,False,3
6578,C_6578,462.8,False,3
6580,C_6580,557.5,False,3
6581,C_6581,433.8,False,3
6582,C_6582,525.0,False,3
6583,C_6583,510.8,False,3
6584,C_6584,509.5,True,3
6585,C_6585,437.5,True,3
6586,C_6586,540.5,False,3
6587,C_6587,494.8,False,3
6588,C_6588,511.5,True,3
6589,C_6589,585.5,True,3
6590,C_6590,598.5,False,3
6591,C_6591,522.0,False,3
6592,C_6592,500.5,False,3
6593,C_6593,595.5,False,3
6594,C_6594,406.5,False,3
6595,C_6595,433.0,False,3
6596,C_6596,541.0,False,3
6597,C_6597,462.8,False,3
6598,C_6598,499.5,True,3
6599,C_6599,524.5,False,3
6600,C_6600,140.4,False,4
6601,C_6601,159.1,False,4
6602,C_6602,131.8,True,4
6603,C_6603,116.0,True,4
6604,C_6604,163.8,False,4
6605,C_6605,116.3,False,4
6606,C_6606,116.9,False,4
6607,C_6607,185.0,False,4
6608,C_6608,177.5,False,4
6609,C_6609,110.0,True,4
6610,C_6610,173.6,False,4
6612,C_6612,182.5,False,4
6613,C_6613,162.2,False,4
6614,C_6614,153.8,False,4
6615,C_6615,161.0,False,4
6616,C_6616,132.0,False,4
6617,C_6617,158.0,False,4
6618,C_6618,179.0,False,4
6620,C_6620,110.9,False,4
6621,C_6621,183.9,False,4
6622,C_6622,129.2,False,4
6623,C_6623,144.2,False,4
6624,C_6624,165.9,False,4
6626,C_6626,164.0,True,4
6627,C_6627,138.6,True,4
6628,C_6628,110.6,True,4
6629,C_6629,196.8,False,4
6630,C_6630,149.8,False,4
6631,C_6631,144.1,False,4
6632,C_6632,176.2,False,4
6633,C_6633,174.1,False,4
6635,C_6635,198.0,False,4
6636,C_6636,183.2,False,4
6637,C_6637,162.8,False,4
6638,C_6638,112.8,False,4
6639,C_6639,183.0,False,4
6640,C_6640,151.6,False,4
6641,C_6641,158.5,False,4
6642,C_6642,155.8,True,4
6643,C_6643,122.25,False,4
6644,C_6644,155.6,False,4
6645,C_6645,147.0,False,4
6647,C_6647,194.1,False,4
6648,C_6648,198.2,False,4
6649,C_6649,152.9,True,4
6650,C_6650,129.1,True,4
6651,C_6651,109.44,False,4
6652,C_6652,102.1,False,4
6653,C_6653,127.6,False,4
6654,C_6654,103.94,False,4
6655,C_6655,171.8,False,4
6656,C_6656,147.8,True,4
6657,C_6657,182.0,False,4
6658,C_6658,183.4,False,4
6659,C_6659,147.2,False,4
6660,C_6660,148.1,False,4
6661,C_6661,153.0,False,4
6663,C_6663,147.6,False,4
6664,C_6664,196.0,False,4
6666,C_6666,103.8,False,4
6667,C_6667,197.2,False,4
6668,C_6668,108.75,False,4
6669,C_6669,118.8,False,4
6670,C_6670,127.4,False,4
6671,C_6671,184.1,False,4
6673,C_6673,165.6,True,4
6674,C_6674,184.6,True,4
6676,C_6676,122.8,False,4
6677,C_6677,151.4,True,4
6678,C_6678,102.3,False,4
6679,C_6679,136.6,False,4
6680,C_6680,118.0,True,4
6681,C_6681,140.2,False,4
6682,C_6682,106.0,True,4
6683,C_6683,167.0,False,4
6684,C_6684,168.9,False,4
6686,C_6686,159.6,False,4
6687,C_6687,112.3,False,4
6688,C_6688,114.56,False,4
6689,C_6689,198.4,True,4
6690,C_6690,169.6,False,4
6691,C_6691,166.2,False,4
6692,C_6692,148.8,False,4
6693,C_6693,132.4,False,4
6694,C_6694,185.0,True,4
6695,C_6695,194.0,True,4
6696,C_6696,125.0,False,4
6697,C_6697,134.4,False,4
6698,C_6698,131.9,False,4
6699,C_6699,198.5,False,4
6700,C_6700,157.6,False,4
6701,C_6701,174.2,False,4
6702,C_6702,133.4,False,4
6704,C_6704,174.5,False,4
6705,C_6705,181.5,False,4
6706,C_6706,114.3,False,4
6707,C_6707,187.5,False,4
6709,C_6709,130.4,False,4
6710,C_6710,119.56,False,4
6711,C_6711,194.6,False,4
6712,C_6712,152.1,False,4
6713,C_6713,143.9,False,4
6714,C_6714,130.6,False,4
6716,C_6716,100.9,False,4
6717,C_6717,191.1,False,4
6718,C_6718,161.6,False,4
6719,C_6719,100.06,False,4
6720,C_6720,106.2,True,4
6721,C_6721,160.0,True,4
6722,C_6722,124.06,False,4
6723,C_6723,133.1,False,4
6724,C_6724,187.4,False,4
6725,C_6725,178.6,False,4
6726,C_6726,151.5,False,4
6727,C_6727,187.6,False,4
6729,C_6729,128.0,False,4
6730,C_6730,197.6,True,4
6731,C_6731,105.94,False,4
6732,C_6732,106.9,False,4
6733,C_6733,189.6,False,4
6734,C_6734,155.1,False,4
6735,C_6735,187.6,True,4
6736,C_6736,179.4,True,4
6737,C_6737,173.2,False,4
6738,C_6738,195.6,False,4
6739,C_6739,134.5,False,4
6741,C_6741,190.6,False,4
6742,C_6742,124.6,False,4
6743,C_6743,100.6,False,4
6744,C_6744,154.6,False,4
6745,C_6745,142.8,False,4
6746,C_6746,139.8,False,4
6747,C_6747,138.5,False,4
6748,C_6748,167.6,True,4
6749,C_6749,152.6,False,4
6750,C_6750,144.2,False,4
6751,C_6751,167.9,True,4
6752,C_6752,135.9,False,4
6754,C_6754,133.5,False,4
6755,C_6755,152.8,False,4
6756,C_6756,190.6,False,4
6757,C_6757,110.1,False,4
6758,C_6758,162.5,False,4
6760,C_6760,192.4,False,4
6761,C_6761,182.1,False,4
6762,C_6762,140.5,True,4
6763,C_6763,195.2,False,4
6764,C_6764,105.75,False,4
6766,C_6766,135.4,False,4
6767,C_6767,179.0,False,4
6769,C_6769,129.1,False,4
6770,C_6770,161.6,False,4
6771,C_6771,165.2,False,4
6772,C_6772,131.2,True,4
6773,C_6773,129.9,False,4
6774,C_6774,110.1,False,4
6775,C_6775,194.6,False,4
6776,C_6776,149.4,False,4
6777,C_6777,170.1,False,4
6778,C_6778,178.6,False,4
6779,C_6779,126.8,False,4
6780,C_6780,119.44,False,4
6781,C_6781,137.2,True,4
6782,C_6782,161.0,False,4
6783,C_6783,152.9,False,4
6784,C_6784,111.56,False,4
6785,C_6785,198.2,False,4
6786,C_6786,198.9,False,4
6788,C_6788,117.0,False,4
6789,C_6789,141.9,False,4
6790,C_6790,180.6,False,4
6791,C_6791,198.9,True,4
6792,C_6792,161.6,False,4
6793,C_6793,117.8,False,4
6794,C_6794,190.4,True,4
6795,C_6795,129.6,False,4
6796,C_6796,181.5,False,4
6797,C_6797,166.0,False,4
6798,C_6798,134.5,False,4
6799,C_6799,160.8,True,4
6800,C_6800,275.2,False,5
6802,C_6802,356.5,False,5
6803,C_6803,343.8,True,5
6805,C_6805,344.0,False,5
6806,C_6806,360.8,False,5
6807,C_6807,275.5,False,5
6808,C_6808,241.0,False,5
6809,C_6809,338.2,False,5
6815,C_6815,349.8,False,5
6816,C_6816,395.0,False,5
6818,C_6818,374.5,False,5
6819,C_6819,295.2,False,5
6820,C_6820,249.9,False,5
6824,C_6824,356.5,False,5
6825,C_6825,225.8,True,5
6828,C_6828,314.0,False,5
6829,C_6829,315.0,False,5
6831,C_6831,233.2,False,5
6832,C_6832,293.0,True,5
6836,C_6836,261.2,False,5
6837,C_6837,278.0,False,5
6840,C_6840,391.5,False,5
6843,C_6843,203.6,False,5
6846,C_6846,399.2,False,5
6847,C_6847,314.5,False,5
6851,C_6851,270.0,False,5
6854,C_6854,315.2,False,5
6855,C_6855,228.5,False,5
6859,C_6859,250.2,False,5
6860,C_6860,232.9,False,5
6861,C_6861,387.8,False,5
6862,C_6862,340.8,False,5
6864,C_6864,208.1,False,5
6867,C_6867,392.8,False,5
6873,C_6873,200.2,False,5
6876,C_6876,219.8,False,5
6881,C_6881,315.5,False,5
6882,C_6882,249.1,False,5
6883,C_6883,370.2,False,5
6884,C_6884,219.9,False,5
6885,C_6885,360.2,False,5
6889,C_6889,349.2,False,5
6890,C_6890,304.0,False,5
6891,C_6891,364.2,False,5
6892,C_6892,232.4,False,5
6893,C_6893,350.8,True,5
6895,C_6895,250.2,False,5
6898,C_6898,255.2,False,5
6900,C_6900,208.1,False,5
6902,C_6902,375.5,False,5
6904,C_6904,239.5,False,5
6906,C_6906,217.2,True,5
6907,C_6907,365.5,False,5
6909,C_6909,381.2,False,5
6910,C_6910,339.2,True,5
6912,C_6912,328.5,False,5
6913,C_6913,263.2,False,5
6915,C_6915,235.9,False,5
6916,C_6916,359.2,False,5
6917,C_6917,341.0,False,5
6919,C_6919,320.5,False,5
6920,C_6920,286.5,False,5
6923,C_6923,267.0,False,5
6925,C_6925,276.2,True,5
6927,C_6927,200.0,False,5
6928,C_6928,350.8,True,5
6929,C_6929,374.8,False,5
6930,C_6930,269.0,False,5
6932,C_6932,348.0,True,5
6936,C_6936,219.8,False,5
6938,C_6938,366.5,False,5
6939,C_6939,207.0,True,5
6941,C_6941,388.0,False,5
6942,C_6942,314.5,False,5
6943,C_6943,263.5,False,5
6944,C_6944,373.5,False,5
6945,C_6945,350.8,False,5
6946,C_6946,211.0,False,5
6949,C_6949,300.0,True,5
6952,C_6952,268.5,False,5
6953,C_6953,326.2,False,5
6954,C_6954,354.2,False,5
6957,C_6957,227.2,True,5
6958,C_6958,268.5,False,5
6959,C_6959,288.8,False,5
6960,C_6960,378.5,False,5
6963,C_6963,361.0,False,5
6964,C_6964,247.9,False,5
6966,C_6966,389.0,False,5
6969,C_6969,354.5,True,5
6971,C_6971,249.2,False,5
6972,C_6972,373.8,False,5
6973,C_6973,321.5,False,5
6975,C_6975,288.2,False,5
6976,C_6976,376.8,True,5
6978,C_6978,398.0,False,5
6979,C_6979,334.2,True,5
6980,C_6980,221.5,False,5
6981,C_6981,298.8,False,5
6983,C_6983,203.1,True,5
6985,C_6985,329.0,False,5
6986,C_6986,210.5,False,5
6987,C_6987,341.8,False,5
6990,C_6990,359.5,True,5
6991,C_6991,327.5,False,5
6994,C_6994,343.0,False,5
6996,C_6996,213.5,False,5
6997,C_6997,230.9,True,5
6999,C_6999,239.9,False,5
7000,C_7000,178.0,False,1
7001,C_7001,195.6,True,1
7002,C_7002,170.6,False,1
7003,C_7003,180.6,False,1
7004,C_7004,178.5,False,1
7005,C_7005,173.2,False,1
7006,C_7006,169.4,False,1
7007,C_7007,100.94,True,1
7008,C_7008,146.2,False,1
7009,C_7009,140.0,False,1
7010,C_7010,178.2,False,1
7011,C_7011,176.8,False,1
7012,C_7012,143.9,False,1
7015,C_7015,186.1,False,1
7016,C_7016,107.44,False,1
7017,C_7017,146.5,False,1
7019,C_7019,183.8,False,1
7021,C_7021,111.75,False,1
7022,C_7022,168.8,False,1
7023,C_7023,118.2,False,1
7024,C_7024,191.0,False,1
7025,C_7025,172.8,True,1
7026,C_7026,174.0,True,1
7027,C_7027,131.1,False,1
7028,C_7028,195.4,False,1
7029,C_7029,141.2,True,1
7030,C_7030,126.7,False,1
7031,C_7031,165.4,False,1
7032,C_7032,182.5,False,1
7033,C_7033,193.8,False,1
7034,C_7034,141.6,False,1
7035,C_7035,173.9,False,1
7036,C_7036,108.8,False,1
7037,C_7037,192.8,False,1
7039,C_7039,154.1,True,1
7040,C_7040,129.6,False,1
7041,C_7041,139.0,False,1
7042,C_7042,144.1,False,1
7043,C_7043,149.6,False,1
7044,C_7044,180.9,False,1
7045,C_7045,147.6,False,1
7046,C_7046,150.5,True,1
7048,C_7048,136.2,False,1
7049,C_7049,182.0,False,1
7050,C_7050,130.8,False,1
7051,C_7051,187.9,False,1
7054,C_7054,112.7,False,1
7055,C_7055,124.2,True,1
7056,C_7056,161.2,False,1
7057,C_7057,120.44,True,1
7058,C_7058,197.4,False,1
7059,C_7059,186.6,False,1
7060,C_7060,149.5,False,1
7061,C_7061,195.4,False,1
7062,C_7062,105.5,False,1
7063,C_7063,165.8,False,1
7064,C_7064,147.1,True,1
7065,C_7065,104.44,False,1
7066,C_7066,169.8,False,1
7067,C_7067,161.8,False,1
7068,C_7068,168.8,False,1
7069,C_7069,122.8,False,1
7070,C_7070,107.75,False,1
7072,C_7072,142.4,False,1
7073,C_7073,166.0,False,1
7074,C_7074,172.4,False,1
7076,C_7076,182.5,False,1
7077,C_7077,163.5,False,1
7078,C_7078,121.4,False,1
7079,C_7079,197.5,False,1
7080,C_7080,190.9,False,1
7081,C_7081,179.6,True,1
7082,C_7082,157.1,False,1
7083,C_7083,129.4,True,1
7084,C_7084,114.75,False,1
7085,C_7085,125.5,False,1
7086,C_7086,154.8,False,1
7087,C_7087,141.6,False,1
7088,C_7088,124.56,False,1
7089,C_7089,167.8,True,1
7090,C_7090,150.8,False,1
7091,C_7091,113.56,False,1
7092,C_7092,127.5,False,1
7093,C_7093,136.0,False,1
7094,C_7094,126.44,False,1
7095,C_7095,194.2,True,1
7096,C_7096,121.9,False,1
7097,C_7097,181.1,True,1
7098,C_7098,101.8,False,1
7099,C_7099,160.4,True,1
7100,C_7100,107.5,False,1
7101,C_7101,126.94,False,1
7102,C_7102,198.9,False,1
7103,C_7103,103.06,False,1
7104,C_7104,137.9,False,1
7105,C_7105,144.0,False,1
7106,C_7106,137.5,False,1
7107,C_7107,170.9,True,1
7108,C_7108,177.4,False,1
7109,C_7109,172.5,False,1
7110,C_7110,126.06,False,1
7112,C_7112,184.6,True,1
7113,C_7113,133.9,False,1
7114,C_7114,129.0,False,1
7115,C_7115,173.4,False,1
7116,C_7116,100.3,False,1
7117,C_7117,171.8,False,1
7118,C_7118,137.5,False,1
7119,C_7119,181.5,False,1
7120,C_7120,188.5,False,1
7121,C_7121,149.9,False,1
7122,C_7122,148.0,False,1
7123,C_7123,136.6,False,1
7124,C_7124,179.5,True,1
7125,C_7125,115.8,False,1
7126,C_7126,139.5,True,1
7128,C_7128,110.6,False,1
7129,C_7129,176.1,False,1
7130,C_7130,188.2,True,1
7131,C_7131,178.4,True,1
7132,C_7132,120.06,False,1
7133,C_7133,127.5,False,1
7134,C_7134,159.8,False,1
7135,C_7135,125.8,False,1
7136,C_7136,130.2,False,1
7137,C_7137,151.9,False,1
7138,C_7138,180.1,True,1
7139,C_7139,159.9,True,1
7140,C_7140,196.6,False,1
7141,C_7141,133.5,False,1
7142,C_7142,178.9,False,1
7143,C_7143,156.9,False,1
7144,C_7144,120.06,False,1
7145,C_7145,111.7,False,1
7147,C_7147,120.25,False,1
7148,C_7148,139.4,False,1
7149,C_7149,104.3,False,1
7150,C_7150,143.5,False,1
7151,C_7151,138.0,False,1
7152,C_7152,146.4,False,1
7153,C_7153,181.1,False,1
7154,C_7154,164.4,False,1
7155,C_7155,132.8,False,1
7156,C_7156,102.2,False,1
7157,C_7157,114.25,False,1
7158,C_7158,150.5,False,1
7159,C_7159,188.1,False,1
7160,C_7160,145.9,False,1
7161,C_7161,142.0,False,1
7162,C_7162,150.6,False,1
7163,C_7163,113.06,False,1
7164,C_7164,180.1,False,1
7165,C_7165,149.1,False,1
7166,C_7166,107.4,False,1
7167,C_7167,191.2,True,1
7168,C_7168,106.9,False,1
7169,C_7169,102.9,False,1
7170,C_7170,100.25,False,1
7171,C_7171,154.5,True,1
7172,C_7172,132.5,False,1
7173,C_7173,106.56,False,1
7174,C_7174,104.5,False,1
7175,C_7175,147.0,False,1
7176,C_7176,107.06,False,1
7177,C_7177,120.0,False,1
7178,C_7178,174.2,False,1
7179,C_7179,130.9,False,1
7180,C_7180,102.94,False,1
7181,C_7181,195.8,True,1
7182,C_7182,193.4,False,1
7183,C_7183,163.8,False,1
7184,C_7184,176.0,False,1
7185,C_7185,192.6,False,1
7186,C_7186,134.4,False,1
7187,C_7187,162.6,False,1
7188,C_7188,197.6,False,1
7189,C_7189,106.2,False,1
7190,C_7190,186.1,False,1
7191,C_7191,145.2,False,1
7192,C_7192,191.8,False,1
7193,C_7193,137.6,False,1
7194,C_7194,104.3,False,1
7195,C_7195,151.6,False,1
7196,C_7196,193.0,False,1
7197,C_7197,155.1,False,1
7198,C_7198,124.1,False,1
7199,C_7199,167.9,False,1
7202,C_7202,247.8,True,2
7204,C_7204,202.1,False,2
7205,C_7205,393.8,False,2
7210,C_7210,294.5,False,2
7211,C_7211,395.0,False,2
7212,C_7212,374.2,False,2
7213,C_7213,346.0,False,2
7214,C_7214,335.8,False,2
7215,C_7215,286.0,False,2
7219,C_7219,213.4,True,2
7220,C_7220,346.8,False,2
7222,C_7222,332.2,False,2
7224,C_7224,341.8,False,2
7226,C_7226,320.8,True,2
7228,C_7228,363.0,False,2
7230,C_7230,293.5,False,2
7231,C_7231,217.9,False,2
7233,C_7233,378.8,False,2
7236,C_7236,290.2,False,2
7237,C_7237,299.0,False,2
7241,C_7241,380.8,True,2
7242,C_7242,368.2,False,2
7243,C_7243,250.6,False,2
7244,C_7244,302.5,True,2
7246,C_7246,370.8,False,2
7249,C_7249,275.5,False,2
7250,C_7250,376.0,False,2
7253,C_7253,328.5,False,2
7255,C_7255,252.9,False,2
7256,C_7256,289.2,False,2
7257,C_7257,281.8,False,2
7259,C_7259,283.5,False,2
7260,C_7260,377.2,False,2
7261,C_7261,220.5,False,2
7262,C_7262,229.8,False,2
7263,C_7263,352.8,False,2
7264,C_7264,376.2,True,2
7265,C_7265,306.2,False,2
7267,C_7267,316.0,False,2
7268,C_7268,362.0,False,2
7270,C_7270,263.5,True,2
7272,C_7272,345.0,False,2
7274,C_7274,305.2,False,2
7275,C_7275,260.0,True,2
7276,C_7276,339.5,False,2
7277,C_7277,354.8,True,2
7284,C_7284,208.4,True,2
7285,C_7285,329.2,False,2
7286,C_7286,317.5,False,2
7288,C_7288,310.0,False,2
7289,C_7289,255.9,False,2
7292,C_7292,298.8,False,2
7296,C_7296,271.8,False,2
7297,C_7297,235.2,True,2
7300,C_7300,253.2,False,2
7301,C_7301,305.2,True,2
7302,C_7302,309.5,True,2
7304,C_7304,278.5,False,2
7305,C_7305,295.0,True,2
7306,C_7306,369.8,False,2
7308,C_7308,273.5,False,2
7310,C_7310,272.5,False,2
7311,C_7311,309.2,True,2
7313,C_7313,382.8,False,2
7314,C_7314,389.2,True,2
7316,C_7316,320.8,False,2
7318,C_7318,209.4,False,2
7319,C_7319,350.5,False,2
7320,C_7320,278.0,True,2
7321,C_7321,330.0,False,2
7325,C_7325,211.5,False,2
7327,C_7327,305.0,False,2
7328,C_7328,204.4,False,2
7329,C_7329,334.8,False,2
7330,C_7330,299.2,False,2
7331,C_7331,249.4,False,2
7332,C_7332,307.2,False,2
7334,C_7334,323.8,False,2
7337,C_7337,383.2,False,2
7338,C_7338,299.5,False,2
7339,C_7339,255.4,False,2
7340,C_7340,319.5,False,2
7341,C_7341,217.5,False,2
7342,C_7342,203.5,False,2
7343,C_7343,251.0,False,2
7344,C_7344,370.0,True,2
7349,C_7349,246.0,False,2
7351,C_7351,282.5,False,2
7352,C_7352,223.6,True,2
7353,C_7353,270.8,False,2
7355,C_7355,209.4,True,2
7356,C_7356,230.8,False,2
7357,C_7357,370.2,True,2
7358,C_7358,371.0,False,2
7359,C_7359,221.9,False,2
7362,C_7362,297.0,False,2
7363,C_7363,234.9,True,2
7364,C_7364,299.0,False,2
7365,C_7365,204.9,True,2
7367,C_7367,238.6,False,2
7370,C_7370,330.8,False,2
7371,C_7371,247.9,False,2
7373,C_7373,318.0,False,2
7374,C_7374,253.6,False,2
7375,C_7375,371.8,False,2
7377,C_7377,330.0,False,2
7381,C_7381,252.9,True,2
7384,C_7384,286.2,True,2
7385,C_7385,350.0,False,2
7388,C_7388,295.8,False,2
7389,C_7389,348.2,False,2
7393,C_7393,398.8,False,2
7395,C_7395,250.4,True,2
7396,C_7396,210.5,True,2
7397,C_7397,363.0,False,2
7398,C_7398,221.2,True,2
7399,C_7399,343.5,False,2
7400,C_7400,475.5,False,3
7401,C_7401,507.0,False,3
7402,C_7402,474.8,False,3
7403,C_7403,441.8,False,3
7404,C_7404,570.0,False,3
7405,C_7405,414.0,False,3
7406,C_7406,475.2,False,3
7408,C_7408,500.8,False,3
7410,C_7410,422.5,False,3
7411,C_7411,442.0,False,3
7412,C_7412,546.0,False,3
7413,C_7413,462.5,True,3
7414,C_7414,547.5,False,3
7416,C_7416,539.5,True,3
7417,C_7417,460.0,False,3
7418,C_7418,483.0,False,3
7419,C_7419,570.0,False,3
7420,C_7420,438.5,False,3
7421,C_7421,414.8,False,3
7422,C_7422,560.0,False,3
7423,C_7423,572.5,False,3
7424,C_7424,435.8,False,3
7425,C_7425,563.5,True,3
7426,C_7426,446.0,False,3
7427,C_7427,558.5,False,3
7428,C_7428,538.0,False,3
7429,C_7429,492.2,False,3
7430,C_7430,478.5,True,3
7431,C_7431,574.0,False,3
7432,C_7432,443.0,False,3
7433,C_7433,517.0,False,3
7434,C_7434,437.5,False,3
7435,C_7435,586.5,False,3
7436,C_7436,420.2,False,3
7437,C_7437,587.5,False,3
7439,C_7439,593.5,True,3
7440,C_7440,544.5,False,3
7441,C_7441,589.0,True,3
7442,C_7442,403.0,False,3
7443,C_7443,472.5,False,3
7444,C_7444,505.5,False,3
7445,C_7445,513.5,False,3
7446,C_7446,405.8,False,3
7448,C_7448,427.5,True,3
7449,C_7449,427.5,True,3
7450,C_7450,415.2,False,3
7451,C_7451,579.0,False,3
7452,C_7452,443.2,False,3
7454,C_7454,580.0,False,3
7455,C_7455,538.5,False,3
7456,C_7456,537.0,False,3
7457,C_7457,563.5,False,3
7459,C_7459,531.0,False,3
7460,C_7460,483.2,False,3
7461,C_7461,543.5,False,3
7462,C_7462,530.5,True,3
7463,C_7463,462.8,False,3
7464,C_7464,513.5,False,3
7465,C_7465,553.0,True,3
7466,C_7466,581.0,True,3
7467,C_7467,578.0,False,3
7468,C_7468,438.0,False,3
7469,C_7469,481.2,False,3
7470,C_7470,585.0,False,3
7471,C_7471,519.5,False,3
7472,C_7472,415.5,False,3
7473,C_7473,448.0,False,3
7474,C_7474,458.5,True,3
7475,C_7475,542.5,True,3
7476,C_7476,487.0,False,3
7477,C_7477,482.0,True,3
7478,C_7478,558.5,False,3
7479,C_7479,412.5,True,3
7480,C_7480,478.2,False,3
7481,C_7481,596.5,False,3
7482,C_7482,561.5,False,3
7483,C_7483,560.0,False,3
7484,C_7484,420.5,False,3
7485,C_7485,422.5,True,3
7486,C_7486,404.0,False,3
7487,C_7487,408.8,False,3
7488,C_7488,592.5,False,3
7489,C_7489,588.5,False,3
7490,C_7490,591.5,True,3
7491,C_7491,512.5,False,3
7492,C_7492,428.8,False,3
7493,C_7493,419.0,True,3
7494,C_7494,568.5,True,3
7495,C_7495,514.5,False,3
7496,C_7496,593.5,False,3
7497,C_7497,441.0,False,3
7498,C_7498,447.2,False,3
7499,C_7499,556.5,False,3
7501,C_7501,531.5,False,3
7502,C_7502,443.5,False,3
7503,C_7503,531.0,False,3
7504,C_7504,558.0,False,3
7505,C_7505,581.0,True,3
7507,C_7507,507.8,False,3
7508,C_7508,541.0,False,3
7509,C_7509,469.8,False,3
7510,C_7510,533.5,False,3
7511,C_7511,522.0,False,3
7512,C_7512,487.0,False,3
7513,C_7513,475.8,True,3
7514,C_7514,496.8,False,3
7515,C_7515,587.5,False,3
7516,C_7516,564.5,False,3
7517,C_7517,401.5,True,3
7518,C_7518,560.5,False,3
7520,C_7520,595.5,False,3
7521,C_7521,426.0,False,3
7522,C_7522,570.0,True,3
7523,C_7523,498.0,False,3
7525,C_7525,585.0,False,3
7528,C_7528,483.2,False,3
7529,C_7529,465.0,False,3
7530,C_7530,575.5,False,3
7531,C_7531,483.0,False,3
7532,C_7532,435.5,False,3
7533,C_7533,531.0,False,3
7534,C_7534,548.5,False,3
7535,C_7535,582.5,False,3
7536,C_7536,535.0,False,3
7537,C_7537,463.2,True,3
7538,C_7538,439.0,False,3
7539,C_7539,517.5,True,3
7540,C_7540,564.0,False,3
7541,C_7541,421.8,False,3
7542,C_7542,554.0,False,3
7543,C_7543,571.0,False,3
7546,C_7546,597.5,False,3
7547,C_7547,548.5,True,3
7548,C_7548,460.0,True,3
7549,C_7549,560.0,True,3
7550,C_7550,517.5,False,3
7551,C_7551,472.5,False,3
7552,C_7552,584.5,False,3
7553,C_7553,467.2,False,3
7554,C_7554,518.0,True,3
7555,C_7555,594.0,False,3
7556,C_7556,582.0,True,3
7557,C_7557,590.5,False,3
7558,C_7558,469.8,False,3
7560,C_7560,535.0,False,3
7561,C_7561,440.0,False,3
7562,C_7562,577.5,True,3
7563,C_7563,465.2,False,3
7564,C_7564,566.5,True,3
7565,C_7565,587.0,True,3
7567,C_7567,475.0,False,3
7568,C_7568,450.2,False,3
7569,C_7569,526.0,False,3
7570,C_7570,404.8,False,3
7571,C_7571,598.0,False,3
7572,C_7572,455.2,False,3
7573,C_7573,488.0,False,3
7574,C_7574,455.2,False,3
7575,C_7575,585.5,False,3
7576,C_7576,568.5,False,3
7577,C_7577,507.2,True,3
7578,C_7578,519.0,False,3
7579,C_7579,588.5,True,3
7580,C_7580,424.0,False,3
7581,C_7581,413.0,True,3
7582,C_7582,449.0,False,3
7583,C_7583,411.2,False,3
7584,C_7584,512.5,False,3
7585,C_7585,467.2,True,3
7586,C_7586,572.5,False,3
7587,C_7587,415.2,False,3
7588,C_7588,428.0,False,3
7589,C_7589,515.5,False,3
7590,C_7590,435.0,True,3
7591,C_7591,553.5,False,3
7592,C_7592,426.8,False,3
7593,C_7593,505.5,False,3
7594,C_7594,530.5,False,3
7595,C_7595,455.5,False,3
7596,C_7596,540.0,False,3
7597,C_7597,507.5,False,3
7599,C_7599,442.8,False,3
7600,C_7600,119.56,False,4
7601,C_7601,149.4,False,4
7602,C_7602,125.56,True,4
7605,C_7605,126.5,False,4
7606,C_7606,130.4,False,4
7607,C_7607,198.6,False,4
7608,C_7608,114.06,False,4
7609,C_7609,132.5,True,4
7610,C_7610,156.1,False,4
7611,C_7611,186.4,False,4
7612,C_7612,110.75,False,4
7613,C_7613,133.8,False,4
7615,C_7615,180.5,True,4
7616,C_7616,166.8,False,4
7618,C_7618,104.0,False,4
7619,C_7619,101.5,False,4
7620,C_7620,184.2,False,4
7622,C_7622,166.2,False,4
7623,C_7623,142.6,False,4
7624,C_7624,141.9,False,4
7625,C_7625,164.9,False,4
7626,C_7626,161.1,False,4
7627,C_7627,152.8,False,4
7628,C_7628,111.3,True,4
7629,C_7629,183.0,False,4
7630,C_7630,145.0,False,4
7631,C_7631,130.1,False,4
7633,C_7633,188.6,True,4
7634,C_7634,169.4,False,4
7635,C_7635,185.2,True,4
7636,C_7636,189.8,False,4
7637,C_7637,199.5,False,4
7638,C_7638,110.5,False,4
7640,C_7640,116.6,False,4
7641,C_7641,160.2,False,4
7642,C_7642,156.9,False,4
7643,C_7643,119.1,False,4
7644,C_7644,116.1,False,4
7645,C_7645,192.8,False,4
7646,C_7646,109.3,False,4
7647,C_7647,188.9,False,4
7648,C_7648,136.6,True,4
7649,C_7649,179.1,True,4
7650,C_7650,179.5,False,4
7651,C_7651,149.1,False,4
7652,C_7652,150.2,False,4
7653,C_7653,104.1,False,4
7654,C_7654,127.75,False,4
7655,C_7655,143.0,True,4
7656,C_7656,155.5,False,4
7657,C_7657,158.8,False,4
7658,C_7658,128.2,False,4
7659,C_7659,142.6,False,4
7660,C_7660,119.3,False,4
7661,C_7661,169.4,False,4
7662,C_7662,124.0,True,4
7663,C_7663,164.6,False,4
7664,C_7664,197.6,True,4
7665,C_7665,122.5,False,4
7666,C_7666,102.3,False,4
7667,C_7667,141.6,True,4
7668,C_7668,108.44,False,4
7669,C_7669,153.1,False,4
7670,C_7670,195.1,False,4
7671,C_7671,126.4,False,4
7672,C_7672,109.75,False,4
7673,C_7673,138.1,False,4
7674,C_7674,171.1,True,4
7675,C_7675,188.0,False,4
7676,C_7676,144.8,False,4
7677,C_7677,101.44,False,4
7678,C_7678,179.1,False,4
7679,C_7679,116.3,False,4
7680,C_7680,149.8,False,4
7682,C_7682,135.2,False,4
7683,C_7683,177.9,False,4
7684,C_7684,114.8,False,4
7685,C_7685,149.8,False,4
7686,C_7686,149.4,False,4
7687,C_7687,118.44,False,4
7688,C_7688,132.6,False,4
7689,C_7689,168.6,False,4
7690,C_7690,115.56,False,4
7691,C_7691,181.9,False,4
7692,C_7692,107.6,False,4
7693,C_7693,143.8,False,4
7694,C_7694,153.5,False,4
7695,C_7695,142.5,False,4
7696,C_7696,174.5,True,4
7697,C_7697,144.8,True,4
7698,C_7698,153.9,False,4
7700,C_7700,110.6,False,4
7701,C_7701,127.75,False,4
7702,C_7702,157.9,True,4
7703,C_7703,192.9,True,4
7704,C_7704,149.9,True,4
7705,C_7705,118.94,False,4
7706,C_7706,118.5,True,4
7708,C_7708,112.4,False,4
7709,C_7709,159.2,False,4
7711,C_7711,115.8,False,4
7712,C_7712,133.1,True,4
7713,C_7713,130.0,False,4
7714,C_7714,189.2,False,4
7716,C_7716,154.5,False,4
7717,C_7717,134.4,False,4
7718,C_7718,162.6,True,4
7719,C_7719,188.4,True,4
7720,C_7720,114.5,True,4
7721,C_7721,133.9,False,4
7722,C_7722,177.2,False,4
7723,C_7723,125.0,False,4
7724,C_7724,128.6,False,4
7725,C_7725,100.5,False,4
7726,C_7726,125.25,False,4
7727,C_7727,178.1,False,4
7728,C_7728,162.2,False,4
7729,C_7729,164.0,False,4
7730,C_7730,120.7,False,4
7731,C_7731,170.5,False,4
7732,C_7732,195.6,True,4
7733,C_7733,102.44,False,4
7734,C_7734,145.1,False,4
7735,C_7735,140.6,False,4
7736,C_7736,150.9,False,4
7737,C_7737,178.9,False,4
7738,C_7738,172.8,False,4
7739,C_7739,197.4,False,4
7740,C_7740,167.0,False,4
7741,C_7741,167.9,False,4
7742,C_7742,148.4,False,4
7743,C_7743,127.1,False,4
7745,C_7745,119.56,False,4
7746,C_7746,171.9,False,4
7747,C_7747,107.94,False,4
7748,C_7748,135.0,False,4
7749,C_7749,108.44,False,4
7750,C_7750,169.5,False,4
7752,C_7752,141.6,False,4
7753,C_7753,134.4,False,4
7755,C_7755,149.2,False,4
7756,C_7756,131.5,True,4
7757,C_7757,113.3,False,4
7758,C_7758,129.4,False,4
7760,C_7760,100.94,False,4
7761,C_7761,113.0,False,4
7762,C_7762,185.1,False,4
7763,C_7763,155.1,False,4
7764,C_7764,132.4,False,4
7765,C_7765,160.2,False,4
7766,C_7766,140.4,False,4
7767,C_7767,122.9,False,4
7768,C_7768,133.2,True,4
7769,C_7769,180.4,False,4
7770,C_7770,185.6,False,4
7772,C_7772,186.9,False,4
7773,C_7773,127.06,False,4
7775,C_7775,122.3,False,4
7776,C_7776,178.1,False,4
7777,C_7777,178.4,False,4
7778,C_7778,177.9,False,4
7779,C_7779,166.1,False,4
7780,C_7780,140.5,False,4
7781,C_7781,167.0,False,4
7782,C_7782,112.3,False,4
7783,C_7783,183.5,False,4
7784,C_7784,144.1,False,4
7785,C_7785,166.6,False,4
7786,C_7786,108.9,False,4
7787,C_7787,100.8,False,4
7788,C_7788,130.9,False,4
7789,C_7789,123.0,False,4
7790,C_7790,184.1,True,4
7791,C_7791,168.8,True,4
7792,C_7792,168.2,False,4
7793,C_7793,182.8,False,4
7794,C_7794,113.2,False,4
7795,C_7795,189.2,False,4
7796,C_7796,117.2,False,4
7797,C_7797,142.4,True,4
7798,C_7798,199.9,False,4
7799,C_7799,162.2,False,4
7800,C_7800,306.0,False,5
7801,C_7801,208.0,False,5
7805,C_7805,226.6,True,5
7806,C_7806,255.9,True,5
7807,C_7807,353.8,False,5
7808,C_7808,394.2,False,5
7809,C_7809,239.8,False,5
7811,C_7811,260.0,False,5
7814,C_7814,333.5,False,5
7816,C_7816,305.8,False,5
7818,C_7818,264.5,False,5
7819,C_7819,322.0,False,5
7820,C_7820,214.4,False,5
7821,C_7821,296.8,False,5
7822,C_7822,310.8,False,5
7825,C_7825,325.8,True,5
7828,C_7828,247.5,False,5
7829,C_7829,356.0,False,5
7830,C_7830,361.5,False,5
7831,C_7831,308.8,False,5
7833,C_7833,318.8,True,5
7835,C_7835,211.2,False,5
7836,C_7836,320.8,False,5
7837,C_7837,281.8,False,5
7839,C_7839,241.4,False,5
7840,C_7840,264.5,False,5
7841,C_7841,287.5,False,5
7842,C_7842,318.0,True,5
7844,C_7844,299.0,False,5
7845,C_7845,364.8,False,5
7846,C_7846,314.2,False,5
7850,C_7850,257.0,True,5
7853,C_7853,347.8,False,5
7854,C_7854,399.8,False,5
7857,C_7857,275.0,False,5
7860,C_7860,386.8,False,5
7862,C_7862,220.2,False,5
7863,C_7863,359.8,False,5
7865,C_7865,245.9,True,5
7866,C_7866,276.0,True,5
7871,C_7871,273.0,False,5
7873,C_7873,205.6,False,5
7874,C_7874,214.8,False,5
7875,C_7875,332.2,False,5
7879,C_7879,308.8,False,5
7880,C_7880,219.6,False,5
7881,C_7881,296.2,False,5
7882,C_7882,272.5,True,5
7884,C_7884,232.1,True,5
7887,C_7887,241.4,False,5
7888,C_7888,299.8,False,5
7890,C_7890,379.8,False,5
7891,C_7891,212.2,True,5
7892,C_7892,293.2,False,5
7893,C_7893,399.0,False,5
7894,C_7894,397.2,False,5
7895,C_7895,297.0,False,5
7896,C_7896,214.4,False,5
7897,C_7897,277.0,False,5
7898,C_7898,381.0,False,5
7899,C_7899,221.6,False,5
7903,C_7903,260.5,False,5
7904,C_7904,224.2,False,5
7905,C_7905,344.2,False,5
7906,C_7906,285.0,False,5
7907,C_7907,349.2,False,5
7908,C_7908,276.0,True,5
7909,C_7909,228.1,True,5
7912,C_7912,203.8,False,5
7913,C_7913,337.8,False,5
7914,C_7914,245.4,False,5
7915,C_7915,217.0,False,5
7916,C_7916,229.0,True,5
7917,C_7917,333.5,False,5
7918,C_7918,300.8,False,5
7920,C_7920,256.5,True,5
7921,C_7921,353.5,False,5
7923,C_7923,319.2,False,5
7924,C_7924,374.0,False,5
7925,C_7925,213.5,True,5
7928,C_7928,362.8,False,5
7929,C_7929,322.8,True,5
7930,C_7930,357.8,False,5
7931,C_7931,223.0,False,5
7938,C_7938,280.8,False,5
7939,C_7939,317.5,False,5
7940,C_7940,278.0,False,5
7941,C_7941,200.8,False,5
7942,C_7942,307.2,True,5
7944,C_7944,342.2,True,5
7946,C_7946,374.0,False,5
7947,C_7947,200.8,True,5
7948,C_7948,256.5,False,5
7950,C_7950,259.8,False,5
7951,C_7951,389.8,True,5
7952,C_7952,311.8,False,5
7953,C_7953,219.1,False,5
7954,C_7954,337.2,False,5
7956,C_7956,392.2,False,5
7957,C_7957,289.5,True,5
7958,C_7958,283.2,False,5
7960,C_7960,201.5,False,5
7961,C_7961,226.1,False,5
7964,C_7964,277.5,False,5
7965,C_7965,365.5,False,5
7966,C_7966,332.8,False,5
7967,C_7967,288.0,False,5
7968,C_7968,384.2,False,5
7969,C_7969,360.5,False,5
7970,C_7970,239.4,False,5
7971,C_7971,213.2,False,5
7972,C_7972,226.9,True,5
7973,C_7973,353.0,True,5
7975,C_7975,285.0,False,5
7976,C_7976,372.5,False,5
7977,C_7977,305.5,False,5
7978,C_7978,367.5,False,5
7979,C_7979,310.0,False,5
7980,C_7980,375.2,False,5
7981,C_7981,385.0,False,5
7982,C_7982,279.2,False,5
7983,C_7983,250.9,False,5
7985,C_7985,333.0,True,5
7986,C_7986,344.5,False,5
7989,C_7989,219.4,False,5
7990,C_7990,374.8,True,5
7991,C_7991,213.5,False,5
7992,C_7992,267.2,False,5
7993,C_7993,213.8,True,5
7994,C_7994,282.8,False,5
7995,C_7995,255.4,False,5
7996,C_7996,279.8,False,5
7998,C_7998,302.5,False,5
8000,C_8000,105.75,False,1
8001,C_8001,130.6,False,1
8002,C_8002,115.1,False,1
8003,C_8003,119.2,True,1
8004,C_8004,143.5,True,1
8005,C_8005,166.8,False,1
8006,C_8006,190.8,False,1
8007,C_8007,169.0,False,1
8008,C_8008,129.0,True,1
8009,C_8009,184.4,False,1
8010,C_8010,192.9,False,1
8011,C_8011,192.1,False,1
8012,C_8012,163.9,True,1
8013,C_8013,157.6,False,1
8014,C_8014,174.8,False,1
8015,C_8015,169.5,True,1
8016,C_8016,127.56,False,1
8017,C_8017,132.2,True,1
8018,C_8018,116.56,False,1
8019,C_8019,142.8,False,1
8020,C_8020,192.9,False,1
8021,C_8021,101.06,False,1
8022,C_8022,114.75,False,1
8023,C_8023,166.9,False,1
8024,C_8024,171.5,False,1
8025,C_8025,135.2,True,1
8026,C_8026,142.8,False,1
8027,C_8027,136.4,False,1
8028,C_8028,106.3,False,1
8029,C_8029,157.1,False,1
8030,C_8030,135.0,True,1
8031,C_8031,199.4,False,1
8032,C_8032,134.2,True,1
8033,C_8033,146.1,False,1
8034,C_8034,198.5,False,1
8036,C_8036,170.2,False,1
8037,C_8037,174.6,False,1
8038,C_8038,162.2,False,1
8039,C_8039,183.8,False,1
8040,C_8040,113.25,False,1
8042,C_8042,137.9,False,1
8043,C_8043,155.8,False,1
8044,C_8044,185.9,False,1
8045,C_8045,174.8,False,1
8046,C_8046,165.2,False,1
8047,C_8047,195.9,False,1
8048,C_8048,142.2,False,1
8049,C_8049,102.44,False,1
8050,C_8050,196.1,True,1
8051,C_8051,140.9,True,1
8052,C_8052,160.6,False,1
8053,C_8053,183.2,False,1
8054,C_8054,178.4,False,1
8055,C_8055,121.3,False,1
8056,C_8056,119.6,True,1
8057,C_8057,173.1,True,1
8058,C_8058,141.4,False,1
8059,C_8059,162.8,False,1
8060,C_8060,173.4,True,1
8061,C_8061,167.6,False,1
8063,C_8063,133.0,False,1
8064,C_8064,163.0,False,1
8065,C_8065,195.5,False,1
8066,C_8066,100.2,False,1
8067,C_8067,198.0,False,1
8068,C_8068,137.1,False,1
8069,C_8069,127.8,False,1
8070,C_8070,168.5,False,1
8071,C_8071,123.2,False,1
8072,C_8072,122.06,False,1
8073,C_8073,170.2,False,1
8074,C_8074,158.8,False,1
8075,C_8075,165.1,False,1
8076,C_8076,188.5,False,1
8077,C_8077,101.7,False,1
8078,C_8078,139.6,False,1
8079,C_8079,129.2,True,1
8080,C_8080,183.9,False,1
8081,C_8081,140.5,False,1
8082,C_8082,136.1,False,1
8083,C_8083,160.2,False,1
8084,C_8084,158.2,False,1
8086,C_8086,178.8,False,1
8087,C_8087,193.5,False,1
8088,C_8088,176.0,False,1
8089,C_8089,133.2,False,1
8090,C_8090,133.5,False,1
8091,C_8091,109.44,False,1
8092,C_8092,117.8,False,1
8093,C_8093,187.5,False,1
8094,C_8094,119.0,False,1
8095,C_8095,144.8,False,1
8096,C_8096,116.44,False,1
8097,C_8097,167.5,False,1
8098,C_8098,118.56,False,1
8099,C_8099,179.8,False,1
8100,C_8100,105.5,False,1
8102,C_8102,116.2,False,1
8103,C_8103,153.8,False,1
8104,C_8104,132.6,False,1
8105,C_8105,161.6,False,1
8106,C_8106,157.2,False,1
8107,C_8107,132.6,True,1
8108,C_8108,103.94,True,1
8109,C_8109,132.2,False,1
8110,C_8110,111.44,False,1
8111,C_8111,198.8,False,1
8112,C_8112,148.0,False,1
8113,C_8113,182.9,False,1
8114,C_8114,184.9,True,1
8115,C_8115,157.8,True,1
8116,C_8116,127.6,False,1
8117,C_8117,157.4,False,1
8118,C_8118,181.0,False,1
8119,C_8119,124.2,False,1
8120,C_8120,127.1,False,1
8121,C_8121,166.5,False,1
8122,C_8122,173.2,True,1
8123,C_8123,100.1,False,1
8124,C_8124,163.0,True,1
8125,C_8125,149.5,False,1
8126,C_8126,166.2,True,1
8127,C_8127,176.4,False,1
8128,C_8128,102.75,True,1
8129,C_8129,100.4,False,1
8130,C_8130,117.6,False,1
8131,C_8131,136.1,True,1
8132,C_8132,149.5,False,1
8133,C_8133,155.5,False,1
8134,C_8134,177.4,False,1
8135,C_8135,140.4,False,1
8136,C_8136,193.2,False,1
8137,C_8137,178.2,True,1
8139,C_8139,183.2,True,1
8140,C_8140,173.8,False,1
8141,C_8141,146.2,False,1
8142,C_8142,199.4,False,1
8143,C_8143,136.9,False,1
8144,C_8144,116.3,False,1
8145,C_8145,188.0,False,1
8146,C_8146,146.2,False,1
8147,C_8147,186.4,False,1
8148,C_8148,146.6,False,1
8149,C_8149,183.9,False,1
8150,C_8150,107.8,False,1
8151,C_8151,105.1,True,1
8152,C_8152,146.2,False,1
8153,C_8153,182.2,False,1
8154,C_8154,183.2,False,1
8156,C_8156,115.3,False,1
8157,C_8157,166.4,True,1
8158,C_8158,115.7,False,1
8159,C_8159,156.8,True,1
8160,C_8160,112.5,False,1
8161,C_8161,143.2,False,1
8162,C_8162,134.2,True,1
8163,C_8163,137.1,True,1
8164,C_8164,149.8,True,1
8165,C_8165,193.9,True,1
8166,C_8166,106.0,False,1
8167,C_8167,112.5,False,1
8168,C_8168,197.1,False,1
8169,C_8169,145.8,False,1
8170,C_8170,149.4,False,1
8171,C_8171,154.0,False,1
8172,C_8172,159.6,False,1
8174,C_8174,192.6,False,1
8175,C_8175,169.8,False,1
8176,C_8176,172.6,False,1
8177,C_8177,193.1,False,1
8178,C_8178,110.94,False,1
8179,C_8179,150.6,False,1
8180,C_8180,123.0,False,1
8181,C_8181,124.8,True,1
8182,C_8182,102.5,False,1
8183,C_8183,166.5,False,1
8184,C_8184,177.0,False,1
8185,C_8185,190.8,False,1
8186,C_8186,177.0,False,1
8187,C_8187,161.2,True,1
8189,C_8189,136.5,False,1
8191,C_8191,131.9,True,1
8192,C_8192,158.8,True,1
8193,C_8193,105.0,False,1
8194,C_8194,152.5,False,1
8195,C_8195,149.0,False,1
8196,C_8196,158.0,True,1
8197,C_8197,193.2,False,1
8198,C_8198,168.5,True,1
8199,C_8199,132.8,True,1
8200,C_8200,295.5,True,2
8203,C_8203,328.2,False,2
8204,C_8204,269.5,False,2
8205,C_8205,377.5,True,2
8206,C_8206,208.9,False,2
8207,C_8207,234.2,True,2
8210,C_8210,375.2,False,2
8211,C_8211,248.9,False,2
8212,C_8212,316.8,False,2
8216,C_8216,345.8,False,2
8221,C_8221,251.9,True,2
8222,C_8222,374.2,False,2
8225,C_8225,344.0,False,2
8226,C_8226,371.0,False,2
8227,C_8227,295.0,False,2
8229,C_8229,345.5,False,2
8230,C_8230,249.4,True,2
8231,C_8231,321.8,False,2
8232,C_8232,312.0,False,2
8233,C_8233,277.8,False,2
8234,C_8234,331.0,False,2
8235,C_8235,277.0,False,2
8236,C_8236,219.2,False,2
8237,C_8237,372.0,False,2
8238,C_8238,369.2,True,2
8239,C_8239,256.5,False,2
8240,C_8240,312.0,True,2
8243,C_8243,291.0,False,2
8244,C_8244,276.5,False,2
8245,C_8245,386.2,False,2
8246,C_8246,365.5,False,2
8249,C_8249,345.5,True,2
8252,C_8252,384.0,True,2
8253,C_8253,283.0,False,2
8254,C_8254,350.5,False,2
8255,C_8255,269.5,False,2
8256,C_8256,294.2,False,2
8257,C_8257,249.8,True,2
8258,C_8258,223.4,False,2
8259,C_8259,264.0,False,2
8261,C_8261,262.5,False,2
8264,C_8264,315.0,True,2
8265,C_8265,368.2,False,2
8266,C_8266,322.0,False,2
8267,C_8267,220.9,False,2
8269,C_8269,259.2,False,2
8272,C_8272,284.0,False,2
8273,C_8273,212.8,False,2
8274,C_8274,339.0,False,2
8275,C_8275,245.2,False,2
8277,C_8277,204.6,False,2
8281,C_8281,230.8,False,2
8282,C_8282,240.8,True,2
8283,C_8283,257.2,False,2
8285,C_8285,373.2,False,2
8288,C_8288,298.2,False,2
8289,C_8289,226.0,False,2
8290,C_8290,270.8,True,2
8291,C_8291,375.0,False,2
8293,C_8293,390.0,False,2
8294,C_8294,329.8,False,2
8295,C_8295,375.2,False,2
8297,C_8297,323.2,False,2
8298,C_8298,321.8,True,2
8299,C_8299,392.5,True,2
8300,C_8300,383.8,False,2
8301,C_8301,397.5,True,2
8302,C_8302,386.5,False,2
8303,C_8303,243.5,False,2
8305,C_8305,214.8,False,2
8307,C_8307,358.5,False,2
8308,C_8308,399.5,False,2
8309,C_8309,223.2,True,2
8310,C_8310,260.2,False,2
8311,C_8311,293.5,False,2
8312,C_8312,277.0,False,2
8313,C_8313,238.9,False,2
8314,C_8314,250.0,False,2
8315,C_8315,362.2,False,2
8316,C_8316,210.6,True,2
8318,C_8318,267.2,False,2
8319,C_8319,336.2,True,2
8321,C_8321,324.2,False,2
8322,C_8322,248.4,False,2
8323,C_8323,339.2,False,2
8326,C_8326,258.8,False,2
8328,C_8328,234.8,False,2
8329,C_8329,393.5,False,2
8330,C_8330,327.0,False,2
8332,C_8332,337.5,False,2
8333,C_8333,266.5,False,2
8334,C_8334,223.5,False,2
8337,C_8337,215.1,False,2
8338,C_8338,275.5,False,2
8340,C_8340,321.0,False,2
8341,C_8341,389.5,False,2
8344,C_8344,294.8,False,2
8345,C_8345,282.0,False,2
8348,C_8348,282.8,True,2
8349,C_8349,234.1,False,2
8350,C_8350,219.9,True,2
8351,C_8351,357.2,False,2
8352,C_8352,203.5,True,2
8354,C_8354,363.5,True,2
8355,C_8355,387.5,False,2
8356,C_8356,366.5,False,2
8357,C_8357,361.8,True,2
8358,C_8358,390.5,False,2
8360,C_8360,246.9,False,2
8361,C_8361,222.5,True,2
8363,C_8363,232.8,False,2
8365,C_8365,313.8,False,2
8366,C_8366,220.9,True,2
8368,C_8368,362.0,False,2
8371,C_8371,253.6,False,2
8373,C_8373,354.5,True,2
8374,C_8374,302.2,False,2
8376,C_8376,217.8,True,2
8377,C_8377,270.8,False,2
8378,C_8378,358.5,True,2
8379,C_8379,213.4,False,2
8381,C_8381,360.5,False,2
8382,C_8382,300.2,False,2
8383,C_8383,336.0,False,2
8385,C_8385,218.1,False,2
8386,C_8386,330.8,False,2
8387,C_8387,302.2,True,2
8390,C_8390,205.5,False,2
8391,C_8391,385.5,False,2
8392,C_8392,377.5,False,2
8394,C_8394,282.2,True,2
8395,C_8395,219.5,False,2
8396,C_8396,366.8,True,2
8397,C_8397,357.0,False,2
8398,C_8398,331.5,False,2
8399,C_8399,360.5,False,2
8400,C_8400,499.0,False,3
8401,C_8401,567.0,False,3
8402,C_8402,434.8,False,3
8403,C_8403,413.8,True,3
8404,C_8404,509.5,False,3
8405,C_8405,511.8,False,3
8406,C_8406,516.0,False,3
8407,C_8407,446.0,False,3
8408,C_8408,478.8,True,3
8409,C_8409,424.2,True,3
8410,C_8410,562.5,False,3
8411,C_8411,569.5,True,3
8413,C_8413,593.5,False,3
8414,C_8414,525.5,False,3
8415,C_8415,587.0,False,3
8417,C_8417,579.0,False,3
8418,C_8418,474.2,False,3
8420,C_8420,429.0,True,3
8421,C_8421,528.0,False,3
8422,C_8422,558.0,False,3
8423,C_8423,488.2,False,3
8424,C_8424,558.5,False,3
8425,C_8425,536.0,True,3
8426,C_8426,441.0,False,3
8427,C_8427,437.8,False,3
8428,C_8428,440.2,False,3
8429,C_8429,453.5,False,3
8430,C_8430,450.5,False,3
8431,C_8431,509.0,False,3
8432,C_8432,447.5,False,3
8433,C_8433,514.5,False,3
8435,C_8435,559.5,False,3
8436,C_8436,532.5,False,3
8437,C_8437,552.5,False,3
8438,C_8438,497.2,False,3
8439,C_8439,405.5,False,3
8440,C_8440,466.2,False,3
8441,C_8441,525.5,False,3
8442,C_8442,496.2,False,3
8443,C_8443,584.0,False,3
8444,C_8444,436.5,False,3
8446,C_8446,488.2,False,3
8447,C_8447,444.2,False,3
8448,C_8448,569.0,False,3
8449,C_8449,508.0,False,3
8450,C_8450,543.0,False,3
8451,C_8451,529.0,False,3
8453,C_8453,481.2,False,3
8454,C_8454,569.0,False,3
8455,C_8455,448.5,False,3
8456,C_8456,586.0,False,3
8459,C_8459,508.2,False,3
8460,C_8460,502.2,False,3
8461,C_8461,543.0,True,3
8462,C_8462,528.0,False,3
8463,C_8463,563.0,False,3
8464,C_8464,505.0,False,3
8465,C_8465,579.0,False,3
8466,C_8466,416.5,False,3
8468,C_8468,576.0,False,3
8469,C_8469,558.0,False,3
8470,C_8470,423.8,False,3
8471,C_8471,503.0,False,3
8472,C_8472,425.5,False,3
8473,C_8473,533.0,False,3
8474,C_8474,517.0,False,3
8475,C_8475,541.0,False,3
8476,C_8476,532.0,False,3
8477,C_8477,508.8,False,3
8478,C_8478,549.0,False,3
8479,C_8479,590.5,False,3
8480,C_8480,466.2,False,3
8481,C_8481,456.2,False,3
8482,C_8482,583.0,True,3
8483,C_8483,517.5,True,3
8485,C_8485,462.5,False,3
8486,C_8486,476.0,False,3
8487,C_8487,493.0,False,3
8489,C_8489,457.8,False,3
8490,C_8490,420.5,False,3
8491,C_8491,494.5,False,3
8492,C_8492,589.0,False,3
8494,C_8494,550.0,False,3
8495,C_8495,419.5,False,3
8496,C_8496,502.5,False,3
8497,C_8497,503.2,False,3
8498,C_8498,438.0,False,3
8499,C_8499,514.5,True,3
8500,C_8500,579.0,False,3
8501,C_8501,568.5,False,3
8502,C_8502,583.5,True,3
8503,C_8503,453.2,False,3
8504,C_8504,549.0,False,3
8506,C_8506,415.8,False,3
8507,C_8507,580.5,False,3
8508,C_8508,545.5,False,3
8509,C_8509,549.0,False,3
8510,C_8510,438.2,False,3
8511,C_8511,425.5,True,3
8512,C_8512,530.0,False,3
8513,C_8513,594.0,False,3
8514,C_8514,497.2,False,3
8515,C_8515,588.5,False,3
8516,C_8516,471.8,False,3
8517,C_8517,491.0,False,3
8518,C_8518,450.5,False,3
8519,C_8519,550.5,False,3
8520,C_8520,598.5,False,3
8521,C_8521,465.5,False,3
8522,C_8522,577.0,False,3
8523,C_8523,448.8,True,3
8525,C_8525,426.5,False,3
8526,C_8526,414.2,True,3
8527,C_8527,485.2,True,3
8528,C_8528,546.5,False,3
8529,C_8529,416.0,True,3
8530,C_8530,515.0,False,3
8531,C_8531,452.0,False,3
8532,C_8532,469.2,True,3
8533,C_8533,561.0,False,3
8534,C_8534,575.0,False,3
8535,C_8535,535.0,False,3
8536,C_8536,549.0,False,3
8538,C_8538,513.5,False,3
8540,C_8540,430.0,False,3
8541,C_8541,573.5,False,3
8542,C_8542,409.0,True,3
8543,C_8543,404.2,False,3
8544,C_8544,445.5,False,3
8545,C_8545,559.0,False,3
8546,C_8546,542.0,True,3
8547,C_8547,576.0,False,3
8548,C_8548,468.5,False,3
8549,C_8549,578.0,False,3
8551,C_8551,487.0,False,3
8552,C_8552,571.5,False,3
8553,C_8553,465.2,False,3
8554,C_8554,518.5,False,3
8555,C_8555,446.0,False,3
8556,C_8556,456.2,False,3
8557,C_8557,551.0,False,3
8558,C_8558,578.0,False,3
8560,C_8560,563.0,False,3
8561,C_8561,568.0,False,3
8562,C_8562,594.5,True,3
8563,C_8563,535.0,False,3
8564,C_8564,427.5,False,3
8565,C_8565,590.5,True,3
8567,C_8567,549.0,False,3
8568,C_8568,501.8,False,3
8569,C_8569,535.5,True,3
8570,C_8570,515.0,True,3
8571,C_8571,501.0,True,3
8572,C_8572,417.5,False,3
8573,C_8573,477.0,False,3
8574,C_8574,478.5,False,3
8575,C_8575,491.5,False,3
8576,C_8576,565.0,False,3
8577,C_8577,459.8,False,3
8578,C_8578,421.8,False,3
8579,C_8579,440.8,True,3
8580,C_8580,511.5,False,3
8581,C_8581,480.5,False,3
8582,C_8582,594.0,False,3
8583,C_8583,425.5,True,3
8584,C_8584,503.2,False,3
8585,C_8585,561.0,True,3
8586,C_8586,457.2,False,3
8587,C_8587,578.5,False,3
8588,C_8588,565.0,False,3
8589,C_8589,484.0,True,3
8590,C_8590,552.0,False,3
8591,C_8591,485.5,False,3
8592,C_8592,556.5,False,3
8593,C_8593,467.5,False,3
8594,C_8594,513.0,False,3
8595,C_8595,481.8,False,3
8596,C_8596,457.5,False,3
8597,C_8597,490.8,False,3
8598,C_8598,483.0,False,3
8599,C_8599,543.5,False,3
8600,C_8600,123.5,True,4
8601,C_8601,194.5,False,4
8602,C_8602,175.0,True,4
8603,C_8603,175.0,False,4
8604,C_8604,139.9,False,4
8605,C_8605,189.8,True,4
8606,C_8606,156.5,False,4
8607,C_8607,189.2,True,4
8608,C_8608,147.5,True,4
8609,C_8609,196.5,False,4
8610,C_8610,126.75,False,4
8611,C_8611,120.8,False,4
8612,C_8612,122.6,False,4
8613,C_8613,136.2,False,4
8614,C_8614,177.9,True,4
8615,C_8615,104.56,False,4
8616,C_8616,161.4,True,4
8617,C_8617,131.1,False,4
8618,C_8618,149.1,True,4
8619,C_8619,129.6,False,4
8620,C_8620,139.8,False,4
8621,C_8621,141.9,False,4
8622,C_8622,112.4,False,4
8623,C_8623,174.1,True,4
8624,C_8624,134.5,False,4
8625,C_8625,109.44,False,4
8626,C_8626,181.6,False,4
8627,C_8627,121.75,False,4
8628,C_8628,172.6,False,4
8629,C_8629,159.5,True,4
8630,C_8630,103.8,False,4
8631,C_8631,194.6,False,4
8632,C_8632,197.0,False,4
8633,C_8633,173.2,False,4
8634,C_8634,109.3,True,4
8635,C_8635,169.8,False,4
8636,C_8636,119.2,False,4
8637,C_8637,146.4,False,4
8638,C_8638,149.5,False,4
8639,C_8639,125.44,False,4
8640,C_8640,182.5,False,4
8641,C_8641,112.5,True,4
8642,C_8642,147.9,True,4
8643,C_8643,160.5,False,4
8644,C_8644,175.4,False,4
8645,C_8645,186.0,False,4
8646,C_8646,157.1,False,4
8647,C_8647,197.0,False,4
8648,C_8648,106.3,True,4
8649,C_8649,133.6,False,4
8650,C_8650,180.6,False,4
8651,C_8651,122.0,False,4
8652,C_8652,141.2,False,4
8653,C_8653,143.8,False,4
8654,C_8654,152.2,False,4
8655,C_8655,113.5,True,4
8656,C_8656,176.1,True,4
8657,C_8657,197.8,False,4
8658,C_8658,163.8,False,4
8659,C_8659,169.4,False,4
8660,C_8660,125.4,False,4
8661,C_8661,119.7,False,4
8662,C_8662,135.0,False,4
8663,C_8663,128.2,False,4
8664,C_8664,141.1,True,4
8665,C_8665,153.5,False,4
8667,C_8667,164.2,False,4
8668,C_8668,123.3,False,4
8669,C_8669,116.25,False,4
8670,C_8670,123.6,False,4
8671,C_8671,109.5,False,4
8672,C_8672,128.5,False,4
8673,C_8673,125.75,False,4
8674,C_8674,156.1,False,4
8675,C_8675,178.6,True,4
8676,C_8676,128.4,False,4
8677,C_8677,161.4,False,4
8678,C_8678,132.5,False,4
8680,C_8680,139.9,True,4
8681,C_8681,107.56,False,4
8682,C_8682,153.5,True,4
8683,C_8683,198.6,False,4
8684,C_8684,102.1,False,4
8685,C_8685,148.4,True,4
8686,C_8686,122.06,False,4
8687,C_8687,195.6,False,4
8688,C_8688,142.2,False,4
8689,C_8689,159.8,False,4
8690,C_8690,138.9,False,4
8691,C_8691,143.6,False,4
8692,C_8692,108.25,False,4
8693,C_8693,128.4,False,4
8694,C_8694,185.0,False,4
8695,C_8695,145.0,False,4
8696,C_8696,171.9,False,4
8697,C_8697,128.5,True,4
8698,C_8698,180.6,False,4
8699,C_8699,163.2,False,4
8700,C_8700,199.1,True,4
8701,C_8701,132.5,False,4
8702,C_8702,123.56,True,4
8703,C_8703,125.3,False,4
8704,C_8704,147.6,False,4
8706,C_8706,181.8,False,4
8707,C_8707,110.2,False,4
8708,C_8708,171.0,False,4
8709,C_8709,116.7,True,4
8711,C_8711,149.6,True,4
8712,C_8712,153.8,False,4
8713,C_8713,179.8,True,4
8714,C_8714,137.0,False,4
8715,C_8715,150.5,False,4
8716,C_8716,158.5,True,4
8717,C_8717,158.0,False,4
8718,C_8718,146.0,False,4
8719,C_8719,132.0,False,4
8720,C_8720,127.75,False,4
8721,C_8721,174.0,True,4
8722,C_8722,175.4,False,4
8723,C_8723,182.1,False,4
8724,C_8724,133.1,False,4
8725,C_8725,185.8,False,4
8726,C_8726,116.25,False,4
8727,C_8727,131.5,False,4
8728,C_8728,162.4,False,4
8729,C_8729,143.6,False,4
8730,C_8730,172.0,False,4
8731,C_8731,166.8,True,4
8732,C_8732,164.9,False,4
8733,C_8733,147.2,False,4
8734,C_8734,106.9,False,4
8735,C_8735,185.4,False,4
8736,C_8736,127.94,True,4
8737,C_8737,104.94,False,4
8738,C_8738,154.4,False,4
8739,C_8739,150.5,True,4
8740,C_8740,104.1,False,4
8741,C_8741,151.1,False,4
8742,C_8742,176.6,True,4
8743,C_8743,157.0,False,4
8744,C_8744,174.2,True,4
8745,C_8745,127.44,True,4
8746,C_8746,156.8,False,4
8747,C_8747,173.5,False,4
8748,C_8748,100.8,False,4
8749,C_8749,113.8,False,4
8750,C_8750,185.5,False,4
8751,C_8751,167.0,False,4
8752,C_8752,172.8,True,4
8753,C_8753,128.8,False,4
8754,C_8754,144.1,False,4
8755,C_8755,149.6,True,4
8756,C_8756,101.3,False,4
8757,C_8757,112.2,False,4
8758,C_8758,117.3,False,4
8759,C_8759,104.94,False,4
8760,C_8760,124.9,False,4
8761,C_8761,103.8,True,4
8762,C_8762,137.9,False,4
8763,C_8763,119.56,True,4
8764,C_8764,150.1,False,4
8765,C_8765,128.9,False,4
8766,C_8766,153.4,True,4
8767,C_8767,160.8,True,4
8768,C_8768,178.8,True,4
8769,C_8769,161.6,False,4
8770,C_8770,140.5,False,4
8771,C_8771,168.1,False,4
8772,C_8772,190.6,False,4
8773,C_8773,190.5,False,4
8774,C_8774,165.2,True,4
8775,C_8775,111.94,False,4
8777,C_8777,158.1,False,4
8778,C_8778,179.8,False,4
8779,C_8779,156.6,False,4
8780,C_8780,109.8,False,4
8781,C_8781,181.2,True,4
8782,C_8782,146.0,True,4
8783,C_8783,157.9,False,4
8784,C_8784,135.2,False,4
8785,C_8785,141.1,False,4
8786,C_8786,104.4,True,4
8787,C_8787,150.8,True,4
8788,C_8788,153.2,False,4
8789,C_8789,182.4,False,4
8790,C_8790,136.0,False,4
8791,C_8791,119.4,False,4
8792,C_8792,197.6,False,4
8793,C_8793,186.0,False,4
8794,C_8794,127.06,True,4
8795,C_8795,195.9,False,4
8796,C_8796,115.0,False,4
8797,C_8797,111.75,True,4
8798,C_8798,181.4,False,4
8799,C_8799,103.0,True,4
8801,C_8801,393.8,False,5
8802,C_8802,215.8,False,5
8803,C_8803,347.5,False,5
8805,C_8805,314.2,False,5
8806,C_8806,295.5,False,5
8807,C_8807,228.6,False,5
8808,C_8808,220.6,True,5
8810,C_8810,242.2,True,5
8811,C_8811,310.8,False,5
8813,C_8813,360.8,False,5
8815,C_8815,377.5,False,5
8816,C_8816,258.5,True,5
8817,C_8817,229.6,False,5
8819,C_8819,323.0,False,5
8820,C_8820,238.1,False,5
8821,C_8821,242.8,False,5
8825,C_8825,259.5,False,5
8826,C_8826,243.9,False,5
8827,C_8827,230.8,False,5
8828,C_8828,376.2,False,5
8830,C_8830,205.2,False,5
8831,C_8831,368.8,False,5
8833,C_8833,222.0,True,5
8834,C_8834,341.2,False,5
8835,C_8835,311.8,False,5
8836,C_8836,208.8,False,5
8838,C_8838,248.4,False,5
8839,C_8839,219.1,False,5
8840,C_8840,293.0,False,5
8841,C_8841,229.9,False,5
8842,C_8842,286.2,False,5
8843,C_8843,346.5,False,5
8844,C_8844,312.0,False,5
8845,C_8845,365.5,False,5
8847,C_8847,266.2,False,5
8850,C_8850,269.5,False,5
8851,C_8851,282.0,False,5
8852,C_8852,241.8,False,5
8854,C_8854,330.8,True,5
8855,C_8855,320.0,False,5
8858,C_8858,244.0,False,5
8859,C_8859,239.2,True,5
8860,C_8860,358.0,False,5
8861,C_8861,212.0,False,5
8862,C_8862,358.0,False,5
8863,C_8863,293.2,True,5
8864,C_8864,346.2,False,5
8866,C_8866,327.8,False,5
8868,C_8868,237.8,False,5
8869,C_8869,245.0,False,5
8870,C_8870,330.2,False,5
8871,C_8871,388.2,False,5
8872,C_8872,307.2,False,5
8874,C_8874,369.5,False,5
8875,C_8875,382.0,False,5
8876,C_8876,227.6,True,5
8879,C_8879,286.5,False,5
8881,C_8881,360.2,True,5
8882,C_8882,359.0,False,5
8883,C_8883,304.0,False,5
8884,C_8884,335.5,True,5
8885,C_8885,260.5,False,5
8886,C_8886,316.5,False,5
8887,C_8887,326.8,False,5
8888,C_8888,251.1,False,5
8890,C_8890,365.8,False,5
8892,C_8892,397.2,True,5
8893,C_8893,222.8,False,5
8894,C_8894,317.5,True,5
8895,C_8895,397.5,False,5
8897,C_8897,300.2,False,5
8898,C_8898,300.0,True,5
8899,C_8899,278.0,True,5
8901,C_8901,276.2,False,5
8902,C_8902,391.2,True,5
8903,C_8903,201.8,False,5
8904,C_8904,227.1,False,5
8905,C_8905,278.5,False,5
8906,C_8906,253.5,False,5
8907,C_8907,330.2,False,5
8908,C_8908,371.2,True,5
8909,C_8909,305.2,False,5
8911,C_8911,342.2,True,5
8913,C_8913,302.8,False,5
8914,C_8914,394.0,False,5
8915,C_8915,347.5,True,5
8916,C_8916,385.8,True,5
8917,C_8917,396.2,False,5
8918,C_8918,212.0,True,5
8919,C_8919,365.0,True,5
8920,C_8920,294.5,False,5
8922,C_8922,290.0,False,5
8923,C_8923,233.8,False,5
8925,C_8925,306.2,False,5
8927,C_8927,360.8,False,5
8928,C_8928,346.0,False,5
8929,C_8929,204.9,False,5
8930,C_8930,296.0,False,5
8931,C_8931,355.5,False,5
8933,C_8933,316.5,False,5
8934,C_8934,383.2,True,5
8935,C_8935,283.5,False,5
8936,C_8936,339.8,False,5
8938,C_8938,206.0,False,5
8939,C_8939,280.0,False,5
8942,C_8942,305.0,False,5
8943,C_8943,358.8,False,5
8944,C_8944,211.6,True,5
8945,C_8945,316.0,False,5
8946,C_8946,233.9,False,5
8947,C_8947,296.8,True,5
8949,C_8949,309.5,True,5
8950,C_8950,223.5,False,5
8952,C_8952,204.9,False,5
8953,C_8953,321.5,False,5
8956,C_8956,352.0,False,5
8957,C_8957,358.2,True,5
8958,C_8958,333.8,True,5
8959,C_8959,368.0,True,5
8960,C_8960,319.5,False,5
8961,C_8961,343.5,False,5
8962,C_8962,264.0,False,5
8964,C_8964,342.5,True,5
8965,C_8965,331.5,True,5
8966,C_8966,268.2,False,5
8967,C_8967,336.0,False,5
8968,C_8968,320.5,False,5
8969,C_8969,288.0,False,5
8971,C_8971,375.2,False,5
8972,C_8972,287.2,False,5
8974,C_8974,332.2,False,5
8975,C_8975,218.9,True,5
8977,C_8977,379.5,False,5
8978,C_8978,341.5,False,5
8979,C_8979,374.0,False,5
8980,C_8980,354.0,False,5
8981,C_8981,239.4,True,5
8982,C_8982,328.2,False,5
8983,C_8983,309.5,False,5
8984,C_8984,345.5,False,5
8986,C_8986,354.5,False,5
8987,C_8987,270.8,True,5
8990,C_8990,246.4,False,5
8992,C_8992,372.2,True,5
8993,C_8993,343.0,False,5
8995,C_8995,370.5,True,5
8996,C_8996,291.0,True,5
8997,C_8997,392.8,False,5
8998,C_8998,354.5,False,5
8999,C_8999,218.0,True,5
9000,C_9000,119.25,False,1
9001,C_9001,196.2,False,1
9002,C_9002,117.25,False,1
9003,C_9003,107.1,True,1
9004,C_9004,139.1,False,1
9005,C_9005,173.0,False,1
9006,C_9006,150.4,True,1
9007,C_9007,108.25,False,1
9008,C_9008,179.0,False,1
9009,C_9009,167.1,False,1
9010,C_9010,158.2,False,1
9011,C_9011,116.4,False,1
9013,C_9013,184.0,False,1
9014,C_9014,118.6,False,1
9015,C_9015,118.7,False,1
9016,C_9016,157.4,False,1
9017,C_9017,160.8,False,1
9018,C_9018,104.06,False,1
9019,C_9019,117.94,True,1
9020,C_9020,191.0,False,1
9021,C_9021,141.2,False,1
9022,C_9022,187.1,False,1
9023,C_9023,169.0,False,1
9025,C_9025,117.6,False,1
9026,C_9026,164.2,False,1
9027,C_9027,156.8,True,1
9028,C_9028,151.8,False,1
9029,C_9029,129.2,False,1
9030,C_9030,114.5,False,1
9031,C_9031,167.0,False,1
9032,C_9032,187.6,True,1
9033,C_9033,111.75,False,1
9034,C_9034,117.7,False,1
9035,C_9035,177.0,False,1
9036,C_9036,115.75,False,1
9037,C_9037,184.4,False,1
9038,C_9038,136.8,False,1
9039,C_9039,144.0,True,1
9040,C_9040,124.0,False,1
9041,C_9041,144.9,False,1
9042,C_9042,197.8,False,1
9043,C_9043,181.9,True,1
9044,C_9044,100.9,True,1
9045,C_9045,118.8,True,1
9046,C_9046,164.8,False,1
9047,C_9047,159.4,False,1
9048,C_9048,124.44,False,1
9049,C_9049,123.4,False,1
9050,C_9050,118.25,False,1
9051,C_9051,109.0,False,1
9052,C_9052,117.0,False,1
9053,C_9053,182.5,True,1
9054,C_9054,158.2,False,1
9055,C_9055,192.0,False,1
9056,C_9056,108.3,False,1
9057,C_9057,107.44,True,1
9058,C_9058,164.8,False,1
9059,C_9059,179.6,False,1
9060,C_9060,107.0,False,1
9061,C_9061,157.4,False,1
9062,C_9062,139.9,False,1
9063,C_9063,124.9,True,1
9064,C_9064,136.0,False,1
9065,C_9065,110.56,True,1
9066,C_9066,161.5,False,1
9067,C_9067,151.5,False,1
9068,C_9068,133.1,False,1
9069,C_9069,132.9,False,1
9070,C_9070,142.5,True,1
9071,C_9071,138.8,False,1
9072,C_9072,146.6,False,1
9073,C_9073,107.0,True,1
9074,C_9074,174.0,False,1
9075,C_9075,107.75,False,1
9076,C_9076,144.0,False,1
9077,C_9077,160.0,False,1
9078,C_9078,134.5,True,1
9079,C_9079,181.0,False,1
9080,C_9080,112.06,False,1
9081,C_9081,128.5,False,1
9082,C_9082,167.5,False,1
9083,C_9083,195.6,False,1
9084,C_9084,114.5,True,1
9085,C_9085,118.94,True,1
9086,C_9086,153.2,False,1
9087,C_9087,164.8,False,1
9088,C_9088,148.9,True,1
9089,C_9089,111.75,True,1
9090,C_9090,120.0,False,1
9091,C_9091,145.4,False,1
9092,C_9092,157.6,False,1
9093,C_9093,187.1,False,1
9094,C_9094,121.75,False,1
9095,C_9095,124.7,False,1
9096,C_9096,168.0,True,1
9097,C_9097,117.2,False,1
9098,C_9098,120.9,False,1
9099,C_9099,123.44,False,1
9100,C_9100,146.8,True,1
9101,C_9101,167.0,False,1
9102,C_9102,153.5,True,1
9103,C_9103,130.8,False,1
9105,C_9105,114.7,False,1
9106,C_9106,118.25,True,1
9107,C_9107,199.2,True,1
9108,C_9108,125.94,True,1
9109,C_9109,162.1,False,1
9110,C_9110,154.5,False,1
9111,C_9111,186.4,False,1
9112,C_9112,194.5,False,1
9113,C_9113,118.0,False,1
9114,C_9114,105.8,False,1
9115,C_9115,117.1,False,1
9116,C_9116,165.8,True,1
9117,C_9117,164.4,True,1
9118,C_9118,112.4,True,1
9119,C_9119,137.1,True,1
9120,C_9120,118.94,True,1
9121,C_9121,126.75,False,1
9122,C_9122,115.8,False,1
9123,C_9123,178.5,True,1
9124,C_9124,107.2,False,1
9125,C_9125,199.4,True,1
9126,C_9126,146.6,False,1
9127,C_9127,129.6,False,1
9128,C_9128,199.5,False,1
9129,C_9129,135.6,False,1
9130,C_9130,127.9,False,1
9132,C_9132,172.9,False,1
9133,C_9133,108.3,False,1
9134,C_9134,123.75,False,1
9135,C_9135,138.5,False,1
9136,C_9136,187.0,False,1
9137,C_9137,145.0,False,1
9138,C_9138,107.7,False,1
9139,C_9139,179.1,False,1
9140,C_9140,184.2,True,1
9141,C_9141,130.4,False,1
9142,C_9142,155.0,False,1
9143,C_9143,163.5,True,1
9144,C_9144,184.2,False,1
9145,C_9145,173.0,True,1
9146,C_9146,161.1,False,1
9147,C_9147,149.4,True,1
9148,C_9148,173.1,False,1
9149,C_9149,173.4,False,1
9150,C_9150,175.2,False,1
9151,C_9151,165.2,False,1
9152,C_9152,117.3,False,1
9153,C_9153,122.9,False,1
9154,C_9154,189.8,False,1
9155,C_9155,109.75,False,1
9156,C_9156,178.8,False,1
9157,C_9157,131.6,False,1
9158,C_9158,116.8,False,1
9159,C_9159,196.0,False,1
9160,C_9160,143.1,True,1
9161,C_9161,183.2,False,1
9162,C_9162,115.5,True,1
9163,C_9163,139.8,True,1
9164,C_9164,185.8,False,1
9165,C_9165,105.25,False,1
9166,C_9166,152.5,False,1
9167,C_9167,198.8,False,1
9168,C_9168,118.1,False,1
9169,C_9169,162.2,False,1
9170,C_9170,168.9,False,1
9171,C_9171,166.2,False,1
9172,C_9172,197.2,False,1
9173,C_9173,133.0,True,1
9174,C_9174,135.5,False,1
9175,C_9175,123.44,False,1
9176,C_9176,117.25,True,1
9177,C_9177,191.1,True,1
9178,C_9178,182.5,True,1
9179,C_9179,160.8,False,1
9180,C_9180,109.3,False,1
9181,C_9181,124.5,True,1
9182,C_9182,120.3,False,1
9183,C_9183,152.6,True,1
9184,C_9184,129.2,True,1
9185,C_9185,167.2,True,1
9186,C_9186,141.2,False,1
9187,C_9187,120.9,False,1
9188,C_9188,128.9,False,1
9189,C_9189,174.8,False,1
9190,C_9190,146.9,True,1
9191,C_9191,118.6,False,1
9192,C_9192,124.9,False,1
9193,C_9193,101.94,False,1
9194,C_9194,163.1,False,1
9195,C_9195,155.8,False,1
9196,C_9196,153.9,False,1
9197,C_9197,142.9,True,1
9198,C_9198,127.4,False,1
9199,C_9199,172.0,False,1
9200,C_9200,207.1,False,2
9201,C_9201,204.1,True,2
9202,C_9202,359.0,True,2
9203,C_9203,295.5,False,2
9205,C_9205,393.5,False,2
9207,C_9207,244.1,True,2
9208,C_9208,342.5,True,2
9209,C_9209,274.2,False,2
9210,C_9210,283.2,False,2
9211,C_9211,260.5,False,2
9212,C_9212,273.2,False,2
9213,C_9213,274.8,False,2
9216,C_9216,369.5,False,2
9220,C_9220,209.0,True,2
9221,C_9221,221.1,False,2
9222,C_9222,342.5,False,2
9223,C_9223,360.8,False,2
9224,C_9224,275.2,False,2
9225,C_9225,242.8,False,2
9226,C_9226,396.2,False,2
9228,C_9228,345.8,False,2
9229,C_9229,237.6,False,2
9230,C_9230,236.5,True,2
9233,C_9233,326.0,False,2
9234,C_9234,365.8,False,2
9235,C_9235,219.2,False,2
9237,C_9237,313.0,False,2
9239,C_9239,339.0,False,2
9240,C_9240,353.8,False,2
9241,C_9241,203.9,True,2
9242,C_9242,237.1,False,2
9243,C_9243,375.8,False,2
9245,C_9245,253.6,False,2
9246,C_9246,347.2,False,2
9247,C_9247,270.5,False,2
9248,C_9248,371.2,False,2
9249,C_9249,302.5,True,2
9250,C_9250,214.4,False,2
9251,C_9251,345.2,False,2
9253,C_9253,285.2,False,2
9254,C_9254,274.2,False,2
9255,C_9255,304.0,False,2
9256,C_9256,211.6,True,2
9257,C_9257,288.5,False,2
9258,C_9258,351.8,False,2
9259,C_9259,294.0,False,2
9260,C_9260,302.5,False,2
9261,C_9261,260.8,True,2
9263,C_9263,259.5,True,2
9264,C_9264,235.4,False,2
9265,C_9265,225.5,True,2
9266,C_9266,345.0,True,2
9267,C_9267,349.0,False,2
9268,C_9268,356.0,False,2
9269,C_9269,399.0,True,2
9270,C_9270,259.2,False,2
9271,C_9271,265.2,True,2
9272,C_9272,278.8,False,2
9273,C_9273,284.5,True,2
9274,C_9274,207.2,True,2
9275,C_9275,286.2,False,2
9276,C_9276,324.0,False,2
9277,C_9277,382.2,True,2
9278,C_9278,306.2,True,2
9279,C_9279,295.0,True,2
9280,C_9280,398.5,False,2
9281,C_9281,347.2,True,2
9282,C_9282,380.0,False,2
9283,C_9283,303.8,False,2
9284,C_9284,375.0,False,2
9285,C_9285,228.6,False,2
9286,C_9286,363.2,False,2
9287,C_9287,236.1,True,2
9288,C_9288,358.8,True,2
9289,C_9289,339.0,False,2
9290,C_9290,263.2,False,2
9292,C_9292,309.0,False,2
9293,C_9293,389.8,True,2
9294,C_9294,300.2,False,2
9295,C_9295,339.2,True,2
9296,C_9296,238.6,False,2
9298,C_9298,241.8,True,2
9299,C_9299,370.5,True,2
9300,C_9300,387.5,True,2
9301,C_9301,200.5,False,2
9302,C_9302,218.9,True,2
9304,C_9304,317.2,True,2
9306,C_9306,337.0,False,2
9308,C_9308,204.2,False,2
9309,C_9309,354.5,False,2
9311,C_9311,341.0,False,2
9312,C_9312,252.2,False,2
9313,C_9313,221.5,False,2
9314,C_9314,341.8,False,2
9315,C_9315,201.5,False,2
9317,C_9317,374.0,True,2
9318,C_9318,234.0,False,2
9319,C_9319,246.0,True,2
9320,C_9320,263.2,False,2
9321,C_9321,276.2,True,2
9322,C_9322,394.8,False,2
9323,C_9323,355.2,False,2
9324,C_9324,264.0,False,2
9325,C_9325,249.4,False,2
9327,C_9327,274.2,True,2
9328,C_9328,205.6,True,2
9329,C_9329,362.0,True,2
9330,C_9330,278.5,False,2
9331,C_9331,244.4,False,2
9332,C_9332,267.8,True,2
9333,C_9333,224.1,False,2
9334,C_9334,273.2,True,2
9335,C_9335,272.2,False,2
9336,C_9336,383.0,True,2
9337,C_9337,317.2,True,2
9338,C_9338,281.0,True,2
9339,C_9339,249.0,False,2
9340,C_9340,300.0,False,2
9342,C_9342,331.2,False,2
9343,C_9343,268.2,True,2
9344,C_9344,376.2,True,2
9345,C_9345,381.2,False,2
9347,C_9347,274.5,False,2
9348,C_9348,220.0,False,2
9351,C_9351,350.2,True,2
9352,C_9352,341.8,False,2
9353,C_9353,258.2,False,2
9354,C_9354,351.0,False,2
9355,C_9355,241.8,True,2
9356,C_9356,275.0,False,2
9357,C_9357,393.8,False,2
9358,C_9358,374.5,True,2
9359,C_9359,361.2,False,2
9360,C_9360,219.9,False,2
9362,C_9362,333.0,True,2
9364,C_9364,229.2,False,2
9366,C_9366,392.8,False,2
9367,C_9367,327.0,False,2
9368,C_9368,203.8,False,2
9369,C_9369,354.5,False,2
9372,C_9372,227.5,True,2
9374,C_9374,232.5,False,2
9375,C_9375,207.4,False,2
9376,C_9376,276.0,True,2
9377,C_9377,213.8,True,2
9378,C_9378,276.8,False,2
9380,C_9380,204.2,False,2
9381,C_9381,348.8,False,2
9382,C_9382,252.6,False,2
9385,C_9385,314.2,False,2
9386,C_9386,382.0,False,2
9387,C_9387,220.0,True,2
9388,C_9388,286.8,False,2
9389,C_9389,241.6,False,2
9391,C_9391,206.9,False,2
9392,C_9392,369.5,False,2
9393,C_9393,201.0,True,2
9394,C_9394,347.8,True,2
9395,C_9395,300.8,False,2
9396,C_9396,324.5,False,2
9397,C_9397,202.0,False,2
9398,C_9398,201.8,False,2
9399,C_9399,257.2,False,2
9400,C_9400,568.0,True,3
9401,C_9401,588.0,True,3
9402,C_9402,461.8,True,3
9403,C_9403,588.5,True,3
9404,C_9404,537.0,False,3
9405,C_9405,485.0,True,3
9406,C_9406,554.0,False,3
9407,C_9407,460.8,False,3
9408,C_9408,473.5,False,3
9409,C_9409,567.5,False,3
9410,C_9410,596.5,False,3
9411,C_9411,534.5,False,3
9412,C_9412,472.0,True,3
9414,C_9414,405.5,False,3
9415,C_9415,521.0,False,3
9416,C_9416,453.8,False,3
9417,C_9417,456.5,True,3
9418,C_9418,568.5,False,3
9420,C_9420,489.0,False,3
9421,C_9421,479.8,False,3
9422,C_9422,460.0,True,3
9423,C_9423,576.0,True,3
9424,C_9424,404.5,False,3
9425,C_9425,560.0,False,3
9426,C_9426,473.2,False,3
9427,C_9427,436.2,False,3
9428,C_9428,467.0,True,3
9429,C_9429,471.0,False,3
9430,C_9430,509.8,False,3
9431,C_9431,486.8,False,3
9432,C_9432,551.5,True,3
9433,C_9433,555.5,False,3
9434,C_9434,585.5,False,3
9435,C_9435,555.0,False,3
9436,C_9436,459.0,False,3
9437,C_9437,438.0,False,3
9438,C_9438,512.5,True,3
9439,C_9439,434.8,False,3
9440,C_9440,483.8,True,3
9441,C_9441,403.5,False,3
9443,C_9443,494.5,False,3
9444,C_9444,448.8,False,3
9445,C_9445,447.8,False,3
9446,C_9446,494.5,True,3
9447,C_9447,521.0,False,3
9448,C_9448,426.5,False,3
9449,C_9449,481.2,False,3
9450,C_9450,585.0,False,3
9451,C_9451,504.2,False,3
9452,C_9452,507.5,True,3
9453,C_9453,450.8,False,3
9454,C_9454,501.2,True,3
9455,C_9455,432.2,True,3
9456,C_9456,465.8,False,3
9457,C_9457,545.0,False,3
9458,C_9458,488.0,False,3
9459,C_9459,529.5,True,3
9461,C_9461,598.0,False,3
9462,C_9462,473.8,False,3
9463,C_9463,566.0,False,3
9464,C_9464,463.5,True,3
9465,C_9465,545.5,False,3
9466,C_9466,599.5,True,3
9467,C_9467,433.5,True,3
9470,C_9470,485.5,False,3
9471,C_9471,485.2,False,3
9472,C_9472,437.0,False,3
9473,C_9473,415.2,False,3
9474,C_9474,465.0,False,3
9475,C_9475,484.0,False,3
9476,C_9476,429.2,False,3
9477,C_9477,445.2,False,3
9478,C_9478,501.0,False,3
9479,C_9479,440.2,False,3
9480,C_9480,577.5,False,3
9481,C_9481,437.5,False,3
9482,C_9482,400.8,False,3
9483,C_9483,541.0,False,3
9484,C_9484,483.8,False,3
9485,C_9485,478.2,True,3
9486,C_9486,502.0,True,3
9487,C_9487,487.0,False,3
9488,C_9488,490.2,False,3
9489,C_9489,465.2,True,3
9490,C_9490,579.5,False,3
9491,C_9491,432.8,False,3
9492,C_9492,514.5,True,3
9493,C_9493,547.5,False,3
9494,C_9494,563.5,True,3
9495,C_9495,554.0,False,3
9496,C_9496,415.0,True,3
9497,C_9497,436.2,False,3
9498,C_9498,494.5,False,3
9499,C_9499,434.8,True,3
9500,C_9500,575.5,True,3
9501,C_9501,547.0,False,3
9502,C_9502,477.8,False,3
9503,C_9503,570.0,True,3
9504,C_9504,430.8,False,3
9505,C_9505,527.0,False,3
9506,C_9506,409.8,False,3
9507,C_9507,440.5,True,3
9508,C_9508,414.0,True,3
9510,C_9510,493.5,True,3
9511,C_9511,501.8,False,3
9512,C_9512,488.0,False,3
9513,C_9513,441.0,False,3
9514,C_9514,480.8,True,3
9515,C_9515,475.0,False,3
9516,C_9516,425.5,False,3
9517,C_9517,503.5,False,3
9518,C_9518,476.0,True,3
9519,C_9519,437.2,False,3
9520,C_9520,497.8,True,3
9521,C_9521,477.8,False,3
9522,C_9522,450.0,True,3
9523,C_9523,481.8,False,3
9524,C_9524,507.8,False,3
9525,C_9525,496.2,True,3
9526,C_9526,435.2,True,3
9527,C_9527,573.0,False,3
9528,C_9528,501.5,False,3
9529,C_9529,534.5,True,3
9530,C_9530,487.5,True,3
9531,C_9531,484.8,True,3
9532,C_9532,460.5,False,3
9533,C_9533,427.8,True,3
9534,C_9534,507.0,False,3
9535,C_9535,599.5,False,3
9536,C_9536,406.2,False,3
9537,C_9537,552.5,True,3
9538,C_9538,503.2,False,3
9539,C_9539,518.0,False,3
9540,C_9540,502.2,False,3
9541,C_9541,446.5,False,3
9542,C_9542,543.5,False,3
9543,C_9543,493.5,False,3
9544,C_9544,509.2,True,3
9545,C_9545,518.5,False,3
9546,C_9546,513.5,False,3
9547,C_9547,408.8,False,3
9548,C_9548,555.5,False,3
9549,C_9549,543.5,True,3
9550,C_9550,431.8,True,3
9551,C_9551,444.0,False,3
9552,C_9552,536.0,False,3
9553,C_9553,486.0,False,3
9554,C_9554,598.5,True,3
9555,C_9555,407.2,True,3
9556,C_9556,522.5,False,3
9557,C_9557,558.0,False,3
9558,C_9558,461.8,True,3
9559,C_9559,590.0,False,3
9560,C_9560,449.0,True,3
9561,C_9561,463.8,False,3
9562,C_9562,480.5,False,3
9563,C_9563,414.5,False,3
9564,C_9564,529.5,False,3
9565,C_9565,539.5,True,3
9566,C_9566,556.5,False,3
9567,C_9567,418.0,True,3
9568,C_9568,465.0,False,3
9569,C_9569,518.0,False,3
9570,C_9570,506.8,True,3
9571,C_9571,530.5,False,3
9572,C_9572,493.8,False,3
9573,C_9573,573.5,True,3
9574,C_9574,584.5,False,3
9575,C_9575,555.5,False,3
9576,C_9576,409.8,True,3
9577,C_9577,427.8,False,3
9578,C_9578,435.2,False,3
9579,C_9579,578.5,True,3
9580,C_9580,400.5,False,3
9581,C_9581,479.2,False,3
9582,C_9582,592.5,True,3
9583,C_9583,587.5,False,3
9584,C_9584,563.5,False,3
9585,C_9585,506.2,False,3
9586,C_9586,469.2,False,3
9587,C_9587,547.0,False,3
9588,C_9588,521.0,True,3
9589,C_9589,538.0,True,3
9590,C_9590,513.0,True,3
9591,C_9591,500.2,False,3
9592,C_9592,476.0,False,3
9593,C_9593,573.0,False,3
9594,C_9594,412.0,False,3
9595,C_9595,524.0,True,3
9596,C_9596,525.5,False,3
9597,C_9597,517.0,True,3
9598,C_9598,436.2,False,3
9599,C_9599,485.2,False,3
9600,C_9600,148.0,False,4
9601,C_9601,165.6,True,4
9602,C_9602,149.4,True,4
9603,C_9603,109.06,True,4
9604,C_9604,102.5,True,4
9605,C_9605,158.1,False,4
9606,C_9606,175.0,True,4
9607,C_9607,116.06,False,4
9608,C_9608,133.2,False,4
9609,C_9609,177.6,False,4
9610,C_9610,146.4,False,4
9611,C_9611,112.8,True,4
9612,C_9612,178.1,False,4
9613,C_9613,141.5,False,4
9614,C_9614,114.75,False,4
9615,C_9615,177.8,True,4
9616,C_9616,197.8,True,4
9617,C_9617,131.9,True,4
9618,C_9618,173.4,False,4
9619,C_9619,166.1,True,4
9620,C_9620,150.1,True,4
9621,C_9621,168.1,False,4
9622,C_9622,147.6,False,4
9623,C_9623,154.9,True,4
9624,C_9624,114.1,False,4
9625,C_9625,199.9,False,4
9626,C_9626,115.3,False,4
9627,C_9627,140.5,False,4
9628,C_9628,111.5,False,4
9629,C_9629,135.1,True,4
9630,C_9630,122.25,False,4
9631,C_9631,137.2,True,4
9632,C_9632,110.4,False,4
9633,C_9633,170.4,False,4
9634,C_9634,136.6,False,4
9635,C_9635,195.2,True,4
9636,C_9636,198.0,False,4
9637,C_9637,104.5,False,4
9638,C_9638,179.2,True,4
9639,C_9639,190.9,True,4
9640,C_9640,184.6,True,4
9641,C_9641,127.3,False,4
9642,C_9642,159.5,False,4
9643,C_9643,190.1,False,4
9644,C_9644,189.1,False,4
9645,C_9645,186.1,True,4
9646,C_9646,188.1,True,4
9647,C_9647,172.6,False,4
9648,C_9648,193.4,True,4
9649,C_9649,192.2,True,4
9650,C_9650,186.1,True,4
9651,C_9651,134.8,False,4
9652,C_9652,111.5,False,4
9653,C_9653,111.56,False,4
9654,C_9654,165.2,True,4
9655,C_9655,107.25,True,4
9656,C_9656,180.0,False,4
9657,C_9657,197.1,False,4
9658,C_9658,168.5,False,4
9659,C_9659,191.0,False,4
9660,C_9660,179.4,True,4
9661,C_9661,183.5,False,4
9662,C_9662,115.25,False,4
9663,C_9663,122.94,False,4
9664,C_9664,117.56,False,4
9665,C_9665,151.6,True,4
9666,C_9666,130.4,True,4
9667,C_9667,150.8,False,4
9668,C_9668,103.2,False,4
9669,C_9669,140.5,True,4
9670,C_9670,142.8,True,4
9671,C_9671,192.4,False,4
9672,C_9672,179.4,False,4
9673,C_9673,122.94,False,4
9674,C_9674,134.9,True,4
9675,C_9675,192.1,False,4
9676,C_9676,123.5,False,4
9677,C_9677,149.4,True,4
9678,C_9678,133.4,False,4
9679,C_9679,155.8,False,4
9680,C_9680,128.4,False,4
9681,C_9681,128.9,True,4
9682,C_9682,102.0,False,4
9683,C_9683,108.6,True,4
9684,C_9684,126.6,True,4
9685,C_9685,188.2,True,4
9686,C_9686,128.8,False,4
9687,C_9687,159.9,False,4
9688,C_9688,167.4,False,4
9689,C_9689,196.5,False,4
9690,C_9690,163.2,False,4
9691,C_9691,140.1,False,4
9692,C_9692,143.2,False,4
9693,C_9693,159.4,False,4
9694,C_9694,105.94,True,4
9695,C_9695,144.4,True,4
9696,C_9696,118.3,False,4
9697,C_9697,124.94,True,4
9698,C_9698,126.25,True,4
9699,C_9699,180.4,True,4
9700,C_9700,167.9,True,4
9701,C_9701,163.1,True,4
9702,C_9702,193.4,True,4
9703,C_9703,125.3,True,4
9704,C_9704,183.8,False,4
9705,C_9705,147.1,False,4
9706,C_9706,195.6,True,4
9707,C_9707,166.4,False,4
9708,C_9708,161.9,True,4
9709,C_9709,176.1,True,4
9710,C_9710,133.9,True,4
9711,C_9711,187.9,True,4
9712,C_9712,186.2,False,4
9713,C_9713,178.5,False,4
9714,C_9714,170.4,False,4
9715,C_9715,101.6,False,4
9716,C_9716,101.75,True,4
9717,C_9717,183.4,False,4
9718,C_9718,122.94,False,4
9719,C_9719,161.9,False,4
9720,C_9720,114.6,False,4
9721,C_9721,117.8,True,4
9722,C_9722,148.6,True,4
9723,C_9723,134.2,True,4
9724,C_9724,160.6,False,4
9725,C_9725,135.5,True,4
9726,C_9726,147.5,False,4
9727,C_9727,130.4,False,4
9728,C_9728,172.5,False,4
9729,C_9729,103.44,False,4
9730,C_9730,102.5,False,4
9731,C_9731,150.0,False,4
9732,C_9732,121.75,False,4
9733,C_9733,165.6,False,4
9734,C_9734,151.1,True,4
9735,C_9735,113.1,False,4
9736,C_9736,141.2,True,4
9737,C_9737,181.5,False,4
9738,C_9738,139.5,True,4
9739,C_9739,165.6,True,4
9740,C_9740,115.3,True,4
9741,C_9741,118.94,False,4
9742,C_9742,160.0,True,4
9743,C_9743,119.44,False,4
9744,C_9744,162.2,False,4
9745,C_9745,184.5,True,4
9746,C_9746,153.6,False,4
9747,C_9747,101.44,False,4
9748,C_9748,176.0,False,4
9749,C_9749,127.44,False,4
9750,C_9750,140.9,True,4
9751,C_9751,128.8,True,4
9752,C_9752,116.0,True,4
9753,C_9753,164.8,True,4
9754,C_9754,173.5,True,4
9755,C_9755,104.25,True,4
9756,C_9756,137.4,False,4
9757,C_9757,173.8,True,4
9758,C_9758,183.8,False,4
9759,C_9759,197.5,True,4
9760,C_9760,101.25,True,4
9761,C_9761,111.2,True,4
9762,C_9762,103.44,False,4
9763,C_9763,105.8,True,4
9764,C_9764,195.2,True,4
9765,C_9765,122.3,True,4
9766,C_9766,108.4,False,4
9767,C_9767,127.0,False,4
9768,C_9768,162.0,True,4
9769,C_9769,191.2,False,4
9770,C_9770,188.4,True,4
9771,C_9771,189.0,True,4
9772,C_9772,176.8,False,4
9773,C_9773,179.1,True,4
9774,C_9774,121.25,False,4
9775,C_9775,147.6,True,4
9776,C_9776,114.2,True,4
9777,C_9777,133.5,False,4
9778,C_9778,143.6,False,4
9779,C_9779,168.6,False,4
9780,C_9780,164.2,False,4
9781,C_9781,145.6,True,4
9782,C_9782,132.5,False,4
9783,C_9783,171.6,True,4
9784,C_9784,168.9,True,4
9785,C_9785,150.9,True,4
9786,C_9786,101.3,False,4
9787,C_9787,190.1,False,4
9788,C_9788,158.6,False,4
9789,C_9789,118.94,False,4
9790,C_9790,138.5,True,4
9791,C_9791,112.94,False,4
9792,C_9792,103.7,True,4
9793,C_9793,177.1,True,4
9794,C_9794,140.6,False,4
9795,C_9795,146.2,False,4
9796,C_9796,168.0,False,4
9797,C_9797,141.0,True,4
9798,C_9798,144.4,False,4
9799,C_9799,138.8,True,4
9800,C_9800,281.5,True,5
9801,C_9801,344.5,True,5
9802,C_9802,204.0,True,5
9803,C_9803,244.1,True,5
9804,C_9804,329.0,False,5
9805,C_9805,330.0,True,5
9806,C_9806,374.8,True,5
9807,C_9807,214.5,False,5
9808,C_9808,213.9,False,5
9809,C_9809,214.0,True,5
9810,C_9810,388.8,True,5
9811,C_9811,215.8,False,5
9812,C_9812,236.9,True,5
9813,C_9813,228.9,False,5
9814,C_9814,248.1,False,5
9815,C_9815,334.5,False,5
9816,C_9816,264.8,False,5
9818,C_9818,342.2,False,5
9819,C_9819,386.8,False,5
9820,C_9820,250.8,False,5
9821,C_9821,325.8,True,5
9822,C_9822,300.8,False,5
9823,C_9823,222.4,False,5
9824,C_9824,225.0,True,5
9825,C_9825,249.5,False,5
9826,C_9826,262.0,True,5
9827,C_9827,236.8,True,5
9828,C_9828,294.5,False,5
9829,C_9829,242.1,True,5
9830,C_9830,299.2,False,5
9831,C_9831,333.2,False,5
9832,C_9832,361.5,True,5
9833,C_9833,276.2,False,5
9834,C_9834,200.6,True,5
9835,C_9835,395.2,True,5
9836,C_9836,273.0,False,5
9837,C_9837,389.2,True,5
9838,C_9838,256.0,True,5
9839,C_9839,363.8,True,5
9840,C_9840,220.2,True,5
9841,C_9841,203.8,False,5
9842,C_9842,236.4,False,5
9843,C_9843,314.5,True,5
9844,C_9844,234.4,True,5
9845,C_9845,271.5,False,5
9846,C_9846,256.2,True,5
9847,C_9847,207.8,True,5
9848,C_9848,367.8,False,5
9849,C_9849,346.0,True,5
9850,C_9850,382.0,True,5
9851,C_9851,291.0,False,5
9852,C_9852,301.5,True,5
9853,C_9853,211.4,False,5
9854,C_9854,217.2,True,5
9855,C_9855,308.2,False,5
9856,C_9856,244.1,False,5
9857,C_9857,226.5,True,5
9858,C_9858,317.5,True,5
9859,C_9859,205.1,True,5
9860,C_9860,331.8,True,5
9861,C_9861,234.2,False,5
9862,C_9862,223.5,False,5
9863,C_9863,274.5,False,5
9864,C_9864,368.8,True,5
9865,C_9865,361.0,True,5
9866,C_9866,326.8,False,5
9867,C_9867,310.5,False,5
9868,C_9868,267.2,True,5
9869,C_9869,246.6,True,5
9870,C_9870,208.2,False,5
9871,C_9871,375.0,True,5
9872,C_9872,365.0,True,5
9873,C_9873,348.2,False,5
9874,C_9874,259.5,False,5
9875,C_9875,294.5,False,5
9876,C_9876,353.0,True,5
9877,C_9877,376.2,True,5
9878,C_9878,391.0,False,5
9879,C_9879,272.0,True,5
9880,C_9880,282.0,False,5
9881,C_9881,351.8,True,5
9882,C_9882,235.1,True,5
9883,C_9883,240.5,True,5
9884,C_9884,243.5,False,5
9885,C_9885,382.5,True,5
9886,C_9886,370.5,True,5
9887,C_9887,364.0,True,5
9888,C_9888,219.9,True,5
9889,C_9889,377.2,True,5
9890,C_9890,390.5,True,5
9891,C_9891,204.5,True,5
9892,C_9892,399.5,True,5
9893,C_9893,239.8,True,5
9894,C_9894,250.6,False,5
9895,C_9895,262.2,True,5
9896,C_9896,294.8,False,5
9897,C_9897,347.5,True,5
9898,C_9898,256.5,False,5
9899,C_9899,363.2,True,5
9900,C_9900,278.0,False,5
9901,C_9901,202.2,False,5
9902,C_9902,353.0,True,5
9903,C_9903,298.2,True,5
9904,C_9904,353.2,False,5
9905,C_9905,208.0,False,5
9906,C_9906,279.2,True,5
9907,C_9907,315.5,True,5
9908,C_9908,383.2,False,5
9909,C_9909,301.0,False,5
9910,C_9910,386.8,False,5
9911,C_9911,314.5,True,5
9912,C_9912,292.5,True,5
9913,C_9913,263.2,True,5
9914,C_9914,351.0,False,5
9915,C_9915,354.5,True,5
9916,C_9916,204.1,True,5
9917,C_9917,266.2,False,5
9918,C_9918,262.5,True,5
9919,C_9919,245.5,False,5
9920,C_9920,310.0,True,5
9921,C_9921,267.5,True,5
9922,C_9922,231.4,True,5
9923,C_9923,350.0,True,5
9924,C_9924,230.4,False,5
9925,C_9925,267.0,False,5
9926,C_9926,378.5,True,5
9927,C_9927,355.2,True,5
9928,C_9928,270.2,True,5
9929,C_9929,285.5,True,5
9930,C_9930,273.2,True,5
9931,C_9931,340.0,False,5
9932,C_9932,395.8,True,5
9933,C_9933,354.5,False,5
9934,C_9934,200.2,True,5
9935,C_9935,207.9,True,5
9936,C_9936,275.5,True,5
9937,C_9937,389.0,False,5
9938,C_9938,316.2,False,5
9939,C_9939,276.8,True,5
9940,C_9940,367.5,True,5
9941,C_9941,303.0,True,5
9942,C_9942,349.2,False,5
9943,C_9943,310.0,True,5
9944,C_9944,248.1,False,5
9945,C_9945,338.0,True,5
9946,C_9946,240.8,False,5
9947,C_9947,223.8,False,5
9948,C_9948,322.5,True,5
9949,C_9949,202.2,True,5
9950,C_9950,292.8,True,5
9951,C_9951,252.9,True,5
9952,C_9952,279.2,True,5
9953,C_9953,282.0,True,5
9954,C_9954,285.5,True,5
9955,C_9955,218.5,False,5
9956,C_9956,306.0,True,5
9957,C_9957,252.9,False,5
9958,C_9958,382.5,False,5
9959,C_9959,218.6,True,5
9960,C_9960,370.0,True,5
9961,C_9961,323.8,True,5
9962,C_9962,269.8,True,5
9963,C_9963,307.5,True,5
9964,C_9964,308.5,False,5
9965,C_9965,312.0,True,5
9966,C_9966,376.8,True,5
9967,C_9967,312.5,True,5
9968,C_9968,213.4,False,5
9969,C_9969,347.0,True,5
9970,C_9970,216.8,True,5
9971,C_9971,356.5,True,5
9972,C_9972,299.2,True,5
9973,C_9973,233.4,True,5
9974,C_9974,263.0,True,5
9975,C_9975,335.0,True,5
9976,C_9976,367.2,True,5
9977,C_9977,324.8,True,5
9978,C_9978,354.2,False,5
9979,C_9979,238.1,True,5
9980,C_9980,318.5,True,5
9981,C_9981,230.4,True,5
9982,C_9982,383.2,True,5
9983,C_9983,395.5,True,5
9984,C_9984,201.0,True,5
9985,C_9985,337.2,True,5
9986,C_9986,216.2,True,5
9987,C_9987,235.9,True,5
9988,C_9988,340.2,True,5
9989,C_9989,252.4,True,5
9990,C_9990,209.2,True,5
9991,C_9991,365.5,True,5
9992,C_9992,225.1,True,5
9993,C_9993,225.9,True,5
9994,C_9994,377.0,True,5
9995,C_9995,394.2,True,5
9996,C_9996,345.0,True,5
9997,C_9997,260.8,True,5
9998,C_9998,323.8,True,5
9999,C_9999,317.8,True,5
