tx_id,sender_account_id,receiver_account_id,tx_amount,transaction_ts,is_fraud
639071,3798,17,147.67,2013-06-19,False
380090,9780,9825,164.21,2023-09-29,False
647695,9504,4052,430.72,2016-06-20,False
1011261,6432,9167,441.7,2020-02-29,False
942455,2683,5753,103.29,2024-08-30,False
301065,6461,9344,420.42,2022-11-23,False
342675,6546,9213,406.42,2020-12-23,False
5199,7700,9145,110.59,2021-01-20,False
39618,6191,1130,10.94,2017-07-01,False
1066354,4570,9147,577.7,2019-05-28,False
366512,1619,7983,115.51,2024-10-18,False
1318950,6655,6781,171.75,2018-01-08,False
200480,3359,9359,3457.04,2024-07-04,False
138574,4572,9960,529.55,2018-02-10,False
450669,9780,9980,164.21,2019-11-09,False
674174,6434,6240,448.92,2022-08-29,False
316467,5728,5260,140.83,2012-08-22,False
7883,2989,8583,294.35,2022-11-28,False
245205,2767,9771,147.88,2024-10-01,False
1275865,1766,9380,152.02,2024-10-16,False
1149458,9006,9969,7.91,2021-06-27,False
1012561,5451,8024,490.79,2022-01-06,False
189848,4714,6561,189.41,2019-09-08,False
1055496,4714,7625,189.41,2018-09-19,False
25505,1464,3904,511.91,2024-10-10,False
524421,8762,2484,137.88,2021-11-22,False
349721,713,9780,195.47,2024-10-13,False
1301332,7446,1932,405.85,2017-12-14,False
839661,2675,4825,110.19,2024-08-19,False
719155,3939,1117,384.77,2016-11-01,False
240094,4508,9994,513.46,2019-10-11,False
871979,9701,9917,163.08,2020-10-23,False
1021637,3779,5287,158.88,2013-07-04,False
621325,2238,5804,221650.1,2024-10-09,False
1030999,9083,9888,9.78,2020-07-29,False
826146,5475,8564,502.79,2013-09-21,False
899643,9668,9013,103.16,2017-04-28,False
1075077,5588,7000,499.11,2024-10-04,False
1141205,4187,9694,17.38,2023-06-01,False
627540,9600,9100,147.99,2024-10-17,False
1007844,9016,7976,7.86,2022-03-17,False
491694,7483,8123,559.79,2018-11-06,False
932201,5120,6469,12.25,2023-01-22,False
1183544,1527,9843,578.2,2024-10-17,False
605214,5558,1844,490.51,2024-10-09,False
66324,1661,8078,164.57,2024-10-25,False
105236,9561,7761,463.77,2020-05-03,False
1248325,6584,9598,509.58,2016-06-27,False
183109,4212,7665,5795.46,2024-01-18,False
707797,5629,8475,180.27,2015-12-10,False
370914,9795,4837,146.25,2020-09-18,False
195239,9674,9806,134.86,2017-05-07,False
245923,7578,9488,518.9,2018-07-09,False
1295336,2536,8732,459.64,2024-09-19,False
1055199,8414,4096,525.7,2023-05-22,False
486543,9999,8767,4.28,2012-10-05,True
1185386,2513,9972,411.72,2024-09-03,False
900737,7043,7929,13.6,2015-12-14,False
553133,6545,2006,530.98,2020-10-27,False
459010,3105,3315,23.31,2015-09-30,False
732839,9656,8405,179.97,2020-06-02,False
635957,5047,9856,16.72,2012-12-21,False
242160,6152,8852,18.48,2016-09-13,False
1276243,9500,7860,575.41,2016-02-17,False
275570,7720,9692,114.52,2017-03-21,False
404340,8108,9043,6.92,2020-05-06,False
1017009,7530,5341,575.4,2019-11-30,False
445693,9708,9293,161.83,2022-08-07,False
286011,8761,4897,103.8,2021-09-24,False
1206352,9640,7007,184.66,2021-02-20,False
477633,3501,9026,561.52,2016-05-22,False
1071470,7571,6252,598.1,2019-06-11,False
336826,6707,9577,187.53,2012-02-04,False
1125691,9520,7560,497.7,2021-05-09,False
804263,3546,4271,453.61,2020-05-05,False
674523,8048,8803,10.16,2017-01-05,False
296328,3454,5184,401.69,2024-08-05,False
376293,6517,6176,434.44,2012-02-05,False
725923,6274,9760,963887.1,2013-04-16,False
887480,5744,6443,175.42,2019-03-09,False
696606,3165,2148,26.18,2024-06-26,False
698566,3002,6064,20.76,2024-09-03,False
1277669,2739,6694,164.63,2024-08-13,False
1202615,3131,9972,26.7,2024-05-16,False
132910,9165,9793,5.01,2016-07-12,False
255223,3645,4765,173.47,2016-11-06,False
85523,2563,6179,426.54,2024-09-18,False
1150688,4094,6339,22.58,2020-05-23,False
445143,9753,6803,164.69,2024-07-24,False
347989,3034,8303,15.44,2024-09-09,False
482196,295,7464,76581.67,2024-10-11,False
1226763,9020,9866,9.54,2019-09-14,False
1033482,745,7671,120.16,2024-10-10,False
543068,9665,9044,151.64,2024-08-29,False
907269,6949,6400,4.83,2020-12-14,True
273795,7537,7156,463.32,2020-08-26,False
697258,8685,3096,148.38,2023-05-02,False
200471,8529,4282,416.02,2014-02-18,False
221938,4195,1854,15.95,2023-03-20,False
215375,9176,8850,5.32,2021-08-13,False
460863,7092,5169,10.62,2015-05-04,False
969854,182,9847,34.31,2024-10-11,False
1060276,7638,3646,110.5,2012-10-25,False
339795,1762,1280,152.07,2024-10-13,False
1264814,2404,9432,405.77,2024-07-31,False
1180614,9754,7124,173.49,2017-12-22,False
1162307,7687,4698,118.44,2024-04-08,False
954978,5405,9048,482.02,2013-03-20,False
309594,2519,9784,448.36,2024-07-28,False
1089795,5784,5610,122.31,2023-02-06,False
869141,9803,6054,244.11,2012-04-03,False
973843,2496,880,553.38,2024-06-27,False
144111,9731,8518,150.02,2017-02-03,False
1072467,1506,3449,489.2,2024-10-03,False
1168863,370,8961,20730362.0,2024-10-21,False
92521,2027,8929,27.61,2024-09-17,False
1090335,9100,7756,6.98,2022-08-02,False
117368,9123,9903,8.11,2021-12-04,False
1146659,6198,8563,17.36,2023-09-09,False
1088657,9194,9248,7.41,2019-04-26,False
1142996,6656,9736,147.8,2016-06-28,False
387310,8625,9878,109.44,2021-02-16,False
1104384,8540,8189,429.95,2015-08-24,False
286528,1962,4608,291.23,2024-06-26,False
985317,6607,2449,184.99,2014-09-04,False
230124,6799,9112,160.72,2018-04-21,False
280535,5543,1644,481.38,2018-08-22,False
38047,4680,7608,168.08,2022-05-06,False
1109053,9750,4640,140.86,2012-03-18,False
538938,8702,9909,123.54,2021-02-27,False
942535,5433,4639,532.9,2013-01-31,False
1097449,709,5525,145.83,2024-10-03,False
979378,1515,9873,502.7,2024-10-18,False
547487,8734,9723,106.87,2023-09-24,False
144496,7160,9937,12.16,2022-10-30,False
523312,9611,2654,112.83,2018-08-19,False
553726,2613,9836,137.44,2024-09-25,False
1068350,2557,8300,421.39,2024-10-02,False
1043744,3584,7220,588.03,2020-11-18,False
553592,8170,9980,10.67,2014-01-17,False
1053462,5156,6353,12.9,2024-04-02,False
1143439,5437,9993,448.07,2012-11-22,False
969323,7439,9871,593.55,2021-10-10,False
313042,7678,3901,179.13,2014-06-01,False
361574,7316,9864,35286.51,2018-10-22,False
1298565,6037,8054,19.03,2016-01-23,False
556140,8779,4693,156.57,2018-08-05,False
49459,7713,9985,130.02,2022-08-11,False
279019,6074,6428,15.39,2018-02-17,False
785677,5571,9796,429.45,2012-05-17,False
517975,3594,2158,420.66,2016-06-10,False
436822,8033,1938,10.43,2017-01-08,False
749415,9702,9311,193.36,2019-04-16,False
3552,9719,643,161.86,2023-07-31,False
1185733,6617,9738,158.0,2013-06-30,False
1091164,8417,5360,578.96,2021-02-24,False
1303269,9766,5649,108.37,2023-05-02,False
613545,7533,7950,530.8,2020-02-12,False
1128322,5049,1849,15.44,2016-04-03,False
612209,6457,4560,403.17,2022-04-17,False
386798,7004,2134,16.22,2012-04-06,False
1042240,8064,8420,12.53,2023-04-13,False
207338,3930,9377,237.53,2014-11-12,False
37309,5272,4826,1096.46,2017-07-14,False
158969,4161,5956,17.39,2017-10-18,False
825423,5460,5120,447.57,2013-07-09,False
1158547,9796,6172,168.05,2014-10-22,False
223604,5725,9239,115.38,2016-07-13,False
871900,9741,5723,118.93,2018-03-02,False
763300,9796,1797,168.05,2017-09-25,False
159523,9186,5502,6.41,2024-05-25,False
1084190,5839,6243,251.96,2023-05-24,False
1227511,1099,9706,38.56,2024-10-16,False
993526,9966,5022,376.76,2020-06-05,False
832229,5612,6129,130.97,2021-12-09,False
1237287,1066,9546,32.69,2024-09-05,False
1249576,1767,9570,178.19,2024-06-19,False
222528,6496,7110,572.05,2016-09-28,False
87901,4062,9923,14.48,2014-04-12,False
156940,9130,8898,6.08,2014-05-11,False
670610,9550,8770,431.67,2015-08-19,False
415902,1663,6194,188.53,2024-10-09,False
956605,8701,9692,132.49,2022-01-17,False
424718,9532,9245,460.54,2024-07-31,False
55904,9405,7244,485.1,2014-07-07,False
304895,4582,8574,538.19,2016-03-01,False
902771,6559,2768,468.88,2016-07-31,False
1038704,9527,9389,572.75,2023-11-16,False
872540,577,5691,587.41,2024-10-15,False
129722,8652,4849,141.28,2021-04-01,False
49276,7786,9922,108.84,2024-04-27,False
938710,684,6563,191.03,2024-10-07,False
194835,9046,8898,8.23,2016-08-30,False
918516,5129,208,12.23,2022-04-19,False
1014816,9612,8249,178.16,2013-06-01,False
379315,2194,6423,33.31,2024-09-12,False
164528,9779,8882,168.61,2013-03-28,False
304540,1477,1723,415.5,2024-10-11,False
760096,3195,4702,25.11,2024-09-10,False
1109290,3404,9652,482.33,2024-04-06,False
622552,9763,9302,105.8,2024-10-23,False
371301,2743,6895,144.08,2024-08-11,False
620138,5674,711,133.1,2017-07-02,False
291621,6594,8695,406.61,2019-04-12,False
808318,161,9044,46.99,2024-10-19,False
486049,9537,8079,552.29,2014-06-14,False
795651,7662,4642,124.02,2014-03-02,False
476069,1431,532,420.35,2024-10-17,False
416629,4026,7399,16.44,2016-01-05,False
967721,6175,8811,16.15,2012-10-09,False
1068976,9994,8897,376.92,2018-08-21,False
547826,2136,1254,19.26,2024-09-27,False
18408,8066,9483,7.15,2020-11-05,False
483699,9546,9168,513.64,2017-07-26,False
526405,4726,9766,172.91,2015-11-28,False
766681,1151,8256,26.67,2024-10-19,False
623057,8714,3600,137.05,2012-10-07,False
114602,7455,6362,538.54,2023-04-10,False
815521,8023,1094,11.91,2022-01-28,False
1145999,9706,7074,195.6,2021-09-17,False
756081,7904,9014,224.28,2014-03-04,False
106340,5550,7145,564.67,2021-01-18,False
273526,8162,9948,9.59,2019-05-22,False
654518,3615,1688,194.19,2020-07-29,False
859654,9548,9562,555.34,2021-01-19,False
998130,4809,9256,334.8,2014-06-11,False
487868,9686,5278,128.75,2021-12-21,False
1297879,4936,9674,392.17,2020-09-26,False
360286,3558,9982,506.98,2013-06-26,False
605527,8692,179,108.27,2015-12-31,False
545311,9594,7187,412.11,2023-12-24,False
821865,2783,8772,193.32,2024-09-21,False
466346,5110,5480,17.7,2022-09-18,False
1165156,3465,3936,418.17,2013-09-13,False
771118,8783,8402,157.83,2017-05-13,False
865399,9173,7039,6.04,2017-03-19,False
1242029,6477,2942,537.36,2018-09-04,False
885987,8748,2178,100.8,2015-10-16,False
1236730,6490,3708,423.01,2014-02-21,False
1238346,8068,506,9.79,2024-09-08,False
1219112,3530,8178,509.29,2012-08-14,False
1186204,6320,9221,21474836.0,2018-10-11,False
881076,7594,5470,530.65,2014-11-23,False
108699,1760,4140,106.76,2024-10-14,False
638307,4419,8981,470.41,2020-04-29,False
1042664,1117,8836,20.93,2024-10-19,False
611230,4151,3036,13.76,2018-06-18,False
462109,918,9872,233.77,2024-10-13,False
90619,2613,7724,137.44,2024-09-25,False
923625,1549,7068,400.29,2024-10-14,False
246089,5112,2352,11.44,2013-10-18,False
274225,9067,3718,7.57,2015-03-25,False
806635,6564,8002,471.36,2022-12-17,False
1272559,1564,8039,540.77,2024-10-15,False
39350,9199,9296,7.81,2020-01-09,False
149020,2953,8475,381.7,2014-03-19,False
1085839,2614,9967,166.94,2024-09-24,False
426341,8130,1624,8.39,2023-06-26,False
73431,9159,9839,9.33,2023-03-31,False
179200,6431,7662,504.17,2017-11-28,False
221944,4195,5539,15.95,2016-10-21,False
1098006,9115,5339,5.57,2018-07-04,False
1177553,9123,6059,8.11,2017-10-23,False
166973,9109,8907,8.1,2018-05-17,False
203682,9671,9650,192.36,2012-08-14,False
290980,4106,3664,24.29,2015-09-15,False
123820,3137,561,20.83,2024-09-10,False
1312315,9782,6348,132.44,2017-06-29,False
823686,8265,9709,1357056.5,2018-06-23,False
867573,7025,9708,14.39,2012-02-29,False
1060191,9787,8669,190.13,2020-08-13,False
1298108,4695,5926,120.44,2019-08-01,False
707903,2638,9480,157.08,2024-09-16,False
120382,3635,8658,159.82,2019-01-12,False
1204678,5106,9919,17.53,2023-09-06,False
910509,30,7434,73.84,2024-10-29,False
976540,5615,3560,132.3,2016-07-28,False
81085,1597,8860,587.02,2024-10-07,False
478317,2405,5042,469.07,2024-08-03,False
765117,772,9701,182.92,2024-10-17,False
293089,2579,1612,528.19,2024-09-30,False
193540,8591,7750,485.61,2015-06-17,False
506170,9770,8708,188.38,2012-10-01,False
560516,8485,7022,462.51,2017-11-26,False
432542,1861,8047,244.25,2024-10-16,False
321580,264,9299,65788.4,2024-10-17,False
1284576,6500,9672,598.02,2023-08-02,False
875444,9619,7510,166.1,2020-08-10,False
1040680,7043,7676,13.6,2016-09-06,False
1264305,9733,7831,165.66,2019-03-06,False
386770,1003,9910,34.94,2024-10-12,False
940705,9761,2604,111.16,2014-08-24,False
89311,3574,7330,484.44,2023-05-07,False
796762,3665,9646,190.22,2023-05-11,False
1255676,9409,8432,567.46,2017-03-12,False
1103362,9436,7222,459.07,2020-09-04,False
65943,8047,1538,13.98,2023-11-27,False
578309,7166,6125,8.94,2022-03-05,False
517558,5007,9362,13.39,2016-09-11,False
281523,8607,4856,189.22,2017-12-30,False
898387,9792,4053,103.69,2022-07-23,False
982380,5432,9613,494.79,2013-04-29,False
1002601,7064,2716,12.26,2022-08-12,False
459055,8596,8992,457.42,2023-04-15,False
276782,577,5691,587.41,2024-10-15,False
87024,5018,7665,11.43,2018-04-08,False
1303759,8618,3591,149.16,2015-08-05,False
973476,8742,8513,176.66,2012-09-02,False
97474,9025,1482,5.88,2020-01-26,False
147499,603,4223,125.66,2024-10-11,False
671071,9587,7585,546.78,2016-04-29,False
694918,6088,2876,13.08,2023-10-18,False
184482,9448,8299,426.42,2019-03-07,False
1107928,9789,2220,118.95,2016-01-03,False
1244303,8097,5627,11.96,2014-03-13,False
9313,7628,8727,111.33,2013-04-28,False
1277944,9609,7169,177.6,2023-08-05,False
226108,9772,9998,176.72,2019-07-10,False
918223,9019,7202,5.89,2021-08-03,False
58059,9620,2375,150.11,2014-10-07,False
269712,9080,2456,5.89,2013-10-05,False
272945,6112,4959,13.18,2015-12-02,False
563231,9170,9237,8.03,2017-07-23,False
959007,9412,5680,471.88,2017-08-27,False
1089000,4576,6322,457.2,2017-08-04,False
67576,8698,9695,180.6,2024-07-23,False
1301216,4004,2655,12.85,2018-10-08,False
587046,3515,4480,528.66,2019-11-17,False
700887,9766,5879,108.37,2015-03-09,False
1084822,6400,6373,574.69,2015-02-12,False
1046393,8105,9081,11.54,2019-10-30,False
217975,8673,661,125.75,2013-08-29,False
1070399,560,126,545.64,2024-10-12,False
1173794,9184,4198,5.87,2023-06-18,False
1149170,9693,5159,159.42,2023-08-25,False
784187,2493,9496,402.63,2024-09-04,False
457901,8126,9842,11.08,2020-01-18,False
1069351,9041,8341,7.24,2023-02-25,False
360351,2146,8001,30.24,2024-09-23,False
1094814,8852,8198,241.72,2022-12-02,False
421958,1535,6265,465.35,2024-10-16,False
638205,3775,3596,180.94,2017-05-06,False
476083,9112,5464,9.26,2018-04-14,False
119989,5769,9700,100.41,2020-09-24,False
468280,5793,9143,189.22,2020-09-22,False
985558,3632,8020,151.08,2015-07-04,False
1179759,9089,7406,5.32,2018-02-11,False
1028143,9491,7066,432.77,2012-05-02,False
322859,8565,6351,590.58,2014-02-08,False
1060189,9787,5512,190.13,2017-09-15,False
165038,9193,1271,4.63,2022-11-07,False
1168379,9616,4197,197.78,2023-01-16,False
549608,5575,9675,582.41,2013-09-22,False
771501,8159,9907,10.45,2019-02-22,False
1294628,4537,275,482.55,2022-05-03,False
831390,8063,9841,9.5,2016-10-23,False
553813,8405,7752,511.67,2014-10-06,False
963730,5726,9601,133.61,2016-03-18,False
133654,9632,8399,110.36,2023-01-13,False
586287,9707,9836,166.41,2021-06-22,False
748718,6186,9910,17.01,2015-10-14,False
1078617,7050,9802,11.88,2024-10-28,False
346420,2517,5791,404.42,2024-09-24,False
554208,9615,9106,177.72,2012-02-25,False
227787,7610,6224,156.08,2015-06-06,False
1280365,1019,9541,28.57,2024-10-16,False
1170621,9013,875,9.19,2013-11-28,False
814377,7181,9693,15.06,2022-03-29,False
1130358,8439,8552,405.6,2019-03-12,False
771898,8738,2025,154.41,2019-09-04,False
1047788,1706,377,123.91,2024-10-19,False
175431,1513,9784,476.77,2024-10-27,False
85629,6562,6928,465.76,2013-02-11,False
1196087,6721,6855,160.0,2021-05-12,False
961514,7607,9968,198.58,2019-03-02,False
1224467,7610,2660,156.08,2021-06-11,False
861637,7113,4680,11.15,2021-03-09,False
1115572,1725,4541,156.36,2024-08-14,False
914709,7724,5700,128.6,2024-07-04,False
1072238,5200,337,5934195.0,2012-09-04,False
1195462,5093,2950,21.43,2017-03-04,False
1216827,8714,8600,137.05,2022-07-12,False
1108532,9160,9388,6.5,2014-12-06,False
1281214,4594,9994,449.73,2013-09-09,False
1285759,6762,9863,140.5,2022-12-23,False
3475,2621,9224,172.47,2014-04-26,False
172458,9861,9623,234.19,2016-04-20,False
598798,3658,9020,125.88,2024-09-26,False
390536,7074,7176,15.67,2015-02-02,False
218382,7181,9693,15.06,2018-06-29,False
1082288,9718,6644,122.94,2015-02-03,False
1190915,9719,6471,161.86,2013-03-21,False
627873,9672,9632,179.36,2022-10-13,False
824467,8533,9399,560.78,2024-01-28,False
143248,5027,9998,12.32,2019-12-21,False
1274461,1178,8845,21.04,2024-10-09,False
749888,8146,3152,10.44,2018-08-28,False
798119,3749,8634,170.33,2015-08-06,False
186670,3418,9960,574.8,2024-04-27,False
1021541,1419,9399,426.85,2024-10-26,False
1026429,4942,3071,209.78,2024-05-03,False
851256,9645,4809,186.17,2018-09-22,False
1229264,4541,2547,416.01,2023-08-12,False
836062,4707,198,135.72,2016-09-19,False
291554,9427,9345,436.14,2023-08-12,False
653779,2352,9678,268154.47,2024-09-13,False
638137,9972,8810,299.26,2017-03-12,False
385444,9448,8299,426.42,2024-06-17,False
153210,7073,9612,16.59,2019-12-13,False
1160113,8447,9111,444.35,2014-03-27,False
440806,4162,6633,12.76,2018-10-03,False
425683,624,6632,157.39,2024-10-15,False
794844,9648,5340,193.36,2022-09-17,False
879012,9745,1199,184.44,2013-07-09,False
804722,3160,6683,23.18,2024-08-26,False
728724,8165,2551,12.92,2017-05-01,False
8112,4781,6216,106.55,2023-07-17,False
386626,9655,9546,107.23,2018-12-18,False
150456,3102,9686,24.38,2024-09-10,False
629228,8160,3878,8.03,2016-06-23,False
1319178,9758,9558,183.74,2017-11-12,False
1031616,9906,7484,279.17,2021-02-27,False
1264607,9166,7035,7.26,2013-01-10,False
604047,9158,7016,5.56,2022-05-16,False
205860,6763,9974,195.3,2024-06-07,False
1280996,4759,7773,145.16,2014-09-24,False
588347,7021,8092,10.15,2020-02-24,False
103951,3024,6825,16.36,2024-07-06,False
367586,6666,9312,103.8,2014-11-13,False
399329,9194,9981,7.41,2017-03-27,False
95839,5169,6394,11.21,2015-04-21,False
1235634,9732,7850,121.75,2024-04-24,False
1256952,4658,4166,165.94,2013-02-24,False
1226204,1445,1544,590.6,2024-10-22,False
168574,8466,9575,416.51,2018-07-25,False
935344,4001,9285,16.75,2018-07-14,False
344393,8718,2167,145.97,2013-09-24,False
93843,6114,8543,12.66,2018-05-22,False
982038,2431,8993,584.28,2024-10-06,False
1160087,4445,2976,509.22,2023-03-25,False
1185069,2547,6001,410.39,2024-07-16,False
1168516,4584,2954,491.17,2023-09-10,False
298164,8064,6354,12.53,2023-01-26,False
793119,6631,9848,144.16,2012-07-04,False
935035,4189,9981,19.95,2017-04-28,False
321297,914,4859,364.13,2024-10-17,False
806702,8796,7684,115.01,2017-05-02,False
986435,3060,2334,17.03,2024-07-13,False
447065,7114,9843,10.75,2022-08-04,False
93510,9705,7755,147.16,2013-10-29,False
489363,8480,9058,466.25,2019-06-13,False
446161,3896,8709,335.08,2023-10-14,False
1258416,1600,6418,100.59,2024-08-16,False
215743,8479,4480,590.44,2019-12-31,False
1022005,8424,4595,558.42,2020-10-27,False
588819,9142,9807,7.38,2013-09-01,False
251616,6270,5471,8308.89,2019-02-18,False
394422,3637,8894,197.16,2024-08-24,False
62031,4138,3868,13.77,2019-02-15,False
672374,8069,9088,9.12,2017-05-15,False
739059,3145,772,15.7,2024-09-09,False
276809,677,8792,142.16,2024-10-01,False
535900,14,2909,80.91,2024-09-04,False
801630,6150,9254,19.44,2012-02-11,False
56724,9757,5570,173.78,2019-05-05,False
1262145,9240,824,21474836.0,2023-11-12,False
1312795,5414,5472,583.02,2023-12-28,False
1156188,5725,4832,115.38,2021-04-16,False
704027,6512,1910,414.14,2017-03-17,False
248735,5158,9773,14.2,2014-08-26,False
121108,5713,2804,176.0,2022-07-05,False
209354,6132,9496,15.59,2020-03-22,False
723912,9088,9575,7.08,2020-07-17,False
519121,9676,8054,123.52,2022-10-28,False
1110081,1637,4896,192.3,2024-10-11,False
477316,3175,6757,18.82,2024-09-01,False
468638,4137,5715,24.51,2015-08-07,False
482788,9742,8636,160.02,2023-02-09,False
1000889,8094,5594,8.5,2020-06-16,False
787543,1167,6457,22.37,2024-10-10,False
262661,8640,9660,182.44,2015-12-08,False
528580,7659,4074,142.58,2022-01-17,False
1040678,7043,9610,13.6,2024-03-23,False
426525,8777,9054,158.17,2020-11-30,False
930846,6019,2126,10.82,2012-05-28,False
938495,7711,9956,115.8,2016-03-01,False
10858,8787,9540,150.75,2017-05-25,False
307330,621,8487,141.47,2024-10-15,False
250651,7090,7285,12.56,2024-02-17,False
1235211,7442,9631,402.97,2016-01-05,False
1294990,7181,2179,15.06,2019-12-25,False
1215500,585,5365,523.75,2024-10-12,False
1138042,8136,9407,13.8,2013-12-01,False
955772,9933,8337,354.54,2023-01-28,False
992339,3465,3936,418.17,2013-09-13,False
527564,6694,1889,185.0,2016-11-14,False
631691,9122,9985,5.51,2024-08-22,False
1191273,5559,5693,568.89,2023-09-17,False
1086452,5086,8936,20.29,2021-03-01,False
8414,6198,7925,17.36,2021-07-03,False
813043,1352,5959,3380932.2,2024-10-11,False
1112294,3512,9983,524.59,2018-09-04,False
635451,1130,9900,25.21,2024-10-21,False
157668,5702,5803,189.25,2022-07-04,False
448998,8147,5930,13.31,2014-04-13,False
132545,1480,9970,473.5,2024-10-14,False
399367,8175,9615,12.12,2020-04-27,False
995386,7684,324,114.81,2017-12-30,False
11478,430,9971,494.17,2024-10-10,False
824176,5473,8237,462.0,2023-04-01,False
501263,1941,9960,327.57,2024-10-09,False
222132,9559,6770,589.96,2017-08-30,False
387557,8656,8032,176.1,2016-04-21,False
534761,8746,7753,156.72,2018-05-26,False
852564,2198,9812,24.02,2024-10-02,False
812323,4164,2391,14.13,2012-03-18,False
583672,7760,9585,100.94,2024-10-06,False
905803,2508,7186,515.65,2024-09-14,False
870194,5510,660,468.64,2022-02-04,False
846091,4131,9842,17.94,2018-08-02,False
752076,6043,7884,19.25,2013-02-02,False
254186,2003,2355,16.92,2024-09-28,False
231917,6791,1019,198.83,2015-01-02,False
1181709,2130,81,20.32,2024-09-13,False
692377,7050,955,11.88,2012-04-05,False
934904,9027,3302,7.46,2014-11-20,False
146765,1797,6263,111.47,2024-06-24,False
630204,2046,9999,29.56,2024-09-13,False
996210,9775,8455,147.67,2024-02-13,False
434153,4052,4347,16.15,2019-12-04,False
818582,5727,2810,152.77,2020-11-05,False
14361,5822,8574,246.66,2012-04-14,False
404198,2643,7105,163.02,2024-09-15,False
257725,3488,7688,491.54,2024-09-08,False
524411,2147,9829,29.06,2024-09-21,False
1055829,8695,9502,145.05,2019-08-24,False
538637,7363,9998,174375.31,2015-11-22,False
178918,9142,5850,7.38,2019-12-03,False
563234,9170,3925,8.03,2015-11-17,False
1218443,9044,4707,5.04,2021-07-24,False
747280,9936,8930,275.47,2013-09-21,False
1141173,9783,2445,171.58,2022-03-02,False
952419,2437,4384,547.84,2024-09-11,False
1163718,9816,4294,264.82,2012-02-04,False
743980,542,5088,409.25,2024-10-16,False
937487,3466,6333,478.67,2024-09-13,False
597228,8438,3170,497.32,2018-03-23,False
113825,4561,8760,495.97,2021-11-30,False
843288,2134,8037,19.13,2024-10-05,False
307643,4074,9016,19.05,2016-11-14,False
685944,9146,9598,7.67,2019-09-22,False
1160667,6155,5350,20.23,2017-07-20,False
971397,9618,1633,173.36,2012-09-21,False
801899,3429,8652,514.97,2014-03-31,False
1121019,8394,8291,8314858.0,2022-02-05,False
1088252,2534,4551,597.65,2024-09-19,False
930039,1807,8783,395.89,2024-10-08,False
813361,6585,809,437.42,2015-04-05,False
624232,4504,1778,522.92,2014-01-11,False
622293,7450,8875,415.14,2023-04-10,False
1138501,3242,7625,16168483.0,2016-10-14,False
806200,3461,9795,507.58,2024-02-19,False
843656,7752,9970,141.64,2019-12-30,False
1138460,78,4747,64.11,2024-10-11,False
435317,8417,5360,578.96,2014-03-23,False
693204,6696,1392,124.97,2017-09-15,False
848421,1461,8451,498.07,2024-10-11,False
695012,592,9970,541.26,2024-10-10,False
650725,4797,8807,154.96,2024-10-27,False
867470,4091,5541,23.38,2019-02-27,False
150253,9961,3082,323.67,2020-02-20,False
588855,1031,8056,23.1,2024-10-10,False
332058,8532,9663,469.27,2014-08-06,False
1119383,2780,3269,165.08,2024-09-20,False
10037,4674,7121,176.19,2023-02-16,False
945048,6150,3043,19.44,2015-11-16,False
1134039,1657,8030,168.44,2024-10-24,False
476640,403,9015,436.39,2024-10-14,False
44608,5388,1712,222.02,2017-10-08,False
877314,9695,9856,144.41,2024-05-26,False
141391,2058,4718,25.15,2024-10-11,False
1254757,7096,9664,10.15,2012-07-06,False
647474,6058,7165,13.32,2014-11-11,False
315218,9063,1697,5.42,2018-12-16,False
907002,529,2290,436.8,2024-10-17,False
961525,3767,8418,145.22,2020-01-12,False
566288,8168,9527,14.08,2015-03-03,False
301169,5612,1972,130.97,2019-12-22,False
576549,9953,5387,281.95,2022-08-19,False
973325,9083,8027,9.78,2024-09-29,False
461594,8077,9731,7.26,2024-09-27,False
1174781,1471,7297,462.29,2024-10-23,False
799253,6913,8850,263.14,2018-08-04,False
1084682,502,5839,401.98,2024-10-14,False
1006273,2680,8210,195.13,2024-08-27,False
113849,6602,9542,131.77,2022-06-22,False
1236995,8172,6360,11.4,2018-11-28,False
1141953,4095,9576,12.78,2016-08-31,False
404890,9712,9996,186.19,2022-08-18,False
1280233,1526,9641,463.42,2024-10-18,False
694308,6676,9859,122.8,2023-12-30,False
866940,8478,7131,548.79,2013-12-15,False
582957,6402,4728,516.41,2023-03-23,False
1290131,4849,6078,276.45,2019-03-28,False
130851,9715,9925,101.62,2021-07-07,False
64308,8681,7423,107.56,2017-11-29,False
1203665,3557,7253,475.69,2024-06-09,False
456393,6048,3036,15.61,2014-04-11,False
625089,3189,9971,23.38,2014-11-17,False
484078,6105,7285,17.65,2022-10-16,False
1065140,8562,9377,594.53,2023-10-06,False
571225,4503,3527,405.51,2019-03-29,False
224571,9995,591,394.35,2020-07-21,False
421543,173,7836,42.69,2024-10-25,False
397513,3369,7860,15466.36,2023-10-23,False
213822,301,9900,13426.0,2024-10-25,False
483473,7073,3656,16.59,2013-04-08,False
1131378,1777,8360,134.83,2024-10-25,False
994602,4139,5450,21.91,2013-06-28,False
1283570,4499,2379,415.67,2018-03-01,False
438170,5562,8872,506.94,2021-03-01,False
848544,9549,9243,543.54,2023-07-14,False
589239,9617,7780,131.91,2017-07-19,False
502514,9689,8479,196.52,2013-12-10,False
517902,4900,3959,259.58,2013-12-15,False
876902,5029,9011,22.08,2013-08-08,False
605887,8796,9945,115.01,2013-10-21,False
664733,4148,8565,23.81,2017-08-29,False
910154,9037,2074,9.21,2012-09-09,False
528404,3815,9993,393.63,2022-08-16,False
1216601,9646,9085,188.13,2023-04-06,False
95849,8682,7176,153.53,2019-09-30,False
886145,6286,9810,2181508.5,2013-12-07,False
830333,4425,341,412.63,2021-04-05,False
302082,9759,5658,197.52,2019-07-13,False
1248899,4464,8244,456.89,2017-09-18,False
424467,300,8386,46082.89,2024-10-25,False
1225044,9115,7517,5.57,2017-05-29,False
186030,2130,9834,20.32,2024-09-13,False
1046709,6436,9766,478.3,2013-04-28,False
99417,1091,6113,20.83,2024-10-16,False
286094,1126,9151,21.65,2024-10-23,False
201260,5771,9880,155.24,2016-03-10,False
735983,9161,8230,8.72,2014-11-20,False
170058,6700,9943,157.58,2023-03-31,False
1207333,9619,7954,166.1,2014-03-18,False
575973,3469,2944,530.17,2024-09-04,False
255647,8643,3164,160.52,2019-06-16,False
349001,2665,3886,116.37,2024-08-26,False
42309,7144,9613,10.0,2017-10-01,False
122482,9704,4583,183.69,2014-02-24,False
1260199,8045,9928,12.48,2019-02-14,False
884686,2544,5904,489.98,2024-10-04,False
59637,7131,2287,13.72,2022-04-20,False
1004741,9783,8855,171.58,2023-12-07,False
471501,5696,9575,196.99,2024-01-18,False
790245,6426,9202,549.38,2012-06-09,False
43255,8636,9048,119.2,2020-01-30,False
539913,1008,7880,23.47,2024-10-15,False
687623,5198,8549,21.22,2015-09-18,False
918714,3012,7502,24.42,2013-11-07,False
204561,3564,4293,506.72,2018-04-29,False
973854,2520,7907,555.22,2024-09-26,False
567096,9786,9998,101.3,2019-01-27,False
324249,3579,5607,569.39,2015-02-17,False
662786,7757,8749,113.33,2018-02-10,False
1027899,5542,99,420.51,2019-01-22,False
735627,7141,9997,11.12,2012-10-06,False
918417,9611,2654,112.83,2020-02-01,False
410065,4112,7302,17.53,2021-07-04,False
951387,2047,9156,18.53,2024-09-21,False
712199,7764,4654,132.38,2018-02-07,False
1188784,6492,9586,434.83,2017-02-21,False
388397,2391,2927,86780.57,2024-09-23,False
186912,8582,5580,594.0,2017-07-31,False
406352,7745,6774,119.58,2018-05-13,False
958950,8798,9798,181.35,2014-01-13,False
1091167,6986,2446,210.44,2018-10-04,False
1171007,535,9884,589.14,2024-10-19,False
708847,3711,6987,191.25,2016-05-21,False
293478,6654,7210,103.94,2017-06-21,False
9594,4776,277,163.57,2017-01-11,False
425804,8644,4686,175.38,2023-12-06,False
949607,9980,9987,318.45,2024-10-16,False
671141,7619,8815,101.52,2019-06-24,False
807320,9508,8134,414.04,2012-08-05,False
668679,2466,3219,587.38,2024-10-02,False
790683,8500,9014,579.21,2022-04-03,False
725632,1784,9786,182.82,2024-10-08,False
937115,5091,9766,17.69,2017-10-08,False
201483,6707,1508,187.53,2012-08-03,False
1177336,5482,4859,585.84,2018-04-07,False
675193,6534,8740,441.6,2014-09-24,False
1062250,4658,1384,165.94,2022-09-07,False
276604,8668,9439,123.31,2016-01-27,False
624296,4063,7653,13.8,2019-03-27,False
527029,8687,2185,195.63,2013-11-25,False
1072065,6597,6681,462.86,2014-04-23,False
65596,3934,5937,242.55,2022-11-10,False
519871,8656,5106,176.1,2021-09-24,False
1284647,486,5543,483.13,2024-10-23,False
949379,4059,3534,16.83,2018-12-26,False
1270476,9640,6889,184.66,2015-06-25,False
250052,5412,9364,517.53,2012-12-20,False
1198913,2080,9992,23.32,2024-09-30,False
539377,461,212,488.92,2024-10-19,False
386181,5652,1990,188.33,2022-07-26,False
176255,3564,4293,506.72,2017-02-14,False
301443,6615,9311,160.97,2018-07-16,False
19494,9508,8134,414.04,2020-02-24,False
1259943,5022,4113,14.92,2014-06-27,False
591144,8614,9451,177.89,2014-05-23,False
1091874,3233,9951,3198056.5,2024-09-04,False
494530,1794,8887,103.51,2024-08-20,False
136463,9192,2100,5.67,2022-02-28,False
486581,8752,9151,172.69,2024-01-28,False
720126,5195,2228,11.64,2016-01-23,False
836444,3624,9708,122.73,2016-04-09,False
70302,7112,9266,14.2,2012-08-11,False
414338,6143,6245,10.53,2014-05-01,False
1250305,9704,6791,183.69,2020-08-23,False
317137,9409,8432,567.46,2020-06-15,False
619990,9549,9243,543.54,2016-06-10,False
188095,5155,59,19.04,2016-12-04,False
372872,3395,615,21801.16,2024-08-01,False
1132556,3795,7328,194.5,2013-11-06,False
689523,3026,5006,17.06,2024-09-05,False
590406,8674,9245,156.08,2014-09-22,False
1115568,9973,9744,233.38,2023-02-06,False
212916,8075,8834,11.79,2022-08-19,False
810782,4005,8253,21.19,2019-02-28,False
134581,4297,4311,4481.49,2012-06-30,False
705936,1718,7504,150.67,2024-08-08,False
242798,9708,6210,161.83,2021-12-16,False
893589,5582,8909,595.72,2023-09-08,False
776558,9535,6351,599.44,2017-07-27,False
1095523,6572,8684,586.25,2019-08-06,False
458475,4592,6917,540.29,2018-06-20,False
644402,3719,6547,166.77,2023-04-18,False
347027,9153,2939,5.85,2024-03-10,False
133518,8302,9577,12165.36,2014-05-04,False
835015,9092,3121,7.88,2012-02-05,False
6797,8619,5855,129.63,2016-01-15,False
1000223,8642,9046,147.82,2014-10-01,False
753765,420,6828,498.36,2024-10-12,False
1052368,3120,3077,23.52,2024-09-12,False
985195,8470,9674,423.7,2012-08-18,False
973984,1485,5285,548.47,2024-08-01,False
1128381,5780,9809,166.05,2022-09-20,False
712811,9832,9664,361.48,2016-07-09,False
710817,8010,9757,13.77,2014-10-28,False
868316,9016,9487,7.86,2016-04-25,False
307853,4125,6633,14.21,2022-05-05,False
1065111,9699,2904,180.38,2018-01-13,False
336819,8489,9135,457.67,2021-04-14,False
1128370,6729,7956,128.02,2012-07-01,False
1213,3570,9763,460.11,2019-08-02,False
244275,9142,5563,7.38,2012-11-27,False
627036,9512,9565,488.04,2014-01-10,False
25354,3705,9742,162.88,2024-02-12,False
220750,1759,5281,179.07,2024-10-17,False
174561,8603,7479,175.05,2023-06-17,False
1156703,9686,6912,128.75,2015-10-30,False
757142,3163,3677,17.08,2015-09-09,False
906419,2121,3674,21.21,2024-10-06,False
589711,7003,9954,16.42,2021-04-23,False
1226303,2495,7494,520.21,2024-10-03,False
261881,7185,7106,16.04,2021-05-23,False
940902,6618,5426,178.97,2023-02-08,False
534800,9720,4013,114.62,2020-06-27,False
137082,9581,9981,479.16,2017-07-08,False
316025,4129,6660,15.19,2016-04-05,False
1050380,1445,1544,590.6,2024-10-22,False
936810,9678,5006,133.36,2016-12-10,False
726156,6631,3589,144.16,2012-07-29,False
633874,6046,2801,19.33,2012-07-13,False
645697,9602,9982,149.35,2020-01-12,False
905489,2616,409,154.58,2024-09-27,False
1025683,8466,9575,416.51,2013-01-06,False
799522,9011,6042,5.81,2023-05-05,False
1044621,3496,9289,428.77,2015-08-09,False
789616,9679,978,155.69,2024-04-08,False
620553,6423,9982,465.41,2017-11-20,False
410317,8604,3403,139.83,2013-09-11,False
297757,6422,8167,541.4,2024-08-14,False
263373,442,8594,522.02,2024-10-21,False
347855,4576,6322,457.2,2013-06-14,False
1053398,4111,2072,20.53,2021-01-28,False
1134164,6012,8205,10.26,2023-06-21,False
896323,6105,3836,17.65,2012-07-30,False
1086348,9190,8422,6.38,2018-04-21,False
266930,8642,7364,147.82,2012-08-05,False
945546,8607,3482,189.22,2024-04-19,False
595086,3347,4718,169607.25,2024-03-04,False
213920,3481,9353,519.16,2024-04-24,False
100455,6695,5059,193.97,2022-09-05,False
851362,8628,5394,172.57,2017-08-20,False
174478,1569,9510,418.41,2024-10-11,False
1121991,4484,7708,408.39,2015-01-16,False
1065813,8664,9093,141.16,2022-12-31,False
753902,6088,2876,13.08,2020-01-02,False
731448,6410,9576,510.08,2014-03-28,False
19852,3588,465,415.54,2012-07-07,False
1004612,6136,9353,18.98,2023-08-15,False
227248,8682,8511,153.53,2020-02-15,False
656928,6607,9827,184.99,2019-01-10,False
294336,4442,9641,428.22,2021-02-17,False
1194881,4460,246,511.16,2017-12-14,False
478793,7629,9963,182.94,2016-06-17,False
363983,1183,8634,21.54,2024-10-13,False
285402,4717,8573,131.3,2021-05-04,False
822020,3517,7079,443.16,2015-03-31,False
82262,9745,9950,184.44,2022-05-25,False
712652,5602,9988,149.5,2016-05-15,False
916997,4629,9537,155.57,2021-11-02,False
485161,6131,9766,15.04,2018-03-07,False
1075393,8706,8565,181.8,2013-09-26,False
830256,3466,6333,478.67,2024-09-13,False
541774,9799,9301,138.71,2014-05-26,False
117451,5067,5164,17.02,2023-04-07,False
915117,9673,4368,122.95,2018-01-05,False
667567,5644,9775,107.79,2015-12-01,False
233761,1419,9399,426.85,2024-10-26,False
193802,8588,7583,565.25,2014-12-18,False
276436,9500,7860,575.41,2015-05-30,False
326888,5754,8982,117.83,2017-06-08,False
1311041,6110,1530,18.14,2024-10-02,False
1176017,7170,2032,8.35,2012-10-04,False
657234,6748,5078,167.6,2012-05-24,False
820428,3543,7909,438.64,2019-06-06,False
1282884,9103,9772,6.22,2013-06-14,False
612630,4400,8154,514.46,2012-05-16,False
773478,5139,4732,17.4,2022-12-12,False
1237134,5425,5173,499.1,2024-09-13,False
839243,9725,9541,135.53,2019-02-04,False
1202577,9755,6443,104.26,2012-08-13,False
921551,8661,7233,119.69,2019-04-08,False
1129093,9632,3540,110.36,2021-12-16,False
874560,9799,7581,138.71,2020-11-24,False
1167691,8014,9222,12.48,2017-05-21,False
175814,2445,9356,598.94,2024-07-30,False
553424,9772,1263,176.72,2015-07-13,False
701500,9588,6295,521.25,2024-07-12,False
1078635,6706,8706,114.3,2014-05-11,False
501513,2119,8034,20.89,2024-10-02,False
380011,9190,743,6.38,2014-01-20,False
190125,5108,3299,21.86,2021-02-16,False
39652,709,8692,145.83,2024-10-03,False
250284,4774,6325,109.37,2024-07-01,False
89454,9037,8803,9.21,2015-08-14,False
1132780,9935,7362,207.83,2016-03-23,False
930053,3136,5169,28.53,2023-04-09,False
709359,3099,9949,15.56,2024-08-28,False
798198,8642,7364,147.82,2013-05-30,False
10509,7656,7292,155.5,2013-01-28,False
1001125,2643,7105,163.02,2024-09-15,False
397966,1836,9898,224.58,2024-10-01,False
383504,2507,6155,556.01,2024-10-15,False
635955,5047,1324,16.72,2016-05-26,False
1213315,4771,2120,171.24,2024-05-28,False
531481,9990,9623,209.22,2012-06-06,False
210242,9751,9701,128.78,2016-06-12,False
300024,9766,3552,108.37,2013-05-30,False
192539,4629,9504,155.57,2012-08-11,False
1173882,7565,6175,587.01,2014-06-25,False
523714,6816,5152,395.02,2012-09-03,False
658968,8770,843,140.55,2022-05-02,False
1209462,9793,6724,177.08,2019-02-18,False
323248,2734,2191,160.07,2024-09-17,False
622533,7742,3968,148.33,2023-07-05,False
726050,4055,6449,15.87,2013-07-03,False
188669,8786,8387,104.37,2015-07-04,False
781160,1296,4060,1535674.4,2024-10-14,False
498789,6746,9932,139.75,2015-01-21,False
176988,8684,9997,102.15,2022-09-24,False
852230,4582,8574,538.19,2021-10-09,False
1279924,4785,5767,179.5,2023-09-24,False
424908,1072,9531,21.81,2024-10-09,False
46495,7755,9673,149.3,2020-09-26,False
746498,1419,9399,426.85,2024-10-26,False
539671,2529,9399,503.85,2024-09-30,False
5796,7006,2718,15.4,2019-02-12,False
294198,5181,9881,12.56,2012-05-13,False
1198589,4003,9616,19.59,2018-07-26,False
870027,8747,3708,173.53,2012-04-22,False
1317796,3487,1668,440.0,2024-05-09,False
877322,9695,8787,144.41,2015-11-08,False
859222,7082,8997,14.28,2020-01-23,False
162070,7664,9626,197.61,2015-10-06,False
1306631,9133,9767,5.15,2023-02-18,False
384971,6126,8613,10.94,2013-04-29,False
583346,1051,720,37.83,2024-10-07,False
1259256,7741,9644,167.89,2012-09-22,False
188389,8614,2314,177.89,2024-01-11,False
837490,9732,9066,121.75,2016-04-02,False
713088,8534,9487,574.92,2017-06-28,False
1323122,4035,7509,14.94,2019-02-14,False
1085442,5673,9162,188.27,2016-01-31,False
334778,2446,4419,504.29,2024-09-24,False
337068,9791,9982,112.93,2016-12-09,False
221226,7098,9815,8.48,2022-06-06,False
829679,7073,6642,16.59,2022-08-27,False
1052719,5064,7686,21.96,2013-08-01,False
384331,162,6100,52.3,2024-10-15,False
1307241,9773,9205,179.07,2021-11-24,False
1119455,2444,7582,438.32,2024-09-29,False
943494,4085,9974,22.51,2020-02-21,False
1144504,7012,9674,13.08,2020-10-20,False
592165,449,7461,557.71,2024-10-16,False
439001,572,4859,479.76,2024-10-24,False
927776,9046,8402,8.23,2016-10-28,False
508633,9503,9564,569.97,2024-08-30,False
872314,6704,8762,174.49,2012-06-02,False
1293023,1967,9245,291.76,2024-09-29,False
1124871,3171,9601,23.03,2024-06-28,False
874364,9793,2150,177.08,2013-11-16,False
50292,6710,6085,119.55,2024-01-07,False
1236732,7095,9870,13.87,2020-08-16,False
36341,9592,88,476.11,2019-01-31,False
507378,5678,9411,185.55,2018-08-31,False
76564,3245,8264,1878.99,2014-08-17,False
354260,9968,9343,213.41,2013-01-02,False
440634,5691,577,165.02,2018-02-16,False
650668,8409,9487,424.2,2017-01-10,False
507681,9084,8959,5.2,2022-12-30,False
527152,6530,7683,473.44,2018-09-07,False
858836,6511,6818,495.91,2020-02-12,False
678317,9179,7582,7.65,2018-05-18,False
270054,9794,9620,140.58,2022-03-06,False
1205135,5554,8354,547.38,2021-08-16,False
535863,9946,8971,240.72,2017-06-30,False
595492,7648,5447,136.66,2024-09-19,False
1011170,6170,8011,9.87,2013-01-05,False
383408,4078,9538,19.46,2012-05-28,False
22770,4438,9689,573.57,2018-05-04,False
278372,9744,6368,162.21,2020-02-20,False
1147887,2777,9994,133.17,2024-09-11,False
577780,2760,9481,191.82,2024-08-14,False
581313,2147,9909,29.06,2024-09-21,False
371010,139,9833,39.34,2024-10-24,False
291942,9705,8825,147.16,2015-09-23,False
346227,9019,9999,5.89,2012-12-12,False
961097,2266,7268,5548853.0,2024-10-01,False
156681,7173,8820,8.87,2018-08-30,False
1249510,6149,9814,16.09,2018-07-17,False
161651,8626,8643,181.66,2018-07-13,False
398105,4442,9641,428.22,2014-02-21,False
676993,3807,9894,277.0,2013-06-12,False
463755,7107,5345,13.14,2017-06-14,False
1162895,7607,9968,198.58,2014-11-04,False
804706,9751,761,128.78,2021-02-24,False
796833,9516,7001,425.42,2016-09-26,False
544045,4628,9605,193.3,2017-01-08,False
215356,9126,1684,6.98,2016-11-03,False
477712,9619,6090,166.1,2021-05-28,False
259379,4107,665,21.41,2017-09-16,False
67802,7785,9647,166.61,2013-09-07,False
631579,1561,2536,523.15,2024-10-11,False
979570,8792,7393,197.63,2021-10-26,False
197700,9559,6770,589.96,2021-05-28,False
255807,8158,4745,8.26,2023-10-31,False
914341,3022,8915,27.05,2024-09-11,False
39939,9703,2745,125.29,2021-06-17,False
681486,578,7289,428.51,2024-10-15,False
645547,7480,8058,478.33,2023-02-02,False
990189,6600,5134,140.33,2016-12-01,False
1018711,9588,6295,521.25,2020-05-01,False
864218,8564,6154,427.48,2012-02-25,False
1245601,590,9487,509.04,2024-10-09,False
1008548,7412,9334,546.19,2020-01-25,False
1173639,429,9982,409.41,2024-10-21,False
267178,3451,9058,567.46,2024-03-27,False
692366,8623,9845,174.16,2017-03-20,False
701670,2618,5536,140.02,2024-09-18,False
130470,569,4491,537.64,2024-10-21,False
176085,8618,9977,149.16,2020-06-08,False
145628,3146,9984,25.02,2013-08-25,False
605305,9640,7142,184.66,2017-12-27,False
1220175,4022,6528,17.37,2016-10-28,False
154336,8598,9464,483.11,2012-03-05,False
290752,5076,6307,21.97,2015-11-24,False
1234777,3446,9795,469.19,2015-03-24,False
554486,5529,3524,496.32,2019-08-03,False
909448,8017,7846,8.81,2022-09-05,False
194015,6171,9075,16.85,2019-06-25,False
547362,7696,3143,174.55,2013-10-18,False
1026865,6153,8949,16.84,2021-04-20,False
231234,6138,7892,16.94,2020-11-25,False
391550,6109,7212,10.04,2022-05-19,False
25858,8152,9673,10.44,2024-05-19,False
837916,8013,2177,11.26,2018-03-08,False
657400,3130,4982,24.79,2024-07-18,False
1095872,9663,9651,122.91,2012-04-01,False
542418,9761,9037,111.16,2019-04-13,False
896588,6107,6969,12.76,2016-02-22,False
693183,9170,1804,8.03,2023-11-21,False
263893,8621,7670,141.85,2012-02-07,False
506307,4587,7780,401.04,2013-10-18,False
774715,8195,5215,10.64,2020-09-06,False
845561,2499,8794,430.86,2024-10-11,False
1249368,4737,5445,166.94,2015-12-05,False
1218822,8095,9747,10.34,2018-01-27,False
535656,8645,4928,186.05,2020-01-03,False
1083702,8935,7671,283.61,2013-02-27,False
174678,2070,7005,30.32,2024-10-10,False
1000126,7033,8986,17.61,2012-10-17,False
1199388,9144,9822,8.77,2021-04-17,False
323415,9655,8093,107.23,2021-03-07,False
242224,4129,1901,15.19,2012-02-26,False
672222,9557,8751,557.95,2016-09-21,False
266554,1702,4310,175.72,2024-10-16,False
22225,8013,6562,11.26,2023-06-29,False
687740,2731,9520,199.11,2024-08-16,False
1094647,969,9455,394.36,2024-10-09,False
562560,9547,9961,408.73,2012-03-24,False
636863,3539,2635,572.28,2015-12-23,False
339283,2154,3112,32.95,2024-10-09,False
552054,2424,7954,417.73,2024-07-17,False
972369,7698,9911,153.83,2024-04-23,False
1176830,8665,4661,153.49,2017-10-07,False
814644,7051,9912,17.07,2018-01-20,False
39168,9633,1853,170.36,2016-06-07,False
1123497,6652,9684,102.12,2022-09-05,False
483623,9406,7143,553.75,2021-08-13,False
131936,4497,8154,436.82,2023-02-21,False
724849,8621,7891,141.85,2024-01-04,False
1037076,9633,9080,170.36,2016-07-25,False
1160605,5034,7562,16.38,2018-05-17,False
917627,6599,8990,524.58,2012-03-05,False
1016261,416,6163,565.98,2024-10-14,False
442901,7633,9667,188.64,2012-11-15,False
29626,3560,5296,433.77,2014-02-07,False
261514,4084,4726,20.86,2015-05-11,False
1260262,4668,9438,173.5,2016-11-30,False
1064733,7522,9773,569.79,2015-07-01,False
569200,8076,8469,13.46,2016-02-06,False
490070,2799,7489,108.12,2024-09-19,False
1084591,546,2964,414.64,2024-10-10,False
1314651,5013,9871,17.94,2015-12-05,False
951158,7084,8817,10.43,2023-05-21,False
368295,5779,8198,112.76,2013-03-16,False
507005,3498,9345,483.01,2023-04-03,False
976,1173,5422,23.86,2024-09-07,False
737558,449,7461,557.71,2024-10-16,False
1018849,1407,4607,571.27,2024-10-29,False
1260068,3622,7300,174.17,2018-04-13,False
1116357,6751,9883,167.88,2023-08-04,False
673525,5687,4115,158.5,2018-09-16,False
825608,4063,9852,13.8,2024-04-19,False
401655,9993,6473,225.91,2018-04-28,False
433563,6575,9872,512.82,2020-11-13,False
764616,1687,8644,187.38,2024-10-08,False
953685,9496,8079,414.98,2024-02-14,False
30507,6161,9055,13.6,2020-10-09,False
104742,2439,9970,501.57,2024-09-11,False
1033089,8683,8959,198.67,2020-03-02,False
834901,9727,9682,130.36,2022-05-13,False
859761,9749,9201,127.41,2019-02-11,False
940849,9099,9857,6.17,2015-10-01,False
1144450,9659,9748,191.0,2022-08-06,False
623430,2009,9924,32.34,2024-07-31,False
352349,8107,2471,9.47,2014-12-17,False
512191,9922,7121,231.36,2020-08-11,False
457655,741,9961,136.86,2024-10-14,False
1088907,4273,8288,16472820.0,2015-07-12,False
930502,4563,6981,461.64,2017-08-15,False
666926,6002,1871,17.77,2021-06-21,False
585204,436,2484,509.82,2024-10-18,False
1262828,2636,2548,116.77,2024-09-25,False
428467,7109,3887,14.37,2013-02-16,False
1041403,8732,5299,164.86,2020-05-09,False
134062,6793,9018,117.8,2013-12-13,False
445077,6428,5661,450.69,2023-06-27,False
1091403,8125,9681,10.67,2022-11-26,False
461600,8077,9848,7.26,2014-08-24,False
318849,9666,8548,130.36,2015-08-13,False
1049834,4750,4478,104.63,2019-05-28,False
467314,3748,8995,196.16,2012-08-03,False
890383,5446,3691,491.39,2017-03-09,False
273436,2090,3171,16.36,2024-10-04,False
220407,9120,9982,5.4,2021-01-28,False
623137,1542,7440,400.89,2024-10-16,False
107831,6622,9964,129.25,2017-06-08,False
1115716,6445,9972,593.96,2018-02-20,False
935016,9756,8126,137.42,2018-12-28,False
338297,1520,7442,535.13,2024-10-26,False
397764,5038,8813,19.97,2020-04-07,False
297920,3772,7791,171.61,2022-04-29,False
280221,7789,8307,123.0,2014-10-04,False
62078,4768,8886,169.61,2020-08-24,False
165854,8658,9200,163.69,2021-09-11,False
656829,8772,4506,190.61,2021-09-01,False
1101965,3529,2425,557.89,2017-08-31,False
1131267,1596,8321,496.1,2024-08-19,False
1093634,4029,4312,18.37,2023-11-14,False
338151,5528,9992,410.04,2022-04-19,False
481110,4656,8639,103.09,2020-04-08,False
775769,7712,763,133.11,2018-11-21,False
1009787,2042,9614,32.06,2024-09-18,False
576459,6602,9315,131.77,2023-06-07,False
623803,9061,4858,7.87,2015-04-21,False
323167,6188,8326,18.88,2020-07-07,False
219670,9785,8330,150.92,2021-04-23,False
264033,3467,9755,519.54,2024-02-14,False
1154785,9716,9059,101.77,2024-04-10,False
168549,5699,6385,197.36,2022-01-02,False
350597,578,7289,428.51,2024-10-15,False
831752,6595,6033,432.88,2012-07-24,False
967763,6474,9234,400.35,2024-06-27,False
389264,8643,3164,160.52,2018-04-07,False
724779,9066,9344,8.07,2022-05-12,False
565662,1683,6693,102.12,2024-10-04,False
198723,9114,4784,5.03,2019-07-22,False
1322414,9620,9330,150.11,2021-04-30,False
1144287,6091,1482,12.98,2015-12-14,False
1126979,6693,4970,132.36,2022-08-31,False
178248,5666,4583,126.4,2017-10-22,False
102455,8844,8871,311.97,2012-11-30,False
615706,1543,9883,423.29,2024-10-21,False
291893,1035,7915,27.21,2024-10-19,False
1055378,7496,8137,593.64,2016-01-26,False
794289,122,1173,45.66,2024-08-17,False
1248428,5192,9198,17.87,2018-03-24,False
1097728,8121,4136,11.89,2012-11-28,False
1316000,1085,9941,22.53,2024-10-25,False
1189367,9653,9985,111.58,2019-06-09,False
303779,9689,8047,196.52,2018-11-19,False
102365,8602,9914,174.94,2014-06-26,False
141026,4150,2968,15.91,2019-11-01,False
1144902,8688,7964,142.24,2014-02-23,False
1231689,2609,9821,109.31,2024-09-25,False
179229,9548,9562,555.34,2022-09-21,False
1038930,2484,1107,432.48,2024-07-24,False
813623,8483,9026,517.57,2021-12-21,False
1287225,7094,9991,10.53,2019-01-27,False
1230534,1728,7149,147.94,2024-10-21,False
936616,8429,7351,453.51,2015-08-07,False
1061795,9847,9864,207.75,2014-11-16,False
1142531,1769,9078,155.77,2024-04-01,False
329124,9028,9313,7.58,2016-10-05,False
474908,1692,4204,113.63,2024-10-11,False
950737,5006,3543,13.26,2022-09-12,False
169583,3103,5668,15.1,2024-08-07,False
863683,1661,8078,164.57,2024-10-25,False
209407,8127,7384,12.59,2016-08-15,False
82034,9790,7233,138.44,2014-08-10,False
1267774,7628,7780,111.33,2018-01-05,False
750648,9148,7542,8.24,2021-06-17,False
623527,3095,5078,27.07,2015-04-03,False
203032,3956,9664,253.61,2022-06-06,False
1092277,2187,3174,19.41,2024-10-14,False
741169,3652,5382,193.33,2022-03-25,False
1045823,8794,9053,127.08,2016-04-10,False
155925,2568,7562,467.77,2024-09-25,False
17529,495,2515,592.45,2024-10-19,False
200013,1696,6724,153.72,2024-10-02,False
749674,7484,9645,420.39,2024-05-15,False
20016,7142,9837,14.9,2018-05-19,False
373929,8011,9333,13.72,2020-06-21,False
210123,9799,334,138.71,2018-11-10,False
610249,8089,4537,9.51,2014-02-08,False
1270544,3071,7678,21.38,2024-08-13,False
95020,8051,7012,8.8,2019-02-19,False
946847,3042,3329,15.85,2024-07-11,False
200110,1502,7242,598.6,2024-10-28,False
792922,8760,7495,124.87,2022-04-16,False
472407,9712,7073,186.19,2023-11-28,False
144284,5605,4014,152.63,2013-02-20,False
1091708,4697,9886,153.38,2012-05-04,False
1147952,9798,9397,144.36,2023-12-23,False
704545,9137,7638,6.9,2022-06-27,False
1298833,6649,9270,152.92,2012-12-19,False
680631,6630,9961,149.75,2016-06-30,False
714702,5148,1516,12.88,2017-02-17,False
871209,9186,5267,6.41,2019-05-19,False
611778,7177,9056,9.99,2017-07-25,False
354984,9080,8567,5.89,2019-09-04,False
256699,5428,9840,508.45,2014-06-05,False
1045664,9780,8470,164.21,2012-03-30,False
998097,437,7495,469.32,2024-10-10,False
1272589,3087,2997,16.98,2014-04-18,False
511589,8102,3937,8.29,2015-02-12,False
6302,9794,4422,140.58,2017-08-02,False
700126,4796,9710,143.36,2016-02-15,False
1107721,1186,5172,38.03,2024-10-13,False
499998,5081,7344,16.21,2018-11-27,False
1036528,7043,9222,13.6,2015-04-19,False
1301919,7780,9157,140.5,2023-10-30,False
140385,5040,8560,18.68,2024-09-22,False
496068,6523,8222,541.21,2021-02-20,False
757437,4033,7739,17.45,2019-10-15,False
542360,8192,3197,10.58,2014-03-04,False
426062,4760,9903,113.79,2017-10-09,False
625467,2434,6861,456.57,2024-08-12,False
1089800,2731,9520,199.11,2024-08-16,False
291275,6738,8944,195.61,2015-02-09,False
138847,5173,9102,16.94,2016-04-16,False
488383,6712,7828,152.17,2021-02-18,False
876742,9710,9936,133.83,2016-06-16,False
974291,7649,9333,179.14,2016-09-20,False
1247036,7764,5586,132.38,2022-05-28,False
1028059,1814,1987,367.1,2024-10-24,False
887463,2751,8032,149.71,2024-08-01,False
264743,9775,6739,147.67,2015-09-19,False
1245343,2415,5262,494.36,2024-07-29,False
1265927,1064,4624,38.47,2024-10-18,False
309114,4061,8473,19.91,2015-11-11,False
1180033,1084,2988,36.59,2024-10-09,False
1077877,4615,6176,144.91,2013-08-19,False
239087,9795,6319,146.25,2024-05-11,False
677810,8007,9930,12.07,2023-08-04,False
615169,5070,3407,13.02,2018-04-22,False
733858,702,9323,161.08,2024-10-21,False
516053,9639,9540,190.83,2015-07-08,False
351931,5851,7198,283.63,2021-12-30,False
219736,8607,9010,189.22,2012-06-24,False
632764,5519,9177,461.39,2021-03-04,False
934356,4053,8635,23.29,2020-03-02,False
1142511,6166,8136,15.85,2014-04-20,False
880081,4922,4749,325.67,2015-11-23,False
469192,8722,5505,175.32,2016-07-20,False
1057679,4649,7914,111.08,2018-03-06,False
52437,8154,9093,13.09,2017-11-15,False
4362,3499,9960,411.04,2013-12-13,False
504729,9079,8351,9.05,2019-12-03,False
752487,2039,9914,26.8,2024-10-07,False
525009,7147,2998,10.02,2015-07-31,False
787574,2658,6825,147.28,2024-09-27,False
886873,9105,2232,5.46,2016-12-22,False
1133235,5914,4150,348.33,2021-06-25,False
777273,4128,8802,24.67,2019-06-18,False
119911,9644,9435,189.14,2014-05-30,False
507917,2005,9958,27.63,2024-09-25,False
163402,5534,6472,403.05,2021-07-19,False
630772,9613,5031,141.46,2024-06-15,False
578291,3554,6496,448.23,2016-10-17,False
499938,9732,9896,121.75,2021-03-24,False
349797,7689,8386,168.64,2021-08-07,False
640460,4701,9737,184.0,2021-03-19,False
836209,9633,9669,170.36,2020-11-16,False
1241194,6199,5945,16.66,2020-12-15,False
1135864,9720,2788,114.62,2015-07-07,False
1022601,8455,9862,448.39,2023-11-28,False
88821,3565,7908,408.75,2018-07-27,False
431064,1522,4131,497.33,2024-09-16,False
1007416,5542,99,420.51,2013-07-04,False
395345,5788,9818,180.36,2024-03-12,False
645055,9736,7065,141.24,2016-04-24,False
594794,9625,2714,199.88,2024-04-07,False
119383,7879,2191,308.7,2023-04-02,False
959513,8542,5471,408.94,2024-06-02,False
1315197,3429,8652,514.97,2014-03-31,False
379090,9107,9506,9.05,2018-11-10,False
340768,9701,1772,163.08,2013-12-27,False
423762,9189,8285,7.94,2019-03-27,False
1083775,9453,2070,450.85,2024-06-22,False
876174,586,9980,401.55,2024-10-10,False
542105,3015,1773,25.36,2024-09-13,False
327780,7090,7098,12.56,2013-08-01,False
1061554,5434,7211,445.29,2013-04-19,False
1155270,5784,5610,122.31,2015-04-22,False
262133,9632,7433,110.36,2012-06-12,False
867348,9733,6036,165.66,2021-07-06,False
1246158,2696,8396,140.49,2024-09-16,False
220383,8748,2485,100.8,2023-05-14,False
560234,9405,7244,485.1,2022-04-30,False
534015,9697,2936,124.95,2022-07-30,False
1285193,7057,3304,10.03,2014-03-17,False
291921,3024,7419,16.36,2024-07-06,False
689072,3609,8572,159.33,2018-05-26,False
1222857,9730,9888,102.51,2015-12-16,False
886627,2602,9290,160.08,2024-09-16,False
391247,4487,1316,455.69,2014-10-16,False
273595,688,9851,180.67,2024-10-10,False
103077,8528,9872,546.38,2013-08-17,False
513174,7713,2883,130.02,2021-08-06,False
936536,9143,3623,7.43,2014-04-20,False
618296,8464,8154,505.08,2019-12-20,False
1249160,1506,3449,489.2,2024-10-03,False
625728,6203,6073,275411.94,2012-10-19,False
1169086,8716,9718,158.47,2012-08-29,False
655108,9002,5458,6.17,2017-12-31,False
549739,3653,9991,128.64,2024-04-09,False
77961,7449,6570,427.51,2014-10-13,False
483557,8144,2650,8.3,2014-05-02,False
1133704,2500,9155,552.64,2024-09-20,False
601456,8044,5600,13.27,2021-10-24,False
381849,8009,4589,13.16,2015-10-05,False
219568,9742,9406,160.02,2019-03-31,False
717437,5782,9933,122.69,2024-04-04,False
744096,7609,1489,132.47,2017-06-11,False
563211,8198,7306,11.23,2024-10-09,False
1210267,7692,9285,107.62,2017-05-31,False
1095536,4783,8633,120.7,2024-06-18,False
404409,5737,6103,171.08,2014-10-08,False
403525,120,7667,52.53,2024-08-17,False
235755,6203,8298,40873.8,2017-04-02,False
358505,3142,7343,15.21,2024-04-22,False
1009197,6097,4310,18.03,2013-06-20,False
121634,7006,5352,15.4,2013-09-25,False
1205432,2076,8533,23.54,2024-10-01,False
196368,3765,8997,196.28,2017-06-10,False
963705,1010,917,33.17,2024-09-24,False
1099418,6682,4342,106.01,2023-12-10,False
1085759,9980,8376,318.45,2017-01-07,False
885801,4645,8239,128.52,2017-03-13,False
442100,8627,9692,121.76,2023-08-12,False
1193611,7778,9820,177.86,2014-01-19,False
544909,8888,8322,251.11,2016-10-27,False
597841,4240,8055,216025.56,2022-12-09,False
684609,6604,7154,163.8,2018-09-19,False
19541,8646,2745,157.08,2022-10-31,False
727061,7138,6642,13.85,2018-02-20,False
350869,4747,9937,184.77,2016-08-08,False
611764,3710,7845,116.04,2014-10-11,False
896949,2551,7472,484.76,2024-08-26,False
1260223,7631,9892,130.13,2014-06-07,False
703716,1684,9952,120.73,2024-10-08,False
910622,8442,8311,496.14,2017-10-12,False
287796,8568,7032,501.73,2014-07-16,False
1119552,644,7844,147.66,2024-10-10,False
163697,9535,6351,599.44,2012-09-28,False
107363,1595,3504,449.69,2024-08-22,False
588635,4514,4393,533.16,2022-03-07,False
1068579,5643,9756,105.62,2014-04-05,False
916298,9599,9821,485.17,2019-09-06,False
98393,6038,1324,16.87,2012-04-11,False
565057,8507,9598,580.38,2018-10-11,False
1134384,3294,4837,11554254.0,2024-06-12,False
1036594,2786,9526,120.58,2024-09-13,False
115932,4627,9978,126.12,2015-05-07,False
593904,6693,8117,132.36,2015-08-16,False
1086998,3528,5493,505.64,2017-12-13,False
325124,9698,3994,126.26,2017-10-06,False
1203413,5093,9251,21.43,2013-08-30,False
245199,7042,5967,13.1,2017-09-06,False
1128988,2521,8674,518.51,2024-09-19,False
642325,8603,3242,175.05,2015-06-24,False
385349,421,9498,572.66,2024-10-11,False
785447,8322,6843,884057.75,2018-02-12,False
493958,7009,9976,12.73,2012-05-29,False
628287,8623,9918,174.16,2018-05-25,False
1076690,9159,9554,9.33,2022-04-29,False
345514,4019,9538,19.42,2017-01-16,False
645935,7512,1118,486.98,2015-03-10,False
794854,9648,2421,193.36,2014-06-04,False
1231333,5078,8905,20.94,2021-10-05,False
278167,6112,4124,13.18,2021-08-26,False
763742,2124,4344,21.92,2024-10-14,False
1278594,5506,9364,430.98,2021-02-16,False
970208,8627,6626,121.76,2017-10-24,False
1100953,4092,9405,19.31,2023-11-30,False
1038876,4708,2409,146.19,2016-07-26,False
238844,3412,2721,558.83,2012-03-05,False
958829,8192,7570,10.58,2018-04-01,False
1260185,7547,6064,548.45,2017-02-25,False
241680,2081,476,26.0,2024-09-30,False
888743,3614,6176,110.72,2020-10-26,False
475456,3703,8440,131.74,2023-12-11,False
918896,9145,9802,8.23,2015-08-02,False
613413,525,8919,458.52,2024-10-21,False
593209,5788,9254,180.36,2023-03-23,False
747800,3388,8193,712068.56,2014-10-06,False
940934,5068,8316,18.31,2015-02-07,False
842887,2632,4074,144.46,2024-09-27,False
330904,2493,9496,402.63,2024-09-04,False
608964,6788,6103,117.02,2014-05-29,False
918076,6073,3499,12.96,2020-08-28,False
230184,5774,5947,131.75,2015-10-20,False
623166,6775,6040,194.6,2020-03-25,False
493678,9643,323,190.14,2013-02-27,False
113380,843,3204,366.79,2024-10-19,False
188526,9707,1759,166.41,2024-10-20,False
148549,2705,9996,183.17,2024-09-05,False
572622,1007,8659,38.99,2024-10-05,False
527455,9748,9882,175.97,2012-09-29,False
802552,8753,4582,128.69,2020-12-15,False
908305,8618,9941,149.16,2013-11-04,False
1129177,4963,9950,270.86,2022-12-24,False
677655,1453,6135,572.8,2024-10-11,False
1063104,7105,8673,12.0,2022-06-15,False
73108,9183,3943,6.93,2016-05-05,False
474948,5692,6840,185.58,2016-06-05,False
1027183,434,9894,525.98,2024-10-17,False
340791,9701,8835,163.08,2022-06-04,False
1287953,8768,5837,178.69,2014-03-18,False
699850,4431,2644,491.89,2020-12-02,False
8653,751,9831,134.38,2024-10-09,False
60010,3116,6240,21.87,2024-08-16,False
83021,9785,7445,150.92,2019-01-29,False
53571,3697,8619,119.69,2023-07-23,False
87232,4636,9659,167.86,2013-04-09,False
565265,8051,8763,8.8,2020-03-30,False
179921,9057,9959,5.11,2021-01-09,False
1277888,8654,9906,152.27,2018-11-30,False
1029366,9760,9904,101.22,2014-07-05,False
1130341,9152,5298,5.58,2013-02-20,False
598570,9794,9761,140.58,2013-02-27,False
568921,9633,9864,170.36,2018-11-29,False
1112464,2595,133,540.15,2024-09-28,False
755962,1529,8860,593.52,2024-10-04,False
658626,4359,8357,834604.8,2022-10-02,False
164296,2707,9895,176.96,2024-08-30,False
1185030,194,5040,35.36,2024-10-14,False
925248,7508,3525,540.84,2014-08-23,False
130815,8598,9464,483.11,2019-12-27,False
1100394,9696,4044,118.33,2020-04-11,False
812813,8169,9824,10.41,2015-09-03,False
769625,9703,2610,125.29,2013-11-02,False
72951,8753,9971,128.69,2020-05-15,False
368538,632,9455,129.22,2024-10-13,False
907364,1304,2515,1862791.6,2024-08-15,False
646237,2612,9969,119.83,2024-07-22,False
1189044,3752,9197,155.38,2013-07-13,False
418188,8442,8311,496.14,2016-02-14,False
1056345,9694,9327,105.93,2012-03-24,False
304649,5014,4349,21.19,2020-01-18,False
506163,9770,3454,188.38,2021-01-23,False
990420,6126,9706,10.94,2012-04-27,False
472893,6145,9856,16.18,2012-08-03,False
469080,4731,9764,137.33,2016-08-10,False
782915,8511,9784,425.58,2021-02-08,False
523220,5135,3533,21.36,2019-12-26,False
1037119,9100,8657,6.98,2017-09-15,False
789949,9145,5471,8.23,2015-11-02,False
1055521,9182,5606,5.46,2020-05-22,False
265245,9715,3030,101.62,2017-01-14,False
1011209,9568,22,465.02,2015-01-02,False
171463,2323,9775,1867.93,2024-07-29,False
1120747,8670,2458,123.61,2017-05-14,False
143378,7194,1284,8.69,2013-07-06,False
832933,5196,4415,11.48,2013-11-13,False
365044,8703,5732,125.29,2024-05-29,False
489709,9747,6745,101.44,2019-08-14,False
1053741,9758,9185,183.74,2012-09-12,False
952491,2068,8441,31.43,2024-10-15,False
527489,9748,3668,175.97,2019-09-01,False
667340,7732,9988,195.63,2018-03-11,False
1295972,580,7484,527.46,2024-10-14,False
813346,2089,4227,31.3,2024-10-02,False
1155205,5433,4639,532.9,2017-09-15,False
1268888,9768,57,161.94,2021-09-08,False
406304,6689,8005,198.41,2021-04-26,False
67817,4418,9337,450.23,2014-09-04,False
434224,174,5336,41.33,2024-10-12,False
1000806,6677,9742,151.33,2013-06-05,False
987352,3146,8601,25.02,2013-08-25,False
488802,4161,8796,17.39,2012-02-14,False
143350,9311,7301,8236.51,2015-06-29,False
39282,1002,8068,35.57,2024-10-09,False
445049,5428,9840,508.45,2014-10-31,False
1152279,9893,7640,239.78,2016-10-06,False
372105,9792,9014,103.69,2016-05-16,False
1081492,1746,9626,182.44,2024-09-28,False
57671,9788,7917,158.57,2019-10-31,False
1111507,5676,9984,164.75,2024-10-15,False
970919,8624,344,134.44,2014-06-02,False
406181,4584,2954,491.17,2021-07-09,False
874028,6170,9445,9.87,2012-12-15,False
528764,3087,3459,16.98,2014-04-18,False
652364,324,6235,553889.8,2024-10-29,False
703210,1509,1127,437.39,2024-10-25,False
19864,9693,8774,159.42,2014-05-12,False
905264,9753,8551,164.69,2024-10-13,False
70304,7112,9128,14.2,2018-10-16,False
558500,5045,7837,21.09,2014-09-26,False
1306724,3669,9531,167.13,2022-09-08,False
1006750,9711,9925,187.85,2021-10-24,False
1312612,2419,253,465.8,2024-10-01,False
499458,4799,7789,166.0,2013-06-20,False
15375,9096,6546,7.99,2013-02-23,False
1001206,9769,2341,191.19,2016-08-08,False
908012,8675,2970,178.66,2024-09-04,False
255965,2407,8520,441.17,2024-10-11,False
368916,9004,9453,7.32,2019-09-28,False
701790,8157,9401,11.09,2024-01-30,False
947749,1164,7970,30.24,2024-10-11,False
665922,9688,6991,167.39,2024-04-29,False
634390,9616,9996,197.78,2024-09-02,False
659223,8269,9956,1123587.8,2013-03-02,False
850353,456,9125,562.04,2024-10-14,False
1077269,7435,9894,586.45,2020-12-08,False
1169059,3522,9993,430.66,2013-11-01,False
482056,3730,6699,150.58,2015-01-29,False
489260,8777,8995,158.17,2016-10-30,False
642587,799,5674,174.19,2024-08-08,False
189153,8183,9175,11.89,2014-07-28,False
1183450,1504,8982,495.95,2024-10-13,False
194432,6755,9475,152.77,2019-05-23,False
389176,6566,9993,470.2,2016-03-16,False
754272,6714,3894,130.58,2012-07-07,False
529829,565,5142,590.04,2024-10-24,False
484770,8607,9103,189.22,2013-07-08,False
1270558,8065,8349,13.96,2019-03-21,False
1138096,5560,7770,427.3,2019-09-24,False
665001,3869,5250,256.98,2018-06-22,False
281182,2545,9102,477.26,2024-10-02,False
311424,3475,7365,476.05,2024-09-16,False
261037,9519,7385,437.2,2024-09-08,False
999111,7456,9179,537.15,2013-08-12,False
1294258,537,8368,463.17,2024-09-30,False
510021,515,980,520.96,2024-10-11,False
536275,9660,9813,179.33,2019-07-13,False
7182,6047,9565,12.82,2016-09-27,False
1277088,7951,7121,389.85,2016-12-05,False
222111,6690,9544,169.58,2016-10-31,False
1210918,5146,9532,11.58,2019-01-27,False
866808,6357,8916,1284076.1,2020-04-03,False
1226253,2589,7187,597.28,2024-09-09,False
9900,7721,9534,133.82,2020-04-25,False
50710,3900,3448,245.8,2020-02-03,False
1262823,5484,5472,564.3,2020-07-11,False
196943,9739,9899,165.66,2021-03-11,False
739506,4573,9103,441.83,2014-12-24,False
637341,9558,2191,461.85,2013-09-23,False
404887,9712,6783,186.19,2016-06-27,False
686351,3520,6375,545.77,2018-03-20,False
927201,9034,8050,5.88,2019-08-25,False
969582,4934,6054,252.8,2020-10-11,False
281698,9989,9985,252.35,2019-03-11,False
529215,1506,3449,489.2,2024-10-03,False
282356,8565,6351,590.58,2015-03-06,False
1128412,9719,6148,161.86,2015-03-12,False
282391,6586,5461,540.26,2013-11-17,False
941892,9711,9222,187.85,2022-07-24,False
379853,2109,6847,25.12,2024-09-22,False
927470,4584,2954,491.17,2017-08-07,False
1220560,9013,6909,9.19,2013-01-16,False
60681,531,9980,420.51,2024-10-18,False
226514,2808,9982,364.14,2024-09-17,False
848280,5417,3924,539.21,2013-11-12,False
374099,9634,9580,136.67,2024-04-04,False
664226,9474,6670,464.98,2023-09-25,False
52383,3635,9963,159.82,2022-08-22,False
69606,9988,8378,340.27,2019-08-12,False
218250,6473,9993,578.95,2022-05-06,False
660768,1144,3724,36.35,2024-10-13,False
260013,3570,9763,460.11,2014-06-24,False
72654,7685,7402,149.72,2019-07-17,False
300850,5684,8486,113.19,2024-07-06,False
281175,5736,3059,129.39,2018-04-04,False
476977,429,9982,409.41,2024-10-21,False
465844,9080,3508,5.89,2013-01-20,False
686354,9409,8432,567.46,2020-09-19,False
285391,4108,9338,13.81,2024-06-24,False
1264252,6115,1115,16.51,2013-05-12,False
823048,5740,1356,137.33,2023-10-31,False
1112338,7459,9069,530.96,2019-04-21,False
190801,8565,6351,590.58,2014-07-01,False
428813,5576,9289,432.36,2020-09-03,False
507857,1533,5463,418.7,2024-10-23,False
1135175,4440,9574,468.83,2015-09-13,False
1146830,6420,7153,536.82,2014-07-30,False
895291,9475,6032,483.89,2017-12-13,False
1041797,5606,1981,148.07,2014-05-17,False
119934,6420,7153,536.82,2024-09-21,False
132638,2442,7563,471.89,2024-09-05,False
981842,7107,7359,13.14,2017-08-04,False
352775,9568,22,465.02,2013-01-03,False
253928,9584,9047,563.7,2014-11-15,False
121364,8598,9464,483.11,2017-03-26,False
481860,815,7807,246.72,2024-10-21,False
154038,9354,4177,8745.26,2014-10-16,False
850745,8443,8530,583.79,2015-03-16,False
120876,8788,7766,153.3,2017-10-06,False
87151,9742,9994,160.02,2020-08-19,False
403616,8510,7572,438.13,2018-10-16,False
202680,6595,6033,432.88,2012-12-01,False
649720,7470,1689,585.07,2017-04-24,False
857025,9653,61,111.58,2016-12-01,False
577241,9944,9986,248.17,2021-10-16,False
1116255,4035,6343,14.94,2017-06-03,False
955290,9067,9467,7.57,2017-07-06,False
924739,9186,9701,6.41,2016-05-19,False
449267,3697,8974,119.69,2023-09-23,False
1086592,7174,6250,8.71,2019-11-21,False
662318,4130,7107,23.1,2022-10-20,False
749173,7012,8743,13.08,2023-02-22,False
300988,3620,855,156.6,2012-03-18,False
60377,9461,9520,598.15,2022-10-14,False
995812,8553,4480,465.3,2018-06-27,False
1091494,8132,7444,10.67,2022-07-10,False
75920,9761,6628,111.16,2013-07-03,False
542121,6516,9433,461.17,2021-11-06,False
914688,3599,9344,412.54,2016-04-28,False
104836,9734,9663,151.13,2016-01-08,False
1063577,7615,9312,180.49,2021-06-14,False
638340,8622,9401,112.36,2016-07-02,False
314829,8569,8773,535.36,2015-09-28,False
965918,8232,9408,5704034.0,2017-09-01,False
994851,3471,9787,573.16,2024-06-03,False
593007,9632,9611,110.36,2022-01-14,False
465110,749,8671,186.0,2024-10-10,False
1135204,8135,7785,10.02,2019-05-11,False
620405,5673,4519,188.27,2020-05-30,False
1007820,1544,484,520.92,2024-10-06,False
1180758,4560,4529,473.32,2018-01-10,False
11776,1771,9976,199.55,2024-10-05,False
1021844,7463,9047,462.79,2017-12-21,False
114363,8721,2146,174.02,2013-06-21,False
476060,2627,9911,161.64,2024-08-31,False
1053237,1763,1613,186.11,2024-10-13,False
1098727,5720,9998,100.41,2021-02-12,False
525737,6764,951,105.75,2022-11-17,False
389866,3012,4413,24.42,2013-11-07,False
108578,9198,9537,5.79,2018-10-07,False
1272979,1647,1936,124.3,2024-10-25,False
201266,8753,4582,128.69,2015-10-07,False
213819,3710,9264,116.04,2022-04-23,False
419086,6697,7650,134.38,2021-07-10,False
747095,7553,2416,467.29,2024-02-25,False
638423,7676,9967,144.71,2018-01-26,False
1144433,9659,1652,191.0,2013-08-06,False
1109533,9773,5554,179.07,2022-10-09,False
249601,4081,2687,17.8,2022-08-04,False
354990,9080,2890,5.89,2022-01-23,False
338955,9656,9505,179.97,2016-08-19,False
756598,5632,9983,110.31,2015-12-17,False
872543,9965,9226,312.1,2013-04-30,False
161121,9935,8176,207.83,2022-11-27,False
851768,2440,6609,464.04,2024-09-27,False
801188,6593,6289,595.54,2012-02-02,False
872467,6090,4001,17.35,2018-06-16,False
1275327,9499,9883,434.76,2015-08-16,False
524017,6624,9984,165.83,2013-08-12,False
165378,9401,8157,588.02,2016-03-09,False
1184013,1670,9885,143.88,2024-10-17,False
131701,5144,5121,16.44,2023-02-06,False
127891,8078,4450,9.97,2016-05-01,False
135121,428,1275,477.33,2024-10-11,False
1314552,9162,9904,5.25,2013-12-20,False
849599,5327,4140,2017905.1,2015-04-29,False
655761,7169,4012,8.57,2022-09-26,False
899503,9607,3416,116.05,2014-03-29,False
49544,1194,2989,23.81,2024-09-20,False
173329,8736,9738,127.91,2017-08-02,False
1096572,8557,7552,551.04,2016-09-14,False
65616,3537,1447,522.61,2012-10-09,False
249134,9592,88,476.11,2017-02-19,False
897627,8580,8365,511.44,2018-10-22,False
928163,7105,8915,12.0,2013-05-07,False
987410,3539,2635,572.28,2023-04-18,False
592548,9141,6486,6.21,2013-09-20,False
1075606,6425,573,444.57,2012-09-07,False
24354,5710,9598,186.33,2023-12-01,False
131354,2500,9155,552.64,2024-09-20,False
138737,5453,9421,590.71,2016-05-08,False
1282694,8761,8826,103.8,2013-08-25,False
984669,8695,3406,145.05,2022-12-25,False
774334,5766,7296,142.55,2016-09-30,False
63591,9748,6913,175.97,2024-06-26,False
285119,5494,6098,587.95,2021-05-08,False
1276269,1514,9998,477.73,2024-09-18,False
855541,4518,4052,420.23,2015-12-08,False
345594,7554,8992,518.17,2024-06-18,False
1064219,3414,5262,562.09,2024-09-16,False
1018025,1413,5120,503.42,2024-10-17,False
800254,6092,1671,16.06,2013-07-21,False
1162910,495,2515,592.45,2024-10-19,False
1240342,8618,7573,149.16,2022-10-22,False
286663,8056,5565,8.54,2023-01-10,False
728553,1764,9401,158.61,2024-10-09,False
952960,7193,2792,11.47,2014-12-27,False
575030,9634,8040,136.67,2023-03-19,False
379573,5039,9737,17.04,2017-06-22,False
961041,8074,9721,11.34,2020-11-29,False
1032291,5079,7214,11.13,2021-03-07,False
526162,2572,477,406.23,2024-09-02,False
232883,9633,8106,170.36,2013-12-06,False
609148,7418,8783,483.11,2023-02-24,False
191905,5483,3218,517.14,2015-01-15,False
846728,8105,9435,11.54,2021-12-21,False
137307,2790,2772,192.58,2024-06-24,False
684806,8663,9830,128.3,2015-10-05,False
1093047,6461,9344,420.42,2021-12-08,False
710338,5417,3924,539.21,2014-07-04,False
819547,8714,7578,137.05,2016-10-29,False
70039,9857,8057,226.52,2024-09-14,False
778433,5871,2091,393.48,2019-11-24,False
1184874,5993,5460,213.86,2017-06-30,False
534697,3428,9983,504.2,2024-09-07,False
366267,5029,9080,22.08,2020-07-12,False
1047232,3538,6592,555.9,2017-06-25,False
1290123,9399,5254,21474836.0,2016-02-27,False
67716,4712,3835,191.36,2014-09-02,False
933967,7793,2427,182.8,2015-05-12,False
915771,2677,8699,181.86,2024-08-27,False
311028,8294,3486,47891.87,2016-08-18,False
367192,9037,9775,9.21,2018-08-31,False
813240,7040,6351,11.78,2013-03-16,False
884265,2120,9247,22.19,2024-10-01,False
499552,9451,9883,504.35,2019-04-29,False
357419,9109,8907,8.1,2018-11-05,False
1218696,6409,9433,583.78,2022-07-15,False
732245,9794,4422,140.58,2023-04-19,False
1171000,6164,7469,12.9,2016-12-21,False
485847,8731,5594,166.69,2022-09-20,False
543347,3845,1214,231.55,2014-07-19,False
595723,8725,6806,185.8,2024-01-12,False
736334,4776,3495,163.57,2021-01-18,False
1309624,9681,2678,128.88,2014-10-21,False
602888,9699,3458,180.38,2013-09-26,False
509251,9789,6433,118.95,2015-12-10,False
1011533,8449,6175,508.08,2014-10-25,False
361587,4115,9698,23.99,2024-05-26,False
1093514,2285,8475,7586529.5,2024-10-03,False
412875,4295,1175,14650.61,2018-02-25,False
967419,5524,8256,442.2,2024-09-27,False
850566,8084,9781,11.3,2024-09-27,False
281955,3109,1599,15.45,2024-09-11,False
312668,9662,8763,115.23,2023-07-08,False
809787,1671,8685,166.32,2024-10-17,False
1086023,6191,8405,10.94,2022-03-09,False
737220,8767,9560,160.72,2020-02-10,False
148471,2455,1149,566.02,2024-09-04,False
553006,8777,6752,158.17,2012-11-14,False
974290,7649,9003,179.14,2019-03-23,False
1034996,8068,7965,9.79,2015-06-14,False
816385,7773,9869,127.05,2015-10-08,False
241220,9020,9440,9.54,2013-02-22,False
882328,5866,2876,209.14,2023-05-13,False
804009,5770,9744,128.47,2020-10-26,False
739710,9744,7890,162.21,2017-07-30,False
416550,3769,4663,158.72,2023-05-17,False
194684,8102,9657,8.29,2015-06-24,False
769429,5799,6320,130.75,2017-03-19,False
130444,4179,9984,15.77,2024-08-09,False
54941,9028,6717,7.58,2020-07-09,False
14891,9711,480,187.85,2016-11-09,False
1257654,1731,6085,102.43,2024-10-17,False
489073,8514,5066,497.26,2016-11-10,False
333302,6141,9449,13.84,2014-08-12,False
81171,1461,8451,498.07,2024-10-11,False
923929,525,8919,458.52,2024-10-21,False
303488,5694,278,184.94,2015-09-06,False
319091,5011,8744,12.92,2020-12-19,False
946216,1150,3198,19.32,2024-08-17,False
1122551,7769,8499,180.41,2017-10-20,False
714816,2711,4793,106.41,2024-08-07,False
22560,6167,9926,15.0,2020-02-27,False
803917,3208,5416,1328015.2,2022-07-29,False
1272309,7424,9652,435.85,2021-07-18,False
901843,4421,8542,501.52,2020-10-12,False
425280,5642,8631,186.21,2019-02-09,False
21715,530,5168,598.59,2024-10-11,False
728831,2747,6371,137.66,2024-09-14,False
859100,7196,4601,16.08,2022-05-29,False
1148043,1659,9659,175.72,2024-08-29,False
1279526,1522,4131,497.33,2024-09-16,False
541324,7619,3745,101.52,2018-04-18,False
86462,7567,7992,474.95,2015-10-13,False
357333,9171,8861,7.91,2020-08-21,False
302529,6165,9872,14.05,2016-03-23,False
36884,2026,1062,32.98,2024-09-17,False
594872,9899,9982,363.36,2014-04-17,False
266854,1554,2855,446.85,2024-10-14,False
15314,4778,1630,163.86,2019-04-19,False
680116,5159,8621,14.83,2020-10-07,False
979120,1758,1004,141.77,2024-10-09,False
196949,9739,521,165.66,2021-05-29,False
159488,580,7484,527.46,2024-10-14,False
687020,9148,9425,8.24,2023-09-08,False
373678,7181,2179,15.06,2023-06-14,False
630636,1535,6265,465.35,2024-10-16,False
403755,1648,6107,190.5,2024-10-07,False
1033672,9616,1827,197.78,2015-08-03,False
475673,2534,4551,597.65,2024-09-19,False
755817,7187,9554,13.55,2012-12-08,False
17283,2188,9576,23.08,2024-09-24,False
970492,710,5451,163.19,2024-10-09,False
23561,3499,9960,411.04,2020-01-28,False
241514,7577,9257,507.17,2018-08-18,False
932822,129,9655,40.35,2024-10-02,False
729197,438,8589,476.67,2024-10-10,False
1316836,9055,4776,9.6,2019-10-13,False
142442,2649,8460,155.97,2024-08-31,False
1202629,9194,6588,7.41,2020-02-28,False
642592,3711,7398,191.25,2019-10-10,False
554707,7215,447,516469.78,2019-01-19,False
85915,422,7153,543.44,2024-10-11,False
711917,4566,5261,492.67,2018-10-02,False
543866,8497,8244,503.2,2018-10-20,False
145596,1660,1855,142.55,2024-10-11,False
577527,2926,8189,203.33,2024-07-10,False
1299528,4444,4708,513.33,2022-10-02,False
10069,2754,3161,194.32,2024-09-13,False
384491,1550,660,579.3,2024-09-30,False
425914,8494,9224,550.08,2023-08-07,False
142485,9085,9003,5.66,2017-02-20,False
654669,6041,9975,14.65,2015-07-20,False
798492,8348,1928,1043652.9,2016-04-25,False
1020200,1095,9999,23.81,2024-10-23,False
234362,3425,9036,437.61,2012-05-29,False
264452,9650,6480,186.11,2024-04-29,False
773751,2192,6561,31.89,2024-09-28,False
1121870,9617,8969,131.91,2012-03-06,False
1011459,9683,9358,108.62,2013-03-29,False
1226231,8672,9372,128.44,2013-12-19,False
975301,9784,1609,168.92,2017-11-16,False
860476,3549,5495,599.13,2023-08-13,False
265766,9625,9884,199.88,2024-02-24,False
1055180,9653,2337,111.58,2012-12-14,False
595652,6638,9055,112.81,2016-03-28,False
115301,9639,9798,190.83,2017-12-03,False
543172,8139,2743,12.21,2014-07-27,False
99608,8659,1951,169.41,2019-05-13,False
707643,6602,4769,131.77,2013-07-27,False
445122,9753,7664,164.69,2014-10-27,False
621190,5773,292,141.55,2022-07-08,False
683644,2762,9020,143.14,2024-09-14,False
259166,858,2735,340.67,2024-10-11,False
3927,525,8919,458.52,2024-10-21,False
508287,9488,7022,490.26,2020-06-03,False
1187107,2438,8442,429.11,2024-09-11,False
1179582,9736,8326,141.24,2012-03-24,False
1183584,5103,8234,19.89,2016-08-26,False
1006776,7006,4379,15.4,2022-02-15,False
1244628,7853,7255,347.8,2019-02-24,False
1142822,4742,3827,119.33,2022-04-18,False
919808,9197,9885,6.8,2017-08-14,False
1096610,4548,9796,410.2,2018-12-15,False
462225,9739,5307,165.66,2014-03-01,False
154249,3960,9861,241.38,2013-02-15,False
251964,9188,8028,5.85,2016-03-15,False
761992,6529,8432,427.86,2019-12-31,False
660484,9650,9192,186.11,2015-07-28,False
767063,3687,8398,179.38,2023-07-09,False
237170,3468,7032,546.79,2017-01-31,False
659606,8116,1476,9.11,2022-07-26,False
434319,9766,5649,108.37,2017-07-24,False
646606,7151,218,11.5,2024-10-24,False
1190416,9466,7781,599.57,2017-02-12,False
782768,631,9108,178.82,2024-10-14,False
616640,9566,8432,556.5,2021-01-30,False
1216037,9636,6258,197.94,2024-02-22,False
1163949,8553,4480,465.3,2014-08-09,False
288331,3445,4383,565.33,2018-06-18,False
314084,6062,3979,18.1,2014-01-06,False
1079064,9781,9225,145.58,2022-07-02,False
1070971,7040,1539,11.78,2016-04-19,False
1193446,9748,8243,175.97,2020-05-26,False
66320,4411,7233,528.64,2013-02-23,False
1134048,5446,3691,491.39,2015-08-16,False
690187,9198,8431,5.79,2019-10-26,False
400058,4756,7966,196.74,2021-02-04,False
136578,9637,2311,104.5,2013-02-16,False
27350,1422,6274,512.98,2024-10-09,False
1163202,3109,1599,15.45,2024-09-11,False
198002,9775,9794,147.67,2017-02-18,False
415552,7691,9967,181.86,2021-04-23,False
1028404,9672,2656,179.36,2024-07-29,False
478624,9640,9927,184.66,2024-06-16,False
1245829,9709,9991,176.14,2014-10-16,False
478281,2162,7059,25.76,2024-10-03,False
480969,3578,9078,457.42,2017-10-31,False
1004279,1028,5344,35.82,2024-10-08,False
523853,8581,7363,480.51,2020-11-22,False
153468,3097,2911,15.79,2024-09-05,False
1133742,4014,6855,20.11,2015-06-29,False
449953,2753,3421,109.95,2024-07-31,False
883257,9726,8086,147.44,2017-12-27,False
231861,9054,6793,7.91,2012-06-20,False
983800,3733,8051,112.98,2021-03-25,False
967650,3476,4361,534.09,2024-09-21,False
688577,7521,8443,426.05,2014-02-01,False
1170178,8572,6375,417.41,2021-01-15,False
1224881,597,8165,552.4,2024-09-11,False
181577,8719,7405,131.94,2021-07-17,False
375238,9132,8137,8.23,2012-03-03,False
1309858,1459,8398,511.66,2024-10-03,False
622486,7005,9158,15.74,2021-03-19,False
912533,9159,7289,9.33,2024-08-23,False
463227,4011,6390,13.62,2015-03-29,False
1257019,6764,9963,105.75,2014-10-09,False
8827,8767,720,160.72,2012-07-23,False
688231,5439,2623,518.54,2018-11-11,False
624951,3621,2215,140.42,2019-07-15,False
1244798,8013,3384,11.26,2020-09-12,False
647985,6482,9971,443.54,2021-07-18,False
1281858,9790,907,138.44,2015-11-06,False
734956,4108,9338,13.81,2014-03-04,False
552277,6706,9901,114.3,2024-08-18,False
1128829,4102,5957,21.95,2013-08-14,False
1086249,5036,8132,20.89,2012-07-05,False
39966,4465,9488,426.27,2013-08-01,False
106268,3537,1447,522.61,2023-01-01,False
955276,4623,8082,186.33,2023-04-28,False
722940,1609,5572,165.33,2024-08-15,False
957565,8115,4754,10.51,2016-02-19,False
278914,9710,9996,133.83,2014-09-19,False
427941,6056,7070,10.96,2019-07-18,False
884228,8557,7552,551.04,2014-08-16,False
119176,6772,2665,131.27,2016-02-16,False
88522,5744,4918,175.42,2024-10-24,False
720711,765,819,176.53,2024-10-21,False
345675,8120,9284,9.07,2012-05-31,False
667518,489,9354,546.85,2024-10-16,False
191534,4671,2009,109.12,2016-03-22,False
1294136,9663,9275,122.91,2013-03-20,False
537438,750,9426,125.45,2024-10-10,False
788845,9617,9059,131.91,2014-01-26,False
180326,5443,24,593.17,2022-04-30,False
606247,4742,3827,119.33,2024-06-18,False
1034245,1129,7967,24.03,2024-10-22,False
299710,6521,8993,588.85,2016-10-27,False
321734,5555,7143,562.53,2012-10-08,False
48311,8696,9844,171.83,2024-05-07,False
749313,9729,3024,103.44,2015-10-25,False
53889,9652,675,111.47,2015-04-04,False
168800,484,9630,584.58,2024-10-23,False
525407,5273,9532,248514.89,2014-05-18,False
1226861,9188,8736,5.85,2013-02-06,False
883136,4725,9222,188.58,2014-12-16,False
755708,3101,7413,23.76,2024-09-20,False
780353,8546,8321,541.84,2019-12-21,False
623133,8478,7131,548.79,2016-05-13,False
382701,8653,8573,143.74,2013-12-05,False
1045004,6463,4590,532.82,2014-01-27,False
976370,2736,9828,136.97,2024-08-16,False
1029485,3696,4319,129.17,2022-11-27,False
308734,6179,8506,17.16,2020-11-28,False
696377,4722,9945,179.44,2017-05-12,False
142785,6056,9298,10.96,2019-10-10,False
1308973,9789,2422,118.95,2020-04-30,False
927549,7112,8659,14.2,2024-01-27,False
48073,2449,2722,475.76,2024-09-24,False
1155088,7132,1346,10.0,2018-05-20,False
1077323,4531,4639,481.07,2018-01-17,False
742197,2633,6128,116.56,2024-09-26,False
17590,5104,7971,16.5,2020-04-22,False
330835,3125,5167,24.63,2024-07-02,False
423951,2425,4806,424.89,2024-09-30,False
79737,9799,3972,138.71,2012-10-12,False
587099,2434,6861,456.57,2024-08-12,False
735167,4037,2284,16.12,2021-03-26,False
823260,8777,8751,158.17,2017-08-10,False
178086,5533,2304,434.82,2012-06-05,False
816901,7668,6165,108.41,2012-07-29,False
780435,5051,8077,20.74,2015-05-09,False
428027,7054,8718,10.24,2023-06-23,False
612732,9158,9226,5.56,2012-05-20,False
1240759,5158,9486,14.2,2021-09-16,False
321995,5458,4606,439.07,2021-12-17,False
840068,4090,8606,23.4,2019-07-08,False
401319,6036,6019,19.62,2012-02-28,False
1226754,708,9882,135.3,2024-10-07,False
341922,467,6906,586.85,2024-10-22,False
65367,8523,8651,448.8,2021-06-18,False
538164,5656,9458,165.5,2017-03-27,False
283287,432,9822,406.48,2024-10-22,False
269042,1041,9726,24.56,2024-10-05,False
1287191,7115,2626,14.44,2021-01-31,False
124475,6405,376,476.64,2013-05-18,False
418330,7450,8875,415.14,2020-10-20,False
541897,6906,672,217.22,2014-08-19,False
1317815,9610,9114,146.39,2013-03-14,False
213216,6412,6592,569.65,2012-09-04,False
792284,9700,4374,167.86,2018-03-14,False
45019,3471,9787,573.16,2024-06-03,False
729084,9606,7946,174.96,2014-12-05,False
530339,6517,6176,434.44,2017-08-31,False
1009809,4685,9538,178.83,2020-04-20,False
301306,3743,8835,144.99,2021-07-06,False
1166277,6667,9899,197.19,2021-12-16,False
429647,1329,9614,30316.17,2024-08-14,False
310844,9461,9520,598.15,2024-03-31,False
543893,947,4032,310.08,2024-10-15,False
991929,396,5359,3421772.2,2024-10-17,False
515414,6531,2522,558.46,2012-07-02,False
684351,8648,9147,106.29,2012-03-20,False
1044677,9069,6851,6.64,2017-06-26,False
278388,3750,9216,121.06,2024-08-24,False
653570,6408,8721,557.15,2019-11-05,False
1206493,4579,8178,574.53,2013-09-14,False
1260860,2593,9992,589.91,2024-09-18,False
183558,6783,9928,152.88,2016-12-19,False
989215,9991,9861,365.57,2012-06-01,False
1186590,3505,6197,499.54,2022-01-14,False
846522,6046,9595,19.33,2016-06-20,False
492066,7433,9650,517.15,2015-02-12,False
443012,8429,7351,453.51,2013-04-25,False
1278040,7064,6777,12.26,2014-08-18,False
1118423,9655,7069,107.23,2023-06-20,False
569014,8899,9331,277.89,2018-07-22,False
319195,9604,8751,102.51,2017-03-02,False
1084124,8610,4305,126.72,2013-02-13,False
241113,9402,9201,461.73,2017-10-30,False
535076,9558,2191,461.85,2016-04-22,False
428613,2746,9957,133.13,2024-10-01,False
121298,9117,4307,7.47,2024-05-14,False
60155,7781,2353,166.97,2012-03-11,False
131554,9080,3865,5.89,2019-01-02,False
531826,6478,9861,585.09,2020-06-01,False
108985,5468,9908,444.17,2015-06-04,False
960482,6077,7151,14.48,2018-06-20,False
703894,9734,7467,151.13,2022-12-06,False
1260884,4458,9630,543.86,2014-05-01,False
1190943,9719,4830,161.86,2012-06-02,False
791911,9674,4150,134.86,2022-03-30,False
825639,9162,6831,5.25,2022-03-22,False
541872,4674,9205,176.19,2013-08-29,False
238365,4078,9190,19.46,2015-04-11,False
845948,8408,5195,478.77,2021-08-15,False
960381,6479,9653,496.86,2014-10-11,False
127158,9114,9676,5.03,2023-04-13,False
1157453,6696,1392,124.97,2019-01-21,False
899418,5124,4314,19.59,2017-07-20,False
337012,3497,5283,515.28,2021-12-08,False
692347,1570,8552,589.03,2024-08-23,False
917232,9060,7475,5.34,2014-04-26,False
1307129,5708,4378,190.42,2013-03-09,False
809085,7534,3816,548.73,2021-03-08,False
453975,1452,2922,427.73,2024-10-04,False
1281580,7692,3722,107.62,2012-04-22,False
34552,9150,6943,8.34,2016-08-04,False
1305549,9563,9388,414.61,2015-11-01,False
314313,3449,441,470.42,2012-04-03,False
317959,3598,7896,501.32,2012-08-27,False
1082972,6087,3946,10.98,2013-05-02,False
386555,9603,7733,109.08,2017-12-31,False
1019736,6604,7890,163.8,2023-02-27,False
277633,2400,2799,452.42,2024-10-06,False
209370,3163,3677,17.08,2015-09-09,False
1145504,9729,6773,103.44,2022-08-14,False
349470,9139,4634,8.53,2017-01-05,False
819317,9716,9456,101.77,2014-12-14,False
315362,6701,6356,174.24,2023-09-04,False
396552,2106,9567,21.41,2024-10-07,False
220133,2334,9992,16456.75,2024-10-14,False
23499,8026,3367,10.19,2022-04-22,False
484853,1598,9147,404.77,2024-08-17,False
1171205,8780,8762,109.8,2022-08-01,False
1014246,523,7044,472.45,2024-10-24,False
393975,5165,3263,12.26,2015-03-21,False
786284,9653,9639,111.58,2014-03-08,False
535945,5644,9958,107.79,2019-05-09,False
275494,9136,6780,8.9,2012-07-26,False
1082982,7522,9773,569.79,2017-05-13,False
1036941,4821,5706,319.01,2019-01-12,False
463811,2350,7139,327640.94,2024-10-03,False
429766,9842,9265,236.41,2013-04-02,False
279832,2520,7907,555.22,2024-09-26,False
611174,3508,6055,482.01,2024-01-17,False
1241186,6199,7114,16.66,2016-05-22,False
1040891,8133,3219,11.1,2014-01-04,False
1250057,1549,7068,400.29,2024-10-14,False
79593,8047,5245,13.98,2022-01-09,False
899556,9616,7645,197.78,2013-10-04,False
551559,5669,910,172.39,2020-12-27,False
686441,9954,8498,285.5,2022-12-20,False
351683,9591,8850,500.36,2017-03-14,False
1311936,3558,9982,506.98,2013-02-22,False
246126,5715,903,166.66,2018-07-01,False
680797,9059,9761,8.98,2020-02-19,False
518499,9493,9388,547.66,2022-08-08,False
991828,1689,6350,121.05,2024-07-17,False
757955,8156,9047,8.86,2018-02-14,False
486456,1512,2336,421.98,2024-08-21,False
993990,3473,7862,563.27,2022-08-10,False
468598,3037,8630,20.96,2024-09-03,False
218966,5432,9613,494.79,2012-06-03,False
221930,1613,7121,152.24,2024-10-09,False
64745,9749,230,127.41,2017-07-13,False
1200129,7700,9859,110.59,2023-01-19,False
256547,8071,9172,8.8,2021-10-28,False
1293537,7733,307,102.44,2020-09-17,False
557638,9834,6873,200.63,2022-12-14,False
494930,9405,7244,485.1,2024-10-27,False
951916,7133,8485,10.62,2015-12-24,False
624784,4083,396,16.46,2018-06-05,False
849637,1431,532,420.35,2024-10-17,False
845802,2198,9812,24.02,2024-10-02,False
208423,3491,9870,407.14,2024-07-20,False
221695,437,7495,469.32,2024-10-10,False
883311,9781,5758,145.58,2012-05-25,False
807885,5101,8881,21.36,2022-06-27,False
691609,3001,8990,25.54,2024-08-30,False
1245227,9155,9565,5.22,2014-11-12,False
304762,2542,7395,461.26,2024-08-27,False
394599,3611,5591,111.29,2019-08-27,False
763568,9184,9548,5.87,2024-06-04,False
886967,6024,9967,19.84,2016-06-22,False
157901,6754,7669,133.47,2018-09-04,False
38630,8712,5182,153.69,2017-07-01,False
277425,1133,8432,25.18,2024-10-15,False
1157156,7525,7385,584.9,2016-12-20,False
1295926,453,8870,583.38,2024-09-16,False
339067,9543,9246,493.51,2014-05-02,False
350437,6131,7842,15.04,2019-07-03,False
986574,9603,9924,109.08,2016-11-13,False
479918,7978,9266,367.42,2015-03-26,False
1095524,7579,8365,588.71,2019-07-18,False
701030,5717,3202,192.57,2015-11-04,False
120981,8436,9289,532.44,2015-09-08,False
1149259,9726,6206,147.44,2022-06-09,False
95317,3032,2645,22.32,2024-07-10,False
1054006,3540,9851,554.85,2018-11-17,False
864499,1675,9229,175.41,2024-10-17,False
812545,7426,9762,445.98,2015-12-17,False
473911,4628,5142,193.3,2016-06-23,False
81188,9731,7678,150.02,2015-11-26,False
308039,4788,6235,100.73,2019-12-14,False
690727,4587,7780,401.04,2021-05-09,False
1199320,5419,2711,586.76,2016-08-17,False
973339,2301,528,5816979.5,2024-08-02,False
883557,8686,3800,122.06,2013-10-11,False
1201824,1286,9445,7652220.0,2024-08-16,False
90012,8571,8794,501.02,2016-09-08,False
457625,2438,8442,429.11,2024-09-11,False
1116533,9611,9729,112.83,2020-02-12,False
1295625,8724,9760,133.14,2014-04-26,False
747333,6022,1206,12.25,2012-07-13,False
585589,1087,8028,26.56,2024-10-23,False
1079541,1534,7076,440.05,2024-09-30,False
1282455,9745,7702,184.44,2023-10-16,False
942461,6463,4590,532.82,2013-01-29,False
773823,743,6941,152.44,2024-10-21,False
382687,969,9455,394.36,2024-10-09,False
76309,7125,9973,9.65,2018-08-12,False
711671,3463,2458,402.73,2024-08-04,False
1045083,8708,9146,171.0,2018-01-11,False
427635,5515,7462,552.55,2015-05-24,False
989451,9464,2191,463.45,2021-12-25,False
390970,741,3545,136.86,2024-10-14,False
897481,5694,8523,184.94,2017-09-17,False
951237,5551,1711,476.95,2015-10-20,False
176728,8121,6676,11.89,2022-11-20,False
1060731,550,143,428.45,2024-10-14,False
11812,3676,5983,132.13,2022-06-25,False
1257426,9966,9985,376.76,2015-01-05,False
131626,1675,8709,175.41,2024-10-17,False
194463,4092,9540,19.31,2016-05-04,False
752194,9988,9980,340.27,2021-11-25,False
1267156,5847,7297,260.5,2014-12-22,False
483188,538,9599,448.57,2024-10-17,False
750112,9726,9715,147.44,2022-02-24,False
280604,8519,9422,550.28,2013-06-23,False
1205850,1417,8266,481.0,2024-09-26,False
13425,2444,7582,438.32,2024-09-29,False
3853,9775,9911,147.67,2015-10-27,False
404571,7461,9158,543.35,2014-02-26,False
252617,9767,7125,127.0,2018-10-21,False
665160,3116,9609,21.87,2024-08-16,False
1305653,3028,4781,21.01,2024-09-20,False
886021,607,2042,110.19,2024-10-21,False
478501,4718,1721,171.86,2019-06-18,False
1143635,2599,8909,419.32,2024-09-02,False
695417,5789,2595,146.24,2020-04-07,False
594534,8744,4112,174.22,2023-05-22,False
725555,5754,1440,117.83,2021-12-02,False
350606,4059,8821,16.83,2022-08-18,False
248178,9184,4568,5.87,2015-12-05,False
1140614,8091,4577,7.81,2016-07-25,False
1141588,3500,1326,476.51,2023-11-05,False
955081,3691,8238,102.41,2018-02-09,False
8913,9614,9992,114.73,2019-02-21,False
347688,8083,8433,11.44,2021-04-02,False
961213,8404,8420,509.54,2023-03-30,False
828337,6438,9740,475.75,2016-10-18,False
93606,4531,4639,481.07,2018-09-20,False
1222544,159,9805,39.15,2024-10-11,False
140910,6742,8731,124.59,2024-02-22,False
361171,2048,9376,29.55,2024-09-16,False
858566,1168,1331,21.94,2024-10-17,False
1304218,3444,9861,592.59,2024-08-26,False
203948,9649,9680,192.25,2024-05-19,False
895887,5189,9711,15.48,2019-09-18,False
523357,6190,6325,16.65,2021-05-28,False
23559,5924,9575,324.58,2023-09-08,False
1177896,8400,7056,498.92,2014-02-08,False
675314,7596,6011,540.0,2017-07-06,False
990233,1536,8222,422.61,2024-10-21,False
528631,9028,7131,7.58,2016-12-24,False
78088,3659,6560,171.05,2021-09-07,False
770308,1385,2501,1759043.6,2024-10-28,False
671985,7728,9355,162.22,2019-04-09,False
216236,4119,6099,21.18,2021-09-27,False
210238,9751,6374,128.78,2017-04-12,False
1107029,5680,9412,188.25,2017-09-17,False
694907,4736,685,181.96,2014-03-30,False
478106,7517,4580,401.45,2016-11-29,False
975982,4401,2779,571.77,2020-03-11,False
339897,6126,9706,10.94,2021-08-28,False
1007594,5494,6098,587.95,2021-03-31,False
71307,1948,7991,368.66,2024-09-13,False
86922,8731,8177,166.69,2016-04-23,False
587729,8309,9987,144960.8,2017-12-27,False
20732,4538,6372,575.59,2018-09-11,False
288651,3188,9999,16.26,2022-04-24,False
682704,4547,5442,559.09,2016-08-14,False
888974,4684,3889,136.17,2020-02-06,False
290373,8611,9841,120.81,2023-12-28,False
1062493,4694,4030,133.55,2020-01-07,False
303117,7643,9843,119.13,2016-10-18,False
1276381,9122,9985,5.51,2012-06-13,False
399832,8746,2838,156.72,2013-12-23,False
142719,9677,7674,149.38,2014-06-21,False
972427,8464,8154,505.08,2021-09-20,False
215839,8544,9664,445.39,2016-03-18,False
1053997,1609,9961,165.33,2024-08-15,False
605467,7157,8801,9.51,2018-07-13,False
7167,4140,4852,17.03,2022-11-30,False
190854,8153,8003,13.01,2023-11-01,False
47519,3689,7915,185.46,2022-02-18,False
525796,439,8332,555.28,2024-10-05,False
1310361,3366,4417,21474836.0,2014-02-19,False
521993,2031,6085,22.17,2024-09-12,False
290864,7630,8831,144.97,2020-11-01,False
805003,9165,3991,5.01,2017-10-24,False
1294785,4546,5828,497.85,2024-05-17,False
396586,3409,5185,548.47,2024-04-26,False
1166305,9434,4382,585.29,2023-10-14,False
730078,42,7262,93.37,2024-10-14,False
160799,681,1637,170.88,2024-10-04,False
209149,3469,2944,530.17,2024-09-04,False
867836,8500,9014,579.21,2015-07-21,False
1208894,6644,8140,155.66,2023-03-22,False
373142,9115,7040,5.57,2016-12-24,False
1093286,1705,2425,176.74,2024-10-17,False
738142,9091,9477,7.27,2023-12-22,False
633471,9147,9950,6.49,2017-01-22,False
303175,6749,9338,152.66,2015-08-24,False
1073262,6013,9963,14.43,2015-03-29,False
1315359,9447,4293,520.83,2018-10-15,False
806808,8010,8519,13.77,2023-10-13,False
721642,9159,3427,9.33,2012-09-18,False
905759,2668,3781,132.36,2024-08-17,False
484349,8745,1528,127.45,2021-09-03,False
284509,1757,3925,161.35,2024-09-17,False
947392,3544,9344,533.22,2022-03-19,False
430383,3555,551,566.15,2017-02-09,False
566475,446,2655,424.85,2024-10-15,False
126152,800,1753,303.05,2024-08-14,False
332466,8147,3634,13.31,2018-07-07,False
439351,8413,8255,593.28,2019-02-19,False
1031447,9727,719,130.36,2012-10-03,False
250955,7581,5154,413.08,2019-03-31,False
737035,7436,9993,420.16,2019-07-15,False
276144,4715,4393,135.14,2020-12-01,False
648958,8536,9752,548.94,2023-12-04,False
238910,7790,213,184.17,2020-09-28,False
122932,8021,9299,7.21,2019-02-12,False
1143675,6436,9766,478.3,2012-03-29,False
1276453,4484,7708,408.39,2020-04-03,False
964516,9762,9959,103.43,2022-08-17,False
750250,7468,4837,438.02,2018-03-04,False
1046257,68,6667,52.52,2024-10-21,False
88986,8198,4012,11.23,2014-06-03,False
375358,1084,2988,36.59,2024-10-09,False
1144205,8136,8245,13.8,2012-09-17,False
913139,9626,3680,115.29,2019-06-27,False
1189151,7704,976,149.86,2016-07-11,False
1221492,5767,6289,173.77,2016-05-17,False
1138198,4572,9960,529.55,2024-01-17,False
831360,5757,3098,193.13,2021-04-28,False
499620,4161,8796,17.39,2012-08-13,False
800284,9078,5590,6.11,2023-04-21,False
297411,6725,3609,178.66,2021-08-11,False
1135177,425,3412,597.34,2024-10-22,False
607567,1660,9993,142.55,2024-10-11,False
1269554,9034,8039,5.88,2012-03-02,False
891386,3034,3658,15.44,2024-09-09,False
717815,7704,9491,149.86,2023-08-19,False
405975,5547,3804,556.67,2013-01-02,False
601808,3480,6451,562.3,2024-03-19,False
1037545,4192,9939,20.1,2021-09-24,False
756622,5359,9956,924190.75,2016-08-03,False
1074286,603,9960,125.66,2024-10-11,False
1248490,442,8594,522.02,2024-10-21,False
626786,4171,7881,15.59,2018-04-26,False
720839,8772,9854,190.61,2019-07-02,False
816583,8646,7212,157.08,2021-11-30,False
311995,8680,8715,139.82,2015-05-28,False
265048,8407,5472,446.05,2012-12-20,False
241328,9784,635,168.92,2023-01-05,False
174650,7723,1873,124.97,2020-06-17,False
1055386,5466,9685,500.66,2018-08-14,False
751038,3420,9796,452.02,2012-02-02,False
768960,2072,7178,23.19,2024-10-10,False
15359,7436,9993,420.16,2018-02-05,False
131988,7196,1921,16.08,2017-11-22,False
174014,1491,7829,555.71,2024-10-14,False
1297162,7182,7749,16.11,2013-07-10,False
261348,3516,7871,504.95,2019-08-03,False
734692,3190,7213,15.07,2024-04-05,False
813962,8140,8841,12.4,2022-03-19,False
656063,7130,9673,14.48,2012-03-31,False
802696,4016,715,15.66,2023-04-27,False
137183,7669,9676,153.08,2015-08-07,False
623947,1622,7118,180.52,2024-10-18,False
1133763,9755,4012,104.26,2014-02-09,False
1305247,3599,9344,412.54,2019-04-08,False
63494,1038,3186,28.23,2024-10-16,False
945707,5010,3767,15.34,2014-11-13,False
880766,9085,8762,5.66,2017-10-15,False
66852,4111,9712,20.53,2022-11-28,False
472533,6567,8673,595.34,2013-09-26,False
53454,8002,6367,8.22,2014-06-07,False
152967,8731,2972,166.69,2017-08-26,False
14063,8199,6915,8.85,2014-02-25,False
1208114,5024,5894,16.76,2024-04-01,False
112948,3741,6183,161.49,2012-03-15,False
507792,6941,9564,388.05,2019-09-27,False
274089,4609,7261,189.19,2020-09-11,False
132584,8630,9997,103.79,2015-09-22,False
255128,4444,4708,513.33,2012-02-02,False
563550,298,9868,631508.56,2024-10-19,False
1121867,9617,9537,131.91,2016-02-16,False
1235030,2496,880,553.38,2024-06-27,False
135763,7168,7437,8.9,2022-03-06,False
473723,9695,4491,144.41,2014-05-06,False
1138276,8489,9135,457.67,2017-11-03,False
318171,2207,4045,38600.58,2024-10-16,False
989547,2780,6540,165.08,2024-09-20,False
376088,6778,5722,178.64,2023-12-23,False
1195114,9068,8408,6.65,2014-10-05,False
713054,729,9539,139.64,2024-10-22,False
1005925,1620,5155,103.66,2024-10-27,False
462588,7756,7871,131.53,2023-06-02,False
734294,2620,4754,110.7,2024-09-24,False
1263376,8641,9066,112.47,2016-10-12,False
775260,2723,8330,163.52,2024-08-20,False
65601,8440,5298,466.26,2018-09-03,False
949045,9114,7726,5.03,2020-03-08,False
1224599,3451,9058,567.46,2024-03-27,False
518613,1055,1860,21.55,2024-09-27,False
537912,8059,4321,11.62,2022-09-12,False
1149650,4151,3490,13.76,2022-07-18,False
578792,5428,9840,508.45,2022-04-14,False
346439,8668,4101,123.31,2019-05-14,False
760056,6537,8266,483.44,2018-02-08,False
687703,587,4309,459.7,2024-10-11,False
10330,8604,9986,139.83,2017-11-29,False
733527,3121,888,23.39,2024-06-22,False
119832,2496,880,553.38,2024-06-27,False
1004697,3197,5679,23.68,2024-02-13,False
179227,2573,4053,462.02,2024-09-02,False
75967,4635,9750,184.69,2016-05-11,False
352289,9527,9389,572.75,2016-09-23,False
757879,3531,9311,451.27,2015-03-20,False
401392,9713,9938,178.52,2015-08-11,False
1247143,7724,9997,128.6,2021-07-26,False
1039490,1425,8862,417.35,2024-10-20,False
562323,5558,1844,490.51,2016-02-15,False
15582,3714,9555,116.66,2020-06-22,False
710191,6196,9899,16.08,2012-05-13,False
643403,8783,8402,157.83,2024-04-29,False
56935,9114,1183,5.03,2013-07-27,False
790059,8471,8574,503.08,2014-03-29,False
816449,7079,7351,17.94,2023-04-18,False
329834,7089,9801,12.9,2014-01-11,False
436430,2059,8117,25.6,2024-09-17,False
1236379,9536,5340,406.17,2020-11-22,False
620566,2178,9755,31.45,2024-10-02,False
38026,518,8641,422.48,2024-10-18,False
829697,6752,9531,135.89,2016-12-26,False
751964,7576,8264,568.54,2018-01-21,False
1242778,8579,9366,440.75,2018-06-09,False
700995,6140,9979,11.66,2018-04-06,False
728536,6633,7652,174.11,2018-12-04,False
17696,3039,9914,18.99,2024-09-05,False
1115645,8590,6153,552.16,2020-10-17,False
304168,542,5088,409.25,2024-10-16,False
128742,9118,9057,5.1,2019-11-18,False
796980,3406,8695,513.89,2023-08-09,False
120948,1400,4815,450.77,2024-10-04,False
799069,5082,8519,17.02,2024-05-12,False
199713,3619,7124,190.94,2015-08-24,False
329891,6631,3533,144.16,2013-03-09,False
570992,6610,3220,173.63,2024-03-20,False
1085095,6112,7340,13.18,2024-02-17,False
824183,6003,9989,13.12,2021-06-16,False
145577,580,7484,527.46,2024-10-14,False
86802,6739,8093,134.46,2015-09-08,False
786806,3428,9983,504.2,2024-09-07,False
488538,2199,6978,26.3,2024-10-02,False
174718,3628,9891,194.97,2018-11-27,False
633835,2432,2822,448.01,2024-10-03,False
429435,8691,9396,143.63,2014-09-27,False
1252845,9150,8554,8.34,2012-03-04,False
1158768,2435,9069,503.44,2024-09-11,False
444221,9789,9041,118.95,2023-02-16,False
466735,8529,4282,416.02,2024-08-05,False
648751,407,3925,571.97,2024-09-30,False
962429,440,5085,498.05,2024-10-02,False
684155,7689,9445,168.64,2016-02-19,False
667582,4679,9895,197.6,2013-07-02,False
361459,8018,7686,8.32,2021-10-25,False
814109,8564,6154,427.48,2022-01-14,False
179233,7420,2878,438.44,2024-04-30,False
745598,7134,3575,13.3,2022-02-19,False
81250,9191,5892,5.39,2024-10-27,False
662193,3474,9452,434.23,2024-01-17,False
309806,9083,9351,9.78,2012-08-05,False
261316,2497,3329,428.85,2024-09-24,False
888970,4684,9940,136.17,2015-08-16,False
1155836,8554,6770,518.73,2023-01-22,False
692280,9735,9978,113.13,2022-06-09,False
1016514,9068,9872,6.65,2022-08-23,False
424592,8468,9872,576.09,2014-09-06,False
583715,8019,4038,10.19,2023-06-12,False
1017648,4688,6152,140.86,2017-03-14,False
60798,6641,5362,158.5,2012-09-27,False
1182273,1564,8039,540.77,2024-10-15,False
511056,8478,7131,548.79,2023-07-29,False
185411,6406,6927,568.96,2020-10-21,False
1029363,9760,4996,101.22,2015-02-04,False
1078163,6029,7895,14.14,2016-06-27,False
1143046,8759,4607,104.93,2016-05-15,False
1281801,1471,7297,462.29,2024-10-23,False
744705,6522,4927,556.13,2020-02-20,False
1320140,8797,366,111.76,2020-08-22,False
829590,6229,8980,1051575.4,2017-09-09,False
265763,2514,8354,466.57,2024-09-24,False
596160,5021,4640,14.33,2016-10-07,False
1054718,8154,9099,13.09,2021-07-15,False
355920,1443,3935,413.7,2024-09-21,False
1089241,9061,5383,7.87,2019-09-03,False
793960,7285,6991,1963728.1,2017-07-02,False
1222037,2527,8226,553.03,2024-09-24,False
442073,9081,8969,6.42,2014-02-05,False
757538,8663,9773,128.3,2017-02-11,False
1073286,2500,9155,552.64,2024-09-20,False
1077762,9990,1577,209.22,2016-10-22,False
427969,9151,8971,7.86,2014-01-16,False
1062881,8055,8044,8.66,2014-11-04,False
11814,3676,6548,132.13,2024-03-31,False
824356,2433,8630,403.57,2024-10-03,False
732080,4423,1249,503.94,2015-04-03,False
36808,8482,6793,582.83,2017-01-17,False
629961,7529,4617,464.89,2023-10-18,False
333989,1449,9685,422.17,2024-10-15,False
583866,9644,9381,189.14,2018-09-05,False
919623,9891,9387,204.55,2017-12-14,False
1025439,2557,8300,421.39,2024-10-02,False
1209666,4715,2357,135.14,2020-08-26,False
379262,3135,9669,25.67,2024-05-16,False
649811,7484,9645,420.39,2019-04-30,False
382739,1725,4541,156.36,2024-08-14,False
28228,6725,6840,178.66,2023-08-26,False
325637,9196,9734,7.32,2021-04-30,False
838924,7188,2087,16.46,2013-06-11,False
830351,5747,8899,109.34,2021-02-19,False
595889,1077,7661,27.73,2024-10-16,False
618756,8748,760,100.8,2022-03-17,False
1289365,6137,5088,15.02,2014-02-24,False
1229157,1074,5687,20.21,2024-10-17,False
807034,9004,9336,7.32,2013-01-25,False
297918,1567,9892,528.15,2024-10-08,False
1228458,9153,2913,5.85,2015-09-29,False
17252,9044,9320,5.04,2022-06-04,False
693560,6535,1489,472.48,2016-11-08,False
1105670,4916,6892,200.61,2023-04-26,False
709848,2715,9997,138.1,2024-08-26,False
1038412,6564,8002,471.36,2022-07-16,False
299442,4293,9447,73580.24,2024-02-22,False
1103349,3122,7507,27.03,2024-08-15,False
138061,4665,8056,123.33,2015-01-17,False
660216,3481,9353,519.16,2024-04-24,False
1238059,7126,170,10.73,2021-06-19,False
1298227,8462,9008,528.09,2019-08-24,False
825625,9162,9002,5.25,2013-03-30,False
797318,9688,9920,167.39,2012-02-29,False
495503,3005,2124,18.79,2024-05-28,False
1273880,9731,7770,150.02,2020-08-17,False
55955,8797,8397,111.76,2024-06-18,False
531419,7484,9645,420.39,2013-08-20,False
1252190,3063,9201,16.52,2024-09-08,False
743322,7141,8618,11.12,2020-12-30,False
1269863,6381,4513,16.9,2020-12-28,True
707721,486,5543,483.13,2024-10-23,False
524098,4175,8373,16.19,2019-07-25,False
454765,3695,9838,191.38,2019-02-03,False
218568,4032,9158,21.8,2017-02-21,False
258252,7569,9784,525.88,2020-10-14,False
456208,9096,8695,7.99,2016-04-01,False
603628,3177,8914,15.33,2023-08-15,False
785352,9771,512,189.02,2019-11-01,False
65628,8903,7341,201.69,2021-04-27,False
990696,1595,3504,449.69,2024-08-22,False
628605,1644,9727,157.07,2024-10-29,False
381949,9434,4382,585.29,2021-12-11,False
1103597,9777,6012,133.52,2018-09-05,False
937479,4586,1600,455.57,2013-11-02,False
987669,8068,7332,9.79,2020-05-24,False
937274,9009,8952,8.35,2021-07-13,False
106510,4174,7982,14.68,2013-06-06,False
880654,946,9953,380.1,2024-10-15,False
688560,9153,8908,5.85,2023-10-16,False
168861,8635,3312,169.74,2023-10-26,False
199795,8717,9284,158.0,2018-10-16,False
223573,9177,6470,8.68,2013-04-05,False
450588,8639,4483,125.44,2020-02-10,False
536760,7005,3405,15.74,2018-12-02,False
1233753,4420,9686,470.79,2019-08-30,False
111441,4664,2518,103.3,2023-08-26,False
910912,7159,9589,15.67,2017-08-30,False
224191,2544,5904,489.98,2024-10-04,False
1029092,2513,9972,411.72,2024-09-03,False
1066227,9068,6743,6.65,2021-01-16,False
166125,9170,4149,8.03,2017-03-09,False
1007084,4586,1600,455.57,2020-04-23,False
527030,8687,9880,195.63,2023-10-21,False
1061346,7978,9266,367.42,2013-10-23,False
595019,2031,165,22.17,2024-09-12,False
991442,3166,9051,18.73,2022-09-29,False
1173632,3528,5493,505.64,2019-05-16,False
274267,7483,8123,559.79,2023-02-13,False
348437,9702,9440,193.36,2021-11-07,False
810367,7728,3913,162.22,2020-12-28,False
693564,8422,7363,557.96,2020-06-14,False
1256770,8193,1315,7.49,2013-06-07,False
788745,6051,6530,13.35,2012-07-31,False
505696,9428,9882,466.98,2017-09-20,False
1123798,6721,8971,160.0,2016-11-13,False
614431,2486,9751,535.77,2024-09-14,False
779240,7010,9155,16.2,2024-09-04,False
306720,6622,7912,129.25,2018-05-06,False
575591,6621,2437,183.88,2024-04-19,False
79439,4837,7893,234.02,2017-05-16,False
1005932,5478,1753,451.32,2024-06-14,False
645454,6562,6928,465.76,2013-04-20,False
117899,6829,8563,315.07,2016-11-20,False
403858,7072,6014,12.94,2021-07-23,False
724016,4504,1778,522.92,2013-07-11,False
1016599,2500,9155,552.64,2024-09-20,False
66637,2460,6581,452.97,2024-09-05,False
1258787,9136,9497,8.9,2022-08-06,False
337664,3276,7940,30865.57,2024-09-25,False
978812,1782,5457,185.22,2024-10-16,False
1175655,3428,9983,504.2,2024-09-07,False
988623,8788,3351,153.3,2017-12-20,False
867410,9089,1019,5.32,2013-12-26,False
1136945,3507,8662,557.08,2021-08-11,False
96285,552,7761,527.39,2024-10-12,False
581022,593,9476,494.29,2024-10-10,False
1056149,8454,8530,568.96,2022-04-26,False
517561,4470,9246,408.42,2014-11-08,False
536652,9684,7929,126.61,2020-07-20,False
867684,9669,3567,140.47,2013-03-16,False
585605,3133,7839,13.63,2024-05-17,False
957458,8075,9185,11.79,2017-05-29,False
590640,1595,3504,449.69,2024-08-22,False
782911,1554,2855,446.85,2024-10-14,False
1221263,9686,6341,128.75,2019-10-18,False
1085930,8851,9960,282.1,2018-11-27,False
1201366,6533,3428,499.1,2012-06-13,False
1087956,7117,5989,14.31,2022-08-10,False
785661,2672,9551,170.3,2024-08-19,False
1135123,3068,9042,28.22,2024-07-06,False
30559,1551,4260,569.21,2024-10-15,False
558620,647,9936,165.21,2024-10-15,False
1317709,8185,8312,13.62,2022-02-09,False
1111386,8719,7814,131.94,2016-08-10,False
280450,9474,6670,464.98,2021-08-07,False
48845,2603,6254,130.13,2024-09-16,False
1143808,7085,8120,11.4,2014-06-01,False
878560,5134,9322,11.26,2014-08-05,False
1274513,7599,9048,442.83,2019-09-01,False
746658,7606,4372,130.41,2021-08-16,False
1019401,9015,9821,5.93,2017-06-13,False
1072974,7475,6928,542.28,2012-10-22,False
677149,6081,7480,10.18,2020-03-01,False
654938,7468,4837,438.02,2021-08-17,False
590005,3770,3072,131.1,2019-12-09,False
605478,8082,7081,9.72,2019-02-06,False
511510,8676,339,128.36,2014-04-25,False
138714,1466,8586,468.6,2024-10-07,False
1274304,7511,8267,522.07,2013-06-29,False
516064,9639,4402,190.83,2022-08-08,False
1038933,2642,8289,130.97,2024-09-15,False
823064,3735,7690,123.2,2013-05-27,False
352216,5362,9932,81769.88,2024-01-18,False
375805,7623,9552,142.61,2019-11-20,False
1258790,9136,8348,8.9,2016-10-15,False
252099,3502,1327,551.34,2021-09-16,False
1100514,4596,9895,530.39,2018-09-27,False
1321110,784,3724,120.12,2024-10-12,False
479630,7477,1217,481.97,2024-08-18,False
1193409,8147,8352,13.31,2015-12-14,False
630205,2046,6800,29.56,2024-09-13,False
319189,5160,4146,17.59,2015-01-11,False
127922,8066,9492,7.15,2013-01-22,False
397566,3619,1496,190.94,2019-08-22,False
890918,8429,7351,453.51,2017-11-07,False
246467,6148,9984,12.77,2012-05-15,False
1011900,9072,5922,7.33,2017-01-21,False
1295809,9163,8069,6.65,2021-10-30,False
766454,9633,1853,170.36,2012-09-03,False
233588,3126,9859,17.3,2022-06-28,False
590928,2651,9074,142.55,2024-08-09,False
1217112,551,7263,484.44,2024-10-12,False
740410,4728,3985,142.21,2019-01-13,False
667784,9614,3041,114.73,2016-05-18,False
1159970,6699,9492,198.5,2019-08-12,False
118012,3047,4650,23.67,2024-05-21,False
349213,2879,5939,284.23,2024-09-16,False
224106,9776,5333,114.16,2015-02-09,False
820381,7674,3942,171.08,2019-12-09,False
308223,9022,9997,9.35,2013-06-16,False
974839,9708,4145,161.83,2021-02-26,False
950345,9718,9519,122.94,2021-02-07,False
1247667,9106,9983,5.37,2020-07-17,False
1226932,1533,5463,418.7,2024-10-23,False
745250,7696,9475,174.55,2024-09-25,False
1123309,623,3399,151.97,2024-10-16,False
1224705,9529,8399,534.59,2016-07-31,False
182117,3721,7413,149.63,2016-10-19,False
685501,7100,1827,8.96,2023-07-18,False
1303883,486,5543,483.13,2024-10-23,False
1162996,8606,9477,156.53,2019-03-27,False
266645,8740,294,104.12,2019-05-17,False
1276028,7113,9606,11.15,2012-10-21,False
596765,9582,9366,592.63,2019-07-10,False
1271010,6500,9672,598.02,2024-10-06,False
414030,9987,8931,235.83,2015-02-16,False
143209,7578,9488,518.9,2012-09-05,False
630648,5684,9946,113.19,2015-06-01,False
770588,9762,8767,103.43,2013-12-30,False
406121,6085,9731,10.39,2012-09-21,False
30013,2051,9805,24.7,2024-10-11,False
1314749,9780,9944,164.21,2012-03-22,False
877605,7718,9178,162.6,2019-10-25,False
527848,9715,9601,101.62,2021-11-16,False
1056,1568,6421,519.17,2024-10-09,False
482869,7501,6196,531.72,2016-03-04,False
285309,585,5365,523.75,2024-10-12,False
190059,4569,6692,537.89,2024-02-04,False
438060,2563,6179,426.54,2024-09-18,False
271628,3037,4826,20.96,2024-09-03,False
721371,576,9465,490.69,2024-10-24,False
667019,3438,9686,578.86,2024-09-09,False
790039,3576,496,435.89,2019-04-07,False
532815,377,925,202086.03,2024-10-12,False
151783,8562,9377,594.53,2020-11-27,False
1224434,9764,6949,195.19,2016-06-07,False
348883,8557,7552,551.04,2023-01-21,False
1174515,3153,3402,22.71,2024-06-04,False
842446,4417,8871,443.38,2017-07-05,False
751997,1100,2452,36.9,2024-10-23,False
1079281,9105,8953,5.46,2017-06-27,False
515621,8086,2749,12.76,2016-05-07,False
444379,5589,5371,564.28,2016-02-16,False
623373,7181,9982,15.06,2019-10-22,False
1179092,8021,3803,7.21,2012-07-06,False
1080996,9742,9867,160.02,2013-03-25,False
105839,1649,7773,184.35,2024-10-17,False
175037,7405,4020,413.92,2018-05-25,False
869938,643,5545,141.5,2024-10-10,False
29764,3019,4799,21.92,2024-08-21,False
702873,1412,7395,575.72,2024-10-26,False
667410,9088,7126,7.08,2012-08-03,False
917903,1079,8771,32.51,2024-10-14,False
206303,1545,9751,586.98,2024-10-02,False
1215627,1552,1456,413.35,2024-10-14,False
646941,2677,9507,181.86,2024-08-27,False
971843,9681,7938,128.88,2015-04-30,False
156380,7644,8451,116.15,2019-03-31,False
1083988,6438,9740,475.75,2022-02-05,False
1004590,5690,1354,153.91,2015-06-18,False
616344,9962,9467,269.85,2022-09-22,False
1252256,1568,6421,519.17,2024-10-09,False
404056,1268,9209,21078.31,2024-10-22,False
888152,8768,6535,178.69,2018-04-27,False
938901,4682,7958,113.5,2022-06-07,False
279351,2763,9935,128.94,2024-09-13,False
698470,9635,9140,195.19,2022-11-28,False
993461,8071,9702,8.8,2015-04-14,False
201555,7045,9849,13.42,2014-07-16,False
273645,58,9831,56.88,2024-06-28,False
241673,2515,495,527.45,2024-09-15,False
1213948,3198,9809,19.42,2023-03-21,False
1121661,2424,7954,417.73,2024-07-17,False
1031473,9727,9406,130.36,2012-04-27,False
224300,4711,6086,150.52,2021-09-10,False
1139720,8739,9401,150.52,2022-07-15,False
516750,9602,7917,149.35,2021-03-22,False
568163,8683,1931,198.67,2021-12-18,False
338296,3560,5296,433.77,2016-12-16,False
530066,4263,6698,55179.65,2023-02-17,False
1216383,5745,8645,165.03,2019-10-10,False
625630,5581,9784,518.0,2024-09-13,False
289388,7674,6556,171.08,2016-11-16,False
1189179,5665,5957,115.54,2022-12-06,False
586381,6590,8651,598.72,2014-10-19,False
426050,7644,7478,116.15,2017-05-01,False
190065,9575,9983,555.5,2024-06-24,False
771574,9784,8308,168.92,2013-11-03,False
894083,9663,5064,122.91,2024-02-12,False
780047,9652,6203,111.47,2017-10-27,False
359541,1761,9856,157.05,2024-10-17,False
385768,1118,9997,36.47,2024-10-01,False
796959,6035,3226,11.14,2020-10-12,False
996844,7118,9465,11.46,2021-09-01,False
797818,7187,5241,13.55,2018-08-11,False
645154,6734,9417,155.08,2013-02-25,False
1296855,404,7686,501.36,2024-10-12,False
859197,4072,1992,16.67,2023-01-25,False
915173,6092,9612,16.06,2022-03-05,False
189762,6769,7381,129.08,2022-02-06,False
667720,8791,9376,119.37,2023-02-13,False
403006,9720,3991,114.62,2012-04-17,False
795625,4592,6917,540.29,2021-07-20,False
1198525,9684,9275,126.61,2023-11-25,False
883910,9740,5585,115.29,2016-11-04,False
961117,7507,8596,507.75,2024-09-15,False
977461,7586,9531,572.32,2017-08-30,False
1202766,7702,1977,157.85,2018-12-17,False
104859,9734,9458,151.13,2024-02-25,False
937420,9680,3813,128.36,2022-01-14,False
261267,5926,8761,391.14,2012-03-24,False
892942,6719,9050,100.05,2019-12-21,False
673613,2763,8897,128.94,2024-09-13,False
142152,8692,8385,108.27,2016-03-04,False
1320711,3082,9937,19.69,2024-06-28,False
118475,9782,3173,132.44,2015-12-19,False
744489,6568,4250,571.9,2023-07-08,False
62882,6079,9875,14.73,2015-10-17,False
878435,5092,9667,18.62,2019-12-23,False
287466,6106,6257,19.22,2018-09-26,False
1141055,5001,9579,14.95,2018-11-09,False
824075,4965,7609,390.14,2014-03-30,False
81617,4115,3868,23.99,2021-04-18,False
421489,8506,5360,415.85,2024-06-03,False
692515,9663,1816,122.91,2014-09-24,False
608350,7629,9473,182.94,2024-07-22,False
115903,5937,210,377.66,2017-03-04,False
734334,9614,8689,114.73,2020-12-01,False
228877,2471,9323,473.32,2024-09-25,False
846641,8967,9630,335.98,2015-12-31,False
323525,7400,8046,475.38,2021-07-02,False
976048,4413,9311,564.71,2015-08-31,False
664567,8698,7043,180.6,2019-05-28,False
253341,9137,627,6.9,2014-02-10,False
988391,8628,4539,172.57,2021-09-09,False
1035274,9795,7615,146.25,2015-11-28,False
1095485,7729,818,163.97,2015-02-20,False
813008,8058,3688,10.09,2020-07-07,False
353473,9161,4291,8.72,2020-06-15,False
974904,8608,8282,147.5,2022-07-14,False
1285529,1759,5281,179.07,2024-10-17,False
530690,8463,9994,563.13,2013-07-04,False
326509,1166,7577,37.22,2024-10-17,False
764807,8056,7920,8.54,2021-04-25,False
97032,9475,6032,483.89,2023-05-25,False
979825,1898,7274,396.76,2024-10-04,False
1185717,6127,8744,16.87,2013-11-06,False
1077063,1430,7574,495.98,2024-10-20,False
113629,8987,8772,270.75,2016-09-17,False
578181,9939,9981,276.64,2023-01-19,False
205836,6196,8767,16.08,2012-04-23,False
888204,9776,6274,114.16,2013-07-26,False
1180839,8573,9015,477.1,2024-02-28,False
469516,8135,2587,10.02,2015-12-28,False
798118,3749,5673,170.33,2019-08-03,False
749684,4536,2698,414.79,2014-02-06,False
336476,5797,8872,121.59,2020-03-10,False
110104,4045,2002,21.15,2014-09-25,False
763638,9663,9462,122.91,2012-12-18,False
38724,3444,9861,592.59,2024-08-26,False
112172,6576,198,422.19,2020-04-09,False
290069,4789,8979,169.47,2020-02-27,False
1227647,1612,481,196.88,2024-09-29,False
142286,9783,8382,171.58,2014-03-07,False
1269162,9684,8627,126.61,2013-07-13,False
266480,9769,3540,191.19,2012-05-27,False
864648,7002,5872,15.51,2016-11-24,False
853818,8006,9768,13.62,2015-10-20,False
1185577,4744,8316,185.27,2024-02-14,False
757661,8620,5448,139.69,2024-04-14,False
466232,3581,7495,458.94,2020-01-18,False
545925,9702,8648,193.36,2023-08-06,False
754388,17,2764,99.13,2024-10-10,False
649082,6415,8211,533.35,2014-07-18,False
548086,7689,5030,168.64,2018-03-20,False
1268943,428,1275,477.33,2024-10-11,False
1239792,8684,7716,102.15,2018-12-13,False
1130095,5447,8090,482.95,2024-04-27,False
417239,9718,9870,122.94,2014-06-09,False
234970,8170,5803,10.67,2024-08-19,False
1037227,5628,9930,156.52,2023-10-05,False
80608,8548,6220,468.5,2020-05-23,False
545801,8510,7572,438.13,2014-03-24,False
1119709,9914,7443,350.91,2024-05-03,False
698669,9133,8593,5.15,2020-06-14,False
764332,7790,7985,184.17,2019-06-10,False
1109012,434,9894,525.98,2024-10-17,False
1309873,1547,2328,548.21,2024-10-09,False
1240991,6138,8658,16.94,2017-11-21,False
1223795,7046,9933,13.68,2023-12-24,False
486039,9682,4999,102.02,2014-01-14,False
904972,9917,4373,266.32,2019-04-10,False
57828,4733,4615,138.77,2018-06-30,False
1150967,2269,6091,8407297.0,2024-10-02,False
113608,8494,9224,550.08,2017-01-29,False
1287328,9772,4844,176.72,2017-07-23,False
839113,2143,8923,27.76,2024-10-14,False
25269,3504,9909,571.5,2024-06-20,False
761295,6731,8885,105.93,2020-10-04,False
878863,767,7073,191.91,2024-10-17,False
364145,6440,9397,532.82,2012-12-04,False
876375,9667,1124,150.8,2018-06-25,False
356576,9763,9391,105.8,2014-11-29,False
938809,7024,9957,17.36,2019-05-05,False
430513,7664,5201,197.61,2017-03-20,False
1074833,4528,5827,440.88,2021-03-27,False
726250,9531,8376,484.85,2022-04-21,False
1128434,8071,9172,8.8,2013-02-05,False
402943,6050,9514,19.31,2016-05-09,False
197007,1473,8861,499.13,2024-10-22,False
1028275,3704,3915,163.33,2017-05-02,False
26989,2797,5966,186.78,2024-08-25,False
1117490,6659,4179,147.27,2019-01-09,False
542344,5787,9735,143.32,2018-01-21,False
1168926,4707,9110,135.72,2023-11-26,False
449987,6507,4030,580.25,2016-09-16,False
1047074,7650,9944,179.44,2024-06-20,False
375599,8043,1912,11.12,2022-12-21,False
1049124,7163,7528,9.42,2015-03-01,False
696880,6253,9684,599906.9,2021-04-29,False
624271,5649,9988,188.07,2015-01-07,False
1084546,6013,9898,14.43,2020-05-01,False
79669,3482,2424,535.53,2014-07-16,False
147086,9619,8424,166.1,2012-09-14,False
591710,9011,9996,5.81,2024-04-24,False
652135,8628,6704,172.57,2022-01-12,False
763660,9663,8319,122.91,2021-05-22,False
828726,1551,4260,569.21,2024-10-15,False
1032988,518,8641,422.48,2024-10-18,False
1259166,5040,5566,18.68,2013-03-05,False
22984,3425,9036,437.61,2012-05-29,False
35336,9795,8140,146.25,2018-03-02,False
283356,9742,7601,160.02,2014-03-12,False
1232082,404,7686,501.36,2024-10-12,False
601641,3404,9652,482.33,2024-04-06,False
1052695,8163,9761,9.79,2017-11-15,False
179674,2572,477,406.23,2024-09-02,False
467270,6022,7801,12.25,2012-09-08,False
116696,2402,6137,528.01,2024-10-04,False
287235,9776,2274,114.16,2020-05-13,False
1294924,8470,9674,423.7,2012-07-30,False
566027,2324,6583,191783.98,2024-09-27,False
882304,9180,852,5.2,2017-02-28,False
885666,4554,496,518.01,2022-12-08,False
455197,3100,346,20.91,2024-03-16,False
356723,6017,8125,18.45,2017-08-06,False
719415,3770,3424,131.1,2020-04-15,False
477345,4408,5320,466.2,2012-07-06,False
520319,9788,2750,158.57,2022-12-05,False
1127575,6574,4010,580.17,2024-07-19,False
949859,7119,2442,15.12,2024-04-07,False
819986,8580,8365,511.44,2016-09-15,False
323816,8729,7841,143.67,2013-01-05,False
769688,7768,2913,133.19,2022-12-03,False
171039,6562,6928,465.76,2015-05-16,False
1314665,8755,9269,149.63,2018-08-06,False
1045535,6520,3626,540.01,2017-06-24,False
330447,6741,6076,190.61,2015-04-21,False
260238,556,862,589.78,2024-10-16,False
1023544,1759,3924,179.07,2024-10-17,False
802822,9047,7313,7.97,2019-10-25,False
398843,4008,1451,23.28,2020-01-05,False
906810,1124,5548,26.89,2024-10-02,False
184320,7477,1217,481.97,2016-11-25,False
1239214,7015,5905,16.92,2014-12-24,False
477260,4094,6339,22.58,2014-02-11,False
874903,5785,9073,171.22,2021-11-22,False
598897,1501,146,553.26,2024-10-28,False
989941,6475,1125,515.5,2022-08-21,False
228606,2187,2410,19.41,2024-10-14,False
590953,4169,8323,17.24,2014-02-17,False
480296,3109,2861,15.45,2024-09-11,False
211638,5465,8541,436.04,2014-02-12,False
616686,6330,8236,417358.03,2020-07-18,False
611627,4759,9911,145.16,2023-12-21,False
571559,8558,6395,577.83,2017-05-20,False
33206,9429,8475,471.07,2019-11-18,False
157991,8026,9711,10.19,2014-03-02,False
301027,2688,9785,101.19,2024-10-01,False
568832,9724,9803,160.66,2019-02-28,False
930328,5106,8014,17.53,2013-03-27,False
404834,7021,9663,10.15,2016-12-24,False
144920,9175,7148,5.87,2014-08-30,False
952037,9800,4095,281.44,2014-04-08,False
616134,9622,9806,147.66,2016-10-24,False
389448,440,5085,498.05,2024-10-02,False
101964,7181,6330,15.06,2019-04-17,False
1119676,3449,441,470.42,2012-04-03,False
544743,3616,3602,194.64,2021-11-07,False
1101870,3475,7365,476.05,2024-09-16,False
1014124,9421,6252,479.82,2020-04-17,False
1272045,7728,9981,162.22,2024-06-01,False
1152622,4255,3645,16446133.0,2022-07-15,False
1273923,8517,5272,490.95,2015-01-27,False
441529,9777,3940,133.52,2012-03-10,False
771265,9789,3728,118.95,2022-12-15,False
922516,5422,5496,500.48,2018-02-28,False
1177167,8498,7341,437.98,2019-08-12,False
877422,5475,8564,502.79,2016-04-26,False
515669,8653,9039,143.74,2019-01-15,False
14167,9654,9970,165.25,2016-11-11,False
927723,7795,5927,189.25,2021-08-23,False
847562,9002,9815,6.17,2017-06-16,False
658249,9191,6487,5.39,2020-01-02,False
1212771,6692,9301,148.74,2019-04-08,False
1107784,450,7276,425.42,2024-10-14,False
494162,2439,9970,501.57,2024-09-11,False
1071094,3424,7154,409.76,2024-06-27,False
1245373,4608,8157,197.94,2021-01-23,False
876697,6406,6927,568.96,2017-03-26,False
28416,6417,2537,585.21,2022-09-05,False
708741,8064,8420,12.53,2015-12-20,False
27741,8142,8076,14.24,2013-08-31,False
786519,9645,9992,186.17,2018-12-05,False
102133,8981,6054,239.33,2012-03-22,False
12439,2496,880,553.38,2024-06-27,False
474587,2570,7352,572.15,2024-09-20,False
274121,1608,4231,128.35,2024-09-29,False
842279,6757,6633,110.11,2015-01-26,False
962693,8487,9256,493.08,2019-08-27,False
472251,1948,7991,368.66,2024-09-13,False
698347,7455,6362,538.54,2017-04-06,False
1066769,8982,9477,328.26,2020-04-25,False
1051192,8689,1606,159.72,2017-12-21,False
488487,7677,3517,101.44,2022-07-26,False
848773,8109,9719,9.45,2012-11-10,False
493873,3150,9760,19.34,2024-08-04,False
33742,6172,8255,15.92,2024-05-17,False
624771,6658,9927,183.36,2017-07-04,False
1170207,7797,9938,142.41,2013-06-06,False
1013366,5039,9971,17.04,2020-06-15,False
1288872,8013,1644,11.26,2015-04-02,False
332359,6054,8099,10.96,2024-01-11,False
1298054,5154,9957,13.21,2012-07-02,False
84797,8646,5910,157.08,2024-07-03,False
136665,4644,9602,106.73,2022-05-20,False
618100,5635,694,183.41,2023-10-18,False
483150,6009,7103,16.57,2023-02-22,False
1137145,6090,8104,17.35,2018-03-18,False
566317,5121,7658,19.87,2016-09-30,False
741476,4650,7880,195.72,2022-10-19,False
1314537,9162,5136,5.25,2013-11-08,False
1318467,2505,9155,453.91,2024-10-03,False
584297,5047,1324,16.72,2012-08-11,False
603955,4132,6023,23.21,2013-03-11,False
1108809,8738,9973,154.41,2024-02-28,False
1249329,1590,4273,475.45,2024-08-27,False
782118,1685,5605,185.38,2024-10-07,False
423369,1179,8675,35.35,2024-07-25,False
950082,4400,8154,514.46,2022-09-20,False
409669,8638,9912,149.53,2016-02-08,False
810083,8088,9617,12.57,2021-09-23,False
341640,6470,2416,463.95,2021-02-15,False
1061577,3505,6197,499.54,2014-06-05,False
1092273,7590,8366,435.0,2022-01-30,False
1117004,6655,6781,171.75,2023-02-05,False
484393,4006,9881,15.89,2020-04-17,False
376568,9770,5850,188.38,2018-11-23,False
1021306,4352,1796,3008152.0,2020-01-15,False
828466,7627,1798,152.8,2012-10-06,False
116890,9481,8376,437.6,2017-08-10,False
616569,8422,7363,557.96,2013-08-07,False
1216778,4623,8231,186.33,2023-06-22,False
449729,2654,9937,197.05,2024-09-18,False
974191,3196,9952,24.74,2016-07-01,False
78808,9695,8758,144.41,2017-04-02,False
1232059,9124,2164,5.1,2013-03-15,False
322397,9867,9267,310.45,2012-08-01,False
816048,7696,8091,174.55,2020-04-25,False
1003584,7749,6892,108.44,2023-02-03,False
777524,9780,759,164.21,2017-01-03,False
301867,8736,8636,127.91,2021-03-29,False
1308680,1426,9048,517.64,2024-10-19,False
134005,9674,9653,134.86,2024-02-28,False
562131,9764,3861,195.19,2014-06-15,False
762517,8766,1990,153.42,2022-03-03,False
24180,9480,6674,577.34,2015-07-12,False
671443,1300,7166,768222.75,2024-10-14,False
865988,6793,5036,117.8,2021-04-19,False
400790,9138,7807,5.38,2019-11-11,False
229381,3686,4749,130.82,2022-09-04,False
1043014,9753,442,164.69,2022-03-30,False
183291,8757,9074,112.16,2022-03-31,False
603775,7717,7533,134.35,2022-06-05,False
1094277,3793,6892,178.42,2021-04-15,False
635478,4498,9970,446.3,2015-07-25,False
274481,6643,8946,122.22,2023-05-26,False
254423,8525,7397,426.58,2013-07-18,False
409868,5446,3691,491.39,2021-06-03,False
1221673,3979,9870,322.67,2023-11-25,False
1128026,9749,8756,127.41,2015-01-15,False
1303086,8602,3344,174.94,2023-11-18,False
720485,3596,5621,492.72,2019-06-03,False
317710,6794,6158,190.42,2019-12-12,False
687217,8779,9984,156.57,2016-02-26,False
32773,7782,7297,112.3,2015-04-14,False
2631,2183,9601,17.39,2024-10-05,False
1309631,1571,1921,542.96,2024-10-09,False
845560,3435,8990,576.73,2012-09-14,False
989561,595,8883,552.02,2024-10-10,False
656418,3496,9289,428.77,2023-05-25,False
1185320,6010,8778,10.14,2017-03-17,False
1310738,1198,7573,27.01,2024-08-26,False
48349,9178,5267,8.29,2023-10-29,False
1138637,2122,269,25.59,2024-10-06,False
983366,4510,8166,476.44,2014-12-10,False
457259,9159,540,9.33,2021-04-23,False
249136,5022,8332,14.92,2022-01-15,False
588389,9704,6462,183.69,2021-06-06,False
382807,8013,1644,11.26,2016-06-04,False
321561,7513,5086,475.8,2024-04-13,False
499139,6615,7136,160.97,2022-01-15,False
325259,3781,8031,157.08,2017-07-08,False
985774,7820,9783,214.36,2015-08-15,False
632030,4657,1250,127.19,2012-06-22,False
144457,495,2515,592.45,2024-10-19,False
440061,9662,6564,115.23,2017-01-08,False
373861,6953,4419,326.19,2019-12-23,False
782794,8613,5977,136.19,2012-07-17,False
428689,2049,9064,26.26,2024-08-28,False
1080717,9683,3744,108.62,2024-10-22,False
1217182,8386,9088,17916638.0,2021-03-10,False
845024,9652,7781,111.47,2018-09-02,False
1154034,2617,7767,193.75,2024-09-24,False
371106,9734,9902,151.13,2020-07-19,False
477864,5729,9983,136.91,2014-01-04,False
793650,9658,9850,168.52,2019-06-02,False
263826,1764,8496,158.61,2024-10-09,False
361951,4434,9687,491.13,2016-04-24,False
290205,2009,6060,32.34,2024-07-31,False
1188641,5436,7143,489.89,2020-02-16,False
223468,3576,496,435.89,2017-04-20,False
1309137,7748,9067,135.0,2023-04-29,False
683060,8508,7574,545.48,2023-12-28,False
167474,6722,1610,124.05,2018-09-20,False
735185,1415,7265,441.61,2024-10-17,False
440890,2770,7109,111.66,2024-09-12,False
440912,7670,1334,195.08,2014-04-15,False
728610,8690,9694,138.89,2015-02-09,False
986995,5781,3520,121.01,2012-08-01,False
906977,7605,3216,126.51,2023-09-09,False
797074,9546,9168,513.64,2015-02-25,False
1270235,9181,9077,5.18,2022-02-06,False
1003711,9678,3804,133.36,2013-07-22,False
415547,7691,8285,181.86,2019-03-12,False
1179512,3501,9026,561.52,2021-09-05,False
197953,9632,9845,110.36,2018-11-09,False
682304,4400,8154,514.46,2014-03-11,False
128890,7616,8749,166.69,2014-11-30,False
278422,9106,7357,5.37,2016-10-06,False
323488,6357,9579,49049.99,2022-08-26,False
975047,9107,9353,9.05,2018-01-28,False
29383,5495,9278,598.08,2013-10-14,False
194925,9143,6355,7.43,2023-01-24,False
38335,1634,7410,152.08,2024-10-01,False
738391,1426,9048,517.64,2024-10-19,False
677444,5049,4000,15.44,2012-08-10,False
557741,8752,5581,172.69,2014-12-13,False
1254690,2424,7954,417.73,2024-07-17,False
69431,6664,2843,195.99,2016-08-24,False
501019,5463,7099,497.41,2018-05-09,False
1282059,475,8688,563.88,2024-10-13,False
684884,9747,2561,101.44,2016-05-07,False
1315349,5536,8121,435.19,2024-01-24,False
858850,9841,8135,203.74,2013-06-24,False
542510,9793,9235,177.08,2022-04-03,False
542151,7609,6422,132.47,2012-12-25,False
564897,7635,9992,185.28,2014-12-01,False
718249,3119,9080,23.23,2024-09-24,False
316437,5535,9685,450.39,2016-12-04,False
380593,1142,3987,20.67,2024-08-25,False
1066889,1569,9510,418.41,2024-10-11,False
1077854,561,7719,464.13,2024-10-21,False
437183,4442,9641,428.22,2019-10-12,False
745584,3131,9972,26.7,2024-05-16,False
1001573,7793,7521,182.8,2017-04-24,False
385909,9159,3772,9.33,2022-02-21,False
604797,2680,3887,195.13,2024-08-27,False
809268,7430,7242,478.6,2014-09-08,False
632567,1505,9499,458.26,2024-10-02,False
649394,2169,7663,21.15,2024-10-16,False
658834,9503,9564,569.97,2014-04-28,False
560649,2027,9999,27.61,2024-09-17,False
530739,9540,9487,502.23,2017-01-27,False
799712,9923,4176,350.02,2016-06-15,False
234622,9124,8361,5.1,2018-03-28,False
1301631,5437,9993,448.07,2012-05-11,False
741926,7629,9963,182.94,2021-04-29,False
744766,1460,1414,551.07,2024-10-11,False
351175,4203,7270,48344.46,2013-02-25,False
1154482,9747,6745,101.44,2018-07-22,False
812859,9080,3865,5.89,2021-03-14,False
37506,2518,9612,459.29,2024-10-01,False
1167974,6403,77,576.52,2023-04-15,False
875306,8811,4085,310.63,2018-03-03,False
795378,5028,9185,18.07,2018-04-23,False
821446,1015,3872,32.09,2024-10-14,False
581497,1415,7265,441.61,2024-10-17,False
351481,8731,7882,166.69,2019-09-24,False
907642,5242,9994,1658951.5,2017-06-14,False
1048146,9476,9980,429.35,2024-06-09,False
244491,9746,3223,153.61,2018-01-05,False
222002,5592,9212,587.9,2022-03-25,False
1127043,6620,520,110.84,2013-05-07,False
439952,7073,3656,16.59,2014-01-24,False
35385,3693,9321,183.52,2014-06-15,False
996762,7114,2499,10.75,2023-01-24,False
1284046,4511,8333,522.64,2022-04-16,False
1189355,8695,3406,145.05,2019-05-02,False
1119629,9046,9813,8.23,2018-03-27,False
893370,4783,9958,120.7,2020-10-14,False
707220,6621,9321,183.88,2015-08-18,False
365476,8160,8153,8.03,2017-04-07,False
442947,2638,6726,157.08,2024-09-16,False
407043,9667,8379,150.8,2019-05-24,False
1042649,2675,9471,110.19,2024-08-19,False
602399,7141,9902,11.12,2019-03-01,False
957765,9796,5571,168.05,2024-05-20,False
1309988,7760,3891,100.94,2015-09-07,False
544877,696,8980,123.4,2024-10-10,False
501315,7679,8553,116.3,2023-12-17,False
771410,6068,3315,17.12,2023-12-12,False
1014628,6024,9967,19.84,2016-04-05,False
157944,3185,8808,14.3,2022-07-27,False
358599,5767,6747,173.77,2019-12-08,False
798851,4504,1778,522.92,2021-06-22,False
1096345,8833,7584,221.94,2022-03-25,False
849958,9670,9807,142.78,2017-08-30,False
1240349,8618,1486,149.16,2016-11-14,False
200484,1535,6265,465.35,2024-10-16,False
315372,8143,9142,9.77,2022-04-08,False
1144243,4048,8531,12.97,2019-07-17,False
588267,8021,2144,7.21,2023-11-02,False
1043855,4014,4136,20.11,2024-07-01,False
196819,3184,5757,25.8,2014-02-15,False
529222,4078,9761,19.46,2021-05-03,False
1211557,9044,7887,5.04,2018-09-04,False
745843,5010,9911,15.34,2022-11-15,False
615256,8673,4613,125.75,2017-04-06,False
1196791,595,8883,552.02,2024-10-10,False
513144,7994,8344,282.67,2014-07-07,False
990288,6764,3304,105.75,2015-06-29,False
644447,9767,5397,127.0,2016-12-12,False
202117,7761,8633,112.98,2022-11-01,False
228073,9188,584,5.85,2012-11-06,False
453059,7463,9047,462.79,2023-05-29,False
657981,6898,9179,255.25,2013-02-17,False
1193049,2542,7395,461.26,2024-08-27,False
954609,1832,6919,262.54,2024-10-09,False
271818,9678,9802,133.36,2012-07-11,False
875685,6612,5136,182.55,2018-01-09,False
770036,2046,9999,29.56,2024-09-13,False
850343,1022,8130,38.92,2024-10-08,False
222552,2714,2281,164.33,2024-08-26,False
742905,8119,9703,8.87,2018-12-22,False
734719,4622,9877,122.83,2017-07-29,False
461486,5464,9982,464.19,2022-09-16,False
1144919,2697,2081,127.88,2024-09-14,False
1210987,7419,9487,570.15,2017-11-02,False
53447,3646,3801,189.21,2015-06-28,False
464924,6505,9883,559.17,2020-05-17,False
1183255,8480,9058,466.25,2018-07-21,False
922937,8614,1190,177.89,2015-01-09,False
1272623,9701,8563,163.08,2017-06-24,False
1097213,9762,9260,103.43,2016-11-16,False
83119,9987,9623,235.83,2023-02-07,False
1094221,4032,3941,21.8,2013-12-12,False
965153,7635,9035,185.28,2015-09-10,False
1200467,430,9971,494.17,2024-10-10,False
98577,4054,5096,13.79,2015-03-07,False
155641,2547,6001,410.39,2024-07-16,False
1166533,4793,8883,134.46,2014-03-22,False
368641,528,6188,527.17,2024-10-05,False
915259,5160,954,17.59,2023-06-27,False
896934,8456,9762,586.22,2012-12-11,False
1097422,8478,7131,548.79,2013-04-17,False
1112534,9673,3377,122.95,2013-07-11,False
125881,8131,7947,9.07,2014-01-08,False
1137588,8563,9113,534.76,2012-07-11,False
191259,4632,8070,162.88,2024-08-20,False
1225978,7128,9243,9.21,2015-02-21,False
151083,2945,2128,285.76,2024-09-15,False
1310795,7650,9242,179.44,2013-06-30,False
536524,5572,9777,532.9,2019-11-20,False
576625,9708,9741,161.83,2017-06-18,False
710787,9108,9456,5.72,2013-02-01,False
3130,471,9998,533.29,2024-10-24,False
271158,6090,5102,17.35,2021-07-20,False
1103748,8676,8593,128.36,2023-01-22,False
90638,137,4874,54.89,2024-10-11,False
688260,2138,2344,26.08,2024-09-10,False
198649,6348,9129,19408.16,2016-07-12,False
1210075,9711,5743,187.85,2019-09-03,False
867059,9769,7212,191.19,2012-04-15,False
394672,2591,9103,490.57,2024-09-19,False
940828,8799,7041,102.97,2012-07-08,False
1025726,9193,8881,4.63,2020-11-05,False
1315429,3522,9993,430.66,2023-12-04,False
735752,3463,2458,402.73,2024-08-04,False
415968,5591,7342,540.53,2013-01-31,False
939985,6500,9672,598.02,2022-10-11,False
1048734,3697,8922,119.69,2020-07-05,False
421813,2138,9032,26.08,2024-09-10,False
1212107,3197,2505,23.68,2024-02-13,False
994783,3630,4903,114.54,2022-06-01,False
159329,9705,7779,147.16,2018-11-23,False
745961,5215,8398,360979.62,2016-03-02,False
520407,2784,7501,163.36,2024-09-19,False
603167,3073,8075,22.66,2024-08-29,False
562796,1450,2009,428.2,2024-10-03,False
546481,8771,2941,168.13,2020-03-25,False
385642,3580,8585,547.84,2024-06-02,False
1135078,6494,7819,440.1,2018-05-09,False
565798,507,9982,441.6,2024-08-28,False
930767,7745,8212,119.58,2015-05-22,False
783851,6766,6070,135.41,2014-02-06,False
905024,8160,5774,8.03,2020-07-22,False
492515,7179,5931,10.9,2021-06-21,False
165328,5627,2209,115.33,2020-05-14,False
135228,9084,1440,5.2,2024-04-16,False
347013,9153,9475,5.85,2022-07-23,False
671650,8333,9978,445944.8,2022-09-16,False
722716,5102,9063,20.4,2019-02-20,False
31995,647,562,165.21,2024-10-15,False
1198944,6456,9069,465.05,2012-04-23,False
779539,7163,6898,9.42,2014-11-14,False
884411,2415,5262,494.36,2024-07-29,False
1113559,7413,99,462.54,2019-02-01,False
1306060,6142,2139,17.85,2020-01-24,False
1248630,4773,4090,161.52,2023-04-20,False
327503,2679,9609,181.63,2024-08-27,False
1008855,5446,3691,491.39,2015-06-23,False
1135310,4409,6781,474.88,2018-01-07,False
163423,1633,8996,168.21,2024-10-09,False
132326,5437,9993,448.07,2021-03-27,False
768231,7660,7686,119.33,2019-01-08,False
971901,8700,2671,199.08,2013-05-09,False
826044,2065,1073,18.71,2024-09-30,False
121656,7671,9717,126.34,2015-02-16,False
51219,9602,9517,149.35,2021-02-26,False
554418,6651,7473,109.44,2013-04-04,False
592619,5150,9897,13.46,2019-08-12,False
708788,8430,9301,450.45,2018-01-08,False
1226688,9013,9533,9.19,2021-03-28,False
346160,4749,2691,154.86,2015-02-19,False
815165,1513,9784,476.77,2024-10-27,False
680687,2171,275,31.9,2024-10-08,False
763547,4038,6610,18.73,2023-08-11,False
266838,2827,9355,398.92,2024-07-10,False
1096559,7611,2592,186.36,2017-07-06,False
1251219,9443,9980,494.55,2022-05-04,False
57025,7158,3151,12.53,2017-09-13,False
1220440,7182,8216,16.11,2016-03-17,False
948586,9146,8629,7.67,2024-02-09,False
823828,9105,4485,5.46,2015-01-23,False
474737,5703,9994,127.5,2021-07-12,False
678276,3012,9277,24.42,2013-11-07,False
1291288,8137,6776,11.88,2012-07-07,False
766149,9623,7359,154.91,2014-09-18,False
979800,8028,1047,7.59,2016-08-27,False
678003,3034,9984,15.44,2024-09-09,False
850404,9940,6594,367.54,2023-06-01,False
676457,4008,9278,23.28,2020-05-03,False
791491,7196,4601,16.08,2019-04-28,False
392278,1437,8641,508.2,2024-10-18,False
218419,9631,6524,137.3,2019-07-19,False
1316453,7735,9869,140.6,2021-03-15,False
267245,9768,9325,161.94,2015-03-13,False
1148237,9416,5980,453.69,2015-06-13,False
717086,9602,9281,149.35,2021-10-11,False
1248638,5570,1699,402.91,2014-07-12,False
330710,1057,1296,34.87,2024-10-15,False
1222949,2797,9729,186.78,2024-08-25,False
1269725,7761,9479,112.98,2016-02-28,False
626320,4415,5196,430.7,2019-02-20,False
819988,1564,8039,540.77,2024-10-15,False
739660,4430,2092,542.14,2021-03-02,False
951115,9451,9883,504.35,2015-07-26,False
413431,8868,9234,237.74,2015-10-26,False
1279520,2467,9950,567.8,2024-10-15,False
48470,2525,4729,463.94,2024-09-29,False
994930,2118,9630,22.88,2024-09-19,False
1011398,4836,5053,219.86,2021-12-12,False
2290,9608,2027,133.19,2020-05-17,False
409278,4170,8465,17.8,2013-12-31,False
925332,5538,9135,454.54,2024-07-15,False
1012990,6486,9976,535.4,2024-08-27,False
1144560,1545,9751,586.98,2024-10-02,False
749493,2420,8540,544.13,2024-10-02,False
776488,2595,133,540.15,2024-09-28,False
497862,7017,9581,13.31,2019-02-04,False
1296350,9074,8731,8.69,2022-03-20,False
409706,1506,3449,489.2,2024-10-03,False
812937,2456,8123,497.85,2024-09-19,False
3116,5136,8435,17.41,2013-07-31,False
466417,9050,5451,5.91,2017-08-01,False
846613,4162,4103,12.76,2024-09-13,False
150864,1323,4283,18953.84,2024-10-18,False
1289204,1693,9054,164.3,2024-10-03,False
750786,3682,7898,137.52,2015-01-19,False
1100616,184,7928,35.36,2024-10-23,False
412964,7185,9345,16.04,2024-05-16,False
1224062,8417,5360,578.96,2017-11-09,False
924577,8717,9610,158.0,2012-06-09,False
294454,9627,5778,140.52,2019-10-06,False
751846,8076,929,13.46,2018-02-24,False
302096,9759,8382,197.52,2018-12-15,False
745611,195,8806,35.05,2024-10-09,False
1252392,3781,2719,157.08,2014-12-23,False
954343,2037,8474,20.98,2024-10-16,False
428830,9402,9201,461.73,2015-10-12,False
315933,6174,8918,13.24,2019-12-16,False
1258406,2631,6169,168.39,2024-08-09,False
1127795,6638,8928,112.81,2020-01-20,False
842715,5600,7082,115.05,2014-01-22,False
886025,3956,9664,253.61,2023-06-18,False
713571,9066,7183,8.07,2023-10-03,False
545036,9111,4820,8.87,2020-01-16,False
774660,3712,9038,101.08,2017-05-09,False
140783,9799,1557,138.71,2021-06-27,False
1003989,9799,5693,138.71,2020-10-15,False
667033,3405,1646,415.36,2024-05-18,False
120062,9673,8962,122.95,2016-09-04,False
8688,8641,1437,112.47,2022-11-21,False
1023674,2685,4406,146.69,2024-08-30,False
774920,9725,4379,135.53,2017-09-15,False
1144434,9659,9858,191.0,2015-04-27,False
52215,9780,6799,164.21,2013-07-25,False
1082398,6419,4371,512.78,2024-03-18,False
1040559,1531,2812,515.08,2024-10-24,False
286403,3570,9763,460.11,2014-04-05,False
1015838,9033,9504,5.88,2015-05-25,False
1156486,3006,9919,20.57,2024-09-14,False
127205,9915,9463,354.48,2017-07-14,False
210167,7267,6586,9530.44,2016-02-03,False
624919,5053,126,19.34,2012-11-29,False
172174,5717,9860,192.57,2024-10-14,False
1013079,9080,2890,5.89,2012-05-08,False
131764,8187,7685,10.75,2016-10-18,False
680588,2697,591,127.88,2024-09-14,False
7243,9684,7678,126.61,2022-08-04,False
1290949,3101,8781,23.76,2024-09-20,False
318144,7148,9348,11.61,2021-04-05,False
1219912,8124,9771,10.86,2018-02-06,False
919231,5407,9177,488.92,2014-09-25,False
554510,9776,1937,114.16,2022-07-30,False
308449,5174,4122,21.97,2015-07-02,False
82824,8654,9331,152.27,2018-10-07,False
268622,9614,2507,114.73,2020-10-13,False
528758,7684,9989,114.81,2012-04-04,False
810962,9680,5860,128.36,2015-02-18,False
676380,3557,7253,475.69,2020-07-24,False
1108036,2676,9993,172.91,2024-08-27,False
158297,9776,9925,114.16,2020-04-06,False
671941,9680,7094,128.36,2014-01-13,False
714560,3745,6289,161.63,2017-04-04,False
1163710,7062,9962,9.58,2023-03-15,False
956428,3514,8762,583.78,2015-06-30,False
240786,4089,9965,19.9,2017-04-02,False
683180,9478,4573,501.1,2016-05-08,False
666735,9756,9973,137.42,2018-02-03,False
1090910,3,9556,125.88,2024-10-29,False
1164186,9766,8568,108.37,2024-07-26,False
183214,4522,1327,548.11,2021-08-29,False
1158483,181,9985,40.52,2024-10-28,False
1217535,2881,9992,359.95,2024-09-14,False
332615,1667,2348,155.74,2024-10-18,False
770168,6574,4010,580.17,2014-09-08,False
736718,2547,6001,410.39,2024-07-16,False
1178087,4043,9988,22.59,2019-06-16,False
858481,453,8870,583.38,2024-09-16,False
30027,7474,7572,458.52,2021-10-07,False
1255981,9571,9168,530.53,2015-06-05,False
1133862,3127,6177,21.71,2024-09-20,False
24,6613,9979,162.3,2018-02-05,False
395253,4752,9538,135.77,2012-04-08,False
1203305,9744,6979,162.21,2019-02-24,False
984909,9687,9601,159.92,2017-08-12,False
930347,7411,8024,442.01,2024-01-17,False
850924,9676,6548,123.52,2021-09-30,False
701788,8157,4000,11.09,2013-07-23,False
766579,8007,4751,12.07,2018-07-21,False
489904,7626,9776,161.1,2023-09-17,False
353874,6786,5548,198.91,2023-09-02,False
1013114,180,6407,40.84,2024-10-29,False
268365,702,203,161.08,2024-10-21,False
581412,4316,9286,242365.48,2017-12-28,False
533785,6127,9868,16.87,2019-09-05,False
180455,2612,7989,119.83,2024-07-22,False
588293,9084,8959,5.2,2012-07-17,False
547631,9706,9035,195.6,2014-10-16,False
34414,6581,8148,433.66,2021-01-28,False
826915,4590,6463,470.39,2019-12-31,False
1291766,8660,5030,125.38,2019-02-15,False
1292668,996,3438,225.16,2024-10-12,False
564586,6078,9359,12.25,2012-09-16,False
786781,479,7033,484.01,2024-10-22,False
417552,9193,6900,4.63,2021-04-13,False
950883,9747,9908,101.44,2017-12-13,False
1237923,1035,9991,27.21,2024-10-19,False
954335,7792,2816,168.19,2017-08-28,False
132006,7653,9154,104.13,2022-09-23,False
1047371,1497,8454,583.16,2024-10-12,False
1308238,8622,8960,112.36,2014-06-08,False
852616,6194,5694,14.36,2022-07-10,False
567339,6138,9910,16.94,2016-07-19,False
719087,1465,1128,574.94,2024-10-09,False
1128601,7511,8267,522.07,2013-05-30,False
1045908,3426,9111,498.51,2024-09-11,False
1156608,7644,8023,116.15,2020-09-26,False
69090,3034,9984,15.44,2024-09-09,False
687721,518,8641,422.48,2024-10-18,False
1005499,9009,6392,8.35,2023-01-07,False
559316,7474,7572,458.52,2021-05-21,False
1034917,9045,4908,5.65,2022-01-06,False
306373,3975,9452,257.88,2016-10-16,False
1098372,9038,3163,6.83,2018-05-16,False
780163,6184,7196,11.9,2018-08-23,False
752427,4637,9200,187.74,2018-02-13,False
332911,3738,9992,155.96,2013-01-29,False
1269973,3416,9953,521.11,2024-07-03,False
51016,8639,8496,125.44,2014-01-18,False
1207236,9677,8617,149.38,2013-06-04,False
507517,2157,9832,20.82,2024-10-14,False
274559,4437,9971,436.92,2019-06-19,False
1178173,4773,8547,161.52,2024-08-02,False
68572,6846,9982,399.14,2017-07-16,False
273695,5668,2569,172.47,2024-06-23,False
16161,9740,9649,115.29,2020-09-14,False
465437,6764,9928,105.75,2020-07-25,False
990052,9068,9928,6.65,2021-07-17,False
827780,9672,5384,179.36,2019-07-01,False
1248359,7650,9565,179.44,2014-08-11,False
9921,1642,9893,161.77,2024-10-23,False
154242,3670,8083,143.91,2021-01-07,False
1168741,9475,6032,483.89,2015-06-17,False
447061,8667,517,164.3,2020-06-11,False
975994,6101,5271,14.54,2015-01-14,False
85651,6697,5656,134.38,2017-06-11,False
822233,166,9941,61.25,2024-10-15,False
439821,2632,7986,144.46,2024-09-27,False
892768,9596,9421,525.59,2015-11-18,False
273977,4058,9804,14.13,2016-05-16,False
288315,5686,9851,148.33,2013-02-02,False
516477,8105,9454,11.54,2014-01-10,False
970143,7171,7141,11.88,2015-02-07,False
551023,3771,8782,168.8,2016-02-13,False
715222,3478,9026,503.76,2024-03-11,False
883956,7074,9998,15.67,2017-04-13,False
476692,8638,5330,149.53,2017-10-27,False
381547,4703,142,195.64,2021-08-11,False
414822,9612,5834,178.16,2020-06-16,False
581121,6783,5397,152.88,2023-10-13,False
287085,2455,1149,566.02,2024-09-04,False
714881,3649,1732,168.33,2016-08-15,False
260029,6972,2427,373.64,2022-04-16,False
696758,9069,9420,6.64,2024-09-04,False
38787,4572,9960,529.55,2016-12-05,False
919453,9028,5364,7.58,2020-03-27,False
1184958,9610,3789,146.39,2021-01-12,False
86398,5167,3460,17.18,2015-01-15,False
469942,9688,9793,167.39,2014-06-06,False
411164,4506,2966,578.29,2020-10-09,False
1298359,7108,8734,14.78,2015-09-24,False
1095212,7431,5991,574.03,2015-04-26,False
994355,7722,8203,177.22,2012-11-19,False
336170,9637,2998,104.5,2012-04-10,False
267576,9072,8087,7.33,2014-07-07,False
388258,8699,924,163.24,2019-08-16,False
905645,557,1558,411.57,2024-09-22,False
921643,9679,9106,155.69,2013-01-27,False
973468,7182,7835,16.11,2014-05-13,False
598166,3157,9932,23.75,2024-03-11,False
1261406,2512,5351,595.83,2024-09-04,False
599799,5497,8398,577.21,2023-04-07,False
1322253,475,8688,563.88,2024-10-13,False
1163358,9069,7493,6.64,2016-08-08,False
211298,481,1612,422.69,2024-10-22,False
812025,3121,888,23.39,2024-06-22,False
788303,9620,5946,150.11,2018-02-13,False
938663,7488,9993,592.48,2013-12-30,False
164264,7690,9935,115.54,2020-04-14,False
291719,4044,2957,24.33,2013-09-28,False
74158,7468,4837,438.02,2016-12-21,False
321232,9638,3403,179.27,2018-06-15,False
1101481,7747,9432,107.94,2018-01-10,False
227907,8626,8983,181.66,2012-02-07,False
178161,7613,2728,133.74,2024-08-04,False
1245997,4123,9342,24.17,2014-04-02,False
262141,9632,1243,110.36,2014-06-09,False
555401,5784,5610,122.31,2022-06-22,False
918661,2408,8200,528.9,2024-07-30,False
137287,8036,1182,12.16,2012-05-26,False
453787,9183,1071,6.93,2023-09-17,False
933970,7793,9923,182.8,2016-11-26,False
487598,5192,9966,17.87,2013-07-24,False
438552,8149,1391,13.13,2024-07-22,False
319395,9159,9839,9.33,2018-05-22,False
73175,9009,9994,8.35,2023-02-27,False
562792,4607,9846,176.21,2022-07-22,False
666656,1539,9892,446.75,2024-10-16,False
1057406,5117,9980,17.34,2021-05-14,False
436951,6065,2718,19.32,2013-12-24,False
731843,448,9872,524.4,2024-10-12,False
230760,3130,7700,24.79,2024-07-18,False
585603,3133,3784,13.63,2024-05-17,False
1099774,2134,7008,19.13,2024-10-05,False
699565,1550,660,579.3,2024-09-30,False
167439,6717,7167,191.13,2013-03-19,False
152813,4406,5692,522.28,2024-07-19,False
949953,9111,4820,8.87,2017-09-23,False
99452,3129,2811,19.39,2022-07-29,False
800348,9080,1384,5.89,2014-07-13,False
625228,9627,4604,140.52,2021-02-14,False
394203,6468,5041,576.52,2017-06-22,False
446782,9084,7459,5.2,2012-03-09,False
308032,4740,6272,137.66,2024-10-05,False
469194,8722,4913,175.32,2018-09-19,False
45098,5540,3638,541.69,2019-10-18,False
1086133,1598,9147,404.77,2024-08-17,False
8625,8055,3610,8.66,2012-08-08,False
485903,127,9699,39.5,2024-08-21,False
183971,7502,7120,443.57,2021-04-18,False
1095895,5520,9188,535.7,2023-09-25,False
303558,1400,4815,450.77,2024-10-04,False
858414,1595,3504,449.69,2024-08-22,False
371341,7625,7353,164.85,2023-10-07,False
772752,5179,7972,13.58,2016-10-02,False
220624,7498,1843,447.23,2019-07-20,False
80096,1108,9631,31.91,2024-10-13,False
283598,165,9491,45.24,2024-10-25,False
991375,5754,9883,117.83,2021-08-15,False
255132,3471,9787,573.16,2024-06-03,False
910137,9535,6351,599.44,2014-05-28,False
144204,2508,7186,515.65,2024-09-14,False
1159198,9555,9762,407.27,2019-07-27,False
68229,6002,5660,17.77,2024-07-25,False
263743,7722,5047,177.22,2015-10-01,False
419260,9455,8673,432.23,2014-12-14,False
130912,9028,3682,7.58,2022-06-25,False
842948,2668,3781,132.36,2024-08-17,False
1026792,6032,1328,14.51,2017-05-04,False
82374,7558,5185,469.75,2020-10-30,False
1164824,1728,2709,147.94,2024-10-21,False
103315,569,4491,537.64,2024-10-21,False
1288182,6775,5709,194.6,2013-10-28,False
899381,9786,468,101.3,2024-02-09,False
515739,9518,5361,475.88,2018-06-28,False
59328,1078,9946,35.5,2024-10-15,False
353433,9636,9462,197.94,2019-03-12,False
713726,7953,9221,219.1,2020-09-17,False
837856,8694,6041,185.0,2012-10-17,False
632738,441,8575,576.26,2024-10-10,False
1008948,2135,9744,17.84,2024-09-29,False
541343,7494,8234,568.53,2018-08-08,False
951394,8595,7121,481.67,2024-05-20,False
413238,4742,8645,119.33,2012-06-16,False
917385,9043,9615,8.65,2016-02-05,False
977775,5019,9523,14.99,2017-10-11,False
289206,9554,7187,598.6,2016-11-18,False
867418,9089,7406,5.32,2012-12-29,False
1013159,9591,8850,500.36,2024-09-06,False
1070092,8641,9194,112.47,2020-01-14,False
1018303,788,3919,153.61,2024-10-07,False
422123,5727,2810,152.77,2015-08-19,False
148231,8192,5128,10.58,2016-12-10,False
273039,2718,8655,177.13,2024-08-26,False
678465,560,126,545.64,2024-10-12,False
796486,3054,7711,20.86,2024-07-10,False
1106134,6040,4008,18.9,2017-12-26,False
776278,7633,9667,188.64,2018-05-25,False
912892,8794,6163,127.08,2024-09-21,False
865756,5279,8158,5587452.5,2021-03-23,False
847390,3751,9771,161.05,2018-07-19,False
1142948,1408,7231,584.15,2024-10-28,False
310179,8608,9645,147.5,2020-08-18,False
828642,1518,2930,513.17,2024-10-25,False
158911,5173,5425,16.94,2014-10-11,False
410342,354,5404,85697.73,2024-10-20,False
579046,8721,2425,174.02,2021-01-04,False
705742,8154,5816,13.09,2014-03-03,False
696356,532,5098,516.16,2024-10-26,False
1209022,3178,6573,19.01,2024-08-14,False
1056195,5065,9855,20.66,2018-08-19,False
886059,8414,4096,525.7,2023-04-18,False
618847,1882,5554,348.39,2024-10-25,False
809508,7135,1743,10.48,2013-04-21,False
46265,9618,7338,173.36,2017-08-30,False
130439,8803,7461,347.45,2013-10-21,False
119862,8653,9835,143.74,2016-09-05,False
1279270,2574,661,524.4,2024-08-27,False
194341,7794,7318,113.2,2016-10-21,False
256549,8071,4192,8.8,2013-05-27,False
1028846,4160,9996,13.31,2018-01-28,False
1047586,6023,9933,11.27,2020-02-18,False
812690,6435,9774,572.32,2022-11-12,False
1198402,9697,3681,124.95,2013-02-07,False
982254,9652,9165,111.47,2019-02-03,False
261950,6530,7683,473.44,2022-06-14,False
140516,4761,5456,146.39,2013-04-28,False
623083,7636,9995,189.75,2021-12-11,False
802267,3469,2944,530.17,2024-09-04,False
25092,9164,7022,8.84,2013-03-27,False
313207,4024,6260,23.36,2021-01-24,False
961820,9862,8210,223.52,2013-01-26,False
903458,9732,6270,121.75,2013-04-24,False
707105,7504,6461,558.11,2012-12-16,False
709950,1852,8872,256.33,2024-09-13,False
554256,9763,9918,105.8,2014-07-29,False
740295,8739,8517,150.52,2013-02-06,False
474522,6171,9647,16.85,2024-05-22,False
1061137,8652,9888,141.28,2013-03-13,False
805923,4444,4708,513.33,2018-08-22,False
875748,7788,6643,130.88,2021-10-29,False
758258,7179,7374,10.9,2024-04-20,False
1306826,1085,230,22.53,2024-10-25,False
960609,3520,6375,545.77,2019-12-14,False
924111,3782,9951,166.77,2023-01-04,False
857160,9118,7983,5.1,2021-01-16,False
888077,8054,8674,12.74,2017-07-30,False
1021559,4048,9606,12.97,2018-02-10,False
613748,9781,7714,145.58,2019-10-04,False
1055066,9722,9913,148.63,2016-08-28,False
1239734,9770,2536,188.38,2020-10-18,False
567786,6733,7689,189.61,2022-11-10,False
699175,8736,9738,127.91,2016-01-08,False
834792,9596,9421,525.59,2012-09-04,False
652286,6489,4480,426.5,2023-07-21,False
1064915,8709,7846,116.66,2023-02-16,False
603392,7507,8596,507.75,2018-05-26,False
58611,405,5896,450.89,2024-10-13,False
1233316,6484,4361,531.71,2022-03-26,False
1276461,6612,3048,182.55,2018-01-23,False
837681,4822,1885,292.41,2016-08-20,False
905343,4131,851,17.94,2012-11-09,False
1110828,8486,8017,475.88,2022-07-13,False
651846,7151,407,11.5,2018-05-29,False
997918,3528,5493,505.64,2022-07-16,False
4664,8028,3713,7.59,2024-07-03,False
1048658,9782,2996,132.44,2018-02-01,False
260243,5658,9853,189.5,2023-01-12,False
618484,6009,7515,16.57,2017-08-02,False
1153139,6942,9113,314.48,2014-07-20,False
970027,2008,4888,26.44,2024-09-22,False
634822,7008,9875,13.28,2020-07-08,False
88855,7515,8255,587.26,2014-09-05,False
990033,1574,9399,524.15,2024-09-16,False
536850,285,9194,265066.16,2024-08-09,False
398114,6796,9405,181.52,2013-09-10,False
1024530,8724,9760,133.14,2018-11-01,False
500399,5524,8256,442.2,2012-04-28,False
85179,9032,8899,8.93,2020-12-12,False
1187437,9118,8920,5.1,2013-04-25,False
722605,4448,9993,437.7,2020-11-18,False
57057,8148,849,10.47,2012-06-06,False
339756,2126,9423,23.38,2024-09-30,False
661419,7136,4598,11.84,2016-01-10,False
696211,9085,9459,5.66,2023-12-13,False
61285,6730,5301,197.6,2019-11-28,False
942794,6311,8556,2958190.5,2024-10-14,False
698230,2774,7496,130.17,2024-07-26,False
444990,6116,5352,14.27,2013-02-20,False
500801,7089,9910,12.9,2020-05-19,False
271390,3535,7331,443.23,2021-08-04,False
1278631,9659,7719,191.0,2020-09-27,False
366416,3110,8728,22.57,2024-09-15,False
150088,2509,7411,598.39,2024-10-01,False
663527,9072,9961,7.33,2022-02-16,False
585221,9653,8552,111.58,2020-01-29,False
570769,5792,9973,174.42,2022-08-01,False
159065,1639,9372,159.44,2024-10-19,False
74231,8094,5778,8.5,2014-03-05,False
927354,8099,9648,12.83,2015-06-02,False
645008,4107,7685,21.41,2013-03-01,False
907386,4063,7653,13.8,2016-01-23,False
1252841,9150,7562,8.34,2014-10-19,False
10167,1045,6780,28.0,2024-10-25,False
1126596,5165,9054,12.26,2015-09-03,False
303380,1468,2526,401.02,2024-10-04,False
1257703,7758,8498,129.41,2023-01-27,False
1112520,2456,8123,497.85,2024-09-19,False
101866,6431,7662,504.17,2015-10-08,False
1066780,6798,6699,134.46,2014-09-18,False
681674,7460,3549,483.3,2012-06-15,False
843341,6958,288,268.42,2022-06-12,False
551077,6630,4076,149.75,2017-05-30,False
561833,5459,9851,458.48,2014-04-03,False
474956,8019,6551,10.19,2017-10-16,False
771129,8783,8657,157.83,2016-02-10,False
10051,4770,9505,120.34,2018-08-31,False
1178853,8720,9055,127.76,2018-11-14,False
1260127,1191,5996,28.24,2024-10-08,False
1158423,5789,7349,146.24,2021-12-25,False
68566,8069,1926,9.12,2019-09-11,False
83523,4620,9463,104.79,2017-06-23,False
896921,2050,3116,29.11,2024-10-02,False
1303017,9023,9074,8.45,2016-04-01,False
972219,9770,4474,188.38,2021-03-23,False
599667,2837,8123,281.01,2024-09-10,False
608452,5516,993,477.82,2014-05-05,False
35233,5042,8014,11.95,2017-01-27,False
828620,8123,9981,7.15,2018-04-25,False
988306,5772,9878,168.78,2022-11-04,False
889731,544,6720,404.1,2024-10-15,False
1240876,505,6860,414.1,2024-10-12,False
933799,9656,6957,179.97,2018-09-19,False
727399,9597,9201,516.85,2014-01-18,False
1202923,9415,9960,521.0,2021-03-12,False
767537,1471,7297,462.29,2024-10-23,False
123428,3596,5621,492.72,2016-06-21,False
1065497,3748,8995,196.16,2020-11-20,False
565564,7499,3825,556.26,2013-05-02,False
276226,7609,5935,132.47,2022-09-02,False
327700,3923,2269,273.51,2020-12-11,False
215859,7640,8717,116.65,2012-02-08,False
258446,9645,9315,186.17,2015-12-15,False
727957,9027,6678,7.46,2020-01-19,False
408457,4873,8892,361.66,2013-04-02,False
139494,5198,8549,21.22,2019-07-09,False
578239,7577,9257,507.17,2015-12-27,False
1265015,4438,9689,573.57,2020-12-31,False
1017380,5076,6307,21.97,2014-01-05,False
348755,2008,8627,26.44,2024-09-22,False
712308,9605,8869,158.11,2024-10-12,False
159768,6836,9474,261.14,2017-10-14,False
1194285,1752,9542,102.19,2024-09-24,False
92635,9686,8830,128.75,2014-06-04,False
679649,7622,2462,166.21,2023-05-06,False
863363,8042,3722,9.84,2021-04-10,False
85216,7696,5697,174.55,2014-02-21,False
650986,7156,5273,8.51,2020-11-04,False
540667,6005,9944,15.65,2016-11-26,False
336009,9869,9103,246.63,2014-08-10,False
290900,9428,9882,466.98,2020-03-12,False
310760,8016,8024,9.11,2017-08-24,False
995242,6729,7956,128.02,2020-07-17,False
1109266,7175,9920,12.25,2012-12-27,False
651794,9027,9470,7.46,2017-12-22,False
141852,4216,8154,1996.09,2018-05-15,False
573416,5691,2491,165.02,2023-09-18,False
443811,7166,8406,8.94,2019-12-18,False
765452,7763,4622,155.13,2014-11-27,False
305488,2437,4384,547.84,2024-09-11,False
1015623,2184,9695,28.98,2024-08-01,False
515207,8790,3130,136.02,2019-06-12,False
635710,6668,5856,108.76,2015-05-27,False
185114,7092,9988,10.62,2013-05-12,False
715014,7443,6917,472.54,2022-08-26,False
1095616,5405,9048,482.02,2024-01-18,False
22337,9629,7697,135.11,2023-10-05,False
905909,8068,9892,9.79,2012-05-01,False
234975,4529,9751,564.29,2021-04-02,False
379940,2721,9454,155.38,2024-08-20,False
592303,1645,9328,121.33,2024-10-29,False
592272,3487,1668,440.0,2024-05-09,False
662203,4795,9746,173.33,2017-05-09,False
1000543,476,2081,577.75,2024-10-13,False
798500,8555,4272,445.98,2016-08-05,False
325893,3731,9282,184.3,2012-10-11,False
315964,9030,9581,5.72,2016-07-02,False
858195,6087,9339,10.98,2015-12-31,False
261953,5458,4606,439.07,2014-09-19,False
1155389,8929,7154,204.86,2012-06-24,False
199180,7190,9760,15.51,2022-01-24,False
550578,7777,8037,178.36,2020-08-27,False
156055,2751,76,149.71,2024-08-01,False
781544,9405,7244,485.1,2017-07-01,False
272187,643,5074,141.5,2024-10-10,False
647921,8500,9014,579.21,2012-03-11,False
1277938,2566,9233,434.39,2024-08-31,False
31087,9073,9522,5.35,2021-11-03,False
696572,3823,8630,393.23,2017-12-10,False
83941,6630,8519,149.75,2023-09-30,False
376312,3091,7285,22.25,2024-06-14,False
289059,4418,9337,450.23,2023-03-26,False
694123,9760,2483,101.22,2015-04-17,False
351511,7668,9510,108.41,2023-08-23,False
516366,5596,8612,524.21,2014-03-24,False
988362,9116,9974,7.53,2014-07-02,False
870252,7480,8058,478.33,2017-02-08,False
1306034,7116,9531,8.36,2015-06-11,False
294082,2165,9910,17.33,2024-10-05,False
1296535,5735,8790,199.5,2015-06-02,False
992038,5667,3644,193.58,2024-06-26,False
294799,8659,8363,169.41,2014-09-28,False
1151991,2437,4384,547.84,2024-09-11,False
84651,2033,2643,17.96,2024-09-17,False
143310,5655,8414,183.39,2018-04-07,False
1017440,7161,1464,11.83,2018-01-13,False
130790,5853,9850,348.35,2016-09-03,False
807866,9283,1624,517901.4,2018-01-03,False
71427,7745,8212,119.58,2019-04-14,False
759004,7036,3961,9.89,2014-03-18,False
1037349,276,5710,4925112.0,2024-10-11,False
563356,7595,9975,455.54,2012-12-19,False
476750,1480,9970,473.5,2024-10-14,False
1019651,9163,8053,6.65,2015-06-12,False
895903,6080,6999,12.38,2017-10-18,False
574691,477,2572,555.88,2024-10-13,False
366662,6521,8993,588.85,2019-12-11,False
501301,4004,5803,12.85,2017-09-15,False
748254,3664,9892,174.47,2012-07-20,False
854210,2588,8689,516.82,2024-08-03,False
117519,6497,6949,505.07,2015-04-27,False
1312805,3726,7835,198.53,2015-08-17,False
1020877,2436,3957,526.66,2024-09-11,False
575772,9162,9942,5.25,2012-12-11,False
771522,6511,6818,495.91,2014-09-17,False
927391,7011,1385,16.06,2019-01-12,False
866709,3049,878,20.06,2013-01-08,False
162574,2316,9974,686.45,2024-09-21,False
540128,2864,7907,250.25,2024-09-12,False
1027835,7490,7264,591.53,2022-01-26,False
199379,3601,9452,140.1,2017-05-06,False
1265293,3629,4225,153.52,2012-09-19,False
1076664,8739,7454,150.52,2017-07-12,False
1129626,4085,8373,22.51,2012-02-04,False
418008,8128,5947,6.85,2020-04-29,False
945763,9706,6498,195.6,2021-05-20,False
1113921,9670,9666,142.78,2022-03-31,False
581915,9431,9587,486.66,2023-07-16,False
494863,4414,3969,419.48,2020-11-28,False
79815,1431,532,420.35,2024-10-17,False
1295811,9163,8221,6.65,2012-11-09,False
1071543,1562,2789,453.85,2024-10-14,False
628922,8129,9292,7.17,2012-06-26,False
514795,8065,9498,13.96,2014-03-26,False
1277256,6227,9924,14501976.0,2022-10-12,False
976260,8079,4286,8.61,2023-01-12,False
181847,8027,8386,9.73,2018-11-17,False
199756,5561,1579,460.73,2012-06-23,False
654426,9603,4488,109.08,2014-07-24,False
616636,9594,7187,412.11,2017-11-16,False
611827,9164,4426,8.84,2018-03-27,False
965705,7747,6020,107.94,2020-03-15,False
785045,9757,5617,173.78,2020-01-06,False
1232473,1409,7231,433.6,2024-10-27,False
816427,9790,9115,138.44,2024-08-28,False
761683,473,8633,443.2,2024-10-23,False
316291,1706,377,123.91,2024-10-19,False
1020591,624,9515,157.39,2024-10-15,False
1083546,5168,2975,17.98,2017-03-22,False
184744,9014,2811,5.93,2015-06-30,False
790591,747,7181,173.55,2024-10-10,False
256168,1090,9967,30.43,2024-10-17,False
138590,1727,5096,199.3,2024-10-09,False
641929,8197,6315,13.8,2021-08-11,False
490054,6606,9705,116.87,2016-10-24,False
870610,7523,2425,498.02,2022-05-30,False
935318,2044,9355,28.1,2024-09-25,False
818863,3508,6055,482.01,2012-12-03,False
902362,932,5573,205.44,2024-10-17,False
304245,7150,9911,11.95,2023-05-24,False
785530,9788,3818,158.57,2020-07-14,False
182628,7148,9348,11.61,2022-07-16,False
702400,8489,9135,457.67,2020-03-16,False
188435,8628,7552,172.57,2020-07-08,False
674871,5820,8231,301.83,2016-03-18,False
198317,9648,7704,193.36,2018-03-22,False
266376,3694,7791,105.06,2022-07-11,False
1162644,8191,6720,8.78,2022-04-02,False
754212,1594,3937,446.7,2024-08-21,False
22894,9265,8376,1157.54,2018-01-16,False
940029,9047,9295,7.97,2024-07-12,False
820877,7630,9824,144.97,2022-07-23,False
57128,1444,9441,478.64,2024-10-18,False
355320,6604,7154,163.8,2019-08-12,False
575422,1718,9544,150.67,2024-08-08,False
1114780,2189,7605,21.46,2024-10-02,False
919509,4041,9702,15.51,2020-03-04,False
1310204,3210,51,21474836.0,2024-08-28,False
1099935,9025,9943,5.88,2023-06-28,False
12787,8692,7261,108.27,2024-01-09,False
422448,9,7246,79.16,2024-10-15,False
676578,2749,9983,115.59,2024-07-16,False
1065818,8664,4867,141.16,2014-11-25,False
1028785,9148,7511,8.24,2023-03-20,False
1302913,9491,7066,432.77,2020-04-20,False
1307722,8149,5769,13.13,2019-07-03,False
81173,3477,1822,526.02,2024-09-21,False
782685,9666,9829,130.36,2020-11-12,False
611928,8082,5931,9.72,2014-02-24,False
850083,8721,9058,174.02,2023-08-07,False
572919,489,9354,546.85,2024-10-16,False
564084,9525,7165,496.2,2018-01-08,False
313478,5097,7946,20.08,2016-01-23,False
701780,9607,4514,116.05,2017-11-06,False
972078,7560,9520,535.13,2017-11-19,False
330805,9632,5373,110.36,2020-10-23,False
604545,626,3609,153.13,2024-10-15,False
349244,8510,7572,438.13,2019-02-05,False
244757,5430,6395,573.14,2015-01-21,False
1307470,8680,7351,139.82,2022-02-08,False
843025,484,9630,584.58,2024-10-23,False
1306678,4788,6767,100.73,2017-07-22,False
1084777,3071,9898,21.38,2024-08-13,False
130224,6123,9771,11.52,2020-08-02,False
799048,1150,9957,19.32,2024-08-17,False
1112321,9539,9300,518.03,2017-03-27,False
1280290,9550,8770,431.67,2022-08-11,False
491598,9930,6157,273.23,2019-01-22,False
366212,6465,9672,401.14,2019-06-28,False
902756,5466,9685,500.66,2024-04-30,False
1222299,8748,760,100.8,2019-06-29,False
475920,7647,6452,188.88,2023-11-08,False
186512,9114,7814,5.03,2017-11-06,False
518327,9433,6990,555.41,2024-01-31,False
424933,7746,9432,171.88,2018-03-29,False
1217435,9716,9577,101.77,2014-08-06,False
601654,3460,5729,514.58,2024-05-07,False
1198660,8774,1751,165.19,2012-11-27,False
1217058,2172,7873,27.81,2024-10-07,False
23436,1408,7231,584.15,2024-10-28,False
780479,9736,9981,141.24,2020-03-10,False
1265192,6187,7222,18.27,2021-02-23,False
901732,1589,9652,483.23,2024-10-08,False
388542,9199,9724,7.81,2019-12-17,False
879207,2856,58,234.44,2024-08-12,False
367184,4794,4889,141.07,2013-04-02,False
710229,4486,642,551.95,2014-07-29,False
195017,7055,4742,10.34,2017-10-19,False
591198,4604,9721,106.69,2017-05-29,False
847730,5166,6237,17.35,2016-01-19,False
913905,1065,9052,38.56,2024-10-07,False
283744,4612,7484,190.75,2013-11-17,False
49149,9709,9400,176.14,2014-07-22,False
1147156,6211,9824,14185672.0,2017-06-21,False
1225839,1732,2979,143.41,2024-10-03,False
986263,4539,6263,464.01,2023-03-21,False
876288,9711,9654,187.85,2022-05-25,False
950158,3414,5262,562.09,2024-09-16,False
548666,9161,9039,8.72,2021-03-19,False
277894,9751,2486,128.78,2019-12-25,False
111249,9725,1233,135.53,2024-10-09,False
438089,9151,7975,7.86,2019-12-09,False
274758,8542,5471,408.94,2022-12-12,False
892053,6789,4860,141.91,2021-06-12,False
547604,2489,6670,503.55,2024-10-04,False
313713,9644,8478,189.14,2020-03-12,False
1128923,9999,9866,317.64,2014-04-02,False
1180933,3970,1015,393.77,2022-04-20,False
1141995,6720,9993,106.16,2022-02-10,False
17056,3560,5296,433.77,2014-05-08,False
1014798,9612,6333,178.16,2024-03-16,False
826594,8651,8523,122.02,2023-06-20,False
1169332,7643,9843,119.13,2021-01-04,False
663011,9748,3493,175.97,2021-02-16,False
972903,587,4309,459.7,2024-10-11,False
973234,6051,2117,13.35,2016-01-16,False
1025355,4779,9768,123.05,2021-09-06,False
104349,8009,3378,13.16,2017-03-02,False
1011020,5089,8535,18.18,2021-10-20,False
621886,693,4133,158.64,2024-08-22,False
825917,6173,566,15.26,2021-10-26,False
1288096,4468,572,441.39,2024-01-20,False
434437,9510,8099,493.54,2023-11-05,False
268643,7404,9158,569.91,2020-02-27,False
961131,8081,4644,10.03,2018-04-26,False
107891,9042,7726,9.88,2014-04-04,False
620954,5100,1614,14.99,2024-07-03,False
565253,2892,9882,386.42,2022-08-19,False
1027848,1551,4260,569.21,2024-10-15,False
250649,5056,8092,16.33,2014-03-26,False
1045045,7148,9348,11.61,2019-01-17,False
387377,7460,3549,483.3,2015-02-24,False
736412,9027,8614,7.46,2016-01-27,False
1252110,3733,6996,112.98,2013-07-08,False
594006,243,7571,363713.06,2024-10-08,False
136946,3068,8760,28.22,2024-07-06,False
1161979,4974,421,307.66,2016-08-11,False
414460,1026,9771,23.79,2024-10-10,False
643737,6148,7975,12.77,2013-01-05,False
644686,6075,6279,13.81,2023-05-03,False
663655,2547,6001,410.39,2024-07-16,False
661019,9156,3876,8.93,2015-03-02,False
1208366,6618,3342,178.97,2020-12-30,False
935293,7721,4194,133.82,2020-03-22,False
42554,8033,8521,10.43,2020-02-20,False
1186143,2700,6638,147.72,2024-09-16,False
665112,4761,5456,146.39,2014-11-25,False
498933,1086,9399,28.5,2024-10-23,False
870231,8641,9880,112.47,2019-01-16,False
12351,6744,9684,154.57,2012-02-18,False
1210649,9585,9102,506.36,2021-07-26,False
960560,9691,8843,140.16,2016-10-18,False
461054,519,8611,468.89,2024-10-11,False
904778,1029,6509,36.89,2024-10-07,False
423914,4559,1565,536.82,2013-03-11,False
894147,3195,2548,25.11,2024-09-10,False
1232651,5699,9894,197.36,2015-12-15,False
540185,8421,9301,528.08,2023-03-19,False
338919,4622,2192,122.83,2014-09-29,False
719619,2454,5681,505.33,2024-09-22,False
784573,8695,7421,145.05,2020-09-29,False
674209,48,9256,61.93,2024-10-22,False
502871,6518,5570,442.13,2023-02-02,False
1178461,9142,5782,7.38,2013-01-18,False
857858,6659,9867,147.27,2012-11-21,False
547048,4433,9465,419.94,2022-05-10,False
965856,4734,6259,155.92,2021-09-06,False
922503,4444,4708,513.33,2020-03-20,False
542266,6644,6882,155.66,2022-10-17,False
423676,9705,9764,147.16,2020-09-26,False
578260,5412,9364,517.53,2017-07-12,False
702948,8716,9259,158.47,2019-08-24,False
55389,2425,4806,424.89,2024-09-30,False
1221449,7957,8585,289.48,2017-11-05,False
1071120,5024,1249,16.76,2023-08-31,False
254314,7642,5965,156.82,2012-12-15,False
214026,2764,9464,144.03,2024-09-02,False
1140087,3538,6592,555.9,2014-09-16,False
255210,1051,8124,37.83,2024-10-07,False
615365,7160,5469,12.16,2019-05-06,False
462793,2690,3741,106.8,2024-09-25,False
353282,561,7719,464.13,2024-10-21,False
1156250,9776,2272,114.16,2024-02-01,False
1118075,6126,8257,10.94,2022-09-02,False
46647,2464,7110,583.21,2024-09-26,False
57676,9788,3818,158.57,2022-11-10,False
722138,6761,8842,182.11,2013-08-21,False
175720,7753,9934,134.33,2023-07-16,False
883048,5168,8385,17.98,2018-10-15,False
531954,6087,8427,10.98,2014-01-18,False
927466,3039,9914,18.99,2024-09-05,False
227566,2514,8354,466.57,2024-09-24,False
1226337,3474,9452,434.23,2024-01-17,False
952620,7677,9988,101.44,2012-10-18,False
434471,7488,9993,592.48,2013-04-04,False
496592,4591,9751,487.44,2020-12-09,False
618255,174,5336,41.33,2024-10-12,False
622786,9747,2561,101.44,2021-11-11,False
717636,9743,9490,119.45,2017-07-22,False
305118,7286,8950,33418.06,2021-03-31,False
944380,9664,9773,117.54,2014-08-17,False
415650,6413,8387,576.66,2019-02-10,False
444160,8742,7396,176.66,2016-10-21,False
721763,2488,9961,545.54,2024-10-02,False
785244,1402,1510,555.15,2024-10-29,False
1098989,9795,9829,146.25,2019-08-10,False
462837,7653,9154,104.13,2012-10-10,False
1240459,5130,6916,18.28,2013-08-25,False
748206,4170,8465,17.8,2013-01-22,False
466913,4761,3688,146.39,2024-03-23,False
274568,9096,9843,7.99,2014-03-17,False
914058,6660,9798,148.17,2014-10-24,False
323087,2646,8283,138.38,2014-08-06,False
196209,7637,2029,199.55,2012-08-31,False
448814,9736,8252,141.24,2024-09-06,False
367665,3465,3936,418.17,2013-09-13,False
1086624,6782,2945,160.99,2017-07-25,False
73210,7185,9685,16.04,2016-07-31,False
1020543,4563,6981,461.64,2013-02-13,False
295954,9685,9998,188.24,2015-09-26,False
158361,168,2984,52.02,2024-10-12,False
371955,4032,9387,21.8,2018-11-29,False
1038753,4084,9097,20.86,2017-02-10,False
824362,9489,8596,465.19,2016-03-06,False
113958,8728,5256,162.33,2012-02-08,False
335435,3748,9404,196.16,2023-06-04,False
641384,7284,8240,605753.1,2019-12-12,False
876469,1671,6163,166.32,2024-10-17,False
924752,9186,5502,6.41,2022-05-13,False
1196927,8127,6181,12.59,2019-02-04,False
842945,4167,195,11.71,2016-11-24,False
1135663,9712,9416,186.19,2024-07-20,False
719940,7552,8146,584.26,2015-04-29,False
940035,9047,964,7.97,2023-12-19,False
986402,5485,9640,445.55,2018-11-14,False
489374,7644,7478,116.15,2022-07-24,False
454390,8521,8033,465.57,2013-02-23,False
881727,3019,3576,21.92,2024-08-21,False
1079067,9781,6190,145.58,2017-11-09,False
1214045,9045,1379,5.65,2020-03-05,False
227353,2046,1883,29.56,2024-09-13,False
440100,7676,8761,144.71,2013-05-26,False
1114492,6098,9979,14.36,2014-10-09,False
1071607,6171,9647,16.85,2018-07-06,False
236531,9786,5826,101.3,2012-10-11,False
1038246,2448,9520,545.13,2024-09-24,False
1248977,9554,7187,598.6,2022-10-05,False
886087,9130,2316,6.08,2016-05-13,False
183592,2432,2822,448.01,2024-10-03,False
981727,4574,9832,427.08,2021-07-08,False
916091,141,4442,34.64,2024-10-11,False
450005,9628,6408,111.52,2014-10-29,False
97116,8599,9476,543.53,2018-01-03,False
142293,7520,5374,595.64,2012-07-11,False
265304,9107,9794,9.05,2012-10-09,False
1316485,2703,3561,100.29,2024-09-09,False
854908,9611,371,112.83,2019-12-17,False
335928,5412,9364,517.53,2019-11-19,False
1296938,9613,9342,141.46,2012-07-01,False
168239,8854,9993,330.82,2014-06-07,False
458088,7580,6461,423.95,2024-05-19,False
59240,475,8688,563.88,2024-10-13,False
887966,6582,3192,525.05,2015-04-22,False
1137453,9936,7364,275.47,2022-08-01,False
1038255,5084,9708,21.72,2017-05-29,False
915113,9673,3377,122.95,2023-09-04,False
184912,8629,2430,159.5,2020-11-05,False
1275046,1703,3064,131.21,2024-09-26,False
1006545,9169,4946,7.72,2019-07-06,False
484304,8591,7750,485.61,2018-03-03,False
935891,9791,9905,112.93,2013-04-07,False
938087,9035,8065,8.84,2015-01-28,False
58885,6424,9672,586.13,2018-05-11,False
336264,1079,8771,32.51,2024-10-14,False
78404,5703,7006,127.5,2023-02-17,False
881825,3033,7600,17.36,2024-09-05,False
575634,7008,2886,13.28,2017-02-19,False
1063363,1579,9267,440.32,2024-10-07,False
904873,9725,3004,135.53,2012-03-26,False
329132,9028,2343,7.58,2020-06-11,False
29208,9600,8109,147.99,2020-11-16,False
1274284,5616,4127,130.25,2019-02-13,False
906651,8810,8113,242.3,2013-01-03,False
784358,9132,8295,8.23,2021-04-07,False
936573,9141,9879,6.21,2022-10-16,False
952377,508,8563,440.95,2024-10-13,False
510643,8662,3855,134.97,2018-06-13,False
531739,3049,9759,20.06,2013-01-08,False
925781,9451,9883,504.35,2012-07-09,False
717779,8656,2450,176.1,2013-02-24,False
99584,3586,3208,507.79,2021-10-27,False
1207004,9647,7445,172.64,2019-03-23,False
427411,3466,6333,478.67,2024-09-13,False
681848,1521,9866,500.44,2024-10-01,False
1082138,5641,8483,141.36,2014-07-28,False
528172,1049,9023,34.61,2024-10-10,False
313826,9778,9786,143.66,2015-07-25,False
596579,9088,9189,7.08,2023-06-06,False
363259,7492,4062,428.63,2017-07-31,False
565630,5695,8844,123.77,2019-02-07,False
1283640,2012,8131,17.56,2024-09-22,False
939399,6797,8091,166.05,2021-11-18,False
498848,21,5988,86.48,2024-10-16,False
594112,8647,9411,197.05,2018-09-12,False
1210151,9631,1647,137.3,2016-12-03,False
1153076,4472,4508,538.27,2020-02-19,False
767668,5194,8901,12.2,2016-09-13,False
303776,9689,9377,196.52,2013-12-02,False
260116,1605,9621,125.31,2024-09-29,False
176986,8684,6980,102.15,2019-07-01,False
840931,2723,8618,163.52,2024-08-20,False
1093642,2551,7472,484.76,2024-08-26,False
480686,459,9617,437.82,2024-09-24,False
2214,4417,8871,443.38,2012-12-29,False
154678,8093,6067,13.39,2022-08-04,False
817794,9033,9504,5.88,2013-11-08,False
293043,8044,5016,13.27,2012-12-22,False
714957,531,9980,420.51,2024-10-18,False
655403,7593,9861,505.6,2022-10-10,False
830197,3475,7365,476.05,2024-09-16,False
222561,1639,6256,159.44,2024-10-19,False
602378,1148,8834,24.77,2024-10-15,False
565697,9592,88,476.11,2015-04-23,False
804382,7080,9771,17.35,2016-04-07,False
1144722,1733,9865,166.44,2024-10-13,False
585282,4041,2308,15.51,2020-05-05,False
1029300,9764,7748,195.19,2012-11-05,False
19325,5085,9982,13.12,2018-01-01,False
1028250,3379,8946,2734214.0,2024-08-05,False
1318543,7618,3142,103.98,2020-02-20,False
634153,9049,5288,6.16,2019-03-06,False
683194,3730,1994,150.58,2013-03-16,False
69210,6015,7879,18.93,2022-07-26,False
1044226,1140,6298,31.71,2024-10-20,False
74863,5785,9826,171.22,2015-06-03,False
680491,3670,9031,143.91,2024-08-14,False
1239669,1504,8982,495.95,2024-10-13,False
189327,6761,6603,182.11,2018-07-25,False
895541,4494,4790,556.89,2020-05-15,False
1299448,1522,4131,497.33,2024-09-16,False
789271,9508,8134,414.04,2022-04-26,False
12515,3482,2424,535.53,2014-07-16,False
79647,9033,9472,5.88,2021-08-05,False
542773,5483,3218,517.14,2019-12-14,False
860525,7772,9482,186.82,2019-12-28,False
855130,6092,7942,16.06,2016-08-02,False
513360,8720,6224,127.76,2014-12-19,False
1051391,666,3737,199.97,2024-10-03,False
404086,9968,8413,213.41,2021-10-13,False
372782,2263,1813,45180.9,2024-09-27,False
1224235,4115,9698,23.99,2015-09-29,False
749938,5700,2945,155.66,2018-10-20,False
220815,1485,5285,548.47,2024-08-01,False
194138,9014,3090,5.93,2017-06-23,False
1307788,5679,4870,179.47,2021-11-07,False
363475,6676,9962,122.8,2016-06-10,False
764011,6072,8773,15.69,2019-04-06,False
678327,9179,8360,7.65,2020-05-02,False
1317738,9707,8960,166.41,2024-01-28,False
1052784,3752,9197,155.38,2022-12-02,False
1117039,5547,3804,556.67,2022-04-03,False
793732,8770,8376,140.55,2014-10-05,False
169265,9496,8079,414.98,2023-09-18,False
1077525,6697,8908,134.38,2022-01-08,False
1038061,4090,3896,23.4,2018-09-12,False
500312,7004,5269,16.22,2023-09-27,False
1093762,6791,9110,198.83,2014-08-05,False
1225788,9120,9415,5.4,2017-01-15,False
844886,9585,9102,506.36,2022-11-10,False
1316565,4189,9981,19.95,2023-11-20,False
1019789,7182,8216,16.11,2024-10-26,False
266701,9755,1306,104.26,2014-03-03,False
1031696,5560,7770,427.3,2015-06-14,False
61250,5009,2241,13.42,2020-12-15,False
929716,7430,7242,478.6,2012-06-24,False
946586,4115,8019,23.99,2013-07-12,False
1114310,5241,9994,15131228.0,2018-06-26,False
949017,3747,9999,162.57,2015-10-13,False
769096,3126,9859,17.3,2022-06-28,False
865933,6798,5604,134.46,2022-07-14,False
593668,7709,5701,159.27,2018-10-13,False
269343,9697,9577,124.95,2020-05-08,False
725096,2189,9653,21.46,2024-10-02,False
273656,5819,9953,345.38,2013-07-20,False
449399,717,4907,149.02,2024-08-13,False
1091220,8433,7440,514.66,2019-12-15,False
1116883,8057,9812,11.54,2021-03-11,False
740225,9152,8098,5.58,2020-10-23,False
1208158,9731,9505,150.02,2017-08-09,False
304218,1407,4607,571.27,2024-10-29,False
329489,6523,8222,541.21,2013-06-14,False
341708,9680,9402,128.36,2022-09-19,False
99392,2187,9616,19.41,2024-10-14,False
205336,8465,9565,578.89,2017-05-25,False
1159384,9779,9175,168.61,2017-06-06,False
271397,1696,9134,153.72,2024-10-02,False
203372,8199,9782,8.85,2013-08-06,False
522661,9144,189,8.77,2020-07-13,False
1217548,4688,7142,140.86,2022-02-08,False
602168,9028,5364,7.58,2012-09-04,False
224120,3447,8068,420.08,2024-06-17,False
832617,4799,5458,166.0,2017-11-09,False
1006077,2490,2468,590.92,2024-10-02,False
949460,757,9539,172.46,2024-10-23,False
1299832,5779,9745,112.76,2014-01-29,False
615001,8470,9674,423.7,2016-05-18,False
948196,4410,8486,426.14,2016-02-19,False
165375,4572,9960,529.55,2014-12-23,False
546830,7540,8321,563.96,2014-05-07,False
597258,1638,5506,171.25,2024-10-19,False
988378,8628,6650,172.57,2015-05-04,False
695831,6040,4008,18.9,2013-12-07,False
1029555,9643,2722,190.14,2018-10-17,False
644792,3386,4709,390778.06,2024-08-04,False
940801,6184,9999,11.9,2019-07-19,False
623542,1557,1745,561.47,2024-10-06,False
431662,8056,2247,8.54,2012-07-08,False
166104,6013,6721,14.43,2016-12-02,False
866883,7042,6997,13.1,2024-01-20,False
336108,6506,7066,415.79,2015-10-28,False
886060,4723,8907,181.35,2019-10-11,False
579016,5188,9860,18.0,2022-09-30,False
347968,1092,5145,31.31,2024-10-16,False
1031167,613,9892,103.55,2024-10-17,False
781055,3796,9927,140.13,2023-06-26,False
889811,3109,1599,15.45,2024-09-11,False
48201,7436,9993,420.16,2024-10-24,False
1181218,2737,8164,141.86,2024-08-15,False
443594,7698,5233,153.83,2023-06-20,False
334186,8597,6681,490.86,2012-08-02,False
1141124,697,6959,108.47,2024-10-09,False
675336,1658,3890,186.19,2024-09-23,False
686025,6114,9382,12.66,2013-07-22,False
910593,7015,5905,16.92,2013-05-06,False
1038670,9634,8874,136.67,2015-01-15,False
257096,6132,9849,15.59,2022-01-13,False
178847,4446,3670,462.7,2019-07-16,False
351330,4727,7695,131.55,2017-07-23,False
174029,6415,8211,533.35,2015-12-23,False
744982,1488,9411,471.82,2024-10-07,False
131175,4528,5827,440.88,2018-03-01,False
35439,8091,9991,7.81,2018-04-28,False
1013586,7074,9277,15.67,2016-02-06,False
1000920,9614,9912,114.73,2019-08-28,False
205879,1192,6517,20.61,2024-10-14,False
295578,6125,7583,11.95,2013-04-10,False
538471,6414,2888,460.83,2014-06-01,False
963159,9627,8518,140.52,2022-01-06,False
235836,8095,9599,10.34,2017-09-18,False
578560,2580,7362,449.98,2024-06-15,False
379480,9163,3823,6.65,2012-09-07,False
1150583,4326,8625,10950996.0,2017-09-02,False
525267,6493,2823,438.63,2012-04-12,False
152605,9718,9896,122.94,2024-06-20,False
531273,3883,8819,347.8,2023-05-29,False
31365,5775,8444,170.47,2020-08-25,False
312883,2469,9971,494.04,2024-09-06,False
776266,4687,9971,105.4,2012-06-11,False
641915,3456,5718,486.13,2014-02-04,False
707815,5765,9989,125.98,2020-06-02,False
621589,6468,5041,576.52,2022-02-07,False
803789,5308,3272,1978678.0,2016-10-04,False
812149,9077,9719,7.99,2018-03-20,False
1159948,2416,4481,520.84,2024-10-04,False
572292,9178,9949,8.29,2016-08-31,False
492187,9452,4251,507.45,2023-01-21,False
412235,4463,1753,539.02,2020-09-18,False
460956,8687,5137,195.63,2016-09-25,False
175913,2482,9433,540.53,2024-08-21,False
680098,8678,235,132.44,2013-05-01,False
147364,4153,9988,16.59,2023-07-12,False
1251419,9743,9626,119.45,2016-10-21,False
428664,7087,9724,11.8,2013-06-03,False
777801,456,9125,562.04,2024-10-14,False
1113080,8183,8589,11.89,2014-12-27,False
338335,1595,3504,449.69,2024-08-22,False
464952,9648,9652,193.36,2021-05-22,False
1112693,401,2119,531.4,2024-10-17,False
938560,6474,9234,400.35,2023-12-09,False
1027435,9572,9664,493.67,2016-03-04,False
1266803,9532,9245,460.54,2015-11-26,False
190274,9687,9054,159.92,2020-10-18,False
250095,8720,1875,127.76,2013-09-07,False
1213803,8078,8799,9.97,2020-10-23,False
346204,6131,9766,15.04,2021-07-10,False
627877,9672,4289,179.36,2018-06-22,False
951792,2067,9568,32.96,2024-09-10,False
139572,5730,7084,108.8,2017-04-17,False
1124920,1717,2210,138.41,2024-10-09,False
11413,5620,9985,191.83,2023-05-11,False
753504,1022,4732,38.92,2024-10-08,False
1042227,1401,8354,497.3,2024-10-10,False
1209756,7039,2579,12.84,2012-07-03,False
788905,4647,6251,150.85,2021-03-27,False
622036,5698,4134,141.66,2020-06-05,False
14725,9665,8592,151.64,2021-11-25,False
338914,4622,9877,122.83,2023-01-26,False
654216,721,1637,104.37,2024-10-23,False
1038792,6493,2823,438.63,2016-06-11,False
1292734,1618,9856,194.61,2024-10-18,False
760966,7073,6298,16.59,2024-07-29,False
505444,4793,932,134.46,2013-07-07,False
934350,6994,9993,343.1,2012-03-08,False
648893,6559,2768,468.88,2023-06-10,False
57972,4107,3214,21.41,2018-04-17,False
1234337,4904,1090,247.08,2024-02-09,False
795046,3127,7314,21.71,2024-09-20,False
739067,77,9914,62.55,2024-10-10,False
4806,3207,6042,112.42,2024-04-19,False
55871,7095,9237,13.87,2017-08-08,False
912411,3501,9026,561.52,2014-12-10,False
166981,8509,9873,548.83,2016-01-31,False
1090258,8626,8643,181.66,2019-08-06,False
1104860,5678,1555,185.55,2017-03-06,False
665259,8163,9761,9.79,2020-07-08,False
458304,2691,6727,199.19,2024-09-13,False
1226634,1183,9934,21.54,2024-10-13,False
1061618,1465,1128,574.94,2024-10-09,False
261814,704,5570,170.49,2024-10-21,False
1290903,6716,4262,100.88,2023-07-06,False
561243,4508,9994,513.46,2017-12-03,False
1133718,2521,8674,518.51,2024-09-19,False
759768,9069,8885,6.64,2017-09-19,False
1029431,2560,7709,496.95,2024-09-29,False
202153,8162,7951,9.59,2020-10-30,False
826574,1065,3301,38.56,2024-10-07,False
1185661,1017,9896,25.31,2024-05-07,False
429583,7738,6952,172.72,2022-11-12,False
522629,8614,3631,177.89,2015-08-21,False
1294502,5790,6498,172.08,2017-05-09,False
1278944,2032,607,31.59,2024-09-30,False
644637,8665,2324,153.49,2020-02-17,False
621280,5574,3925,425.42,2012-08-09,False
980787,8095,9624,10.34,2020-07-07,False
230957,3162,9506,16.85,2020-04-14,False
1307771,4052,4336,16.15,2019-02-23,False
733433,2593,9992,589.91,2024-09-18,False
991086,9046,9606,8.23,2017-08-26,False
545808,7580,6461,423.95,2014-12-06,False
995381,7684,5386,114.81,2015-03-15,False
106969,9607,1412,116.05,2020-06-05,False
1196269,9567,9389,417.92,2014-12-03,False
683942,4051,8808,15.03,2012-08-08,False
1089997,9508,8134,414.04,2023-05-23,False
517226,8157,9962,11.09,2023-10-31,False
448890,9644,9513,189.14,2015-04-22,False
51565,3663,7497,172.3,2018-08-20,False
304867,3064,7192,16.14,2024-09-08,False
204877,7727,7288,178.11,2022-12-30,False
416600,6450,9278,578.55,2015-06-08,False
710369,5203,9669,1564639.4,2024-03-23,False
946062,5437,9993,448.07,2018-08-06,False
527360,9840,9503,220.22,2016-02-18,False
457902,8126,9263,11.08,2015-10-05,False
549196,9742,5807,160.02,2016-02-23,False
293658,8793,8034,185.94,2016-11-17,False
1228306,9760,2483,101.22,2013-05-04,False
961642,5790,5185,172.08,2017-04-27,False
111921,8627,9605,121.76,2024-08-02,False
459841,6755,9814,152.77,2016-03-25,False
816116,4021,2914,23.76,2019-08-03,False
214881,2473,2711,420.2,2024-09-25,False
300787,1453,6135,572.8,2024-10-11,False
874923,588,1784,553.72,2024-10-09,False
329388,5049,6929,15.44,2020-09-06,False
441821,1828,3318,357.19,2024-08-12,False
382540,8418,9367,474.26,2018-08-15,False
113677,8707,9381,110.19,2023-02-28,False
374598,5105,9875,22.04,2013-08-12,False
984708,4439,3957,591.6,2022-04-09,False
769955,1472,333,444.92,2024-10-22,False
1053166,9023,9074,8.45,2022-02-01,False
1106775,2440,6609,464.04,2024-09-27,False
715617,6660,9682,148.17,2016-03-01,False
151233,4641,9971,129.88,2012-02-07,False
463043,7620,6439,184.27,2021-10-02,False
559936,7192,7825,15.97,2014-09-08,False
1027325,4534,9499,597.84,2024-10-16,False
252881,8134,9619,12.67,2018-09-26,False
186315,5188,1381,18.0,2013-08-03,False
596816,5000,9676,12.7,2023-02-17,False
839426,6627,9918,138.61,2019-08-15,False
1046336,9666,2951,130.36,2014-04-11,False
619784,3700,2549,156.52,2014-09-14,False
500636,8481,6791,456.17,2022-08-16,False
923595,9621,1696,168.11,2013-02-28,False
952996,3242,9995,5367775.5,2016-10-14,False
865103,7700,9955,110.59,2015-03-17,False
1174516,3153,9887,22.71,2024-06-04,False
37177,9635,7215,195.19,2014-07-04,False
528599,3637,3596,197.16,2020-09-07,False
214207,1559,6906,476.25,2024-10-11,False
249236,3475,7365,476.05,2024-09-16,False
1263599,9585,9102,506.36,2019-08-02,False
5146,8535,4293,534.82,2012-08-12,False
1296418,7163,7528,9.42,2022-06-27,False
828641,8410,8116,562.51,2022-03-31,False
418591,7675,9612,187.97,2012-04-25,False
365936,2641,9921,112.26,2024-09-15,False
997015,7709,7332,159.27,2022-12-24,False
111753,8601,9861,194.55,2015-11-23,False
322439,5550,7145,564.67,2020-01-10,False
172163,8612,6378,122.63,2013-02-27,False
971399,9618,2983,173.36,2020-12-15,False
776434,9624,7253,114.15,2023-08-25,False
450036,569,4491,537.64,2024-10-21,False
149277,4449,2504,533.19,2020-01-07,False
869202,7011,1385,16.06,2013-12-24,False
326838,9545,9201,518.51,2016-03-04,False
199567,7413,99,462.54,2012-07-08,False
724680,8463,9994,563.13,2020-03-18,False
921787,8167,9887,8.03,2014-03-08,False
1172980,8622,5910,112.36,2014-12-14,False
1174935,5628,6328,156.52,2013-06-10,False
73126,7518,7473,560.28,2020-02-04,False
1010574,2469,9971,494.04,2024-09-06,False
1240502,5708,4838,190.42,2019-11-08,False
152088,7094,4283,10.53,2020-06-06,False
565850,5739,2088,116.98,2013-11-18,False
514921,9754,3766,173.49,2024-05-28,False
1107226,9708,9897,161.83,2015-04-29,False
1245202,5303,9877,21474836.0,2019-12-30,False
1271787,9619,9917,166.1,2014-11-12,False
1275204,9799,5693,138.71,2022-12-24,False
227644,1121,8893,34.88,2024-10-02,False
405371,4053,9347,23.29,2018-01-27,False
1166687,9146,6186,7.67,2020-10-08,False
1118644,2108,4285,30.54,2024-09-26,False
437257,6378,9185,17915.54,2012-12-16,False
430029,9142,9660,7.38,2018-10-30,False
941308,299,637,2502247.5,2024-10-17,False
866718,6637,841,162.78,2023-04-28,False
432104,8172,9161,11.4,2024-03-11,False
863951,8781,2708,181.19,2017-05-10,False
464670,7709,7550,159.27,2015-09-17,False
1082193,713,8308,195.47,2024-10-13,False
1245781,3647,2304,197.0,2021-03-10,False
751443,8408,5195,478.77,2022-10-26,False
1249029,6165,6327,14.05,2012-04-17,False
797865,195,3463,35.05,2024-10-09,False
17532,4574,9832,427.08,2020-09-22,False
548103,5024,3118,16.76,2021-04-07,False
653020,8552,9344,571.44,2017-08-28,False
985685,4165,7512,14.22,2023-12-01,False
925962,7593,9861,505.6,2021-09-12,False
27178,6889,2900,349.2,2017-06-16,False
947358,9094,9673,6.08,2016-12-11,False
561061,8691,8461,143.63,2018-02-22,False
1175903,6467,9125,507.79,2019-05-21,False
599891,4507,497,531.15,2017-12-13,False
1113039,9604,9942,102.51,2018-02-07,False
580843,8497,8244,503.2,2023-03-12,False
163980,7467,9216,577.75,2018-12-15,False
1216511,3986,7120,281.01,2015-12-06,False
384676,8794,8571,127.08,2024-09-28,False
705015,4670,6045,197.08,2022-07-04,False
453683,5661,4404,161.64,2013-05-20,False
372393,2484,1107,432.48,2024-07-24,False
680863,4754,9862,130.0,2015-03-23,False
1253363,5587,4293,478.92,2021-10-21,False
979044,2887,1994,329.7,2024-08-06,False
805903,2076,546,23.54,2024-10-01,False
1169909,7529,4617,464.89,2020-07-13,False
947676,3521,4708,508.05,2015-08-09,False
1191876,2458,1511,429.72,2024-10-03,False
87002,667,5896,187.3,2024-10-16,False
1025204,9735,9355,113.13,2022-10-02,False
47245,1448,7362,445.92,2024-10-15,False
463694,3072,8879,15.67,2024-08-27,False
385415,3939,1117,384.77,2021-11-25,False
641515,9770,3480,188.38,2016-11-02,False
1315807,6816,5152,395.02,2015-10-02,False
1087047,5731,7001,164.38,2018-06-16,False
263667,2529,9399,503.85,2024-09-30,False
493681,9643,9648,190.14,2022-02-27,False
1057538,7006,526,15.4,2017-12-08,False
444078,6425,573,444.57,2018-12-05,False
267246,9768,9880,161.94,2024-06-05,False
462816,1271,5769,60825.1,2024-10-26,False
1067954,7641,9943,160.3,2016-07-13,False
1115458,3663,9704,172.3,2014-08-05,False
536019,499,8758,471.85,2024-10-12,False
881341,2046,1883,29.56,2024-09-13,False
750469,8648,6344,106.29,2024-03-14,False
859908,1166,923,37.22,2024-10-17,False
642692,8577,4073,459.85,2022-02-09,False
938617,7586,9531,572.32,2023-04-24,False
252848,3634,6004,114.91,2012-09-11,False
765665,8015,1911,12.1,2017-05-06,False
798998,9649,7923,192.25,2012-03-03,False
1031204,6416,3626,403.76,2012-12-27,False
746908,5120,9577,12.25,2013-08-31,False
95096,6527,1733,556.33,2012-04-26,False
1209871,9761,3046,111.16,2015-01-29,False
4971,7793,9729,182.8,2020-06-07,False
23037,5773,292,141.55,2020-12-02,False
606548,4050,9914,21.77,2020-04-08,False
1285164,5529,3524,496.32,2012-10-20,False
737923,9581,9981,479.16,2013-02-01,False
867287,165,7187,45.24,2024-10-25,False
125711,9019,8439,5.89,2020-03-02,False
749345,9729,9428,103.44,2012-08-01,False
641973,4461,1411,453.04,2021-06-26,False
682143,9742,9700,160.02,2018-05-25,False
1187410,5061,5356,15.83,2013-10-29,False
385215,8755,7854,149.63,2024-03-12,False
715955,5493,2830,516.82,2016-01-20,False
876545,6120,9518,12.31,2016-10-16,False
604105,9403,9585,588.45,2024-07-26,False
23719,4637,7938,187.74,2020-01-31,False
434262,6295,9588,69368.24,2021-03-29,False
1282589,8646,3251,157.08,2012-08-10,False
930903,9713,8060,178.52,2014-07-20,False
719378,4585,1822,511.05,2013-01-10,False
944032,9032,3947,8.93,2023-07-16,False
785707,9051,9485,5.45,2019-04-12,False
593356,9749,7881,127.41,2015-01-06,False
939543,4923,9960,367.19,2019-06-20,False
1078174,3670,9688,143.91,2014-01-01,False
489415,9596,9421,525.59,2023-12-03,False
1323059,4492,7274,513.54,2016-01-13,False
503342,3069,314,21.31,2016-04-05,False
270654,8774,7166,165.19,2023-01-26,False
880440,3180,9846,21.7,2024-08-27,False
290238,3493,9564,551.46,2013-09-30,False
534899,8579,9366,440.75,2016-09-30,False
345015,8796,7684,115.01,2024-10-28,False
45415,3029,6085,22.48,2024-09-05,False
220002,5469,9961,507.63,2012-08-31,False
403681,8107,2617,9.47,2012-02-18,False
833961,9472,6251,436.98,2019-11-18,False
365183,6752,2654,135.89,2015-10-28,False
1043600,2432,2822,448.01,2024-10-03,False
1168880,7592,8077,426.79,2014-10-11,False
693081,4192,1677,20.1,2014-09-08,False
931115,6570,3704,567.96,2015-11-05,False
249334,3633,5048,143.21,2017-06-09,False
797129,5401,1437,504.83,2016-07-17,False
590363,9101,4084,7.94,2016-08-22,False
899000,9696,4749,118.33,2018-06-16,False
370035,7195,9186,12.63,2016-08-07,False
1247124,5189,7224,15.48,2012-12-08,False
1127400,2785,9732,154.82,2024-09-20,False
256744,4450,6262,534.01,2012-11-11,False
212919,8075,5813,11.79,2015-12-04,False
143912,6489,4480,426.5,2023-01-28,False
615567,6279,8073,617150.7,2019-12-06,False
1314531,9162,9994,5.25,2022-11-01,False
925612,4523,9586,554.4,2018-01-20,False
442061,9081,7124,6.42,2021-06-28,False
1102386,5521,9551,539.9,2019-05-20,False
1259928,7138,9041,13.85,2013-07-28,False
995938,7488,9993,592.48,2018-03-16,False
993673,3692,9803,114.33,2022-01-22,False
1292901,6451,9909,507.77,2023-06-27,False
952097,4711,9952,150.52,2024-01-25,False
509562,2065,1831,18.71,2024-09-30,False
322150,7114,8323,10.75,2015-10-10,False
841997,2109,9213,25.12,2024-09-22,False
1307017,8715,2531,150.44,2022-11-01,False
428166,9935,7362,207.83,2017-08-19,False
1304548,9725,2938,135.53,2021-02-02,False
480591,7689,2832,168.64,2022-03-27,False
119367,2466,3219,587.38,2024-10-02,False
1057754,8139,8933,12.21,2023-09-17,False
1131129,9065,8011,5.26,2014-10-08,False
884745,8136,9407,13.8,2018-01-14,False
141758,7714,9983,189.22,2022-05-15,False
237351,8593,9586,467.58,2020-08-20,False
922160,3446,9795,469.19,2015-03-24,False
692631,4607,9471,176.21,2014-03-09,False
110111,6152,9762,18.48,2017-07-21,False
1222301,8748,4929,100.8,2015-04-03,False
60084,9081,8005,6.42,2018-08-15,False
617159,8648,4400,106.29,2021-12-04,False
901384,8633,5395,173.22,2021-04-15,False
472171,7508,3525,540.84,2014-09-22,False
1246509,5065,9000,20.66,2017-03-03,False
171008,5739,4978,116.98,2024-04-29,False
8758,9791,9324,112.93,2024-04-07,False
1229269,3606,2862,104.55,2024-03-22,False
227550,6172,2171,15.92,2020-09-12,False
1030505,2684,6509,141.38,2024-08-27,False
156983,7005,9023,15.74,2016-08-31,False
1242782,7698,4771,153.83,2023-12-19,False
174469,9145,9927,8.23,2019-02-28,False
446424,2533,9851,531.15,2024-09-12,False
81393,9463,9246,565.76,2015-10-14,False
876704,9068,7972,6.65,2020-01-11,False
291775,175,9972,65.1,2024-10-21,False
875142,2076,8533,23.54,2024-10-01,False
59175,8365,6682,542.94,2023-05-11,False
776669,2281,9567,836650.44,2024-09-26,False
974648,9750,5191,140.86,2019-01-30,False
1233229,9148,8754,8.24,2015-02-17,False
1314522,6701,6356,174.24,2018-11-11,False
495007,8107,8518,9.47,2017-05-22,False
1145394,6718,2564,161.61,2020-03-18,False
449613,602,9903,104.05,2024-10-11,False
522279,7781,498,166.97,2015-09-30,False
952673,8620,5448,139.69,2022-09-18,False
135067,7204,8398,5390.48,2013-01-24,False
626406,5626,8165,168.61,2022-01-04,False
557737,2414,7451,447.32,2024-10-01,False
271269,9733,2340,165.66,2020-07-07,False
408796,6569,8454,516.9,2013-06-09,False
71852,8730,4490,172.02,2022-12-01,False
386354,8026,3367,10.19,2015-01-16,False
6272,6436,9766,478.3,2023-04-29,False
133207,3170,7542,21.83,2024-09-13,False
460481,8554,6770,518.73,2017-04-21,False
1151132,4471,3060,487.26,2022-02-07,False
139568,5730,8743,108.8,2016-12-09,False
151703,818,9700,234.27,2024-10-09,False
1067947,5031,9292,17.05,2023-10-07,False
619660,9686,750,128.75,2018-12-01,False
776896,5099,5373,14.84,2020-12-31,False
867958,2643,2130,163.02,2024-09-15,False
380099,4014,9191,20.11,2013-07-13,False
306534,5066,4289,13.36,2018-09-20,False
623287,6580,6241,557.39,2016-03-31,False
587396,8729,9437,143.67,2016-08-17,False
1038516,4500,7540,446.33,2022-02-06,False
1022644,2634,8595,125.77,2024-09-27,False
557096,8104,6820,9.47,2018-06-10,False
1183681,3051,9997,20.25,2024-09-11,False
434610,6539,9410,591.76,2019-09-20,False
1138575,6702,5615,133.35,2022-01-06,False
1090995,5096,5586,11.53,2013-04-10,False
999122,6588,9213,511.6,2024-05-23,False
164128,7733,3542,102.44,2018-04-13,False
6581,4564,6045,550.5,2019-04-16,False
524989,9068,5981,6.65,2017-04-03,False
677646,1287,9351,408955.4,2024-09-06,False
1203396,2683,3093,103.29,2024-08-30,False
351149,2748,9790,162.49,2024-04-16,False
1289598,9169,3682,7.72,2024-02-19,False
1279199,6564,8002,471.36,2014-04-27,False
456905,7680,9566,149.71,2017-02-16,False
192021,8655,380,113.47,2019-11-29,False
407901,2443,5619,562.22,2024-09-26,False
251560,6126,9706,10.94,2024-09-30,False
416303,8094,4650,8.5,2023-01-03,False
464726,3507,8662,557.08,2014-08-21,False
1078788,3477,1822,526.02,2024-09-21,False
997597,2413,9300,401.39,2024-09-08,False
1240461,5130,1137,18.28,2023-01-01,False
769695,9505,6110,527.17,2019-08-05,False
121080,8159,1675,10.45,2013-03-28,False
525748,3622,7610,174.17,2020-04-18,False
834532,3605,9757,114.09,2021-03-26,False
229363,5315,4037,3.0,2012-07-07,True
1222072,774,4991,118.04,2024-10-15,False
1132184,7628,9999,111.33,2020-12-25,False
13007,4585,1822,511.05,2017-01-21,False
660679,8103,2909,10.97,2014-03-14,False
948179,8005,1670,11.91,2017-10-27,False
1194297,4792,5484,161.72,2018-05-12,False
70025,6058,2620,13.32,2015-12-20,False
203490,9165,9015,5.01,2022-05-06,False
365473,8160,6565,8.03,2024-06-30,False
36691,9668,3196,103.16,2022-12-12,False
1119489,6011,6167,12.96,2017-03-08,False
661351,9118,9317,5.1,2020-01-07,False
909364,8622,5910,112.36,2021-07-05,False
54444,6198,7457,17.36,2018-12-24,False
463327,9700,9127,167.86,2014-01-01,False
483999,580,7484,527.46,2024-10-14,False
642304,4624,8483,176.78,2023-02-17,False
538864,4105,9737,15.54,2024-09-09,False
512475,8696,9928,171.83,2017-01-28,False
1061766,8010,4801,13.77,2021-08-04,False
844490,7724,6981,128.6,2024-10-27,False
1308853,7613,6779,133.74,2021-06-04,False
60170,777,9699,187.11,2024-10-14,False
1316639,8404,8420,509.54,2022-10-15,False
1217314,8610,9981,126.72,2017-10-19,False
452160,8182,2332,7.32,2021-10-19,False
509310,8622,9625,112.36,2018-09-20,False
1208344,4011,8833,13.62,2015-11-20,False
583765,5143,8893,13.22,2023-02-16,False
561497,8110,7534,7.96,2013-11-13,False
468109,9697,7314,124.95,2015-07-21,False
787021,7658,9091,128.21,2020-08-15,False
27111,4299,7732,755.43,2016-02-27,False
1190437,8647,1763,197.05,2016-09-22,False
1209599,1488,9411,471.82,2024-10-07,False
240054,5502,8871,536.16,2024-05-31,False
42151,3002,2228,20.76,2024-09-03,False
456416,487,1974,419.83,2024-10-16,False
158068,5732,9663,138.82,2016-07-23,False
114933,3468,7032,546.79,2017-01-31,False
933940,9035,3683,8.84,2022-04-09,False
680539,8598,9464,483.11,2019-10-12,False
287009,5674,9339,133.1,2014-11-09,False
575919,9789,9653,118.95,2013-09-25,False
64333,7648,7874,136.66,2013-09-12,False
781442,6737,8025,173.25,2018-02-20,False
1106030,7770,8079,185.66,2016-02-20,False
418821,8686,258,122.06,2023-06-14,False
424110,8038,2014,11.58,2021-11-06,False
983420,3752,8340,155.38,2013-03-19,False
487579,5743,6219,165.66,2024-06-17,False
200739,2001,4406,32.01,2024-09-19,False
167442,6717,9976,191.13,2014-03-03,False
561133,9796,1497,168.05,2014-03-25,False
565418,9566,8432,556.5,2014-01-12,False
746163,4686,6363,191.75,2024-04-16,False
548102,5024,1249,16.76,2012-06-05,False
1292949,2070,7108,30.32,2024-10-10,False
145756,8301,9351,19.62,2022-02-20,True
298408,7024,9957,17.36,2014-06-06,False
1091234,4985,4804,319.55,2021-04-25,False
1302909,2070,9848,30.32,2024-10-10,False
934980,2620,9935,110.7,2024-09-24,False
994021,9674,9913,134.86,2023-01-26,False
918145,9655,3042,107.23,2014-03-10,False
736368,6237,9209,603396.75,2016-11-22,False
932138,532,5098,516.16,2024-10-26,False
935544,6645,6669,146.97,2023-03-22,False
830005,5786,4038,150.41,2015-12-18,False
1263586,9669,3567,140.47,2022-01-12,False
1143327,2014,9755,17.19,2024-09-06,False
1267488,9671,9029,192.36,2017-01-05,False
11614,7538,2867,439.02,2024-10-06,False
1002441,1133,9696,25.18,2024-10-15,False
1132997,9197,2888,6.8,2021-06-08,False
785596,9121,6197,6.03,2017-09-29,False
749371,2027,2682,27.61,2024-09-17,False
536422,8045,460,12.48,2013-12-15,False
941088,9007,794,5.41,2023-04-01,False
1093270,8766,9932,153.42,2017-10-07,False
801659,4462,9315,502.69,2022-11-11,False
849677,7125,3138,9.65,2017-08-06,False
264809,6432,9167,441.7,2012-08-06,False
291274,6738,7788,195.61,2017-12-20,False
1260019,8006,7377,13.62,2013-12-01,False
911053,7002,5907,15.51,2020-09-07,False
868926,8634,9914,109.3,2015-02-19,False
1239774,5455,7330,425.98,2021-09-20,False
267663,9660,9914,179.33,2018-04-16,False
711682,6584,9598,509.58,2012-02-22,False
768467,1135,3562,33.3,2024-10-16,False
48068,8609,1838,196.44,2021-08-20,False
277542,7796,2531,117.16,2020-10-31,False
206014,9656,3109,179.97,2021-07-30,False
839990,6621,8899,183.88,2016-12-14,False
1074166,4412,8740,507.33,2016-08-08,False
459512,3481,9353,519.16,2024-04-24,False
1218313,2013,2285,31.62,2024-09-24,False
61594,3665,9646,190.22,2018-06-29,False
134384,3545,9034,538.88,2022-12-27,False
880019,6963,9674,360.94,2023-01-24,False
979155,458,5242,557.09,2024-10-25,False
597175,2438,8442,429.11,2024-09-11,False
1287624,9705,4952,147.16,2019-03-08,False
176276,4474,5162,433.29,2022-03-26,False
1295183,8129,8646,7.17,2018-01-31,False
293185,2337,7264,59232.39,2024-08-06,False
1241420,6567,8673,595.34,2015-05-16,False
438686,7694,9973,153.47,2012-03-12,False
384319,5035,9833,18.54,2023-08-29,False
931718,6182,4853,15.74,2017-09-04,False
328943,1731,7669,102.43,2024-10-17,False
810719,6720,6971,106.16,2017-06-05,False
1048982,9709,6932,176.14,2023-09-07,False
362251,2437,4384,547.84,2024-09-11,False
144896,6157,4631,19.42,2014-07-08,False
518221,6673,892,165.58,2015-11-23,False
37729,6684,9985,168.92,2016-11-30,False
480507,5015,9975,12.17,2018-07-02,False
1094417,9037,9987,9.21,2013-01-29,False
687492,4577,9333,416.22,2020-02-06,False
1023126,3149,9054,17.67,2024-08-13,False
269800,4285,9703,20146.3,2012-11-25,False
1083081,9622,6336,147.66,2013-04-15,False
30106,3048,7840,21.07,2024-08-26,False
881236,3076,6451,15.53,2024-07-01,False
264757,8717,8191,158.0,2018-08-10,False
158189,1730,9958,172.91,2024-10-14,False
293129,413,9994,528.2,2024-10-15,False
977087,1041,9726,24.56,2024-10-05,False
570838,1420,7037,477.64,2024-10-20,False
1239432,4581,235,553.46,2018-01-04,False
911595,9433,6990,555.41,2014-01-26,False
1191701,3178,6573,19.01,2024-08-14,False
927377,5049,1849,15.44,2014-09-15,False
962751,9779,7786,168.61,2018-04-01,False
1295457,1544,484,520.92,2024-10-06,False
1289347,8143,2603,9.77,2024-06-27,False
632403,7705,7466,118.93,2015-06-26,False
1207856,7647,9759,188.88,2021-10-11,False
456761,8733,6729,147.19,2017-05-24,False
955090,3468,7032,546.79,2017-01-31,False
1100885,7635,9827,185.28,2017-04-30,False
694407,2887,1994,329.7,2024-08-06,False
415941,525,8919,458.52,2024-10-21,False
830911,3403,2888,585.32,2024-02-22,False
1086521,9776,7561,114.16,2021-11-01,False
538012,9285,8501,224317.7,2016-04-13,False
195207,9674,4150,134.86,2020-07-25,False
188194,9071,9264,6.93,2013-01-07,False
609678,3667,5495,145.02,2017-01-24,False
344482,5692,4086,185.58,2014-07-21,False
881010,7668,5587,108.41,2019-01-11,False
129479,8562,9377,594.53,2012-05-26,False
782877,9982,9980,383.22,2018-04-26,False
390046,3695,9875,191.38,2021-02-21,False
332066,3185,3669,14.3,2022-07-27,False
307566,8676,9718,128.36,2022-01-24,False
1287224,7094,4283,10.53,2021-02-19,False
132762,9005,9011,9.1,2012-03-04,False
89447,9037,9062,9.21,2020-06-15,False
69636,5471,8762,474.6,2014-11-23,False
820328,4519,2765,531.78,2022-11-22,False
785636,7787,1057,100.8,2012-09-09,False
347008,4681,9626,111.06,2015-07-28,False
1198903,6689,4320,198.41,2016-03-17,False
586546,8750,6608,185.47,2017-04-11,False
724883,6087,2756,10.98,2020-11-22,False
111243,9725,9567,135.53,2014-01-25,False
905476,5548,2548,432.83,2013-12-27,False
764828,1066,9090,32.69,2024-09-05,False
248278,9190,826,6.38,2021-06-02,False
899392,9786,5826,101.3,2019-08-24,False
59338,6769,9427,129.08,2016-02-03,False
449883,2294,4765,511378.25,2024-09-23,False
956258,9143,4393,7.43,2016-02-22,False
919127,7642,8231,156.82,2017-12-12,False
282269,7588,6274,428.1,2021-09-29,False
407250,467,6906,586.85,2024-10-22,False
1114396,8194,3302,10.88,2019-09-07,False
512549,1637,3740,192.3,2024-10-11,False
1083352,9745,9754,184.44,2016-07-18,False
309777,9425,4074,560.1,2016-05-04,False
372135,7763,5274,155.13,2016-05-11,False
684618,6604,9903,163.8,2019-08-20,False
194476,7549,1412,560.08,2013-06-15,False
987801,2517,5791,404.42,2024-09-24,False
1090209,8682,5071,153.53,2019-07-28,False
1051909,1888,6252,301.1,2024-10-09,False
275429,7714,6966,189.22,2017-05-24,False
95581,9396,8158,2662.3,2019-10-31,False
697840,6795,4582,129.58,2012-07-10,False
1120357,3645,6973,173.47,2024-03-31,False
124581,3526,8771,523.83,2012-05-18,False
264143,6154,7820,11.72,2016-12-14,False
1236658,9070,8074,6.47,2016-10-28,False
1279954,8404,8420,509.54,2023-12-14,False
335698,1430,7574,495.98,2024-10-20,False
1316132,5638,9197,123.58,2014-03-08,False
1248148,8490,6274,420.38,2017-12-05,False
853398,8797,9952,111.76,2022-07-18,False
37365,7695,5066,142.44,2020-03-16,False
176598,7344,8164,1964.67,2022-08-12,False
723734,4105,8872,15.54,2017-11-11,False
565795,3471,9787,573.16,2024-06-03,False
1114381,6794,5795,190.42,2019-12-11,False
59033,6405,376,476.64,2024-07-26,False
407235,9113,8741,5.61,2022-03-12,False
1137248,9474,6670,464.98,2022-02-28,False
204070,9697,3627,124.95,2012-10-30,False
287496,4413,9311,564.71,2017-06-29,False
1103697,7765,6975,160.27,2022-09-10,False
742200,2633,9098,116.56,2024-09-26,False
1230930,6795,3728,129.58,2020-07-10,False
380103,9406,7143,553.75,2012-07-21,False
905138,6232,9992,1600754.2,2012-11-13,False
1063853,1701,705,141.92,2024-10-11,False
1201635,3951,5916,371.13,2013-06-29,False
455047,4109,9875,19.42,2016-07-14,False
1042632,8662,3507,134.97,2024-04-22,False
568836,9724,5921,160.66,2015-04-06,False
617092,3505,6197,499.54,2016-11-12,False
144274,2119,6907,20.89,2024-10-02,False
1202374,4424,9762,578.23,2013-08-30,False
613719,4747,3612,184.77,2014-06-26,False
607428,8787,9337,150.75,2024-08-22,False
330548,6633,5499,174.11,2015-12-14,False
616696,2103,1070,29.56,2024-09-18,False
1063186,6044,3801,11.78,2019-08-12,False
1012546,2064,6160,18.97,2024-10-06,False
335945,3762,9928,182.11,2017-10-23,False
876472,1671,705,166.32,2024-10-17,False
706069,7712,3151,133.11,2014-07-30,False
1242536,3022,8915,27.05,2024-09-11,False
1097912,1617,9976,167.32,2024-10-14,False
513242,5413,8100,421.07,2022-11-11,False
181452,2023,8545,28.57,2024-09-17,False
167675,456,9125,562.04,2024-10-14,False
844419,2654,9246,197.05,2024-09-18,False
979384,3002,2228,20.76,2024-09-03,False
823436,9574,7485,584.46,2013-12-21,False
928009,7076,9966,16.59,2020-10-18,False
165017,705,9820,151.21,2024-09-25,False
937770,7514,8410,496.7,2012-11-22,False
125146,4226,3566,13562.12,2014-05-25,False
491425,4455,6141,501.41,2015-06-23,False
549377,5636,1253,147.72,2019-06-19,False
333830,5034,6279,16.38,2015-04-30,False
8918,9614,4761,114.73,2022-02-09,False
1257875,9608,2027,133.19,2021-02-14,False
496546,1143,5871,35.15,2024-08-21,False
162057,2145,9385,23.36,2024-09-24,False
548679,9161,8427,8.72,2023-07-22,False
584170,1785,2601,198.36,2024-10-08,False
74063,9756,9570,137.42,2024-05-17,False
942408,1556,8323,476.39,2024-10-12,False
1246610,5601,8206,183.47,2022-03-10,False
1090301,6699,2250,198.5,2014-09-15,False
127197,3126,9859,17.3,2022-06-28,False
722822,8456,9762,586.22,2013-07-23,False
790929,9504,4052,430.72,2019-09-03,False
953571,5849,6273,318.98,2024-10-15,False
1069578,8765,7651,128.82,2014-06-01,False
668401,9720,7119,114.62,2016-12-20,False
1178039,9474,6670,464.98,2019-01-29,False
1044399,9767,8816,127.0,2015-08-24,False
1130827,5351,8733,14074979.0,2021-03-13,False
723862,1055,1928,21.55,2024-09-27,False
287772,4569,6692,537.89,2024-09-08,False
901294,8170,8990,10.67,2012-06-18,False
86664,8648,4400,106.29,2013-05-16,False
959565,6118,4603,12.56,2021-06-09,False
874786,3516,7871,504.95,2024-09-16,False
212858,8480,9058,466.25,2014-10-28,False
1186899,9752,3762,115.98,2020-01-13,False
61117,4071,7340,17.67,2016-09-11,False
98753,3561,9961,592.28,2017-06-08,False
1310348,5561,1579,460.73,2023-04-10,False
100933,1406,9971,415.58,2024-10-29,False
935605,8163,4533,9.79,2022-08-16,False
832714,8117,9623,11.24,2023-01-04,False
1314947,8757,6774,112.16,2022-01-12,False
1193005,9538,9982,503.32,2016-02-11,False
1022952,5585,9355,497.73,2024-01-08,False
144383,3613,9648,129.19,2014-02-05,False
852867,3770,9162,131.1,2015-04-05,False
82368,12,14,64.08,2024-09-22,False
601875,6763,8326,195.3,2017-09-08,False
947968,3441,2977,402.44,2023-08-25,False
599525,9637,8828,104.5,2016-07-11,False
742955,7728,9355,162.22,2017-02-01,False
1072924,7731,1801,170.55,2020-03-14,False
383022,7151,1670,11.5,2024-06-13,False
1204649,1738,9791,142.97,2024-10-09,False
426100,9716,9992,101.77,2018-01-05,False
757388,2032,9492,31.59,2024-09-30,False
530964,8652,3750,141.28,2015-02-01,False
349261,4135,2151,17.73,2016-07-25,False
1234266,2648,7821,159.46,2024-09-30,False
177981,6528,8498,480.42,2019-05-29,False
243278,6075,9883,13.81,2024-08-18,False
214776,3317,7675,3044.77,2024-08-05,False
214675,2164,8756,18.52,2024-10-05,False
399765,9608,6925,133.19,2013-01-09,False
490191,4435,8808,525.48,2018-07-31,False
445532,3464,4173,408.75,2024-06-12,False
973413,9089,4834,5.32,2017-10-01,False
144790,8075,9378,11.79,2014-07-05,False
606076,8577,4073,459.85,2021-09-20,False
1106232,3674,9980,144.36,2013-06-28,False
105476,664,6435,104.12,2024-10-14,False
628510,2090,3171,16.36,2024-10-04,False
534706,7628,9697,111.33,2013-03-18,False
65382,1023,306,30.75,2024-10-08,False
53711,5688,9187,144.52,2019-11-07,False
838066,5417,3924,539.21,2013-04-09,False
927640,3665,9992,190.22,2023-05-02,False
295260,3651,4487,169.8,2024-01-31,False
257713,4601,9581,194.05,2015-06-11,False
1189032,7493,9069,418.89,2019-10-21,False
78134,6200,7682,1442.07,2021-11-05,False
930468,6507,4030,580.25,2020-03-30,False
1268549,8619,2723,129.63,2015-05-10,False
519832,2152,7597,17.29,2024-10-03,False
947319,4747,8879,184.77,2022-07-02,False
796984,5438,9870,450.0,2022-03-06,False
1198942,3748,8827,196.16,2019-02-18,False
61537,2020,1484,27.37,2024-09-22,False
98630,2216,4760,1709.31,2024-10-12,False
891134,8089,9657,9.51,2024-03-07,False
7429,9756,3907,137.42,2014-01-04,False
1184986,5478,1753,451.32,2014-04-20,False
718155,9704,9912,183.69,2019-01-16,False
813101,8329,8417,671674.06,2024-10-21,False
707660,4066,9986,16.08,2014-04-11,False
1253937,9583,7740,587.53,2013-06-02,False
432596,4027,2692,23.65,2022-04-24,False
1297852,4161,9475,17.39,2014-11-26,False
132523,8744,9170,174.22,2024-10-07,False
700469,9786,8803,101.3,2017-06-03,False
1129425,6691,8527,166.25,2013-05-24,False
807349,7069,4601,11.16,2013-05-15,False
631147,1806,1579,216.07,2024-10-19,False
504631,9129,6620,6.46,2021-08-13,False
757600,8768,5815,178.69,2018-06-03,False
1172194,9753,8315,164.69,2013-11-10,False
978301,4703,9681,195.64,2021-05-24,False
408614,9988,8653,340.27,2014-02-28,False
412033,9078,1025,6.11,2012-04-24,False
566853,7514,8410,496.7,2018-10-10,False
624142,8363,7948,457341.66,2016-12-06,False
1010103,9710,4672,133.83,2021-04-03,False
725242,7010,3290,16.2,2018-10-24,False
915558,7021,9663,10.15,2020-10-12,False
1216021,4406,5692,522.28,2019-05-24,False
287397,9615,2522,177.72,2015-09-21,False
541597,7931,5175,222.97,2023-12-13,False
953511,540,9668,458.2,2024-10-17,False
839797,449,7461,557.71,2024-10-16,False
1002281,6056,8788,10.96,2017-01-21,False
901493,5779,7165,112.76,2023-08-16,False
339934,8071,9548,8.8,2020-05-18,False
1274498,7063,6176,15.07,2020-05-21,False
993800,7101,4618,10.57,2012-06-06,False
477883,3659,9990,171.05,2014-02-24,False
314845,2286,6860,28782.18,2024-08-01,False
299922,764,9136,109.87,2024-10-18,False
508043,6602,9502,131.77,2024-06-09,False
517109,472,8600,514.35,2024-10-19,False
890373,2579,1612,528.19,2024-09-30,False
994127,5435,5265,527.2,2020-03-16,False
1035120,5779,4749,112.76,2013-07-07,False
539059,6744,7888,154.57,2013-05-10,False
487131,2798,2584,146.97,2024-09-13,False
206934,8605,9233,189.78,2016-04-13,False
119002,8084,9837,11.3,2024-05-22,False
470143,2057,4458,27.25,2024-10-08,False
578873,7403,8420,441.83,2019-11-11,False
611471,9642,5400,159.52,2012-12-13,False
755592,4787,9220,135.61,2014-10-19,False
491465,9629,4590,135.11,2014-09-01,False
678154,6080,1560,12.38,2023-07-07,False
587627,8048,9914,10.16,2019-04-03,False
565478,9792,5751,103.69,2019-11-05,False
377071,5409,8421,547.4,2013-09-21,False
808714,8671,8019,109.5,2019-11-06,False
1134570,9768,462,161.94,2017-05-16,False
267460,9026,7794,8.21,2022-07-09,False
1210762,7773,9998,127.05,2024-01-17,False
333190,1543,9883,423.29,2024-10-21,False
880193,5697,4465,145.74,2016-07-26,False
190145,508,8563,440.95,2024-10-13,False
1103081,4319,1169,7833355.5,2013-11-11,False
709445,6563,4838,424.26,2012-07-14,False
464634,984,9331,363.26,2024-10-09,False
945764,9706,9822,195.6,2016-08-30,False
751467,8644,7340,175.38,2023-06-15,False
264383,3072,6492,15.67,2024-08-27,False
371672,6570,3704,567.96,2024-01-31,False
625507,8507,9598,580.38,2021-06-22,False
1130146,1418,3149,404.23,2024-10-21,False
96998,8766,9740,153.42,2017-04-09,False
504809,9734,9706,151.13,2023-12-03,False
256493,9918,6551,262.54,2015-09-23,False
1108272,8715,7951,150.44,2013-08-15,False
889471,8087,8189,13.82,2024-03-02,False
454235,2787,9886,187.61,2024-08-09,False
890862,7137,9977,12.66,2016-01-14,False
144367,645,7725,169.47,2024-10-09,False
1123737,436,2484,509.82,2024-10-18,False
243950,7060,9543,13.59,2023-10-19,False
941650,4746,2087,106.3,2019-04-26,False
1238700,8180,4240,8.78,2012-10-09,False
686584,9113,4015,5.61,2016-02-23,False
52414,9166,7961,7.26,2013-10-03,False
447216,9774,4241,121.25,2014-05-05,False
591119,6761,9978,182.11,2021-03-03,False
1245342,6476,3547,448.07,2012-03-27,False
1023636,3425,9036,437.61,2012-05-29,False
258642,9743,8632,119.45,2016-11-04,False
903741,6667,6305,197.19,2013-02-22,False
381958,701,7978,117.33,2024-10-02,False
502106,6795,2804,129.58,2018-04-02,False
1122337,7118,1198,11.46,2018-02-27,False
1211138,5038,4825,19.97,2021-01-05,False
920066,8816,9510,258.54,2019-12-31,False
124224,7172,572,11.03,2022-09-03,False
255667,8788,9764,153.3,2014-04-19,False
1186906,8534,9487,574.92,2024-10-05,False
476818,5091,9766,17.69,2020-01-05,False
694444,6476,3547,448.07,2016-10-20,False
1082663,9195,9932,7.07,2014-09-15,False
1314430,9778,8624,143.66,2020-11-27,False
327457,8770,5084,140.55,2016-08-20,False
1271986,6048,8326,15.61,2014-07-26,False
391628,5665,7349,115.54,2017-08-29,False
939356,6745,9485,142.77,2014-01-11,False
1275317,9159,7205,9.33,2024-08-05,False
400267,467,6906,586.85,2024-10-22,False
407846,9543,9246,493.51,2021-08-17,False
743212,9710,6011,133.83,2015-03-29,False
778098,9029,7620,6.46,2022-09-07,False
621349,9568,22,465.02,2018-06-14,False
414750,6147,3705,14.92,2012-09-14,False
768431,5581,9784,518.0,2020-07-19,False
642055,7548,6362,459.92,2016-07-21,False
306134,4214,6409,24137.76,2022-09-26,False
1031235,8637,9223,146.33,2013-05-06,False
160466,6609,2440,109.98,2023-03-10,False
1138039,8136,8621,13.8,2022-09-17,False
26719,585,5365,523.75,2024-10-12,False
1026387,6103,3665,15.63,2013-10-17,False
880913,6718,8182,161.61,2020-03-11,False
669084,9794,5263,140.58,2019-09-16,False
925989,5928,7880,282.92,2024-05-24,False
1301318,9635,7428,195.19,2013-10-30,False
824880,1165,7429,39.74,2024-10-09,False
394848,2785,9851,154.82,2024-09-20,False
1261566,9625,9924,199.88,2019-03-12,False
1078908,9664,1905,117.54,2020-01-23,False
746342,8784,6669,135.19,2014-01-17,False
322312,8512,9510,529.86,2018-05-11,False
634066,4433,9465,419.94,2012-12-16,False
1083102,1564,8039,540.77,2024-10-15,False
1004370,4746,985,106.3,2014-07-04,False
271969,5128,7511,20.25,2017-09-13,False
640205,8485,7022,462.51,2022-02-04,False
804885,7991,9430,213.52,2013-08-10,False
111055,9059,3608,8.98,2017-02-18,False
812032,8119,8334,8.87,2018-01-28,False
1032102,5186,6873,13.32,2016-09-06,False
629409,6380,6784,1044518.6,2017-01-21,False
1018693,1132,6584,25.07,2024-10-14,False
466629,7007,7108,8.41,2016-07-26,False
480946,6240,8638,110691.17,2017-05-12,False
843556,2485,2426,525.05,2024-09-27,False
299670,2495,7494,520.21,2024-10-03,False
726228,6691,7620,166.25,2013-07-28,False
423596,8180,9869,8.78,2023-12-10,False
364488,9119,8570,6.23,2019-01-18,False
1240872,139,9982,39.34,2024-10-24,False
915804,76,9151,58.58,2024-10-16,False
1102077,9689,2783,196.52,2020-10-20,False
188740,7704,9216,149.86,2021-07-30,False
856890,4037,5315,16.12,2012-10-15,False
433744,3072,8232,15.67,2024-08-27,False
819374,1613,5619,152.24,2024-10-09,False
762012,9764,6949,195.19,2016-03-29,False
318689,9518,5361,475.88,2022-01-03,False
762258,5194,9992,12.2,2015-07-24,False
387673,9065,7194,5.26,2020-03-09,False
299488,8685,5099,148.38,2012-07-31,False
1319274,9192,23,5.67,2017-03-20,False
1066563,2163,8945,25.31,2024-10-08,False
1092664,8697,7193,128.46,2016-06-11,False
976587,8246,8629,4489087.0,2018-10-24,False
702213,4229,36,402015.94,2023-06-01,False
1195830,8541,9015,573.71,2014-03-14,False
65846,2565,1851,590.09,2024-07-30,False
719307,8150,3130,7.7,2014-08-11,False
689736,1552,1456,413.35,2024-10-14,False
1254002,487,1974,419.83,2024-10-16,False
522660,9144,1338,8.77,2013-11-28,False
787792,2625,9975,188.88,2024-08-31,False
482662,5736,1616,129.39,2019-01-07,False
337309,9755,6443,104.26,2017-04-21,False
820961,9747,9532,101.44,2014-02-16,False
510565,9020,7089,9.54,2012-10-22,False
1309322,8783,8402,157.83,2013-02-02,False
407968,7476,1865,487.08,2013-07-23,False
734258,2519,9784,448.36,2024-07-28,False
965873,8525,7397,426.58,2022-09-08,False
761328,3767,7687,145.22,2017-03-31,False
1270886,9721,6600,117.81,2018-09-08,False
664906,8709,5466,116.66,2013-01-11,False
522542,2456,8123,497.85,2024-09-19,False
499571,516,9998,571.84,2024-10-11,False
1242525,2581,7055,552.23,2024-09-13,False
553432,9772,1696,176.72,2019-10-22,False
1028344,8691,8273,143.63,2015-03-04,False
568423,7048,4338,12.38,2017-04-04,False
1188462,9743,2322,119.45,2020-10-27,False
1193609,7778,9998,177.86,2023-06-15,False
686068,1478,8222,514.72,2024-10-10,False
913194,8708,6885,171.0,2012-09-11,False
536951,2152,8553,17.29,2024-10-03,False
651308,4518,4052,420.23,2024-08-06,False
1255392,9788,3514,158.57,2016-12-14,False
607869,6511,6818,495.91,2022-08-29,False
1000290,8113,9994,13.06,2017-02-24,False
521176,3191,2946,27.24,2014-10-21,False
264600,9621,4509,168.11,2016-02-19,False
461181,1558,9576,487.16,2024-10-15,False
205281,3075,3745,18.82,2024-06-10,False
1132068,5286,3404,9313789.0,2014-05-20,False
138855,5173,5161,16.94,2021-12-04,False
1224357,7487,7198,408.82,2019-10-26,False
970068,9176,5155,5.32,2014-10-05,False
429486,8074,6936,11.34,2015-09-27,False
1249012,3124,8186,16.59,2019-02-16,False
984707,7277,9178,4869128.5,2024-03-03,False
196862,7134,9956,13.3,2015-09-14,False
1015644,7675,7260,187.97,2021-02-09,False
1195700,4519,2765,531.78,2015-10-21,False
608086,2595,133,540.15,2024-09-28,False
319802,2703,7753,100.29,2024-09-09,False
374282,2007,9995,25.09,2024-09-30,False
1239922,7511,8267,522.07,2020-06-16,False
149874,4615,8913,144.91,2016-04-08,False
998467,9756,6478,137.42,2023-09-10,False
30642,7019,1088,16.7,2016-05-13,False
954870,5549,9883,520.52,2021-12-31,False
1311444,3084,9991,18.71,2024-08-31,False
1201128,9769,8356,191.19,2013-10-12,False
423200,9127,9954,6.17,2016-08-31,False
1135421,9614,9949,114.73,2012-10-25,False
38311,8181,3645,8.31,2017-11-18,False
947164,4686,9765,191.75,2015-08-04,False
731973,5783,4195,162.8,2012-09-06,False
521760,79,291,61.41,2024-10-26,False
1045352,9673,9554,122.95,2021-12-26,False
1006887,103,9985,57.71,2024-08-13,False
1054415,8750,9542,185.47,2022-05-22,False
770386,1799,3693,197.89,2024-09-15,False
259703,9116,3197,7.53,2018-12-27,False
838943,8522,6088,577.21,2018-01-19,False
232081,7158,7319,12.53,2013-10-26,False
935065,1727,4876,199.3,2024-10-09,False
564369,1545,9751,586.98,2024-10-02,False
684630,1095,9999,23.81,2024-10-23,False
1280001,1095,8931,23.81,2024-10-23,False
371079,9734,9266,151.13,2024-09-21,False
970984,9029,7620,6.46,2020-02-12,False
273067,9180,852,5.2,2022-12-16,False
448189,1132,6584,25.07,2024-10-14,False
918178,4598,795,475.07,2022-10-31,False
1111645,3635,2832,159.82,2020-10-26,False
588237,9199,2488,7.81,2013-07-21,False
941590,7595,9975,455.54,2012-09-28,False
1095570,7520,5374,595.64,2012-08-18,False
1199854,9803,6054,244.11,2013-11-06,False
947348,7011,9649,16.06,2017-04-21,False
338310,9713,2808,178.52,2019-12-19,False
914644,8086,2749,12.76,2021-09-09,False
360246,786,3829,144.17,2024-08-15,False
1251930,489,9354,546.85,2024-10-16,False
894088,9663,2053,122.91,2016-12-14,False
368029,6735,7915,187.61,2017-01-22,False
468444,7745,8212,119.58,2023-12-15,False
344744,408,4914,588.59,2024-10-12,False
261538,2636,9765,116.77,2024-09-25,False
194269,9787,8669,190.13,2023-02-15,False
1232002,4005,9318,21.19,2016-07-23,False
1264933,8634,7462,109.3,2024-08-30,False
1038606,1729,9864,131.94,2024-10-06,False
445167,9773,8037,179.07,2013-04-22,False
574499,8662,4067,134.97,2017-08-05,False
1068524,5610,3236,134.05,2013-04-18,False
563850,2422,9981,542.9,2024-09-07,False
545243,2525,4729,463.94,2024-09-29,False
850671,7594,5470,530.65,2017-10-28,False
146396,1461,8451,498.07,2024-10-11,False
879704,8543,9003,404.29,2021-03-27,False
334056,5738,3543,180.19,2014-01-17,False
103020,9623,5625,154.91,2014-11-04,False
67186,8167,9386,8.03,2012-06-06,False
911912,8422,7363,557.96,2023-12-17,False
440029,1575,1686,531.77,2024-10-21,False
994182,4643,7120,118.52,2020-03-18,False
1257286,9028,2621,7.58,2013-11-16,False
908864,7480,8058,478.33,2023-08-02,False
373331,8463,9994,563.13,2020-10-21,False
236234,5014,2521,21.19,2022-04-10,False
465249,8621,1102,141.85,2017-03-12,False
1025729,9193,8744,4.63,2017-04-15,False
350439,6131,9108,15.04,2012-11-26,False
105290,567,8067,455.39,2024-09-11,False
1308759,5014,2521,21.19,2023-04-01,False
1055091,82,1971,51.35,2024-10-15,False
950391,8127,5856,12.59,2016-11-12,False
890413,6604,3536,163.8,2014-03-09,False
1322228,7169,9852,8.57,2012-08-06,False
1250010,6058,9808,13.32,2024-05-28,False
583421,8025,724,9.01,2024-04-26,False
655916,5500,9850,535.72,2017-07-08,False
769697,5664,9855,181.69,2017-05-28,False
405887,9154,4554,9.03,2017-01-29,False
993394,6747,6963,138.47,2020-06-22,False
530013,1494,9266,494.19,2024-09-25,False
40682,9100,9510,6.98,2024-05-12,False
925284,7794,6218,113.2,2016-06-21,False
843630,2767,6266,147.88,2024-10-01,False
549408,7675,7260,187.97,2020-07-06,False
723011,9806,7973,4.47,2018-04-19,True
1138574,6702,3765,133.35,2021-10-09,False
635685,7164,6927,15.0,2023-03-05,False
561042,7012,7928,13.08,2022-11-20,False
973105,8013,8377,11.26,2020-09-29,False
234050,6636,4660,183.22,2017-06-28,False
426196,8451,8695,529.2,2017-11-04,False
1251732,8788,4496,153.3,2015-12-17,False
1078105,9085,2951,5.66,2022-08-04,False
134773,119,3086,53.54,2024-08-18,False
1196726,1053,3194,38.89,2024-10-01,False
886346,2196,7944,32.93,2024-10-09,False
54758,6624,3701,165.83,2021-07-20,False
758797,6181,8960,12.82,2019-03-26,False
764499,5496,4263,499.36,2015-05-21,False
750756,4615,2343,144.91,2022-02-11,False
482927,8490,6274,420.38,2017-07-27,False
1048066,711,9934,151.61,2024-10-09,False
1272085,8107,5406,9.47,2020-09-08,False
523925,6471,9553,406.17,2016-11-28,False
517974,8473,9950,533.11,2018-02-07,False
1204672,6186,5734,17.01,2018-05-29,False
828767,6030,9998,15.4,2022-06-01,False
603293,1642,9893,161.77,2024-10-23,False
766725,8602,437,174.94,2017-07-18,False
195193,9700,9677,167.86,2021-07-16,False
453039,9043,9904,8.65,2013-12-04,False
384840,9353,9963,109627.96,2012-10-15,False
195801,4156,5983,24.9,2012-12-11,False
353519,3421,9983,507.32,2014-06-23,False
702918,1449,9685,422.17,2024-10-15,False
962207,2449,2722,475.76,2024-09-24,False
1178130,3542,9872,517.86,2021-11-07,False
1043349,6626,1168,163.99,2022-10-01,False
325716,3615,9782,194.19,2017-11-21,False
983433,3133,8029,13.63,2024-05-17,False
489155,4848,9430,347.27,2022-02-27,False
584275,1741,2771,138.42,2024-10-11,False
8020,9688,9994,167.39,2024-03-29,False
872672,1647,5222,124.3,2024-10-25,False
985445,9752,8590,115.98,2021-02-17,False
302954,3437,9311,531.1,2012-07-26,False
402786,589,5099,525.78,2024-10-21,False
1158646,2484,1107,432.48,2024-07-24,False
827182,3513,3803,562.75,2018-05-04,False
18712,4147,5547,13.14,2015-05-15,False
395457,7778,7332,177.86,2020-07-24,False
73590,165,9491,45.24,2024-10-25,False
973751,5589,5371,564.28,2017-04-11,False
359339,5650,1136,130.22,2019-07-03,False
1203519,8668,8258,123.31,2016-01-19,False
1288697,7140,7175,16.38,2021-08-08,False
1201613,5610,5451,134.05,2016-12-24,False
1013725,9609,9315,177.6,2016-02-09,False
204251,9018,1711,5.2,2018-01-24,False
1036535,7043,9610,13.6,2023-02-22,False
723565,2248,1264,238877.31,2024-09-17,False
174311,2083,9994,23.44,2024-10-08,False
1073641,9721,4551,117.81,2012-09-08,False
301898,1438,1654,431.91,2024-10-25,False
700685,4707,198,135.72,2022-08-15,False
460532,9005,6881,9.1,2016-03-18,False
415910,2566,9233,434.39,2024-08-31,False
139989,2126,9277,23.38,2024-09-30,False
480543,3559,3436,450.29,2018-10-13,False
1155574,9661,9112,183.52,2024-10-05,False
926902,2535,9554,584.79,2024-04-01,False
719758,9034,9869,5.88,2021-11-15,False
1218112,9194,3398,7.41,2012-09-25,False
116618,6134,584,11.59,2014-01-08,False
483462,3431,6076,417.52,2014-06-25,False
563253,5068,9881,18.31,2023-03-14,False
756609,7135,1743,10.48,2022-02-21,False
1075341,5170,9359,21.51,2021-09-29,False
328839,8690,9921,138.89,2013-08-27,False
436490,9083,9888,9.78,2016-02-01,False
1229657,7816,9884,305.66,2014-08-10,False
1312869,7080,7928,17.35,2015-06-03,False
446326,2599,8909,419.32,2024-09-02,False
440975,2153,183,23.06,2024-10-02,False
104309,9174,4557,6.45,2015-04-13,False
12776,7534,3816,548.73,2016-06-30,False
882069,562,3847,440.79,2024-10-12,False
1253428,3615,8358,194.19,2023-03-14,False
61982,3501,9026,561.52,2022-02-25,False
552279,6706,8706,114.3,2012-02-20,False
782253,7096,7237,10.15,2014-02-22,False
132266,7776,8603,178.13,2013-11-30,False
89034,6071,4334,19.68,2022-04-05,False
401825,2451,9476,488.17,2024-09-23,False
170830,4369,8514,26506.41,2013-10-28,False
10259,7711,4327,115.8,2024-01-23,False
665089,3011,9918,18.64,2024-09-19,False
71521,9720,9612,114.62,2019-04-10,False
483736,9461,9520,598.15,2012-06-18,False
368485,698,7516,118.68,2024-10-22,False
545512,2628,2627,174.05,2024-08-21,False
837325,9151,9198,7.86,2018-01-24,False
478231,2894,3793,341.73,2024-07-18,False
968999,5699,5807,197.36,2023-06-23,False
872933,2406,8699,553.77,2024-08-02,False
311711,9569,9982,518.08,2020-03-25,False
1210841,9790,4417,138.44,2023-02-28,False
917244,9060,3422,5.34,2013-08-24,False
1153673,5057,8365,19.71,2019-04-02,False
663078,9749,9338,127.41,2012-02-12,False
1101434,2022,6450,26.98,2024-09-24,False
1222990,4427,9642,532.26,2023-03-15,False
205204,9678,7888,133.36,2020-06-06,False
1203174,8753,6230,128.69,2016-07-21,False
162062,7664,9766,197.61,2018-05-07,False
1026331,5705,3889,114.44,2023-05-12,False
617783,3154,7196,23.39,2024-09-16,False
1130419,8428,2191,440.29,2012-03-02,False
7137,2766,5970,103.79,2024-09-26,False
763190,9672,9848,179.36,2021-04-13,False
893333,1845,8233,380.82,2024-10-19,False
1053359,2031,9898,22.17,2024-09-12,False
1063043,653,7551,102.55,2024-10-21,False
869515,3974,5551,399.2,2021-05-24,False
625612,9779,3569,168.61,2014-01-04,False
1180636,9754,3692,173.49,2024-03-26,False
409912,9695,2189,144.41,2014-01-09,False
676396,7734,6226,145.16,2024-01-08,False
1049885,6477,2942,537.36,2013-09-27,False
404075,5646,9964,185.99,2019-12-28,False
115291,9639,717,190.83,2020-01-18,False
838383,4120,8341,13.94,2022-06-14,False
956898,9686,9506,128.75,2013-08-28,False
496714,8433,7440,514.66,2016-07-13,False
896487,2486,9751,535.77,2024-09-14,False
414809,9612,9564,178.16,2014-11-10,False
106471,9668,3854,103.16,2019-02-08,False
860288,3484,4925,502.57,2012-07-03,False
871355,8759,9773,104.93,2019-05-31,False
264534,1435,9188,494.54,2024-10-18,False
848578,8055,6797,8.66,2016-04-13,False
202010,9791,9972,112.93,2014-10-20,False
825899,7129,8139,14.67,2018-01-22,False
622720,753,7833,104.44,2024-09-01,False
708003,1709,8397,186.36,2024-09-26,False
1206484,6433,4608,452.88,2019-11-19,False
986019,6837,2624,278.04,2016-03-06,False
105750,5554,8354,547.38,2012-08-15,False
208217,6643,641,122.22,2017-01-10,False
44624,9162,3287,5.25,2016-06-19,False
1230057,6175,7565,16.15,2024-08-25,False
801406,6109,9996,10.04,2013-12-24,False
1315278,3091,8015,22.25,2024-06-14,False
950006,6697,7504,134.38,2015-12-09,False
405583,2525,4729,463.94,2024-09-29,False
594351,6652,8626,102.12,2021-02-18,False
307061,2767,5189,147.88,2024-10-01,False
141031,1766,9962,152.02,2024-10-16,False
1172407,8636,9580,119.2,2016-02-19,False
954040,5042,9905,11.95,2015-06-27,False
762413,518,8641,422.48,2024-10-18,False
106860,2003,1947,16.92,2024-09-28,False
362906,4783,8861,120.7,2015-06-01,False
1139518,9061,5613,7.87,2020-01-24,False
1101636,2503,6452,413.57,2024-08-30,False
146705,3441,2977,402.44,2023-08-25,False
1038856,1039,5026,32.28,2024-10-08,False
504535,5124,708,19.59,2024-01-14,False
326535,1419,9399,426.85,2024-10-26,False
705207,7770,9937,185.66,2022-03-05,False
706875,9486,9487,501.98,2016-09-16,False
511671,2408,8200,528.9,2024-07-30,False
625335,4481,7792,431.04,2019-12-19,False
725409,4582,8574,538.19,2020-04-19,False
1185824,3702,8365,166.77,2018-01-15,False
62548,5260,9983,704.92,2014-11-03,False
1114893,9063,6335,5.42,2022-06-02,False
345568,2258,9990,33833.76,2024-09-30,False
871478,4596,9895,530.39,2016-04-28,False
1009592,9006,6100,7.91,2018-06-29,False
993894,7337,1461,3200697.0,2022-02-23,False
833382,142,9773,36.69,2024-10-22,False
239361,9162,9002,5.25,2017-01-02,False
1229923,8795,7792,195.92,2015-02-03,False
32630,2707,3683,176.96,2024-08-30,False
926440,3611,5850,111.29,2018-05-04,False
484935,4415,5196,430.7,2019-08-22,False
36880,532,5098,516.16,2024-10-26,False
802195,9506,6097,409.72,2016-06-24,False
1217696,8042,9578,9.84,2015-06-23,False
1114444,6484,4361,531.71,2015-02-25,False
910195,6231,1813,5186716.0,2019-01-08,False
718253,3119,6208,23.23,2024-09-24,False
812697,1562,2789,453.85,2024-10-14,False
229729,8502,9971,583.45,2020-07-20,False
960730,2682,8476,155.16,2024-08-20,False
1204157,6489,4480,426.5,2023-03-02,False
814713,8141,7311,10.44,2023-11-18,False
966841,3124,8186,16.59,2019-02-16,False
999054,7785,9894,166.61,2012-08-08,False
374872,8780,8762,109.8,2013-10-04,False
1048852,7427,2679,558.42,2017-11-11,False
1165854,8383,9964,10766669.0,2017-11-26,False
968003,9792,8261,103.69,2015-10-07,False
553636,6738,6260,195.61,2017-12-07,False
448245,3649,1732,168.33,2018-08-29,False
340969,9695,9274,144.41,2013-11-14,False
173219,9439,7981,434.64,2012-07-06,False
839364,6506,7066,415.79,2013-01-20,False
1321021,402,331,400.04,2024-10-18,False
886764,4631,7056,172.5,2016-01-25,False
139921,8767,9791,160.72,2012-12-17,False
262572,7659,7199,142.58,2019-05-30,False
673787,1518,2930,513.17,2024-10-25,False
897298,9727,5088,130.36,2021-06-19,False
89649,6455,8622,423.66,2015-05-27,False
769525,8633,5395,173.22,2015-05-22,False
1022152,2423,7543,575.46,2024-10-05,False
1288156,625,4410,162.71,2024-10-15,False
146648,9654,6085,165.25,2015-08-05,False
947394,1592,3603,467.11,2024-10-10,False
1014368,9790,3935,138.44,2024-07-02,False
138871,2433,8630,403.57,2024-10-03,False
655336,9948,6594,322.6,2021-04-15,False
833657,8018,5487,8.32,2020-05-31,False
492352,2488,9961,545.54,2024-10-02,False
673936,516,9998,571.84,2024-10-11,False
934411,9794,9620,140.58,2022-09-24,False
1199702,2426,1117,499.26,2024-09-26,False
509674,4123,2048,24.17,2015-07-31,False
885725,9907,8453,315.42,2021-04-03,False
719074,6614,9995,153.8,2024-09-11,False
67660,6623,2641,144.19,2024-04-30,False
558193,9730,9983,102.51,2015-12-30,False
621915,2615,9050,146.11,2024-08-25,False
538855,9721,9273,117.81,2023-09-11,False
305587,3538,6592,555.9,2018-07-12,False
877180,7589,5591,515.33,2014-06-06,False
334811,5006,9778,13.26,2024-05-10,False
879153,7022,9702,15.33,2019-11-08,False
1154398,4688,9832,140.86,2022-02-05,False
121442,9758,9185,183.74,2024-04-17,False
1068479,2544,5904,489.98,2024-10-04,False
479801,9785,6267,150.92,2024-08-07,False
184612,7212,2233,2763.72,2021-06-15,False
747237,6436,9766,478.3,2023-09-07,False
1258846,7580,6461,423.95,2017-03-24,False
9553,9669,8711,140.47,2012-10-22,False
1123645,7722,8203,177.22,2022-06-14,False
252866,3449,441,470.42,2012-04-03,False
256290,6067,7775,13.92,2015-06-27,False
1183379,8055,6258,8.66,2018-05-06,False
681023,8741,8358,151.11,2016-06-27,False
145783,8074,9770,11.34,2014-05-22,False
1042324,9784,9016,168.92,2019-09-05,False
808164,3799,8737,133.1,2013-06-15,False
255671,8788,7174,153.3,2021-05-05,False
799761,6090,4001,17.35,2023-05-22,False
699525,746,3440,167.27,2024-10-10,False
961360,8423,6285,488.33,2022-08-23,False
1105693,671,8580,175.16,2024-08-26,False
791821,1731,3951,102.43,2024-10-17,False
489397,6183,7388,18.75,2015-09-28,False
365513,9155,9102,5.22,2017-12-29,False
1027330,5480,4030,416.85,2012-06-03,False
779505,5546,5441,584.23,2017-01-02,False
1305837,3473,7862,563.27,2022-08-10,False
1061925,9554,7187,598.6,2017-12-28,False
875258,8718,2091,145.97,2021-06-29,False
43650,490,2584,406.14,2024-10-10,False
191928,1809,266,234.83,2024-10-06,False
770292,6663,2291,147.6,2020-09-12,False
1008307,7731,9746,170.55,2012-04-20,False
142987,3684,9930,196.47,2023-06-06,False
1194647,8545,9466,559.09,2024-01-03,False
790201,8551,9311,486.92,2013-06-17,False
376924,7608,2795,114.04,2019-09-18,False
130419,2730,7998,197.39,2024-08-16,False
460739,8770,3202,140.55,2017-04-26,False
233823,6608,7226,177.53,2012-03-15,False
303265,6636,4768,183.22,2022-10-22,False
1140929,8796,1507,115.01,2016-01-02,False
313054,8662,9881,134.97,2017-07-07,False
923057,7680,9798,149.71,2013-04-30,False
340912,3097,9594,15.79,2024-09-05,False
984662,8695,6124,145.05,2021-10-20,False
656812,8772,9114,190.61,2012-11-23,False
7069,8150,9891,7.7,2020-07-19,False
487866,9686,7696,128.75,2020-11-08,False
184879,9267,9976,8462.94,2022-10-10,False
307844,7076,9966,16.59,2016-07-27,False
774200,7748,7676,135.0,2017-08-24,False
496228,8075,5932,11.79,2021-09-16,False
253994,8183,828,11.89,2020-03-11,False
474768,3502,1327,551.34,2017-05-21,False
22172,5012,7770,18.77,2015-03-26,False
817165,1404,9311,512.33,2024-10-29,False
538512,9733,3923,165.66,2015-11-07,False
1027167,5130,6916,18.28,2015-05-12,False
23374,496,5020,544.51,2024-10-15,False
321990,1142,3987,20.67,2024-08-25,False
805381,3684,8835,196.47,2024-02-08,False
885381,8120,9284,9.07,2016-06-23,False
860592,5557,7708,555.59,2015-10-18,False
342823,7728,6904,162.22,2020-02-16,False
1226922,7186,9997,11.19,2021-03-05,False
5845,1571,1921,542.96,2024-10-09,False
798961,5129,3292,12.23,2020-07-26,False
959830,147,9967,61.27,2024-10-21,False
708103,9142,2233,7.38,2024-04-15,False
267780,1167,9834,22.37,2024-10-10,False
278047,9152,8993,5.58,2019-10-18,False
1256674,7996,9463,279.8,2016-05-29,False
419890,3639,9652,165.83,2020-07-26,False
163177,8179,3383,10.76,2024-10-17,False
284976,6136,1542,18.98,2024-03-21,False
858900,9648,4923,193.36,2014-05-21,False
945895,7675,7260,187.97,2015-06-05,False
1216519,8189,6003,9.74,2024-02-24,False
430495,5500,9850,535.72,2014-08-07,False
1167520,8545,9466,559.09,2023-07-12,False
1048363,1765,9987,148.52,2024-10-15,False
222140,5115,7249,18.18,2014-08-10,False
805147,2794,1050,103.3,2024-09-23,False
431026,7356,9826,124390.32,2015-01-21,False
1286350,4184,6960,22.9,2014-10-07,False
822494,5756,814,189.11,2015-01-06,False
450262,3678,9905,135.28,2018-07-03,False
231940,8060,8641,11.55,2014-01-01,False
291802,4559,1565,536.82,2015-03-03,False
423472,7677,9988,101.44,2022-10-23,False
732182,4473,4948,402.07,2023-06-30,False
854994,2780,6540,165.08,2024-09-20,False
744126,4179,8866,15.77,2024-04-18,False
817031,9410,9521,596.47,2024-08-18,False
1187373,9645,6529,186.17,2014-07-29,False
179733,9777,6062,133.52,2014-06-03,False
994434,9700,7892,167.86,2021-01-19,False
495130,41,2061,74.68,2024-10-29,False
1198486,8746,1931,156.72,2024-08-01,False
1034353,4512,1788,560.55,2019-04-09,False
1025428,7548,6362,459.92,2018-02-25,False
1185260,3666,4355,180.33,2020-08-12,False
89831,9119,1759,6.23,2017-07-11,False
143014,7647,9759,188.88,2019-01-02,False
707884,9599,9821,485.17,2018-03-21,False
427949,1091,7085,20.83,2024-10-16,False
258251,8403,7011,413.75,2022-10-28,False
732367,9186,9833,6.41,2020-05-12,False
1082956,6549,8530,496.58,2018-07-24,False
122185,9722,3468,148.63,2020-05-23,False
1212901,6706,4116,114.3,2013-09-02,False
14847,1774,9942,139.89,2024-10-10,False
437936,8795,9067,195.92,2024-02-16,False
272568,3386,4709,11714.77,2024-08-04,False
193289,9617,9969,131.91,2014-05-04,False
673243,9647,6235,172.64,2022-07-17,False
70344,9660,9866,179.33,2018-05-22,False
299160,465,3588,415.07,2024-09-28,False
774285,9458,7088,488.04,2024-07-16,False
226099,9772,4844,176.72,2021-07-30,False
838530,9434,4382,585.29,2020-03-08,False
207684,4518,4052,420.23,2024-08-22,False
418079,5433,4639,532.9,2020-10-14,False
1096517,9116,8901,7.53,2014-10-02,False
1266724,4710,9947,196.27,2017-07-25,False
1165757,428,1275,477.33,2024-10-11,False
451829,439,8332,555.28,2024-10-05,False
575784,9162,6831,5.25,2012-02-29,False
925965,1736,6263,188.52,2024-10-03,False
501578,9607,9937,116.05,2016-09-05,False
856792,8704,8909,147.58,2015-07-31,False
965889,9668,6293,103.16,2019-07-05,False
195400,2989,8583,294.35,2022-11-28,False
445405,2834,7670,248.44,2024-09-11,False
1050998,2142,7691,22.53,2024-09-05,False
615629,1712,7275,125.83,2024-10-16,False
1171270,3759,8775,126.38,2014-03-31,False
749016,3768,8157,110.33,2014-11-04,False
176629,2457,9178,431.07,2024-10-02,False
685975,4064,9877,24.97,2014-09-03,False
8287,3443,9976,414.17,2024-07-24,False
286748,6409,9433,583.78,2020-10-25,False
541676,9486,9487,501.98,2016-05-26,False
880379,5565,5251,535.85,2021-04-03,False
469105,7465,7165,553.0,2012-02-18,False
593481,2077,9083,31.99,2024-10-04,False
355263,3691,5953,102.41,2012-11-23,False
1307239,9773,9766,179.07,2016-08-19,False
337612,9517,9543,503.39,2024-01-22,False
51558,5013,9981,17.94,2020-05-06,False
1124598,9101,4407,7.94,2018-01-11,False
821799,6140,8052,11.66,2015-04-09,False
615023,9659,6671,191.0,2023-10-06,False
888989,6225,5870,1115906.6,2016-03-23,False
256113,9095,1196,6.23,2019-11-04,False
169721,6445,9972,593.96,2018-06-10,False
429368,4021,4395,23.76,2021-07-21,False
673501,9041,8341,7.24,2017-10-19,False
805430,217,7533,1884353.9,2024-10-15,False
1058891,9797,5674,141.02,2018-12-15,False
692225,4133,9961,12.64,2019-04-04,False
184914,8629,382,159.5,2017-04-18,False
1151700,9099,9857,6.17,2014-10-24,False
927369,5049,7860,15.44,2015-12-30,False
1094206,6760,9964,192.33,2019-02-21,False
176113,9753,5082,164.69,2023-07-22,False
166145,8724,4887,133.14,2018-07-14,False
1044372,9767,2291,127.0,2023-01-30,False
822376,7683,7151,177.83,2015-07-21,False
21760,7057,6557,10.03,2020-07-23,False
1321526,9655,7069,107.23,2022-06-26,False
359005,9070,8480,6.47,2019-11-06,False
603877,1449,9685,422.17,2024-10-15,False
1169811,5598,9641,463.22,2020-07-07,False
1012012,5547,3804,556.67,2023-07-20,False
282948,6697,7650,134.38,2013-04-11,False
1004106,9667,9873,150.8,2020-12-06,False
1167540,9613,5031,141.46,2019-07-15,False
940558,5703,4885,127.5,2013-02-16,False
720533,4561,8760,495.97,2024-10-18,False
946303,8678,8869,132.44,2014-03-06,False
663458,3619,8772,190.94,2017-04-09,False
268144,3158,7194,18.14,2023-10-29,False
403763,8730,7480,172.02,2022-10-16,False
277001,2505,9155,453.91,2024-10-03,False
1227757,6194,9968,14.36,2022-12-30,False
1238817,4136,7257,19.85,2012-12-08,False
444873,8400,7056,498.92,2014-10-08,False
795843,9154,9961,9.03,2022-11-18,False
382491,9767,9956,127.0,2021-12-25,False
1093326,4177,2658,15.02,2016-02-20,False
1222564,5057,9999,19.71,2020-03-09,False
724937,8725,6803,185.8,2018-05-05,False
334114,2042,9589,32.06,2024-09-18,False
59928,6035,3226,11.14,2016-06-26,False
558959,6081,9998,10.18,2021-10-10,False
873430,3534,2556,408.89,2018-08-07,False
941967,2492,9782,525.6,2024-10-02,False
1293730,5626,6061,168.61,2019-11-12,False
1044619,7760,4703,100.94,2021-09-19,False
1210446,519,8611,468.89,2024-10-11,False
93182,7192,9984,15.97,2017-12-10,False
594269,8760,6925,124.87,2020-10-02,False
1187189,9655,9546,107.23,2016-07-28,False
694657,1590,4273,475.45,2024-08-27,False
988843,9722,7442,148.63,2024-06-04,False
82953,464,9433,557.9,2024-10-24,False
356529,3020,9253,27.08,2014-05-13,False
641292,9624,4519,114.15,2019-06-01,False
1154002,8743,3962,156.97,2017-06-03,False
140426,9712,8542,186.19,2014-03-28,False
130331,1077,7661,27.73,2024-10-16,False
342747,2628,7189,174.05,2024-08-21,False
1254691,4565,9774,596.22,2012-02-13,False
588153,5460,5120,447.57,2020-10-16,False
563072,1459,8398,511.66,2024-10-03,False
1315769,4092,9540,19.31,2013-08-17,False
1250278,7704,2762,149.86,2021-09-06,False
406937,7557,5990,590.6,2012-02-20,False
706559,9178,7924,8.29,2021-10-27,False
1027678,7479,88,412.48,2015-08-07,False
682990,3639,6973,165.83,2018-12-22,False
566704,678,9594,189.72,2024-10-24,False
969116,1293,9936,3668408.0,2024-10-24,False
689091,5681,9994,164.69,2024-02-12,False
1286278,7743,9833,127.09,2024-10-09,False
494747,9168,6825,5.62,2013-09-22,False
1081980,8047,9902,13.98,2015-03-21,False
727734,134,8847,36.71,2024-10-11,False
731710,679,9862,143.52,2024-10-15,False
1033327,3791,7532,185.72,2024-01-14,False
893109,5414,5472,583.02,2022-04-15,False
89476,1375,8411,3336.09,2024-10-02,False
356836,4723,2555,181.35,2020-05-16,False
105528,8712,9943,153.69,2012-12-19,False
712329,2231,2384,3266528.0,2024-10-06,False
854905,9611,9987,112.83,2018-12-18,False
759423,199,8235,26.17,2024-10-14,False
750918,9612,364,178.16,2021-03-02,False
508249,3798,9971,147.67,2019-06-01,False
39090,8571,8794,501.02,2023-05-31,False
465467,7684,5386,114.81,2023-12-07,False
1235960,6431,7662,504.17,2024-03-14,False
906192,8943,6241,358.75,2014-01-10,False
32627,8430,9301,450.45,2016-04-05,False
480885,1426,9048,517.64,2024-10-19,False
1077239,7028,8229,17.76,2018-09-22,False
419626,8784,9868,135.19,2024-07-29,False
117733,7059,9494,16.97,2016-04-24,False
490325,6128,9974,18.84,2013-04-29,False
418646,5099,589,14.84,2014-12-21,False
155038,5576,9289,432.36,2022-02-21,False
92887,6479,9653,496.86,2017-06-05,False
509782,2452,3148,457.55,2024-09-22,False
780988,2753,5718,109.95,2024-07-31,False
255153,789,1330,126.09,2024-08-15,False
250562,516,9998,571.84,2024-10-11,False
420772,3003,7482,16.12,2024-09-04,False
289476,8701,4723,132.49,2014-05-21,False
398722,3016,6300,19.44,2024-09-18,False
858946,9700,4817,167.86,2020-04-24,False
176856,7172,8660,11.03,2017-12-09,False
278944,9091,7341,7.27,2018-11-11,False
150224,9729,315,103.44,2015-03-20,False
946627,449,7461,557.71,2024-10-16,False
552941,1577,3390,514.64,2024-10-27,False
1307772,4052,4347,16.15,2016-04-08,False
740843,8423,6285,488.33,2023-10-18,False
715376,9767,7677,127.0,2020-02-14,False
122071,1767,9570,178.19,2024-06-19,False
280718,1308,8591,6128.82,2024-08-15,False
698223,9087,9917,8.67,2015-05-25,False
676706,488,3858,554.76,2024-09-24,False
103879,520,1148,591.83,2024-10-08,False
307434,8072,2391,8.71,2013-02-16,False
1134500,5020,8373,19.47,2022-03-16,False
497458,1497,8454,583.16,2024-10-12,False
672405,9056,9245,5.41,2016-11-30,False
741218,4718,9148,171.86,2012-12-22,False
264328,3619,7124,190.94,2017-05-02,False
271105,7435,9894,586.45,2016-09-04,False
742806,9100,4005,6.98,2020-10-25,False
96929,8174,7325,13.76,2020-11-30,False
530157,2637,9017,170.46,2024-09-19,False
374291,7159,6530,15.67,2015-09-17,False
185914,4495,7395,441.07,2022-12-04,False
820304,3482,2424,535.53,2014-07-16,False
1158869,3528,5493,505.64,2021-09-24,False
975905,9789,5440,118.95,2013-03-28,False
1287413,1175,7729,21.23,2024-10-09,False
40908,6682,1703,106.01,2017-12-28,False
227039,4000,4474,23.3,2017-02-11,False
241602,3724,9885,173.63,2022-01-17,False
1081745,5545,2666,441.11,2022-12-11,False
1270008,5150,7246,13.46,2020-07-25,False
540664,6005,8902,15.65,2020-04-11,False
479200,2744,8602,106.58,2024-09-16,False
947822,9659,9994,191.0,2023-05-17,False
273191,9901,3441,202.19,2022-06-19,False
503821,9022,4354,9.35,2018-12-29,False
773993,6465,9672,401.14,2013-01-09,False
168583,6538,5085,435.13,2013-03-11,False
506994,4145,1182,18.73,2017-01-12,False
604687,1444,9441,478.64,2024-10-18,False
497611,7034,3901,12.87,2013-12-20,False
373660,8328,8733,42747.18,2017-05-07,False
318054,9048,8179,6.22,2019-06-06,False
302896,1722,6336,108.9,2024-08-18,False
127853,3498,9345,483.01,2015-05-11,False
394900,4069,9115,24.3,2019-05-06,False
789505,9433,6990,555.41,2013-06-12,False
288729,4059,8130,16.83,2015-05-02,False
218342,8734,8753,106.87,2014-09-20,False
541829,6702,5615,133.35,2012-10-07,False
767412,9689,9790,196.52,2020-10-18,False
936529,9143,9018,7.43,2016-09-27,False
1090254,8626,8124,181.66,2016-08-04,False
1059458,7839,9762,241.35,2021-12-09,False
272630,7486,6707,404.04,2014-11-22,False
1097903,4828,6163,376.16,2016-04-01,False
998613,3824,6791,266.48,2012-05-24,False
44048,9717,9910,183.36,2019-01-16,False
1211867,9729,4849,103.44,2022-01-22,False
840880,8580,8365,511.44,2018-12-12,False
259128,5657,8338,179.94,2014-05-11,False
261693,8477,7132,508.64,2014-10-16,False
896081,9779,3546,168.61,2012-05-09,False
672084,8491,8773,494.54,2022-08-08,False
1110872,5769,8179,100.41,2016-05-25,False
998155,3543,7909,438.64,2017-12-06,False
615477,6091,8763,12.98,2022-09-12,False
48602,8431,9366,508.89,2020-01-22,False
429839,9153,9734,5.85,2014-12-04,False
33096,7514,8410,496.7,2019-01-22,False
1189159,8006,5157,13.62,2021-09-12,False
1286258,8752,9897,172.69,2016-03-23,False
1057971,6010,9954,10.14,2017-04-08,False
609843,9793,7854,177.08,2021-02-21,False
951321,7228,9651,7509214.0,2013-10-10,False
76844,4469,7596,458.88,2016-01-02,False
592613,6457,4560,403.17,2020-07-24,False
809153,1771,6622,199.55,2024-10-05,False
1318582,6607,3542,184.99,2023-10-25,False
194211,6721,4255,160.0,2022-05-19,False
822073,7719,9134,188.36,2019-11-15,False
661430,3765,1493,196.28,2012-07-27,False
81185,9731,891,150.02,2019-11-11,False
1143208,4696,4920,142.41,2021-12-05,False
505928,510,9884,587.65,2024-10-12,False
388864,6641,5362,158.5,2016-03-22,False
1192730,8713,9901,179.72,2013-09-09,False
607204,7113,8305,11.15,2014-11-27,False
1144514,7012,7628,13.08,2016-01-10,False
536519,1077,7310,27.73,2024-10-16,False
814040,9702,8754,193.36,2017-09-01,False
470712,9171,3635,7.91,2018-12-20,False
1084972,4507,497,531.15,2014-11-03,False
1241407,7118,5575,11.46,2013-02-04,False
1105138,2736,9997,136.97,2024-08-16,False
21458,441,8575,576.26,2024-10-10,False
295609,1170,3844,34.67,2024-10-01,False
236032,1676,7068,175.16,2024-10-17,False
629862,9121,9998,6.03,2017-08-14,False
697251,8685,9288,148.38,2013-12-11,False
446994,3165,9621,26.18,2024-06-26,False
1166926,7444,7571,505.61,2024-10-25,False
836667,5994,9960,368.32,2020-07-23,False
235874,6767,830,179.03,2014-08-04,False
717923,4024,2013,23.36,2019-11-24,False
393810,7165,9951,12.42,2021-11-16,False
421814,2138,5329,26.08,2024-09-10,False
337177,7721,9534,133.82,2019-03-12,False
1018202,9070,9871,6.47,2015-08-02,False
350663,4458,9630,543.86,2013-04-25,False
159530,5756,7011,189.11,2022-01-16,False
263374,6764,4096,105.75,2016-03-29,False
698333,8026,9701,10.19,2016-06-11,False
502787,4702,2176,108.87,2022-06-17,False
26861,9776,6818,114.16,2015-06-24,False
851125,1694,9306,148.97,2024-10-18,False
935895,8984,6780,345.54,2022-05-01,False
1045861,9071,9066,6.93,2021-12-02,False
1030777,9046,9942,8.23,2016-01-22,False
668661,4232,2794,210214.98,2020-03-22,False
295417,9989,9106,252.35,2022-03-30,False
722174,1670,2238,143.88,2024-10-17,False
1052603,5139,4732,17.4,2021-05-05,False
758178,6089,1843,15.18,2016-06-26,False
1291069,9600,3917,147.99,2021-06-26,False
632661,1019,9541,28.57,2024-10-16,False
383413,3466,6333,478.67,2024-09-13,False
62916,6557,8399,473.98,2018-12-31,False
665990,1462,9376,538.08,2024-10-11,False
386604,5624,8802,109.41,2019-01-13,False
1016828,8059,6455,11.62,2018-12-22,False
98929,6578,1114,462.86,2012-10-02,False
151320,9726,7618,147.44,2015-08-20,False
755904,9168,3840,5.62,2023-01-10,False
583058,1422,6274,512.98,2024-10-09,False
738215,7272,4887,615523.94,2016-02-02,False
1303751,5539,4195,593.26,2020-03-15,False
1223172,9728,9975,172.55,2020-02-22,False
347148,3542,9872,517.86,2018-05-06,False
479485,9126,383,6.98,2015-10-19,False
1023650,6003,9462,13.12,2014-08-30,False
1289897,3345,6203,21474836.0,2013-10-31,False
848639,4548,9796,410.2,2016-04-07,False
915163,557,1558,411.57,2024-09-22,False
587019,9611,4192,112.83,2014-10-24,False
178914,9142,9200,7.38,2019-11-14,False
744703,1592,3603,467.11,2024-10-10,False
925947,5104,8765,16.5,2022-08-17,False
723948,8630,9997,103.79,2014-08-06,False
214634,1750,9519,116.13,2024-10-08,False
1150120,3639,3074,165.83,2020-06-19,False
722971,4418,9337,450.23,2023-10-24,False
578333,8792,2410,197.63,2014-04-05,False
806385,2722,9732,162.78,2024-08-20,False
868436,5771,9880,155.24,2018-11-14,False
831579,8538,7792,513.51,2012-03-17,False
39267,5046,3018,13.55,2016-04-18,False
567709,8635,8851,169.74,2019-01-05,False
1175874,9789,3728,118.95,2024-04-08,False
1311063,2534,4551,597.65,2024-09-19,False
727725,4163,6313,16.55,2023-08-21,False
1258923,8770,9733,140.55,2013-11-12,False
392330,8504,4142,548.82,2023-05-12,False
447405,8971,7791,375.29,2024-08-23,False
741781,9640,974,184.66,2022-07-13,False
733494,7575,55,585.63,2016-04-06,False
642924,6021,9239,17.18,2013-01-06,False
1248812,8631,3752,194.63,2014-10-25,False
1003823,9695,8425,144.41,2014-03-18,False
866978,8456,9762,586.22,2016-02-14,False
415999,7773,844,127.05,2024-09-20,False
509311,8622,5910,112.36,2015-12-26,False
211183,4715,7145,135.14,2021-04-26,False
1227997,5057,9888,19.71,2024-07-20,False
1183304,6577,8474,494.64,2017-06-07,False
561889,962,9465,355.17,2024-10-17,False
687096,3879,6130,276.51,2020-06-06,False
1132489,6743,273,100.61,2022-02-02,False
962628,9189,9989,7.94,2019-08-08,False
757007,5060,8762,15.69,2020-04-05,False
1196014,9797,8858,141.02,2013-12-09,False
352603,6771,988,165.25,2020-08-25,False
542832,4048,3482,12.97,2023-09-04,False
1277982,91,9985,39.49,2024-10-18,False
883055,7689,5030,168.64,2023-03-10,False
294033,8691,8273,143.63,2022-01-30,False
975412,5135,3425,21.36,2012-07-07,False
970961,5679,7995,179.47,2018-09-09,False
509965,9025,9734,5.88,2022-07-02,False
659875,9847,6673,207.75,2019-04-05,False
256659,490,2584,406.14,2024-10-10,False
465637,7631,4510,130.13,2017-04-28,False
1207497,9799,8753,138.71,2023-06-24,False
658919,4537,275,482.55,2013-09-13,False
858595,2637,9629,170.46,2024-09-19,False
118501,5514,781,502.41,2020-09-30,False
1010941,1053,3194,38.89,2024-10-01,False
60817,5090,5579,12.8,2016-04-11,False
970304,5606,9531,148.07,2013-04-06,False
1247496,7116,7084,8.36,2013-02-10,False
1022369,7674,2563,171.08,2016-05-18,False
282689,9067,8966,7.57,2024-05-28,False
1122815,7112,8659,14.2,2023-05-26,False
1297167,6983,6806,203.14,2024-09-24,False
1006232,9018,4597,5.2,2015-11-14,False
380738,4481,7792,431.04,2022-02-07,False
985828,4475,9496,420.64,2020-05-03,False
484512,7505,5296,580.78,2024-03-28,False
1197551,754,8114,193.41,2024-10-14,False
860336,2585,9322,470.8,2024-09-12,False
955612,7050,92,11.88,2012-02-22,False
1194784,2422,9981,542.9,2024-09-07,False
946761,6561,1734,565.39,2019-11-28,False
1117051,4015,1567,14.16,2016-12-17,False
1224907,9549,9243,543.54,2012-03-14,False
57833,4502,994,526.03,2016-12-20,False
685140,2123,3053,18.07,2024-09-16,False
546490,6432,9167,441.7,2022-01-08,False
640027,7712,2646,133.11,2018-07-02,False
920539,7152,5372,12.19,2024-04-02,False
10553,3613,9081,129.19,2012-03-07,False
1061043,9194,9962,7.41,2023-02-18,False
1152496,1493,6609,500.04,2024-10-01,False
1210770,7773,9869,127.05,2014-12-07,False
948543,9729,1784,103.44,2015-12-07,False
266874,9671,8745,192.36,2021-02-06,False
1171491,8662,9780,134.97,2017-09-25,False
82987,2523,447,574.52,2024-10-02,False
658805,9007,7662,5.41,2023-09-06,False
415380,9702,9661,193.36,2014-06-07,False
1163806,1581,7794,424.07,2024-10-16,False
478301,6534,8740,441.6,2016-06-10,False
878862,767,9969,191.91,2024-10-17,False
483027,9609,3659,177.6,2018-07-25,False
763893,9760,9939,101.22,2014-04-25,False
1287924,466,4593,408.92,2024-10-24,False
1318611,9583,7740,587.53,2022-03-25,False
166321,6799,2524,160.72,2013-07-10,False
315038,9709,8730,176.14,2023-04-15,False
371916,6086,9958,18.16,2024-07-06,False
97092,7448,7990,427.55,2020-06-25,False
977426,5053,7094,19.34,2016-11-07,False
1303649,1134,6291,38.7,2024-10-07,False
293441,4518,4052,420.23,2023-11-15,False
267822,8103,9638,10.97,2021-11-11,False
265682,7772,9663,186.82,2020-01-29,False
193114,2048,9299,29.55,2024-09-16,False
172543,6408,8721,557.15,2015-12-04,False
230230,4515,2306,472.75,2017-01-31,False
273726,8073,6049,12.16,2024-04-27,False
123453,5189,8755,15.48,2017-09-08,False
859038,7135,9485,10.48,2013-01-17,False
151343,4300,9345,5810.29,2013-06-05,False
116500,7305,9001,13450.98,2013-04-18,False
105934,2166,316,22.64,2024-09-10,False
19226,4747,9937,184.77,2019-03-12,False
949505,6528,8498,480.42,2016-02-16,False
1090103,4590,6463,470.39,2017-06-13,False
1062138,8770,9550,140.55,2024-10-17,False
506982,585,5365,523.75,2024-10-12,False
251679,2590,6399,511.52,2024-09-25,False
750467,8648,9766,106.29,2023-11-30,False
387201,3168,5087,14.97,2024-06-27,False
561791,5705,9592,114.44,2022-01-05,False
1090238,8651,8958,122.02,2014-04-13,False
535446,8044,9949,13.27,2020-03-03,False
926839,1585,9983,578.65,2024-10-11,False
487060,7424,9652,435.85,2023-04-18,False
396533,6691,7371,166.25,2023-10-23,False
999379,9637,8081,104.5,2020-04-08,False
642985,8049,8598,7.31,2021-05-21,False
1000503,8765,5366,128.82,2020-10-31,False
797705,3788,9241,190.69,2016-03-17,False
480031,7701,9415,127.73,2020-09-20,False
1099723,8008,9343,9.21,2016-12-21,False
215349,9126,8677,6.98,2023-11-29,False
1267470,8523,8651,448.8,2017-06-18,False
756044,5686,1813,148.33,2017-11-26,False
1095240,5572,9777,532.9,2012-11-15,False
988649,9028,363,7.58,2021-06-27,False
446666,7432,5739,442.92,2022-02-02,False
296297,9600,9756,147.99,2022-09-02,False
641331,2640,6428,101.62,2024-09-16,False
1183912,4942,3071,209.78,2022-12-29,False
644960,3155,9264,21.15,2024-04-30,False
796970,1490,3439,425.86,2024-10-11,False
131438,6538,5085,435.13,2017-05-21,False
121422,9687,3701,159.92,2013-06-09,False
1182618,9780,5259,164.21,2017-05-03,False
367083,8711,831,149.61,2019-05-17,False
595297,5050,6174,14.98,2022-08-25,False
711964,8653,9789,143.74,2014-05-03,False
1216098,8514,5066,497.26,2022-03-06,False
1204412,2656,7086,128.33,2024-08-29,False
25881,2471,9323,473.32,2024-09-25,False
429494,2416,4481,520.84,2024-10-04,False
165945,8166,4240,7.57,2023-09-02,False
783970,5776,9844,197.52,2024-10-11,False
810903,6091,3061,12.98,2012-06-02,False
741695,9695,212,144.41,2018-05-05,False
210170,3478,9026,503.76,2024-03-11,False
1259646,8167,6422,8.03,2019-01-07,False
1066407,9712,8542,186.19,2024-07-01,False
31962,1162,2949,29.03,2024-10-11,False
1118081,6126,9706,10.94,2015-12-08,False
697347,8810,8113,242.3,2018-04-11,False
155993,7510,8784,533.34,2023-06-19,False
903096,4428,8453,586.41,2020-12-13,False
968085,6649,9974,152.92,2017-05-22,False
1275404,1567,9892,528.15,2024-10-08,False
1290143,8651,7019,122.02,2015-04-08,False
1214109,9135,8530,6.59,2018-05-23,False
476448,489,9354,546.85,2024-10-16,False
71164,9733,9358,165.66,2019-05-11,False
950017,8475,9730,540.78,2013-03-22,False
752879,9686,9877,128.75,2013-09-24,False
1189168,8006,9818,13.62,2021-06-03,False
218811,488,3858,554.76,2024-09-24,False
696370,4722,6372,179.44,2016-12-17,False
1232281,9408,7442,473.48,2019-04-04,False
587515,9752,9980,115.98,2020-08-12,False
1093793,2038,5979,24.49,2024-10-03,False
151443,1412,7395,575.72,2024-10-26,False
123560,7552,8146,584.26,2016-09-16,False
616103,9622,9740,147.66,2018-08-02,False
68133,9519,7385,437.2,2019-08-16,False
1097772,4067,4591,14.82,2017-01-20,False
608806,251,1550,273075.34,2024-10-10,False
169569,8593,9586,467.58,2018-10-10,False
1022946,5074,9452,16.9,2017-11-22,False
1298248,9703,9637,125.29,2023-01-17,False
1013100,8052,9376,11.47,2016-12-01,False
796181,500,8204,405.88,2024-10-12,False
10148,7568,8200,450.26,2015-04-18,False
1290600,9643,8825,190.14,2012-10-11,False
323610,5772,4962,168.78,2020-03-02,False
721330,9694,2957,105.93,2022-12-14,False
159275,7630,8938,144.97,2018-06-07,False
482780,9742,105,160.02,2020-11-01,False
878662,9050,6503,5.91,2019-03-18,False
872141,2186,9387,33.29,2024-10-02,False
151654,9745,1199,184.44,2022-12-18,False
21911,4491,8365,513.59,2021-06-05,False
140253,7427,2679,558.42,2012-12-02,False
220152,7677,3091,101.44,2019-02-09,False
643148,8780,7499,109.8,2021-01-15,False
1002578,7725,9203,100.51,2012-04-20,False
1096119,6055,2426,11.59,2012-07-26,False
427772,9180,9554,5.2,2017-03-16,False
872344,7602,9804,125.54,2021-10-29,False
217723,5064,2950,21.96,2014-02-27,False
86200,5074,9452,16.9,2012-04-17,False
16994,5470,9795,573.16,2014-02-18,False
1306289,8636,7863,119.2,2024-08-27,False
566003,7008,9998,13.28,2019-02-08,False
738096,639,5111,113.94,2024-10-12,False
136360,3837,3925,365.82,2013-03-20,False
1012320,9785,9778,150.92,2020-10-13,False
399948,1700,9485,101.52,2024-10-07,False
834044,3494,6562,465.98,2012-08-04,False
876114,450,7276,425.42,2024-10-14,False
6628,9077,8727,7.99,2017-06-06,False
868720,9697,9970,124.95,2017-04-20,False
891292,6657,9655,181.97,2016-12-09,False
435064,8116,5928,9.11,2021-06-10,False
185398,9666,4159,130.36,2012-12-18,False
672114,7561,8310,440.0,2018-06-30,False
1305564,8112,2737,10.57,2021-10-06,False
994070,7791,8371,168.72,2013-05-15,False
1243096,9475,6032,483.89,2020-04-30,False
1124808,7794,795,113.2,2017-10-17,False
244379,9089,2709,5.32,2016-12-22,False
867902,7599,9048,442.83,2022-07-21,False
410258,825,6929,279.11,2024-10-10,False
322444,6769,9276,129.08,2018-01-04,False
1294120,9663,2053,122.91,2015-01-18,False
580397,7903,9685,260.47,2017-04-14,False
905690,2142,9888,22.53,2024-09-05,False
966172,9786,9329,101.3,2016-06-17,False
39221,7061,6063,17.75,2016-02-27,False
510361,4669,4809,194.25,2020-11-04,False
76364,5194,5141,12.2,2014-10-04,False
1058236,3595,870,597.29,2019-01-27,False
242901,4423,1249,503.94,2015-07-06,False
438381,4765,9841,112.19,2024-05-27,False
220969,9432,9249,551.65,2022-07-14,False
535497,3158,9963,18.14,2023-10-29,False
553074,4619,937,165.89,2022-04-21,False
1208727,9031,4517,8.34,2021-07-12,False
201215,4709,5759,156.47,2015-03-12,False
1132944,4053,8635,23.29,2012-03-30,False
949921,9781,2439,145.58,2012-10-23,False
268250,5644,9775,107.79,2013-05-22,False
1159876,4713,5235,196.77,2014-04-03,False
166765,3902,374,371.66,2015-01-22,False
1062083,8464,8154,505.08,2015-12-09,False
677933,7640,7338,116.65,2024-03-05,False
725497,1929,3514,295.89,2024-10-12,False
816903,7668,5541,108.41,2021-10-20,False
154615,9716,9503,101.77,2018-02-10,False
275140,6415,8211,533.35,2020-06-06,False
729365,425,3412,597.34,2024-10-22,False
426529,8777,1984,158.17,2023-08-24,False
87080,2745,9590,122.68,2024-06-05,False
686909,7961,6296,226.08,2017-04-06,False
36790,9148,5785,8.24,2024-05-09,False
1151548,5069,9732,14.93,2016-12-11,False
321821,1447,3537,453.1,2024-10-16,False
105811,9309,9993,9075.7,2023-10-25,False
185885,3030,3992,15.0,2024-09-19,False
340835,8459,9212,508.25,2019-11-11,False
83211,3113,9265,18.6,2024-09-12,False
7575,4448,9993,437.7,2015-01-06,False
1318349,3171,4724,23.03,2024-06-28,False
645749,1512,2336,421.98,2024-08-21,False
402248,9791,8560,112.93,2020-12-18,False
672955,6013,7799,14.43,2021-09-09,False
516008,8109,774,9.45,2023-04-24,False
639368,4669,9097,194.25,2019-02-14,False
1087472,5767,816,173.77,2017-09-21,False
774783,8995,9411,370.55,2023-02-25,False
421567,4022,8033,17.37,2015-03-06,False
159354,8083,5287,11.44,2015-12-05,False
1214670,2764,3760,144.03,2024-09-02,False
768392,3289,9997,428681.47,2024-05-16,False
657098,5452,8794,599.32,2023-02-17,False
484635,8734,6601,106.87,2012-03-09,False
885859,1749,8772,155.22,2024-10-09,False
877927,9143,4502,7.43,2022-04-23,False
1180196,4015,6204,14.16,2024-10-06,False
609812,8668,9242,123.31,2022-04-08,False
1012456,2451,9476,488.17,2024-09-23,False
799121,5092,9497,18.62,2021-07-17,False
1035179,4000,9950,23.3,2014-12-07,False
1173774,8601,9457,194.55,2024-08-14,False
241141,9634,3157,136.67,2023-11-02,False
500870,1162,9992,29.03,2024-10-11,False
986258,3562,5917,580.72,2019-07-01,False
1250310,9704,694,183.69,2016-06-13,False
562190,705,6115,151.21,2024-09-25,False
1004269,4011,6390,13.62,2018-10-29,False
406248,8664,5920,141.16,2020-07-23,False
88822,9067,9696,7.57,2018-11-12,False
446102,8622,3991,112.36,2014-05-22,False
601801,2624,2669,177.82,2024-07-30,False
303130,4408,5320,466.2,2018-10-02,False
76884,4512,1788,560.55,2022-04-17,False
1105546,8525,7397,426.58,2015-12-23,False
264029,5436,7143,489.89,2018-07-21,False
1084559,6792,9539,161.64,2016-10-06,False
647112,3455,7242,446.69,2024-03-14,False
527069,8500,9014,579.21,2015-12-08,False
1099601,404,7686,501.36,2024-10-12,False
1162146,289,9965,21474836.0,2024-10-17,False
136956,4382,8045,4580.21,2021-12-29,False
890816,9591,8850,500.36,2013-09-11,False
209068,9783,3511,171.58,2018-01-21,False
583922,2177,7305,29.04,2024-10-10,False
421053,9073,8737,5.35,2013-03-31,False
1028341,8691,9992,143.63,2019-06-19,False
697676,4010,7738,24.49,2018-05-23,False
257116,2691,9994,199.19,2024-09-13,False
891449,6081,9274,10.18,2012-07-29,False
776937,5144,9751,16.44,2014-01-29,False
184620,2687,7398,144.08,2024-08-15,False
333726,5442,7808,477.22,2024-01-03,False
763647,9663,9535,122.91,2014-12-24,False
8153,7058,7736,17.94,2018-03-19,False
394205,4390,3101,51720.66,2023-07-11,False
483199,4560,4529,473.32,2014-09-21,False
927226,7494,8234,568.53,2021-10-19,False
54242,5718,8485,194.25,2015-01-09,False
626708,7664,5201,197.61,2015-01-09,False
905311,4676,9394,126.48,2012-11-24,False
706374,6650,9997,129.13,2014-12-25,False
1301181,7536,4084,535.05,2017-09-25,False
887103,907,8783,227.64,2024-10-10,False
584186,4693,3143,113.77,2016-08-13,False
622735,8743,9095,156.97,2022-02-06,False
838785,8133,6450,11.1,2013-02-09,False
312547,9746,2101,153.61,2021-02-16,False
730756,8645,9175,186.05,2023-01-09,False
324506,2056,9768,29.75,2024-09-27,False
844232,5903,6483,262.2,2022-09-20,False
848411,4560,4529,473.32,2017-11-19,False
1102173,1549,7068,400.29,2024-10-14,False
336063,4756,9001,196.74,2020-11-12,False
708485,1159,9793,21.6,2024-10-23,False
701201,5152,8232,18.73,2020-05-21,False
969522,5648,9957,174.55,2015-08-03,False
699007,7401,2954,506.92,2013-11-16,False
286366,9702,9661,193.36,2016-02-10,False
589894,1484,541,587.17,2024-08-07,False
203324,3481,9353,519.16,2024-04-24,False
1209281,7446,1932,405.85,2022-06-11,False
1228224,6546,9213,406.42,2021-03-26,False
796487,3054,5726,20.86,2024-07-10,False
168456,7410,1634,422.55,2024-07-21,False
1185702,2757,3237,117.9,2024-09-21,False
237367,5402,2239,529.21,2024-06-19,False
956856,4064,6115,24.97,2013-09-03,False
1228794,8586,9881,457.32,2024-05-10,False
550347,9998,9188,323.79,2013-10-14,False
241635,2661,7488,188.05,2024-08-03,False
1220065,2908,5948,321.35,2016-04-12,False
1126435,4484,7708,408.39,2017-11-28,False
1254218,2824,695,375.85,2024-09-23,False
24564,1730,1712,172.91,2024-10-14,False
133391,9524,9840,507.82,2014-05-20,False
648966,5652,117,188.33,2017-05-14,False
1097809,8089,6135,9.51,2014-08-04,False
360345,4114,8290,23.74,2023-11-30,False
1099882,9086,9192,7.66,2018-11-29,False
635188,9540,9487,502.23,2014-02-06,False
235034,4753,6815,141.52,2022-12-26,False
1235160,9613,9484,141.46,2022-06-19,False
400061,4756,6470,196.74,2015-08-24,False
924290,7620,7454,184.27,2018-04-21,False
290553,774,4362,118.04,2024-10-15,False
201746,5147,7863,20.52,2012-10-16,False
1188793,2599,8909,419.32,2024-09-02,False
80418,8671,238,109.5,2014-05-29,False
97374,7060,9420,13.59,2013-12-11,False
833676,4559,1565,536.82,2014-03-27,False
459303,9748,3493,175.97,2017-05-22,False
1234634,9574,7485,584.46,2018-07-13,False
156576,1483,9554,446.32,2024-08-07,False
1137975,8718,2091,145.97,2017-03-12,False
955122,8929,7154,204.86,2017-01-02,False
457532,1020,626,39.81,2024-10-16,False
794142,4643,2922,118.52,2016-02-27,False
305433,5196,9734,11.48,2020-10-15,False
501429,9445,9883,447.75,2015-12-14,False
161678,5349,9963,6966.81,2022-08-30,False
1240884,7649,9368,179.14,2013-01-11,False
373301,5796,9908,100.44,2013-11-12,False
602692,9167,9798,9.46,2020-06-19,False
27536,9025,6808,5.88,2015-05-21,False
1161598,6169,1843,17.23,2022-01-13,False
820083,9531,8376,484.85,2018-12-17,False
415382,9702,9425,193.36,2016-05-14,False
499480,7195,4101,12.63,2013-07-19,False
1041036,1562,2789,453.85,2024-10-14,False
817932,6497,6949,505.07,2018-05-18,False
599927,9720,3991,114.62,2021-03-26,False
221967,9661,9112,183.52,2016-01-01,False
1120306,9076,2987,7.19,2018-10-21,False
329043,470,1215,588.96,2024-10-12,False
82569,3747,9275,162.57,2020-09-14,False
73487,9769,8273,191.19,2018-10-03,False
572322,472,8600,514.35,2024-10-19,False
317928,9062,8436,7.36,2019-07-02,False
1288379,5744,4918,175.42,2022-08-11,False
1023516,9032,933,8.93,2014-10-13,False
562671,3772,8044,171.61,2021-07-24,False
423961,4637,8694,187.74,2018-10-26,False
1200885,8139,9996,12.21,2024-05-02,False
434877,8563,9113,534.76,2023-06-25,False
1312170,9605,9858,158.11,2021-06-13,False
691783,9627,3222,140.52,2019-08-21,False
130280,7472,8861,415.39,2021-07-07,False
685931,6460,8321,471.94,2012-05-31,False
859959,9674,9005,134.86,2023-09-22,False
571879,6080,6431,12.38,2018-02-24,False
577814,437,7495,469.32,2024-10-10,False
830066,7156,2965,8.51,2019-05-08,False
805400,7975,9800,284.94,2018-06-01,False
74518,1515,9873,502.7,2024-10-18,False
487684,9180,2569,5.2,2024-09-19,False
1296415,7163,6898,9.42,2014-05-20,False
410591,6424,9672,586.13,2017-10-21,False
439352,5007,8001,13.39,2016-10-03,False
174997,9103,9025,6.22,2020-04-25,False
1017150,5015,1150,12.17,2012-03-20,False
859710,7653,8634,104.13,2022-12-30,False
1216135,9737,8515,181.52,2016-07-06,False
337007,1487,8259,576.09,2024-10-22,False
143257,4568,1425,428.95,2013-05-18,False
1017283,4646,9965,187.66,2018-10-14,False
1049163,3115,4361,27.17,2024-07-10,False
161330,9685,5699,188.24,2014-08-05,False
341460,8638,3810,149.53,2016-01-28,False
532031,9678,2931,133.36,2024-03-22,False
207709,530,5168,598.59,2024-10-11,False
650712,1406,9971,415.58,2024-10-29,False
1275556,3590,8167,471.66,2014-12-01,False
733400,3773,3561,186.6,2019-03-07,False
1313629,6673,6042,165.58,2023-01-09,False
161359,6756,8732,190.61,2013-12-09,False
830491,9045,4908,5.65,2016-05-06,False
1264472,7749,9973,108.44,2014-03-11,False
1082232,9646,8644,188.13,2015-12-02,False
522538,1767,9423,178.19,2024-06-19,False
822315,6387,9622,1086817.9,2016-11-22,False
1002915,9088,9575,7.08,2020-02-16,False
1106162,8099,7050,12.83,2020-02-22,False
407526,9068,8408,6.65,2023-07-09,False
235708,6883,6374,370.17,2022-03-26,False
1278727,8509,9873,548.83,2016-10-01,False
745629,3143,3284,23.94,2024-07-13,False
782883,8554,6770,518.73,2012-10-05,False
1125787,1181,8533,27.15,2024-10-08,False
971138,9117,9404,7.47,2021-12-01,False
590661,6679,9658,136.61,2013-08-07,False
1057290,6635,7319,197.97,2019-11-24,False
357840,3010,9969,26.36,2024-09-12,False
82375,1457,9444,401.41,2024-10-06,False
907172,5547,3804,556.67,2014-11-05,False
727342,785,8073,129.66,2024-10-12,False
626991,5795,6732,167.78,2013-05-07,False
255649,8643,3208,160.52,2013-09-18,False
1297768,3693,8782,183.52,2019-03-23,False
1057251,4001,8881,16.75,2022-04-19,False
926727,7121,7816,12.48,2017-03-18,False
364184,547,5607,484.04,2024-10-10,False
514805,8065,8349,13.96,2020-04-13,False
328206,8032,9723,9.58,2024-04-18,False
259945,4668,9558,173.5,2022-12-22,False
1150310,8731,8177,166.69,2024-07-26,False
955982,2634,8595,125.77,2024-09-27,False
747630,7543,9983,570.9,2021-08-06,False
568705,2793,4305,105.8,2024-09-02,False
275026,3555,551,566.15,2023-07-08,False
1322496,8127,9485,12.59,2015-04-18,False
1013992,8688,7964,142.24,2018-12-08,False
974088,5708,2649,190.42,2014-05-15,False
244314,9174,9772,6.45,2013-03-12,False
600200,9697,9495,124.95,2019-05-05,False
248145,1143,8068,35.15,2024-08-21,False
1010421,7593,9861,505.6,2019-12-12,False
38328,2134,8037,19.13,2024-10-05,False
913660,3061,7237,15.3,2024-07-07,False
874394,9793,8911,177.08,2018-09-29,False
263965,7708,5046,112.37,2012-08-26,False
492502,1432,7673,566.63,2024-10-17,False
226940,9692,9919,143.27,2020-08-15,False
1241202,7488,9993,592.48,2013-06-10,False
520957,8628,6650,172.57,2018-02-06,False
811835,9683,7384,108.62,2016-02-27,False
1075543,2551,7472,484.76,2024-08-26,False
381808,5108,9359,21.86,2022-10-03,False
406531,9167,3968,9.46,2024-02-24,False
1237113,7037,6623,17.51,2015-06-18,False
790686,1205,9613,267920.44,2024-10-28,False
325755,9471,9344,485.16,2012-09-21,False
1257024,582,7594,440.73,2024-10-21,False
1228132,810,9256,244.3,2024-10-22,False
1317366,5661,7694,161.64,2024-03-26,False
233977,7798,9871,199.83,2023-12-27,False
1173343,8728,1207,162.33,2015-09-18,False
871838,6087,2756,10.98,2013-06-02,False
899101,5196,2177,11.48,2024-09-26,False
1201282,7628,9840,111.33,2023-12-14,False
1147451,4555,2413,531.21,2017-09-26,False
1192845,4108,5047,13.81,2015-04-02,False
433969,9727,9989,130.36,2019-07-22,False
682033,9034,8489,5.88,2021-10-31,False
605346,2009,1450,32.34,2024-07-31,False
701541,742,2625,120.95,2024-10-10,False
295032,6072,2809,15.69,2012-06-01,False
1177632,4561,8760,495.97,2012-03-15,False
808898,7905,9689,344.17,2012-11-07,False
437261,1475,6191,501.79,2024-10-10,False
275476,3402,7583,564.65,2017-11-03,False
478780,1447,3537,453.1,2024-10-16,False
136129,6645,9485,146.97,2018-12-10,False
1002889,8664,6985,141.16,2024-08-28,False
568070,6530,7683,473.44,2013-03-29,False
874156,8598,9464,483.11,2021-03-15,False
851488,8043,9897,11.12,2013-05-13,False
555819,5632,9929,110.31,2020-12-06,False
507217,8588,7583,565.25,2016-09-16,False
214010,8771,8621,168.13,2012-12-03,False
493612,6153,6285,16.84,2013-12-13,False
133765,3063,7925,16.52,2024-09-08,False
1241990,7036,2636,9.89,2021-01-20,False
980878,4773,9985,161.52,2018-08-25,False
826057,1698,4829,197.0,2024-10-01,False
434345,8758,4908,117.31,2020-01-19,False
572116,2141,6265,26.08,2024-09-11,False
776529,671,8580,175.16,2024-08-26,False
1175125,8680,9786,139.82,2012-06-06,False
363013,8691,9905,143.63,2024-02-05,False
131447,9625,9008,199.88,2014-01-28,False
235233,8198,2062,11.23,2015-08-09,False
1281210,8599,9476,543.53,2022-07-22,False
1278566,713,9715,195.47,2024-10-13,False
1189018,789,1330,126.09,2024-08-15,False
759789,6657,3606,181.97,2013-08-05,False
6543,8765,7651,128.82,2013-07-04,False
1127425,7138,5443,13.85,2023-06-21,False
1149670,4639,9730,121.13,2015-01-15,False
199874,4079,489,10.56,2014-10-15,False
906666,5538,9135,454.54,2014-11-17,False
958446,4610,9493,121.69,2023-01-24,False
591067,5170,6013,21.51,2013-07-20,False
436720,8635,5183,169.74,2017-11-11,False
954998,3785,567,131.0,2015-10-01,False
621857,806,4102,19.47,2024-08-13,True
206336,3030,3992,15.0,2024-09-19,False
236810,7747,9432,107.94,2019-04-28,False
143892,8526,7792,414.32,2017-04-19,False
49354,3594,2158,420.66,2022-04-11,False
443382,3027,8016,14.67,2024-07-04,False
918572,1579,9267,440.32,2024-10-07,False
1236050,6758,9940,162.44,2014-01-20,False
202311,9144,4783,8.77,2018-02-17,False
308602,6621,2437,183.88,2024-04-21,False
740114,9074,2824,8.69,2022-05-04,False
950252,9631,9446,137.3,2020-03-06,False
1203526,8668,5897,123.31,2014-04-10,False
497906,3732,3986,105.0,2015-03-23,False
328105,8744,8308,174.22,2014-01-11,False
187640,2646,7629,138.38,2014-08-06,False
1243478,4199,8463,15.14,2018-08-21,False
926033,7474,7572,458.52,2013-03-20,False
186256,3787,4227,151.67,2016-03-20,False
1032483,4586,1600,455.57,2012-04-17,False
787544,1167,9834,22.37,2024-10-10,False
1205921,8420,6152,429.08,2020-09-08,False
59504,6688,9894,114.55,2015-10-26,False
1222691,9705,9921,147.16,2023-06-15,False
423559,2799,2436,108.12,2024-09-19,False
581466,9778,973,143.66,2022-11-13,False
1251857,7491,9851,512.42,2016-08-04,False
1235153,7183,3160,13.64,2020-02-06,False
1244766,3638,7259,118.13,2021-04-05,False
247673,2535,9554,584.79,2024-04-01,False
357264,5512,9873,495.64,2020-04-16,False
554846,5642,5246,186.21,2020-07-15,False
872778,3641,9283,114.98,2012-03-01,False
472947,7720,8448,114.52,2024-02-09,False
37500,9623,9905,154.91,2024-02-02,False
81933,7194,9967,8.69,2014-12-23,False
443046,4115,4174,23.99,2020-12-15,False
282489,6005,6438,15.65,2020-03-24,False
292293,9723,7821,134.22,2014-06-14,False
1247374,5139,8431,17.4,2018-03-30,False
1173589,5169,9523,11.21,2019-07-01,False
771725,6489,4480,426.5,2016-11-03,False
558507,1761,9856,157.05,2024-10-17,False
288924,8512,9510,529.86,2017-12-19,False
362920,5711,9146,187.33,2018-09-12,False
370072,8612,9304,122.63,2020-05-21,False
1171049,7748,9873,135.0,2014-09-22,False
546616,5522,9443,475.35,2019-11-01,False
1035614,7424,9652,435.85,2017-03-05,False
5868,6171,1870,16.85,2017-12-28,False
1051873,9687,5736,159.92,2021-05-24,False
969715,8532,9663,469.27,2021-07-14,False
1050075,8113,4203,13.06,2015-02-22,False
631315,5461,6164,491.75,2019-05-04,False
140900,9559,6770,589.96,2017-09-28,False
1028475,1512,2336,421.98,2024-08-21,False
87646,6045,7739,17.65,2018-09-29,False
1181237,2753,3421,109.95,2024-07-31,False
1273815,2549,6595,457.07,2024-08-28,False
462580,6079,8512,14.73,2017-09-10,False
737230,4588,9623,528.36,2013-09-22,False
594684,9674,9997,134.86,2012-09-16,False
325071,9096,9907,7.99,2023-10-12,False
19369,9745,1275,184.44,2024-07-26,False
790103,518,8641,422.48,2024-10-18,False
1016845,5712,9925,195.75,2016-01-08,False
389100,7781,2353,166.97,2017-11-21,False
713530,2549,6595,457.07,2024-08-28,False
263703,9797,9912,141.02,2016-02-14,False
663291,6796,3166,181.52,2023-12-22,False
656552,4425,341,412.63,2022-12-05,False
313759,4045,9586,21.15,2014-05-10,False
861210,4039,7975,15.52,2018-04-29,False
1319851,3480,6451,562.3,2024-03-19,False
47630,5530,5592,573.0,2023-08-09,False
718360,9722,9913,148.63,2015-11-13,False
1131350,8136,8775,13.8,2013-04-07,False
67168,9527,9389,572.75,2013-07-30,False
1318599,418,2424,407.19,2024-10-11,False
883662,4606,9620,114.55,2013-08-27,False
1060978,8023,9959,11.91,2012-06-30,False
202719,3430,4372,598.4,2024-07-03,False
342056,9690,4736,163.19,2016-09-16,False
324893,7082,2694,14.28,2019-10-13,False
507330,8468,9872,576.09,2017-06-09,False
1007572,696,7541,123.4,2024-10-10,False
191651,7697,9862,144.75,2017-06-23,False
800077,6139,7102,15.81,2023-04-06,False
1067550,7634,560,169.38,2022-10-13,False
1011408,9412,5680,471.88,2012-05-20,False
162434,4044,7830,24.33,2015-11-01,False
1008772,9793,3037,177.08,2020-09-16,False
866874,3119,9989,23.23,2024-09-24,False
1042507,9192,6861,5.67,2020-06-16,False
142205,2026,3140,32.98,2024-09-17,False
1176299,9725,9870,135.53,2020-08-09,False
1115514,3507,8662,557.08,2016-03-31,False
402748,9489,8596,465.19,2024-04-08,False
1273756,9056,9746,5.41,2015-06-03,False
774784,4534,9499,597.84,2024-03-14,False
871208,9186,4112,6.41,2013-11-04,False
1025712,3772,7511,171.61,2014-08-29,False
99673,7673,9334,138.14,2019-04-19,False
785937,1792,9745,170.63,2024-10-16,False
894170,7163,9454,9.42,2016-05-14,False
407252,640,7065,166.83,2024-10-10,False
220691,2602,9556,160.08,2024-09-16,False
247097,6151,9287,15.07,2021-06-28,False
200617,8641,7835,112.47,2021-09-10,False
1066874,3136,8084,28.53,2023-04-09,False
1111959,8792,9399,197.63,2023-01-17,False
1110062,7654,197,127.73,2014-07-04,False
1153201,3962,5241,291.95,2020-05-18,False
266995,2061,7321,17.34,2024-10-06,False
697101,5516,993,477.82,2020-05-22,False
489285,2602,9556,160.08,2024-09-16,False
1134975,9441,8112,403.39,2022-05-20,False
801557,8597,6681,490.86,2016-02-16,False
1084784,94,9167,66.54,2024-08-13,False
93257,482,6223,485.19,2024-10-11,False
260733,5129,9944,12.23,2019-02-04,False
1091660,8586,9881,457.32,2013-05-26,False
148445,4076,3469,13.84,2016-09-09,False
65936,8047,3915,13.98,2012-02-14,False
1177828,9644,5310,189.14,2020-04-12,False
636003,8778,7089,179.8,2013-01-23,False
172144,4418,9337,450.23,2014-11-03,False
1217750,7502,7120,443.57,2022-03-04,False
251687,3128,3054,23.76,2024-07-15,False
269849,3463,2458,402.73,2024-08-04,False
1258830,7624,9127,141.91,2020-12-29,False
956120,9190,826,6.38,2013-06-06,False
1306485,3179,1331,21.34,2022-08-18,False
707638,6602,9315,131.77,2015-01-28,False
193287,9617,1265,131.91,2019-09-17,False
663865,9194,9962,7.41,2021-09-01,False
358816,1092,5145,31.31,2024-10-16,False
739547,4770,9513,120.34,2017-12-30,False
401887,8747,4963,173.53,2013-04-03,False
751213,3092,6088,18.44,2017-12-21,False
630667,7556,8244,582.04,2021-11-05,False
1074547,5655,6322,183.39,2020-04-14,False
593061,2508,7186,515.65,2024-09-14,False
716101,6142,9986,17.85,2017-04-09,False
136015,554,9783,488.95,2024-10-16,False
670926,2480,7594,452.01,2024-09-26,False
694239,6657,3606,181.97,2021-01-09,False
236253,6678,1020,102.29,2014-04-12,False
901235,2534,4551,597.65,2024-09-19,False
174290,9402,9201,461.73,2020-01-23,False
1316182,5462,9410,590.46,2022-04-04,False
27834,9686,9005,128.75,2013-12-05,False
953478,7450,8875,415.14,2024-03-08,False
851708,4060,8925,23.41,2015-12-28,False
568447,7952,9895,311.8,2018-07-23,False
1022837,3467,9755,519.54,2024-02-14,False
35006,1093,6623,26.94,2024-10-24,False
1084576,5487,1248,507.86,2020-05-25,False
776368,1099,9706,38.56,2024-10-16,False
1223564,5270,9613,21474836.0,2016-09-26,False
996907,5167,8694,17.18,2018-06-29,False
1260104,9674,4769,134.86,2012-10-22,False
1248403,8118,9147,12.92,2015-09-11,False
531057,4762,9139,140.91,2015-05-28,False
800896,1515,9873,502.7,2024-10-18,False
577210,8608,9645,147.5,2015-10-31,False
1012306,9785,8604,150.92,2014-05-07,False
1075878,9005,7424,9.1,2021-09-14,False
1070926,2411,8788,503.58,2024-08-25,False
921667,9679,8884,155.69,2013-01-09,False
1235671,9696,9973,118.33,2021-06-18,False
525526,7722,9477,177.22,2014-08-02,False
708090,9873,9268,348.26,2018-07-22,False
1042409,2715,9997,138.1,2024-08-26,False
260491,6628,5404,110.62,2021-03-30,False
2761,8760,4561,124.87,2013-01-05,False
397194,9006,7794,7.91,2013-07-21,False
451477,8410,8116,562.51,2019-07-21,False
112669,2611,7026,145.22,2023-06-21,False
1283319,3722,5940,131.21,2022-05-31,False
410566,7711,3492,115.8,2018-07-26,False
656383,9704,1317,183.69,2017-12-11,False
351989,546,2964,414.64,2024-10-10,False
988923,4015,8103,14.16,2018-09-08,False
483173,955,1344,280.76,2024-10-08,False
706682,275,9934,164273.1,2024-10-16,False
1301070,1473,8861,499.13,2024-10-22,False
936024,4525,9375,534.11,2015-10-03,False
565965,1058,8149,28.99,2024-09-25,False
1307293,1580,9649,501.6,2024-08-28,False
663195,2197,6923,19.55,2024-10-02,False
832545,9792,490,103.69,2021-12-06,False
1045984,7465,7165,553.0,2016-11-17,False
1295622,563,1423,458.66,2024-10-22,False
684694,9013,4463,9.19,2021-01-07,False
1290314,5138,8274,16.19,2021-01-09,False
237057,3149,5434,17.67,2024-08-13,False
545681,9018,9296,5.2,2017-05-20,False
1109519,9773,9816,179.07,2012-12-24,False
558331,8723,2385,182.17,2020-01-01,False
626145,4837,7893,234.02,2013-10-24,False
20430,1474,7682,589.38,2024-10-22,False
631699,9122,1316,5.51,2021-05-14,False
520629,5761,9996,157.07,2020-10-10,False
485172,638,6783,159.11,2024-10-09,False
115483,5130,6916,18.28,2024-04-14,False
231516,5105,9875,22.04,2024-04-26,False
1271777,9619,9082,166.1,2020-12-21,False
719040,8194,3639,10.88,2024-01-01,False
5709,9712,9766,186.19,2014-04-08,False
779487,1543,9883,423.29,2024-10-21,False
530364,8781,9322,181.19,2019-05-10,False
793174,4795,9746,173.33,2020-06-07,False
138968,2444,7582,438.32,2024-09-29,False
1242730,8195,9525,10.64,2019-02-22,False
254703,2538,286,527.14,2024-09-18,False
77153,6612,9994,182.55,2017-07-24,False
788431,8181,5055,8.31,2013-03-06,False
1084184,407,3925,571.97,2024-09-30,False
637965,5796,1579,100.44,2018-09-13,False
585474,8655,380,113.47,2024-01-14,False
1205588,8163,9156,9.79,2016-08-26,False
473762,474,6960,418.7,2024-10-16,False
603343,7749,6486,108.44,2023-08-16,False
954320,2531,1107,542.15,2024-09-20,False
293989,4697,9886,153.38,2013-10-08,False
614737,9568,22,465.02,2016-02-26,False
501540,7660,3436,119.33,2018-12-08,False
93365,7119,9201,15.12,2020-03-06,False
1250328,9704,3772,183.69,2014-04-01,False
408968,8702,4870,123.54,2023-12-19,False
547617,9706,9822,195.6,2013-04-12,False
408237,9537,8079,552.29,2019-02-11,False
473626,7682,9942,135.21,2014-03-25,False
1001615,1603,9636,144.61,2024-09-23,False
1255911,3717,8975,109.18,2013-07-09,False
418730,5745,9135,165.03,2018-01-27,False
294922,3777,8423,199.58,2021-02-25,False
995331,4752,7212,135.77,2012-11-23,False
1006329,9690,5748,163.19,2016-02-19,False
936316,9733,9358,165.66,2013-11-18,False
750334,8409,9487,424.2,2019-12-18,False
653015,4065,7648,15.65,2013-05-30,False
634661,7542,3170,554.0,2014-06-30,False
773716,1545,9751,586.98,2024-10-02,False
247144,8590,6153,552.16,2016-04-25,False
1210541,4615,8913,144.91,2012-08-30,False
234302,7679,9970,116.3,2020-01-16,False
666538,1643,9437,189.88,2024-10-17,False
1123523,7659,8032,142.58,2020-11-21,False
378820,1327,4522,31672.16,2024-10-18,False
1300343,8450,9994,543.11,2021-09-21,False
655197,4110,6213,15.14,2022-04-10,False
1018355,7481,3303,596.61,2020-03-12,False
566156,5497,8398,577.21,2013-08-21,False
920105,7095,9453,13.87,2012-08-10,False
17808,8593,9586,467.58,2016-11-27,False
168714,8500,9014,579.21,2017-11-16,False
246407,160,9959,49.05,2024-10-19,False
1110924,9541,9982,446.52,2017-08-11,False
444262,9430,6374,509.82,2024-03-21,False
597333,3782,9991,166.77,2013-08-29,False
920476,9641,6890,127.3,2022-01-21,False
1131974,1583,8596,582.21,2024-10-16,False
204457,282,6796,8412.63,2024-10-10,False
673230,6552,9146,576.66,2012-04-12,False
812490,8108,3268,6.92,2023-08-29,False
975848,7755,6034,149.3,2015-01-25,False
1142733,9793,2480,177.08,2013-12-07,False
1186981,4421,8542,501.52,2024-05-07,False
989772,6019,9983,10.82,2021-09-26,False
999616,5646,9862,185.99,2018-10-13,False
1275256,5569,7818,472.66,2022-10-18,False
1095518,708,5670,135.3,2024-10-07,False
9901,7721,9044,133.82,2013-11-30,False
497377,6654,3262,103.94,2016-05-27,False
11246,9052,6742,5.85,2013-07-06,False
225217,6412,6592,569.65,2012-08-01,False
158812,3729,4008,192.58,2023-12-02,False
314652,3892,9972,286.7,2017-04-07,False
354262,9968,9986,213.41,2013-11-02,False
727075,1631,2663,196.11,2024-10-25,False
1310247,6389,8906,21474836.0,2021-01-01,False
1301833,8464,8154,505.08,2024-03-17,False
80673,9016,6670,7.86,2013-10-11,False
1288197,3180,8833,21.7,2024-08-27,False
175379,5053,9946,19.34,2019-07-28,False
759636,7766,9157,140.41,2017-10-29,False
122207,7642,5965,156.82,2014-08-03,False
825638,9162,9429,5.25,2017-03-10,False
552772,5744,5198,175.42,2021-06-27,False
907264,2019,6099,22.19,2024-09-16,False
478876,7093,2961,11.33,2017-12-30,False
760801,8091,4577,7.81,2021-10-21,False
572146,3761,2193,173.78,2017-02-19,False
273840,6797,5750,166.05,2024-09-03,False
1116492,6019,7192,10.82,2015-11-30,False
860537,5106,9919,17.53,2014-12-19,False
944951,7773,3922,127.05,2022-03-13,False
179154,8465,9565,578.89,2014-01-08,False
335618,6677,2049,151.33,2019-10-03,False
352500,1080,9934,27.78,2024-10-18,False
767268,9997,9863,260.85,2023-03-01,False
1322824,7155,5303,11.05,2017-08-20,False
104990,9795,9866,146.25,2018-12-16,False
497790,770,9699,142.69,2024-10-17,False
729425,9739,8516,165.66,2015-01-11,False
665578,469,9961,580.21,2024-10-24,False
447866,4653,2445,118.63,2015-09-03,False
824297,7416,6939,539.4,2024-05-16,False
1214017,8192,9337,10.58,2022-08-10,False
131165,6741,6854,190.61,2022-03-21,False
871134,8473,9950,533.11,2013-01-30,False
331848,4419,8981,470.41,2012-04-25,False
1133396,5973,6287,308.66,2015-11-15,False
1267417,4738,91,179.19,2019-11-22,False
1270095,2114,8102,22.05,2024-09-27,False
962239,5747,9955,109.34,2019-02-09,False
928044,5021,8328,14.33,2018-06-18,False
1025551,8904,8762,227.17,2018-11-28,False
741179,9445,9883,447.75,2020-08-03,False
27938,7501,6196,531.72,2022-10-04,False
1087564,6173,4565,15.26,2013-12-18,False
339336,9768,5307,161.94,2023-07-13,False
684593,6609,9352,109.98,2017-06-09,False
67478,4554,496,518.01,2021-11-14,False
1224822,5672,5923,129.3,2016-04-02,False
926925,8112,4665,10.57,2024-01-29,False
164549,9779,9904,168.61,2021-06-23,False
397087,7757,9953,113.33,2022-03-18,False
61489,1583,8596,582.21,2024-10-16,False
112737,2402,6137,528.01,2024-10-04,False
26225,2659,6416,185.28,2016-11-16,False
712006,1303,8964,61828.6,2024-10-24,False
690008,3161,4109,23.16,2016-02-01,False
790465,9410,9521,596.47,2021-01-07,False
1090515,1058,4093,28.99,2024-09-25,False
1150474,3747,3805,162.57,2020-11-05,False
914202,3170,9585,21.83,2024-09-13,False
1267078,4025,3787,24.43,2013-10-17,False
581580,63,4161,53.44,2024-10-24,False
584998,4491,8365,513.59,2016-05-13,False
1239020,6072,6050,15.69,2014-01-06,False
409544,4009,6667,20.29,2015-09-27,False
194110,8621,7811,141.85,2012-11-16,False
890231,1493,6609,500.04,2024-10-01,False
475810,9761,9959,111.16,2015-04-29,False
290744,5076,4815,21.97,2014-09-12,False
642050,2015,7960,27.45,2024-09-16,False
627461,6559,2768,468.88,2022-07-16,False
1002032,1090,9851,30.43,2024-10-17,False
1181372,2087,3138,17.57,2024-10-08,False
1162913,8773,9752,190.52,2021-12-03,False
335209,6639,9209,183.0,2022-11-17,False
730045,2728,7594,196.86,2024-08-17,False
562338,9175,8112,5.87,2012-08-04,False
213098,5621,9340,163.99,2013-10-14,False
166298,7198,2235,10.34,2012-04-29,False
1281967,6711,3078,194.67,2017-11-20,False
1045839,4654,8787,104.91,2022-11-23,False
435139,583,4282,400.36,2024-10-21,False
138165,7153,9738,15.09,2019-03-20,False
444136,9025,6808,5.88,2013-04-10,False
137655,9756,6478,137.42,2016-02-16,False
189629,3539,2635,572.28,2022-10-24,False
253643,7030,8929,11.51,2013-09-22,False
1034178,6173,7263,15.26,2023-05-19,False
843512,4402,3913,551.0,2023-01-01,False
86164,5080,5863,19.54,2016-07-30,False
648320,7582,9179,448.91,2023-03-24,False
971575,5132,798,20.47,2012-03-25,False
266015,7709,4741,159.27,2016-10-26,False
398577,6058,7165,13.32,2019-07-25,False
312507,9430,6374,509.82,2018-03-13,False
261550,9606,8770,174.96,2022-02-25,False
594427,9700,4374,167.86,2014-06-23,False
56433,9912,8894,292.52,2012-11-20,False
963961,9623,8808,154.91,2023-08-12,False
683999,4641,4078,129.88,2016-09-14,False
357665,9705,3083,147.16,2018-03-21,False
1265754,3537,1447,522.61,2023-11-10,False
559339,3621,5870,140.42,2013-07-03,False
1000409,9720,3981,114.62,2016-12-17,False
1247310,6015,7976,18.93,2018-03-04,False
369920,764,5073,109.87,2024-10-18,False
1264375,7665,2642,122.48,2023-09-10,False
1219118,5142,8345,15.87,2015-10-16,False
821836,9904,8850,353.32,2018-01-14,False
784062,9068,9655,6.65,2021-02-25,False
640069,1729,2282,131.94,2024-10-06,False
731418,6566,9993,470.2,2024-06-19,False
1295519,1610,1028,159.94,2024-08-13,False
940560,5703,1989,127.5,2013-06-10,False
88624,1639,3053,159.44,2024-10-19,False
1085726,6425,573,444.57,2018-07-19,False
1241203,577,5691,587.41,2024-10-15,False
1187616,9758,9007,183.74,2020-10-26,False
1275267,1156,9090,30.34,2024-10-13,False
115428,9060,4643,5.34,2013-01-16,False
202183,6132,9927,15.59,2019-09-25,False
254002,9083,9800,9.78,2014-02-23,False
641583,9618,9810,173.36,2022-04-27,False
1279749,6082,9844,10.22,2021-07-15,False
15332,8799,3461,102.97,2020-04-14,False
1047778,9605,2737,158.11,2019-10-24,False
823065,3487,1668,440.0,2024-05-09,False
770887,6556,6593,532.25,2017-05-19,False
9285,6400,6373,574.69,2018-10-03,False
1262264,6632,9240,176.22,2021-10-26,False
1132977,9562,4572,480.57,2018-09-12,False
181630,5566,7330,586.27,2018-11-03,False
22092,6606,8640,116.87,2022-01-25,False
2574,6633,2105,174.11,2023-11-07,False
1778,4134,1888,19.02,2020-04-29,False
98196,8685,5099,148.38,2012-04-03,False
102283,9792,1766,103.69,2019-01-13,False
186373,7066,7213,15.43,2016-11-29,False
135858,4,6083,151.13,2024-10-14,False
918737,6777,7357,170.13,2017-05-07,False
886943,9765,9628,122.3,2012-12-05,False
581964,9107,3744,9.05,2024-09-12,False
343008,9440,3181,483.64,2022-04-06,False
468351,2495,7494,520.21,2024-10-03,False
963368,5434,7211,445.29,2018-04-16,False
576570,4073,5135,19.94,2013-09-19,False
83022,9785,9127,150.92,2014-05-21,False
750399,6601,7484,159.11,2022-11-26,False
1214780,3583,9157,458.89,2023-12-05,False
525970,7662,9107,124.02,2020-12-18,False
238819,8196,8601,10.52,2021-08-14,False
645507,2466,3219,587.38,2024-10-02,False
1086968,7674,7253,171.08,2015-08-15,False
298795,9057,7778,5.11,2012-11-10,False
1086715,4101,9934,18.95,2016-12-04,False
1064134,9669,7095,140.47,2017-07-25,False
978193,6751,7483,167.88,2023-12-26,False
629355,6976,9921,376.85,2016-12-01,False
324536,1596,8321,496.1,2024-08-19,False
584241,2498,9782,527.36,2024-09-27,False
232230,3493,9564,551.46,2021-03-14,False
1257591,82,1971,51.35,2024-10-15,False
219582,9113,2682,5.61,2020-06-08,False
747491,9745,8511,184.44,2013-10-07,False
813150,5408,2238,468.41,2017-11-27,False
982527,473,8633,443.2,2024-10-23,False
675638,9711,9515,187.85,2023-02-19,False
88388,9015,9271,5.93,2020-10-23,False
808201,9173,8114,6.04,2019-04-21,False
517379,9184,8497,5.87,2018-01-05,False
927548,7112,6919,14.2,2023-09-09,False
648573,2021,9974,32.1,2024-10-17,False
990717,4483,4815,443.0,2012-06-06,False
1056571,2691,3484,199.19,2024-09-13,False
429272,8600,9803,123.47,2017-02-06,False
436768,8716,8942,158.47,2013-08-17,False
1137440,603,9199,125.66,2024-10-11,False
1141115,1014,8712,35.93,2024-10-08,False
1109562,3082,5959,19.69,2024-06-28,False
84779,3122,9473,27.03,2024-08-15,False
1247141,7724,9212,128.6,2020-04-14,False
736244,9660,7487,179.33,2020-11-09,False
1207628,8560,8266,563.25,2012-07-01,False
524050,5102,3733,20.4,2014-06-20,False
596774,9083,8027,9.78,2014-11-20,False
722187,2695,9748,194.1,2024-09-18,False
412863,6704,8762,174.49,2016-02-16,False
1164463,9696,9311,118.33,2021-09-22,False
1242134,9753,8551,164.69,2014-06-18,False
285427,8047,9999,13.98,2019-02-23,False
68355,5583,9025,502.89,2019-11-22,False
663675,9196,9734,7.32,2020-01-05,False
439025,452,3891,559.86,2024-10-07,False
1279827,3596,5621,492.72,2022-03-20,False
706159,8013,9850,11.26,2014-04-08,False
587096,4089,3056,19.9,2012-12-13,False
223507,6587,960,494.64,2014-08-23,False
978013,8009,4071,13.16,2022-07-09,False
1263767,8047,5777,13.98,2023-05-01,False
876830,8739,2616,150.52,2016-10-20,False
99538,4513,7907,469.73,2014-06-27,False
398286,4049,7161,23.84,2017-05-05,False
585832,9053,3977,8.68,2017-10-30,False
473201,7657,2047,158.69,2013-08-01,False
450926,2594,9167,504.98,2024-09-09,False
199027,9161,5681,8.72,2019-03-03,False
95146,8623,7704,174.16,2022-06-12,False
1239493,5794,7313,121.37,2023-06-01,False
819364,3574,7330,484.44,2016-01-20,False
28751,8011,8511,13.72,2016-07-03,False
27629,449,7461,557.71,2024-10-16,False
354168,7743,9787,127.09,2015-08-07,False
1206546,8706,6799,181.8,2016-05-20,False
683470,7403,8420,441.83,2016-10-01,False
1190592,5025,1070,13.71,2023-05-20,False
375225,598,9562,456.01,2024-10-10,False
1032562,4180,8444,18.48,2021-03-01,False
443530,8483,9026,517.57,2014-04-18,False
273091,5797,8872,121.59,2017-04-08,False
7474,9876,7367,353.05,2021-06-05,False
996339,8111,9397,14.19,2013-08-06,False
64788,9674,9005,134.86,2021-08-24,False
1097154,9459,6274,529.4,2018-03-28,False
428413,9643,6795,190.14,2023-03-15,False
1003276,8634,9321,109.3,2020-10-29,False
995402,3090,1282,16.71,2024-08-20,False
1241042,2187,3174,19.41,2024-10-14,False
641723,7332,8395,1110410.5,2015-01-29,False
1119292,9638,9718,179.27,2017-07-01,False
927986,9043,5794,8.65,2017-11-12,False
1307004,6778,9959,178.64,2018-09-21,False
578547,9037,2074,9.21,2014-03-31,False
240577,7086,7990,12.89,2015-05-06,False
54494,4364,7782,2402.65,2022-05-18,False
312807,9770,8300,188.38,2019-01-23,False
334709,2175,9121,20.6,2024-09-19,False
32623,1594,3937,446.7,2024-08-21,False
714979,4512,1788,560.55,2021-06-16,False
638565,4302,9966,250176.75,2016-12-06,False
885944,22,6769,94.94,2024-10-15,False
462013,471,9998,533.29,2024-10-24,False
719736,1087,8028,26.56,2024-10-23,False
485413,99,5542,49.54,2024-08-13,False
474556,4791,7412,100.95,2022-10-17,False
84152,9718,9414,122.94,2015-08-17,False
1084611,6160,9656,18.26,2023-12-31,False
486135,2739,7896,164.63,2024-08-13,False
946320,5662,9322,188.13,2023-06-30,False
935417,8765,9881,128.82,2016-05-12,False
97515,3575,7134,510.57,2015-12-08,False
280041,9450,8255,584.8,2019-04-04,False
1064484,9791,9959,112.93,2022-10-31,False
336368,6187,7222,18.27,2016-03-17,False
1015736,2472,6650,585.34,2024-10-05,False
1257743,6535,1489,472.48,2014-06-12,False
339782,9002,7436,6.17,2019-12-14,False
141480,3617,4164,196.27,2017-12-21,False
101872,3426,9111,498.51,2024-09-11,False
1208907,9009,8952,8.35,2021-06-30,False
998242,3762,8749,182.11,2016-01-23,False
442256,6206,9421,49140.77,2012-10-19,False
720249,7697,9824,144.75,2024-09-10,False
51677,9440,3181,483.64,2023-02-20,False
210458,523,7044,472.45,2024-10-24,False
539029,8090,9999,9.53,2016-09-08,False
599361,4427,9642,532.26,2023-04-12,False
178292,1709,8397,186.36,2024-09-26,False
1043691,543,8993,426.45,2024-10-12,False
586810,8704,9948,147.58,2024-07-02,False
88725,6712,9952,152.17,2022-06-11,False
1188590,9077,3361,7.99,2024-07-06,False
176697,9750,7015,140.86,2016-07-03,False
693231,4190,9984,18.62,2024-03-23,False
1136954,7080,6247,17.35,2020-09-13,False
645533,8029,7593,11.21,2020-06-22,False
585996,2417,2876,567.19,2024-08-29,False
1074110,2482,9433,540.53,2024-08-21,False
782305,816,9598,325.7,2024-10-05,False
562899,1361,7866,342462.47,2024-10-14,False
69918,5413,8100,421.07,2012-09-28,False
726211,7408,9243,500.75,2013-11-29,False
145618,6085,9731,10.39,2012-02-13,False
625146,9760,5926,101.22,2023-04-17,False
18189,1566,4284,535.44,2024-10-15,False
1251159,6557,8399,473.98,2019-08-31,False
120889,7497,6144,441.01,2012-04-02,False
428853,9796,9737,168.05,2016-05-25,False
1045864,9071,2207,6.93,2024-04-13,False
1062418,4655,8779,194.08,2019-09-15,False
100388,8697,9942,128.46,2017-09-29,False
951486,1734,9602,196.21,2024-10-10,False
1293918,1,884,175.8,2024-07-02,False
35523,4794,6394,141.07,2013-03-21,False
1222759,1483,9554,446.32,2024-08-07,False
662025,8463,9994,563.13,2018-04-20,False
182387,9626,9999,115.29,2018-02-17,False
785985,7104,711,11.49,2021-01-06,False
185531,9000,1068,6.27,2016-07-14,False
165339,1030,8936,35.0,2024-10-08,False
768803,8562,9377,594.53,2015-08-02,False
18565,1579,9267,440.32,2024-10-07,False
999965,5783,8225,162.8,2019-12-18,False
82404,4087,8203,17.77,2019-10-21,False
294304,1584,8332,424.91,2024-09-13,False
102378,3672,3748,198.82,2023-02-18,False
1152615,2799,7149,108.12,2024-09-19,False
131870,2329,5045,31665.63,2024-09-12,False
601197,8782,6893,145.96,2024-08-22,False
1206017,9751,9195,128.78,2022-09-14,False
573528,7058,7327,17.94,2023-07-02,False
442685,9717,7128,183.36,2020-07-30,False
1162960,4697,4183,153.38,2020-07-29,False
598933,9448,8299,426.42,2016-03-14,False
336976,5493,2830,516.82,2016-09-12,False
1318622,1584,8332,424.91,2024-09-13,False
880688,5021,8796,14.33,2021-09-14,False
389169,5050,9975,14.98,2014-07-30,False
146575,5692,2841,185.58,2021-06-18,False
857794,5468,9908,444.17,2012-07-26,False
1266609,6147,9985,14.92,2013-05-20,False
802457,9733,7197,165.66,2023-04-21,False
268318,6460,8321,471.94,2019-10-23,False
955009,1451,3849,562.36,2024-10-15,False
444070,4565,9774,596.22,2015-04-13,False
516011,8109,9719,9.45,2015-03-22,False
254465,9653,5044,111.58,2023-11-04,False
1138550,9065,2834,5.26,2015-04-11,False
1115359,9652,1959,111.47,2023-12-25,False
58271,3283,389,4663.8,2024-09-25,False
632133,709,5525,145.83,2024-10-03,False
1084548,6013,9963,14.43,2014-03-20,False
990639,6796,9387,181.52,2019-11-19,False
637462,6151,9769,15.07,2014-07-23,False
755782,4599,3715,519.39,2014-11-26,False
1257216,5659,9974,121.48,2020-04-08,False
276724,8785,9121,141.08,2013-01-05,False
518439,2096,8631,26.27,2024-10-02,False
397344,9650,9610,186.11,2019-10-23,False
451379,7089,9738,12.9,2016-07-16,False
373403,6709,9756,130.38,2014-09-08,False
905687,5578,9892,500.26,2021-06-22,False
965644,9635,2062,195.19,2021-01-10,False
859482,728,4303,197.07,2024-10-11,False
1307765,4052,4518,16.15,2020-07-02,False
513305,1587,2525,490.98,2024-09-24,False
1177907,4490,3613,551.28,2018-05-23,False
564000,8516,9872,471.69,2018-01-14,False
82714,4102,9152,21.95,2023-06-01,False
990977,8725,5817,185.8,2023-04-04,False
364674,145,9900,45.28,2024-10-17,False
898636,9795,5815,146.25,2015-08-05,False
415381,9702,8754,193.36,2021-05-04,False
809995,7574,6340,455.19,2016-07-27,False
393366,1531,2812,515.08,2024-10-24,False
126569,505,6860,414.1,2024-10-12,False
558740,9960,3363,369.89,2023-03-22,False
890877,5753,9150,152.5,2012-05-18,False
877963,9612,4781,178.16,2021-09-25,False
746486,9642,8615,159.52,2018-11-23,False
41370,587,4309,459.7,2024-10-11,False
453924,7080,5413,17.35,2018-12-04,False
808182,2516,7593,478.1,2024-09-25,False
509584,9773,9964,179.07,2021-08-08,False
1314812,7106,8161,11.45,2020-05-03,False
361739,9130,9911,6.08,2022-11-10,False
818124,3403,2888,585.32,2024-02-22,False
1282923,9682,4175,102.02,2012-07-06,False
773830,7605,3216,126.51,2015-01-06,False
259868,5426,9179,576.23,2014-01-05,False
880241,9785,6387,150.92,2017-09-06,False
335454,6130,8285,13.06,2017-05-24,False
945843,4786,8464,159.83,2024-05-29,False
1155244,9723,9431,134.22,2023-08-22,False
1067881,4519,2765,531.78,2017-10-26,False
907894,9717,4359,183.36,2016-11-18,False
873460,2131,8529,27.4,2024-09-27,False
385984,3495,6142,460.95,2015-02-24,False
705667,3783,3784,193.69,2022-10-28,False
417032,9642,334,159.52,2016-11-12,False
1202478,9699,7177,180.38,2014-04-28,False
1241971,3153,4076,22.71,2024-06-04,False
1213276,7160,8640,12.16,2016-02-21,False
203845,4435,8808,525.48,2012-12-05,False
1173372,4550,9750,458.35,2024-10-02,False
1172666,6129,9812,14.95,2012-11-01,False
197403,3527,6120,527.53,2019-06-12,False
1128716,1764,7073,158.61,2024-10-09,False
767692,6684,9985,168.92,2020-08-27,False
1294629,6551,9465,587.47,2021-09-15,False
798747,131,9054,64.56,2024-10-18,False
1291329,9738,4571,139.5,2013-02-01,False
39261,6722,816,124.05,2016-05-20,False
697272,3345,8850,493496.53,2013-10-31,False
300551,9633,1601,170.36,2024-07-26,False
677040,8071,3389,8.8,2022-07-15,False
530008,7709,3803,159.27,2016-02-20,False
710449,2187,5253,19.41,2024-10-14,False
679565,8686,9810,122.06,2015-09-15,False
519926,9641,5624,127.3,2021-03-26,False
720421,2444,7582,438.32,2024-09-29,False
943279,9695,8887,144.41,2012-03-04,False
95901,6032,9706,14.51,2024-09-06,False
960654,199,8235,26.17,2024-10-14,False
7151,1657,970,168.44,2024-10-24,False
825376,6176,2764,19.09,2022-07-29,False
985053,8461,9872,543.02,2016-03-03,False
165248,9672,9700,179.36,2016-07-27,False
1091691,5753,8145,152.5,2018-01-22,False
1197652,8128,7426,6.85,2014-02-20,False
397050,4136,8450,19.85,2022-10-19,False
1221180,9661,9404,183.52,2020-03-08,False
1125723,8687,3768,195.63,2024-03-05,False
581506,2143,9720,27.76,2024-10-14,False
652687,6655,6781,171.75,2024-06-21,False
765559,5310,8610,435500.9,2018-08-14,False
533731,6461,9344,420.42,2021-04-10,False
274473,6643,2985,122.22,2022-10-23,False
1203896,5400,9367,589.03,2019-11-13,False
744151,8538,7792,513.51,2013-04-30,False
1177484,9005,6544,9.1,2019-01-09,False
894319,8703,8863,125.29,2022-09-07,False
950367,9533,6571,427.75,2021-05-14,False
385279,9095,890,6.23,2021-06-30,False
1062201,5494,6098,587.95,2017-03-02,False
197274,2412,8881,442.41,2024-06-11,False
1157335,6072,6535,15.69,2012-10-16,False
1113017,8068,6592,9.79,2014-02-20,False
1235139,5549,9883,520.52,2015-06-06,False
960189,5634,8194,138.41,2016-09-10,False
573304,5588,7000,499.11,2024-01-19,False
675478,9695,3871,144.41,2019-07-10,False
577094,2768,9583,189.57,2024-09-22,False
61961,501,9872,469.57,2024-10-10,False
1051777,9002,4596,6.17,2020-11-19,False
936705,9457,9862,545.22,2023-01-01,False
133952,6027,9239,19.92,2017-08-03,False
220169,8578,9675,421.63,2012-10-20,False
1253632,439,8332,555.28,2024-10-05,False
1155814,7542,3170,554.0,2018-10-15,False
993268,6698,9184,131.83,2017-09-09,False
503451,1664,2692,133.8,2024-10-25,False
478163,9110,5507,7.35,2015-11-09,False
711184,6098,9979,14.36,2021-11-06,False
535604,643,5545,141.5,2024-10-10,False
1100670,8716,9737,158.47,2019-08-01,False
1278186,7115,4006,14.44,2014-09-24,False
1236473,9083,9286,9.78,2014-06-08,False
753626,1737,9961,111.88,2024-10-09,False
54074,967,9761,268.05,2024-10-28,False
860598,6167,9155,15.0,2013-06-11,False
799750,2587,1315,482.02,2024-09-17,False
774073,7531,9893,482.95,2023-03-07,False
658634,9606,7080,174.96,2017-08-31,False
1295404,6445,9972,593.96,2013-03-27,False
793020,1470,9883,567.71,2024-10-02,False
1089479,4085,1013,22.51,2015-01-12,False
1022300,4580,9953,516.88,2024-03-15,False
62611,1461,8451,498.07,2024-10-11,False
1092840,5653,9889,160.08,2015-05-11,False
1265544,8650,8018,180.63,2012-07-17,False
970822,1186,5955,38.03,2024-10-13,False
537803,3142,6052,15.21,2024-04-22,False
308967,7649,9333,179.14,2021-03-27,False
203833,7121,7816,12.48,2018-07-02,False
99237,9692,4072,143.27,2022-04-13,False
535998,7546,9982,597.29,2014-06-26,False
510020,5481,5673,411.52,2013-06-24,False
296055,6000,9750,11.36,2017-05-26,False
133749,7637,2850,199.55,2012-09-27,False
1096702,1411,7178,569.9,2024-09-27,False
1060000,8725,5817,185.8,2017-05-15,False
619158,9985,8535,337.29,2021-01-10,False
1076379,1580,9649,501.6,2024-08-28,False
551063,5154,6784,13.21,2017-01-06,False
44242,4139,4152,21.91,2024-02-15,False
787751,406,6572,413.11,2024-10-12,False
988315,8503,3181,453.32,2013-01-23,False
365826,8789,9275,182.41,2024-04-12,False
697535,9696,8643,118.33,2020-07-12,False
995141,9556,9960,522.47,2014-09-22,False
255193,6171,9895,16.85,2018-04-02,False
678314,9179,9861,7.65,2021-06-21,False
787673,5139,9565,17.4,2024-05-14,False
1191920,7620,6450,184.27,2013-05-06,False
143072,6442,7374,563.73,2014-05-11,False
1209120,3799,9939,133.1,2012-05-31,False
681311,5608,9294,118.68,2022-06-10,False
856417,9573,9840,573.66,2016-01-19,False
422371,9675,9014,192.17,2015-12-04,False
287431,2798,9996,146.97,2024-09-13,False
867241,2012,9603,17.56,2024-09-22,False
846589,4433,9465,419.94,2023-12-01,False
259896,7564,6001,566.58,2018-03-15,False
531179,7794,8768,113.2,2019-12-21,False
707930,9199,5692,7.81,2023-01-15,False
955673,1423,3317,583.25,2024-10-10,False
167239,3624,4046,122.73,2012-03-12,False
276013,6553,1888,578.11,2021-06-15,False
177329,4462,9315,502.69,2020-07-08,False
1128246,9058,8313,8.23,2020-10-07,False
754196,1190,8645,36.07,2024-10-09,False
159786,8520,6031,598.32,2019-02-22,False
29731,8773,8968,190.52,2016-07-03,False
678410,9118,9093,5.1,2020-06-28,False
28186,8568,7032,501.73,2019-05-26,False
1181909,9604,1580,102.51,2018-05-28,False
1031083,8716,7918,158.47,2024-07-25,False
1234248,9592,88,476.11,2012-05-24,False
129498,7195,7381,12.63,2018-06-27,False
185392,9666,7490,130.36,2022-12-13,False
932248,7096,3507,10.15,2019-03-22,False
274099,4166,7738,21.43,2016-09-04,False
433956,9727,8368,130.36,2017-10-23,False
591437,9715,1206,101.62,2021-04-20,False
20666,1733,9729,166.44,2024-10-13,False
649209,9196,9849,7.32,2022-05-22,False
822908,4329,3320,1574824.6,2024-08-24,False
750820,4553,4183,585.9,2020-12-20,False
1233533,7441,8520,589.03,2018-04-22,False
1040240,8603,8146,175.05,2014-06-20,False
879736,9567,9389,417.92,2016-11-30,False
758564,3182,5974,14.65,2024-07-25,False
1031916,8198,9479,11.23,2013-03-14,False
191199,9757,8238,173.78,2020-03-10,False
4317,1459,8398,511.66,2024-10-03,False
632856,4775,9239,143.78,2012-03-02,False
652396,5776,8350,197.52,2017-08-21,False
957822,1183,254,21.54,2024-10-13,False
487304,4409,6781,474.88,2017-09-22,False
906292,4739,9547,106.83,2013-09-02,False
330434,5009,7969,13.42,2017-05-10,False
913810,1815,9809,327.69,2024-10-23,False
873387,778,9685,193.44,2024-10-18,False
166950,9139,4634,8.53,2018-08-07,False
296584,8517,5272,490.95,2020-08-14,False
481357,475,8688,563.88,2024-10-13,False
30004,1159,8808,21.6,2024-10-23,False
983601,5414,5472,583.02,2021-08-10,False
1157469,9170,7320,8.03,2019-12-20,False
1083376,259,8724,10353414.0,2024-10-18,False
342436,4635,9750,184.69,2013-12-22,False
985069,6505,9883,559.17,2024-03-11,False
123910,4507,497,531.15,2024-03-03,False
1213103,9211,4896,10543303.0,2024-05-12,False
546973,9254,9095,297696.44,2023-11-16,False
874,462,8630,551.32,2024-10-16,False
18289,6179,5509,17.16,2020-06-25,False
140152,5423,6284,418.2,2018-12-19,False
532058,3086,8965,26.63,2016-09-19,False
982460,1726,7256,106.33,2024-10-09,False
502978,5154,8999,13.21,2022-08-22,False
844842,4157,9982,15.5,2020-04-01,False
163944,8541,9015,573.71,2013-05-16,False
652107,6679,7343,136.61,2012-08-23,False
1064770,1520,7442,535.13,2024-10-26,False
216027,6026,6658,16.48,2021-07-14,False
1315111,4074,9425,19.05,2021-03-10,False
1315099,8573,9015,477.1,2022-10-17,False
212898,3516,7871,504.95,2016-08-10,False
978945,8437,9210,552.66,2020-05-10,False
628904,1261,9864,201177.14,2024-08-19,False
270056,9794,6298,140.58,2015-06-21,False
237747,3791,8799,185.72,2022-06-07,False
888118,9629,9186,135.11,2024-06-15,False
544406,9026,9796,8.21,2013-05-02,False
465292,1776,9822,174.52,2024-10-17,False
112982,8662,6454,134.97,2020-02-15,False
1077203,7411,8024,442.01,2019-12-20,False
1185874,4168,9702,18.45,2014-06-02,False
167966,3541,1534,550.28,2015-10-03,False
974980,9025,7609,5.88,2012-12-23,False
959490,8069,6945,9.12,2020-03-13,False
1199453,5783,4195,162.8,2023-08-12,False
1115992,4136,9397,19.85,2021-06-14,False
950296,7555,9854,594.15,2014-06-26,False
1170284,1557,1745,561.47,2024-10-06,False
666110,8111,7123,14.19,2019-12-16,False
665997,6637,841,162.78,2022-01-15,False
1228261,9086,782,7.66,2016-11-25,False
80527,8136,7389,13.8,2016-05-31,False
564620,9846,8497,256.35,2021-05-10,False
935921,9720,9139,114.62,2014-11-25,False
1027165,4783,9958,120.7,2017-05-07,False
60912,9132,9965,8.23,2023-07-28,False
333144,8050,6572,13.07,2017-08-09,False
430698,9130,5134,6.08,2017-01-06,False
95113,7355,6012,1931.32,2019-07-13,False
696445,4033,7730,17.45,2021-12-28,False
13923,615,7923,130.55,2024-10-11,False
125620,7475,6928,542.28,2022-10-19,False
1311158,9402,9201,461.73,2023-10-18,False
58883,2651,5825,142.55,2024-08-09,False
128359,287,2279,380.47,2024-08-09,False
424717,6805,3604,343.88,2016-10-01,False
1222622,1121,9037,34.88,2024-10-02,False
1320679,8614,3232,177.89,2019-05-01,False
350499,1641,9408,163.35,2024-10-30,False
870264,6113,1448,19.95,2019-10-01,False
1178898,7528,5151,483.35,2024-09-13,False
808233,8702,8625,123.54,2013-04-07,False
145558,4715,836,135.14,2021-07-02,False
775922,9750,2981,140.86,2021-06-27,False
753898,779,9874,131.96,2024-10-14,False
347015,9153,9734,5.85,2023-03-24,False
1283700,9798,8956,144.36,2017-07-20,False
10920,9701,4744,163.08,2019-04-03,False
873796,2224,9941,479065.72,2024-10-06,False
511172,9708,4401,161.83,2012-03-21,False
996569,8053,7023,13.08,2019-10-18,False
1136977,5153,2004,18.47,2023-07-27,False
1273510,8836,9961,208.78,2018-04-28,False
390933,7144,8874,10.0,2012-03-30,False
1114639,5356,1504,15838244.0,2022-12-06,False
266527,6002,9970,17.77,2020-09-03,False
994493,3699,7640,124.23,2016-10-09,False
773072,7138,6410,13.85,2015-01-29,False
1086286,8075,6178,11.79,2014-01-30,False
245106,4442,9641,428.22,2016-02-06,False
779631,9356,9095,713736.9,2022-02-21,False
409995,6674,9602,184.63,2021-04-01,False
640522,1558,9576,487.16,2024-10-15,False
1130617,2573,4053,462.02,2024-09-02,False
379943,2721,7024,155.38,2024-08-20,False
594222,4792,8984,161.72,2017-04-20,False
945272,6458,1811,501.54,2017-10-11,False
923530,8530,9135,515.1,2018-12-29,False
1160324,462,8630,551.32,2024-10-16,False
1040331,5075,9762,16.32,2019-03-31,False
1037718,8700,9825,199.08,2013-09-13,False
11410,5620,8952,191.83,2021-08-21,False
1048944,3458,253,562.54,2024-01-26,False
563551,6469,5591,453.7,2023-04-20,False
154357,5034,8859,16.38,2016-06-13,False
1091713,5790,8882,172.08,2016-07-15,False
1240148,3549,5495,599.13,2015-05-25,False
495896,7664,5841,197.61,2016-11-27,False
356858,9998,6598,323.79,2023-03-29,False
734103,8163,4533,9.79,2017-09-30,False
372870,1101,2891,38.9,2024-10-13,False
693193,7410,1634,422.55,2016-11-06,False
364312,9691,9457,140.16,2015-11-26,False
1303061,2127,9940,24.66,2024-09-30,False
352644,8541,9015,573.71,2022-05-20,False
831226,1164,8008,30.24,2024-10-11,False
993325,8616,5551,161.41,2018-09-26,False
744953,9471,9344,485.16,2017-09-29,False
651657,1425,8862,417.35,2024-10-20,False
675269,2633,9916,116.56,2024-09-26,False
121630,7441,8520,589.03,2012-12-27,False
1309442,9750,9917,140.86,2019-06-12,False
1225153,488,3858,554.76,2024-09-24,False
935272,482,6223,485.19,2024-10-11,False
205995,9656,5365,179.97,2021-01-12,False
1141520,5040,6657,18.68,2013-06-10,False
789298,9630,5135,122.22,2021-08-04,False
165207,4193,8283,16.81,2020-11-09,False
653306,3116,3257,21.87,2024-08-16,False
734579,4782,9063,107.59,2012-12-09,False
689263,9675,7698,192.17,2020-08-22,False
447843,8025,4495,9.01,2013-07-13,False
1106568,1718,2442,150.67,2024-08-08,False
717423,2639,9834,156.07,2024-09-16,False
1007395,6742,3256,124.59,2019-08-19,False
800793,595,8883,552.02,2024-10-10,False
35692,9471,9344,485.16,2015-03-20,False
935088,9016,7656,7.86,2017-05-25,False
572434,25,7194,55.03,2024-10-22,False
925807,8630,7914,103.79,2017-10-08,False
310639,5628,2622,156.52,2012-06-04,False
810904,5453,9421,590.71,2019-05-14,False
1089213,7743,8039,127.09,2016-04-06,False
775923,9750,857,140.86,2023-06-14,False
347619,6178,8069,14.83,2014-11-13,False
199287,9186,9701,6.41,2015-12-12,False
1179717,3540,9851,554.85,2017-02-09,False
414000,9143,3623,7.43,2015-03-19,False
753542,9158,7355,5.56,2023-05-22,False
723144,1651,7683,119.63,2024-10-25,False
169897,4735,8650,128.22,2019-04-26,False
1309805,4477,8024,574.88,2013-01-16,False
1111982,9069,6456,6.64,2019-02-13,False
482650,3354,6506,238281.06,2024-01-16,False
545765,7558,5185,469.75,2023-07-04,False
348961,9664,7968,117.54,2024-02-19,False
1099208,5140,6059,19.79,2019-04-05,False
683480,8119,7349,8.87,2019-10-30,False
214072,6106,9301,19.22,2023-09-07,False
263876,7620,4583,184.27,2012-12-27,False
1078223,9490,9762,579.54,2023-05-12,False
673764,7006,526,15.4,2022-06-04,False
520578,8016,4737,9.11,2024-02-16,False
435073,3496,9289,428.77,2024-08-17,False
405693,9185,8193,7.27,2013-03-10,False
876923,9044,9320,5.04,2018-10-23,False
827844,1275,4493,1578352.9,2024-10-28,False
1141954,4095,7131,12.78,2012-10-08,False
673637,9793,632,177.08,2015-01-11,False
336462,8650,8018,180.63,2022-10-05,False
606292,615,7923,130.55,2024-10-11,False
1204400,9074,9207,8.69,2015-07-06,False
1255394,9788,2028,158.57,2021-01-22,False
524876,9679,9614,155.69,2013-08-26,False
559282,7666,2609,102.33,2021-11-29,False
353904,7230,9429,43023.04,2014-07-05,False
523540,5464,9982,464.19,2013-08-23,False
784393,6640,8700,151.57,2023-01-14,False
896955,2655,6867,160.25,2024-09-27,False
749572,6003,9901,13.12,2017-07-10,False
39870,5619,2443,178.03,2023-09-01,False
549709,2533,9851,531.15,2024-09-12,False
283523,6680,9195,118.01,2020-12-14,False
1038948,7452,6939,443.19,2019-04-11,False
1204636,9710,9967,133.83,2015-11-17,False
32222,7610,9203,156.08,2017-07-14,False
170177,3520,6375,545.77,2014-03-31,False
259083,5639,9992,169.91,2024-09-25,False
657880,2773,5433,179.78,2024-07-29,False
7669,1012,8453,22.2,2024-10-11,False
731995,3563,9453,405.36,2022-08-05,False
234109,8758,9144,117.31,2020-09-15,False
2652,4752,649,135.77,2020-12-26,False
1119731,8750,9903,185.47,2019-08-26,False
1004215,1076,9437,35.24,2024-10-07,False
994293,5918,6001,321.66,2018-10-04,False
105270,4480,3515,470.82,2012-10-04,False
651777,6785,9682,198.28,2016-02-29,False
910402,1101,9981,38.9,2024-10-13,False
98258,3404,9652,482.33,2024-04-06,False
1237870,5628,2622,156.52,2014-10-12,False
621586,6606,6381,116.87,2014-10-29,False
251574,6524,8794,526.55,2021-12-25,False
1222127,7645,494,192.8,2021-01-14,False
944054,639,7135,113.94,2024-10-12,False
681983,300,8386,281565.53,2024-10-25,False
1277448,6074,8656,15.39,2018-12-06,False
189338,8151,7678,7.0,2020-03-10,False
442332,585,5365,523.75,2024-10-12,False
1277945,9609,4495,177.6,2022-06-15,False
639550,4562,9499,413.98,2017-03-04,False
958889,4692,2339,189.74,2014-04-02,False
844653,2721,7024,155.38,2024-08-20,False
588089,8184,9037,12.63,2022-07-02,False
1060576,9504,4052,430.72,2013-07-04,False
853603,4601,9459,194.05,2015-12-05,False
752139,5194,5141,12.2,2014-04-02,False
333642,7168,731,8.9,2021-12-02,False
489223,9723,9818,134.22,2021-06-14,False
206628,7577,9257,507.17,2015-09-12,False
794383,8929,7154,204.86,2022-12-11,False
898799,1422,6274,512.98,2024-10-09,False
229063,4182,419,20.86,2015-07-02,False
778469,9604,9040,102.51,2016-10-02,False
1257433,4532,6077,494.55,2020-11-18,False
227655,762,9960,111.8,2024-10-19,False
488653,8735,9836,185.41,2013-06-07,False
1034754,9657,1002,197.13,2021-02-03,False
394629,7967,8332,287.95,2019-11-06,False
101141,8293,4011,11719.81,2020-05-06,False
407664,9056,9045,5.41,2024-09-19,False
25336,4058,9570,14.13,2012-05-25,False
537037,1125,9128,31.71,2024-10-28,False
798409,5696,4679,196.99,2021-11-10,False
864198,7862,4272,220.22,2019-06-27,False
187251,8171,7088,11.0,2020-05-20,False
756368,9122,9984,5.51,2020-07-10,False
926706,8582,5580,594.0,2020-08-01,False
1112186,9767,9956,127.0,2024-09-21,False
691504,5521,9551,539.9,2021-01-17,False
74573,3108,8793,15.62,2024-07-22,False
490421,489,9354,546.85,2024-10-16,False
998418,4743,5384,133.69,2023-09-07,False
370763,9732,3514,121.75,2019-07-09,False
277620,9690,4559,163.19,2013-05-18,False
575630,8675,2970,178.66,2020-04-05,False
1020120,6112,2896,13.18,2023-01-13,False
1010622,5119,8711,21.12,2018-09-10,False
1293008,8606,9712,156.53,2020-02-07,False
153450,6786,9696,198.91,2017-08-24,False
774467,1951,7495,302.86,2024-10-02,False
282630,9064,2517,6.8,2022-01-06,False
971598,3038,9981,19.57,2024-09-20,False
430812,8177,7373,13.79,2015-03-12,False
1087351,3062,7875,18.94,2016-08-10,False
1248882,5513,9908,577.65,2024-01-22,False
599387,1579,9267,440.32,2024-10-07,False
3382,9674,9806,134.86,2015-07-04,False
647440,7242,8993,619032.2,2015-07-08,False
654881,2981,9278,217.13,2024-09-07,False
560824,8578,9675,421.63,2013-01-11,False
1074963,9619,2643,166.1,2014-02-02,False
1283060,6139,7102,15.81,2023-10-06,False
412131,7446,1932,405.85,2018-01-27,False
350697,316,9946,22699.03,2024-10-08,False
24275,1228,3704,222.8,2024-10-24,False
125341,938,8058,247.22,2024-10-07,False
809284,2886,3548,399.14,2024-07-26,False
986124,5462,9410,590.46,2012-09-16,False
273144,8503,3181,453.32,2022-03-28,False
1260371,8781,3991,181.19,2013-10-15,False
693087,4192,9939,20.1,2022-03-13,False
667076,9028,6717,7.58,2020-03-23,False
392129,5566,7330,586.27,2014-04-05,False
1248697,9087,9105,8.67,2018-05-13,False
1082578,8169,5930,10.41,2024-02-17,False
228384,503,4908,594.85,2024-10-20,False
801737,7304,9744,524848.56,2022-11-27,False
515885,9097,8318,6.16,2018-12-07,False
764509,9995,8775,394.35,2014-04-17,False
875829,3447,8068,420.08,2024-06-17,False
416087,4785,7941,179.5,2014-11-04,False
330177,7772,7655,186.82,2017-10-29,False
567148,8063,3525,9.5,2020-12-08,False
239100,3456,5718,486.13,2014-02-04,False
1076126,2627,9911,161.64,2024-08-31,False
1144290,6091,3061,12.98,2017-05-02,False
499183,6498,5790,531.47,2015-10-01,False
897909,1118,9997,36.47,2024-10-01,False
1192127,6620,1998,110.84,2019-01-20,False
1110198,8197,4873,13.8,2012-09-30,False
724245,9011,1574,5.81,2014-04-16,False
863974,5476,2239,579.78,2015-04-28,False
866995,8619,9671,129.63,2015-11-23,False
362405,9806,7241,374.77,2014-06-14,False
273637,6720,544,106.16,2023-11-03,False
678816,1566,4284,535.44,2024-10-15,False
513540,6168,9816,19.37,2013-06-06,False
451618,3415,1752,431.92,2014-01-19,False
368171,4793,9803,134.46,2016-06-25,False
1014305,599,4460,596.79,2024-10-10,False
530868,9062,560,7.36,2015-08-30,False
247763,6275,843,13500.16,2017-03-23,False
1272914,7445,9773,513.27,2022-03-17,False
1167556,9613,4258,141.46,2020-06-08,False
342301,3438,9686,578.86,2024-09-09,False
1292015,3777,5805,199.58,2013-07-21,False
909069,4004,9392,12.85,2014-11-09,False
1224400,762,777,111.8,2024-10-19,False
1062198,6468,5041,576.52,2023-02-19,False
439716,6666,9312,103.8,2015-09-18,False
1046301,2052,9992,28.1,2024-10-16,False
569615,9613,5994,141.46,2017-11-20,False
484890,3095,5539,27.07,2015-04-03,False
203310,6864,7175,208.13,2012-12-13,False
749256,8166,8779,7.57,2021-03-07,False
598112,3744,8411,101.41,2021-10-12,False
495993,8789,9275,182.41,2013-12-26,False
96286,512,9884,401.44,2024-10-12,False
518142,2231,8192,615648.7,2024-10-06,False
851609,5250,3248,1150237.6,2015-07-29,False
526840,8713,897,179.72,2017-11-05,False
671611,2339,602,262329.78,2024-08-08,False
326929,4726,2320,172.91,2019-08-15,False
417727,8139,9996,12.21,2018-07-17,False
661984,1455,8695,427.35,2024-08-28,False
831069,3419,6034,487.57,2013-11-14,False
849316,2603,9257,130.13,2024-09-16,False
1106533,3712,9261,101.08,2014-03-24,False
969305,9724,6384,160.66,2018-10-11,False
266336,9408,7442,473.48,2017-11-03,False
941644,4746,4486,106.3,2023-08-27,False
28863,2940,2911,237.63,2024-10-05,False
1129240,8717,8866,158.0,2014-06-09,False
1270407,2120,8513,22.19,2024-10-01,False
459125,8643,8551,160.52,2012-02-27,False
77464,9183,6066,6.93,2013-08-07,False
223635,6167,9329,15.0,2014-10-14,False
1027154,5532,9872,519.47,2013-10-06,False
482249,9450,8255,584.8,2024-01-10,False
115917,6193,7664,10.34,2023-04-07,False
1204473,9435,6130,554.83,2020-07-25,False
318040,7102,2224,16.57,2016-09-03,False
200320,5410,1964,522.79,2022-12-16,False
746700,433,2405,523.47,2024-10-11,False
129318,7775,8308,122.33,2023-03-03,False
1075373,7629,9990,182.94,2018-11-01,False
1001634,9585,9102,506.36,2018-09-26,False
1126165,458,5242,557.09,2024-10-25,False
585301,8628,5796,172.57,2023-07-21,False
372210,9613,9809,141.46,2019-07-02,False
430618,3474,9452,434.23,2024-01-17,False
546619,6629,9994,196.75,2013-09-14,False
358048,9730,9967,102.51,2014-06-05,False
175034,3524,1773,405.63,2021-11-28,False
845046,9652,5697,111.47,2018-01-11,False
484369,9411,8297,534.29,2023-12-05,False
805962,8239,9999,1703964.0,2024-05-29,False
920872,8704,3913,147.58,2013-01-19,False
437179,3491,9870,407.14,2024-07-20,False
594627,3665,1283,190.22,2024-07-01,False
443640,7585,9762,467.27,2013-04-08,False
299988,3583,9157,458.89,2014-04-19,False
540274,3641,9501,114.98,2015-08-23,False
937764,4119,6270,21.18,2023-01-31,False
493021,5095,3218,12.9,2018-10-25,False
134350,2437,4384,547.84,2024-09-11,False
1108313,9903,9067,298.17,2013-11-22,False
586006,3585,4471,569.78,2021-12-29,False
95225,9121,9272,6.03,2022-01-23,False
1169670,8778,7089,179.8,2017-01-08,False
824823,4475,9496,420.64,2017-09-24,False
851378,4580,9953,516.88,2017-09-19,False
78524,9680,9724,128.36,2019-06-17,False
214015,8771,2941,168.13,2018-07-22,False
823044,5740,9793,137.33,2023-02-20,False
340362,3616,5460,194.64,2013-08-16,False
152040,9115,9810,5.57,2016-09-17,False
516508,4037,5315,16.12,2019-09-14,False
492105,6528,8498,480.42,2023-04-18,False
258515,4155,8908,14.25,2022-07-12,False
439627,3076,9566,15.53,2024-07-01,False
628728,6014,1146,18.56,2018-03-18,False
758130,3650,963,152.3,2022-03-29,False
27436,9100,9748,6.98,2021-12-13,False
1100423,5735,9806,199.5,2022-03-26,False
255079,8006,9600,13.62,2017-12-10,False
639740,8411,8562,569.47,2013-08-10,False
746001,7894,9740,397.32,2020-03-10,False
1137045,5668,9935,172.47,2014-07-22,False
79178,9588,6295,521.25,2014-06-11,False
302497,600,9208,112.08,2024-10-07,False
365624,1002,9402,35.57,2024-10-09,False
203236,9478,4573,501.1,2017-06-24,False
1008529,737,9801,145.57,2024-10-09,False
1258714,9749,9562,127.41,2018-11-28,False
1036651,8795,9103,195.92,2017-04-05,False
1214521,8673,6567,125.75,2014-10-08,False
985650,7101,3422,10.57,2012-07-31,False
1302106,9949,5382,202.25,2013-06-04,False
494019,4736,8487,181.96,2020-09-03,False
565462,9792,9935,103.69,2016-04-09,False
839815,6705,5000,181.52,2019-03-01,False
230712,6760,9815,192.33,2019-10-09,False
1008559,7728,7481,162.22,2018-09-22,False
703505,5757,9911,193.13,2017-11-29,False
394577,6557,8399,473.98,2012-06-07,False
1266361,1083,7658,29.3,2024-10-13,False
583700,7724,1432,128.6,2017-02-19,False
1135256,3839,434,366.2,2015-04-08,False
1015832,9033,8698,5.88,2013-07-12,False
1267495,9671,3041,192.36,2020-08-17,False
1247245,8086,634,12.76,2017-09-05,False
1179694,5521,9551,539.9,2013-05-18,False
289960,7027,7616,11.92,2023-02-13,False
1186564,9638,9031,179.27,2024-07-15,False
832752,9061,5731,7.87,2014-07-14,False
1052361,9603,3963,109.08,2012-04-27,False
1117436,8528,9872,546.38,2023-03-30,False
855708,9058,9653,8.23,2021-01-23,False
790032,8689,6832,159.72,2014-04-12,False
795210,2570,7352,572.15,2024-09-20,False
678520,1641,5104,163.35,2024-10-30,False
437571,3456,5718,486.13,2014-02-04,False
905166,5555,7143,562.53,2014-06-23,False
816908,7668,2072,108.41,2013-12-02,False
688407,1402,1510,555.15,2024-10-29,False
962056,5798,6062,174.13,2022-07-17,False
772185,8469,9696,557.83,2018-05-14,False
729705,7190,8290,15.51,2024-09-29,False
175114,9038,3670,6.83,2017-06-18,False
1020119,6112,2568,13.18,2014-02-06,False
645346,8708,7968,171.0,2018-10-02,False
323535,3077,9637,18.8,2024-08-11,False
425023,2563,6179,426.54,2024-09-18,False
1150448,8648,9703,106.29,2016-08-17,False
1251761,1545,9751,586.98,2024-10-02,False
102931,7488,9993,592.48,2021-11-27,False
622229,5725,3890,115.38,2019-07-22,False
1187304,4930,1545,290.19,2017-09-06,False
772969,6724,8189,187.36,2017-07-26,False
420927,1143,9200,35.15,2024-08-21,False
501427,9569,9982,518.08,2024-08-29,False
1140987,3583,9157,458.89,2018-05-25,False
241709,7753,9950,134.33,2023-06-09,False
411454,8706,3983,181.8,2013-07-06,False
518069,9714,9357,170.33,2013-08-13,False
805313,5620,9974,191.83,2021-08-10,False
352984,8654,9519,152.27,2013-09-01,False
1195373,6002,9475,17.77,2016-10-29,False
646468,7166,5295,8.94,2020-08-17,False
1179976,6681,9996,140.22,2024-04-07,False
1258865,7144,9883,10.0,2023-10-05,False
1323219,1807,8783,395.89,2024-10-08,False
484417,8171,6470,11.0,2012-03-05,False
72367,6415,8211,533.35,2015-10-08,False
958894,4692,1694,189.74,2020-07-30,False
714754,4155,8124,14.25,2012-09-19,False
702818,6667,9899,197.19,2012-05-17,False
1193270,3257,6577,21474836.0,2024-08-10,False
1265442,4757,3226,142.75,2022-07-21,False
126068,9676,3576,123.52,2019-03-23,False
268926,9999,9866,317.64,2023-12-24,False
427089,3599,9344,412.54,2013-01-19,False
1049936,583,4282,400.36,2024-10-21,False
907294,5143,8893,13.22,2020-04-03,False
864416,9159,9554,9.33,2024-10-20,False
180436,5166,6859,17.35,2014-02-06,False
1097057,6143,8743,10.53,2012-07-04,False
75726,4488,1304,597.84,2022-10-18,False
1179707,2828,8530,379.26,2022-08-18,False
1088269,5120,6151,12.25,2015-09-25,False
1252125,7130,9830,14.48,2024-09-13,False
1288028,2769,8603,110.66,2024-09-24,False
548013,4786,2316,159.83,2012-11-11,False
941386,4685,2335,178.83,2021-08-22,False
9855,3550,5629,539.41,2019-03-21,False
581468,9778,2762,143.66,2012-07-01,False
481679,4418,9337,450.23,2014-05-16,False
541845,7425,9047,563.26,2014-04-04,False
498986,3125,6436,24.63,2024-07-02,False
425042,1503,9387,573.29,2024-10-22,False
853149,3014,8604,24.89,2024-09-17,False
427340,6731,9399,105.93,2019-05-18,False
50746,4764,9920,135.24,2020-12-31,False
858862,6450,9278,578.55,2013-04-09,False
532911,2403,1657,520.57,2024-08-04,False
145133,8529,4282,416.02,2018-12-13,False
403339,9769,5989,191.19,2019-02-11,False
1257462,3411,9213,543.25,2016-04-07,False
632046,1711,7357,115.33,2024-10-05,False
1081314,9642,2195,159.52,2023-08-24,False
582198,8757,9775,112.16,2018-08-18,False
701479,9515,6350,475.08,2017-07-21,False
381722,3448,2314,512.82,2016-11-29,False
773570,622,9918,128.97,2024-10-19,False
780813,9409,8432,567.46,2022-03-28,False
839069,3079,9523,19.37,2024-07-03,False
574434,9038,6585,6.83,2014-10-17,False
504703,7564,6001,566.58,2017-01-11,False
297251,4261,7184,76874.59,2016-08-30,False
1289959,6487,2537,414.36,2013-03-08,False
268443,4529,9751,564.29,2015-04-10,False
1048266,2447,2019,484.76,2024-09-24,False
877473,4196,9967,16.31,2018-05-19,False
1141457,9114,4079,5.03,2018-09-18,False
303791,9689,2994,196.52,2014-01-06,False
574268,5859,8002,203.96,2021-10-23,False
458492,536,4993,560.88,2024-10-19,False
655319,5781,8654,121.01,2014-05-13,False
810607,5141,9855,14.62,2019-08-27,False
361993,1155,6686,30.86,2024-10-13,False
444881,9601,5543,165.6,2023-11-12,False
1210973,6407,1998,581.48,2018-02-15,False
716209,2933,9103,380.14,2024-09-14,False
374624,9532,9245,460.54,2023-03-11,False
673707,9122,2000,5.51,2022-11-26,False
610357,9171,5703,7.91,2015-09-25,False
859393,6907,8641,365.42,2021-04-17,False
11218,9783,9999,171.58,2017-08-10,False
766864,9188,8827,5.85,2022-11-12,False
151464,4754,7026,130.0,2013-08-03,False
599851,1640,3019,143.39,2024-10-30,False
915027,711,7854,151.61,2024-10-09,False
22127,4591,9751,487.44,2021-03-24,False
156998,5540,3638,541.69,2017-09-05,False
100679,4086,9606,13.99,2013-09-25,False
412422,7740,3354,167.05,2012-10-23,False
493119,8511,9784,425.58,2023-09-22,False
944153,9989,7686,252.35,2024-07-04,False
847002,5454,7264,451.89,2015-05-26,False
637668,6020,4869,14.64,2014-08-17,False
1132864,8754,7184,144.07,2022-08-16,False
1119324,7101,9396,10.57,2023-08-04,False
1103801,1959,9216,295.17,2024-10-02,False
854888,4741,1615,120.75,2022-09-06,False
1272220,7482,3804,561.33,2012-03-21,False
724045,5508,6320,461.2,2012-05-31,False
951428,9174,2889,6.45,2024-01-05,False
408581,6170,8638,9.87,2015-01-24,False
678823,1461,8451,498.07,2024-10-11,False
613114,2589,7187,597.28,2024-09-09,False
62664,8165,1388,12.92,2023-08-11,False
132177,547,5607,484.04,2024-10-10,False
1003002,7916,7473,229.05,2014-03-19,False
586450,1128,9996,36.26,2024-10-26,False
118683,4653,7857,118.63,2017-10-19,False
503357,7611,9909,186.36,2024-07-19,False
244651,9533,6571,427.75,2017-03-04,False
421887,3256,1743,33633.13,2024-09-25,False
1319353,2671,9909,178.83,2024-08-14,False
328258,8621,3613,141.85,2016-09-06,False
447209,9774,8928,121.25,2015-02-14,False
961047,8074,7915,11.34,2024-07-28,False
719721,9185,9615,7.27,2018-10-16,False
1044828,2352,8358,3299788.5,2024-09-13,False
555497,9661,3638,183.52,2020-11-20,False
1157858,681,9974,170.88,2024-10-04,False
724715,8760,9392,124.87,2017-06-10,False
551447,6582,3192,525.05,2018-04-10,False
220338,8070,7359,12.03,2013-12-05,False
1052298,6148,9405,12.77,2013-02-28,False
644031,1573,8442,538.46,2024-10-22,False
204233,699,9883,105.69,2024-10-10,False
361700,4436,9377,476.38,2016-01-01,False
559233,4171,1270,15.59,2017-11-26,False
925567,7783,3981,183.46,2019-03-10,False
867443,8022,9807,8.19,2021-04-21,False
1090870,8397,8003,6133305.0,2020-03-27,False
202533,9948,7521,322.6,2014-04-08,False
89541,4117,7101,15.09,2019-10-13,False
234691,2192,8390,31.89,2024-09-28,False
1292504,9685,3375,188.24,2017-07-19,False
1191368,8652,9605,141.28,2019-12-14,False
1289325,1125,7993,31.71,2024-10-28,False
115083,8055,8391,8.66,2016-02-06,False
1006558,5755,4126,100.0,2018-09-14,False
250634,3646,7752,189.21,2020-09-18,False
1093212,8498,7341,437.98,2016-04-06,False
1139981,2042,9841,32.06,2024-09-18,False
1200668,6779,7865,126.79,2017-03-09,False
494768,8651,4887,122.02,2018-04-15,False
264381,3072,8879,15.67,2024-08-27,False
638738,3060,5679,17.03,2024-07-13,False
897848,6647,947,194.11,2023-02-26,False
1065588,6707,9595,187.53,2019-06-15,False
938731,9127,5271,6.17,2022-10-18,False
870654,1773,2842,196.19,2024-10-01,False
1072139,9783,16,171.58,2022-04-26,False
59782,5091,7679,17.69,2023-12-05,False
1118222,9804,9685,329.02,2015-02-14,False
951597,9629,308,135.11,2016-02-14,False
76818,5157,9965,12.89,2015-12-29,False
855132,6092,9260,16.06,2024-10-17,False
767051,142,9773,36.69,2024-10-22,False
897656,5172,8971,16.19,2016-03-31,False
1067126,7628,8303,111.33,2021-12-04,False
756210,4146,5866,15.14,2019-02-14,False
966168,9786,468,101.3,2013-10-03,False
108611,7513,5086,475.8,2019-05-25,False
432145,3484,4925,502.57,2012-07-03,False
637466,5466,9685,500.66,2024-08-13,False
95870,3259,8436,7794.89,2024-03-24,False
404360,1067,4384,38.8,2024-10-17,False
1104303,6148,1463,12.77,2021-06-16,False
539630,3198,188,19.42,2023-03-21,False
241094,4624,8483,176.78,2022-05-13,False
1193481,9887,8495,363.95,2019-12-13,False
140892,1738,9524,142.97,2024-10-09,False
635834,9069,9819,6.64,2018-08-15,False
994810,9999,6591,317.64,2017-06-09,False
705008,1089,1893,24.56,2024-10-18,False
1016675,7402,9972,474.77,2019-08-12,False
245797,9412,5680,471.88,2023-10-04,False
968001,9792,1154,103.69,2016-10-28,False
932817,4501,8682,479.47,2017-10-25,False
718141,8207,4621,316944.28,2012-06-21,False
1022086,9453,2070,450.85,2020-07-22,False
625904,8029,3830,11.21,2015-08-31,False
1244517,9876,7367,353.05,2013-03-03,False
1099013,1511,2458,499.85,2024-10-10,False
622456,9705,6591,147.16,2020-09-25,False
740153,9577,8773,427.82,2016-09-08,False
821583,4868,9576,273.92,2012-08-03,False
199797,8717,8866,158.0,2014-07-25,False
789838,2252,737,1609098.4,2024-10-01,False
119986,5769,8179,100.41,2021-05-22,False
325512,7704,6344,149.86,2020-12-02,False
491650,5500,9850,535.72,2014-03-12,False
501612,9001,9691,10.33,2016-11-02,False
891692,8504,4142,548.82,2023-06-23,False
136011,2582,9048,582.42,2024-09-16,False
320982,587,4309,459.7,2024-10-11,False
1231406,5218,6040,21474836.0,2022-05-21,False
219939,7134,6267,13.3,2024-08-05,False
428354,8095,4121,10.34,2022-07-05,False
415751,9790,464,138.44,2023-04-24,False
539797,8756,5328,101.31,2017-06-13,False
351227,1409,7231,433.6,2024-10-27,False
1143163,7446,1932,405.85,2019-12-03,False
976982,8460,8299,502.25,2024-07-27,False
44812,3418,9960,574.8,2024-04-27,False
12867,7737,9966,178.86,2024-04-22,False
125501,5660,3126,120.69,2016-02-21,False
925022,4479,9410,480.32,2020-01-23,False
383489,7143,9907,13.07,2013-07-16,False
676226,5721,9894,158.47,2012-04-07,False
669316,7641,9987,160.3,2014-03-20,False
426745,8141,633,10.44,2012-10-05,False
847311,6197,9747,10.32,2016-10-26,False
1202798,130,3132,60.02,2024-10-11,False
658,5162,1224,10.59,2021-10-15,False
247412,1540,2734,408.73,2024-10-21,False
35106,2192,7683,31.89,2024-09-28,False
699053,2190,6442,31.31,2024-10-03,False
287715,1467,2303,419.51,2024-10-07,False
1190447,6773,9429,129.83,2014-02-06,False
785594,6864,7175,208.13,2014-07-16,False
843136,1463,3638,586.25,2024-09-29,False
914758,4001,9165,16.75,2021-06-09,False
803010,9065,9676,5.26,2013-07-15,False
103634,9079,9921,9.05,2021-08-23,False
563183,3056,5064,19.09,2024-04-30,False
750247,3435,8990,576.73,2012-09-14,False
1114535,4953,4628,268.26,2019-06-12,False
697605,6722,4675,124.05,2014-02-14,False
493131,9764,8953,195.19,2013-05-02,False
311354,8180,4836,8.78,2022-02-11,False
791948,5962,6098,218.33,2016-08-28,False
339521,6664,3165,195.99,2015-11-05,False
803059,6506,7066,415.79,2013-11-06,False
1099014,2489,6670,503.55,2024-10-04,False
978073,715,1980,193.41,2024-08-17,False
172231,4481,7792,431.04,2024-08-26,False
176670,9750,9029,140.86,2012-09-16,False
1118274,6051,7411,13.35,2015-04-06,False
62467,9159,9554,9.33,2020-08-08,False
891796,3066,9905,16.79,2024-09-05,False
1278620,9659,8178,191.0,2014-04-12,False
1291599,3648,6378,110.38,2018-07-16,False
678590,8037,3675,12.47,2018-08-13,False
1211963,9785,5274,150.92,2012-04-01,False
104826,5694,6657,184.94,2018-07-10,False
33455,5565,5251,535.85,2021-12-08,False
259693,9116,9645,7.53,2018-09-04,False
663224,8510,7572,438.13,2015-12-08,False
1303373,9089,5210,5.32,2017-12-28,False
282592,9480,6674,577.34,2019-03-14,False
975029,9777,8227,133.52,2024-06-18,False
1000314,8042,8043,9.84,2018-03-29,False
919084,3029,645,22.48,2024-09-05,False
697167,1751,8176,149.55,2024-08-17,False
1305193,9553,6471,486.01,2012-09-03,False
464570,9049,9250,6.16,2014-06-17,False
1017369,3557,7253,475.69,2022-08-08,False
758690,9257,6862,765766.8,2015-11-16,False
381534,3424,7154,409.76,2024-06-27,False
798431,3455,7242,446.69,2024-03-14,False
465055,9420,9069,489.07,2019-02-10,False
741494,3513,3803,562.75,2023-07-31,False
1030867,5388,5846,3507437.2,2019-03-23,False
725740,9308,3401,1023303.7,2017-12-23,False
532879,8641,2713,112.47,2021-11-02,False
137184,7669,4333,153.08,2023-03-08,False
709931,9000,7730,6.27,2024-04-20,False
68494,9697,2936,124.95,2014-03-23,False
495563,8685,4123,148.38,2022-10-10,False
1035004,1537,4790,559.44,2024-10-16,False
882284,8654,2721,152.27,2019-10-14,False
290513,9968,8810,213.41,2023-08-23,False
429503,7478,8882,558.34,2016-01-20,False
1243453,6135,1234,17.72,2023-03-18,False
1269886,1333,9787,21474836.0,2024-09-28,False
74289,2180,7509,30.78,2024-08-14,False
1051508,5093,5969,21.43,2021-01-05,False
953434,6754,3556,133.47,2014-01-05,False
577408,9133,6694,5.15,2021-08-30,False
237934,98,3490,53.75,2024-08-13,False
213811,9530,7300,487.54,2023-11-19,False
185055,1704,4997,174.5,2024-10-11,False
186793,6653,2635,127.65,2016-02-04,False
869322,3660,9445,121.98,2018-07-15,False
653472,8670,5832,123.61,2015-11-21,False
981095,7532,8233,435.55,2018-05-08,False
679338,9729,5033,103.44,2018-12-17,False
163404,9802,8398,204.02,2024-08-23,False
427578,2579,1612,528.19,2024-09-30,False
853026,9641,1635,127.3,2017-09-22,False
63421,1142,3110,20.67,2024-08-25,False
1304254,8649,9997,133.63,2023-02-13,False
906921,3182,4509,14.65,2024-07-25,False
1299713,8612,1178,122.63,2023-04-20,False
951386,2047,595,18.53,2024-09-21,False
13496,6592,4282,500.47,2015-01-21,False
471518,9304,5114,153284.31,2019-09-30,False
1274645,7162,5129,12.55,2022-04-29,False
367233,1562,2789,453.85,2024-10-14,False
884794,7590,8366,435.0,2024-08-13,False
776525,671,9825,175.16,2024-08-26,False
282816,9706,651,195.6,2021-08-18,False
1265525,4761,5456,146.39,2012-08-05,False
1029892,1520,7442,535.13,2024-10-26,False
1082155,4087,8203,17.77,2020-06-22,False
524235,8150,8761,7.7,2021-05-29,False
928305,5120,1858,12.25,2012-02-25,False
745436,5663,9267,181.69,2013-01-16,False
1101159,9020,2817,9.54,2023-11-07,False
230710,6760,9459,192.33,2023-12-04,False
163318,4415,5196,430.7,2021-01-05,False
1078837,5012,9823,18.77,2015-03-21,False
310080,3407,4012,507.14,2013-10-22,False
946858,6583,1931,510.7,2020-07-18,False
2393,3601,3926,140.1,2016-04-29,False
586455,1816,9762,253.86,2024-10-24,False
572224,9770,8708,188.38,2014-07-20,False
124681,8661,7233,119.69,2012-06-27,False
383731,7083,9567,10.77,2015-09-22,False
400570,4169,7909,17.24,2012-04-13,False
383784,1404,9311,512.33,2024-10-29,False
1109888,1522,4131,497.33,2024-09-16,False
583733,4750,9921,104.63,2024-09-12,False
323700,6445,9972,593.96,2015-11-24,False
653120,9611,2664,112.83,2018-03-13,False
443668,4740,6272,137.66,2019-12-24,False
708004,1709,3216,186.36,2024-09-26,False
135842,3748,9404,196.16,2020-03-05,False
250720,8157,4333,11.09,2015-12-22,False
289731,4592,6917,540.29,2012-11-03,False
1112629,8631,9650,194.63,2015-02-25,False
211101,560,126,545.64,2024-10-12,False
1109625,7703,9875,192.82,2015-07-25,False
841178,3413,9950,554.54,2024-07-13,False
915475,5530,5592,573.0,2023-12-06,False
646397,6459,8057,400.11,2019-06-09,False
71422,8404,8420,509.54,2015-05-25,False
515046,3555,551,566.15,2018-01-10,False
674213,8472,9485,425.45,2016-01-28,False
602675,2771,9345,181.47,2024-09-25,False
769967,9635,4091,195.19,2013-02-03,False
1302566,4698,9991,107.3,2018-04-10,False
996159,6074,9984,15.39,2024-03-17,False
885262,1536,8222,422.61,2024-10-21,False
1022846,3576,496,435.89,2016-07-16,False
215301,9622,5487,147.66,2024-09-15,False
731688,1531,2812,515.08,2024-10-24,False
413453,6745,3975,142.77,2017-05-09,False
818531,5640,9954,197.61,2017-10-09,False
587486,9126,9610,6.98,2024-03-16,False
739130,4150,8887,15.91,2021-12-05,False
1145572,2705,9999,183.17,2024-09-05,False
1041276,4479,9410,480.32,2013-06-07,False
1136604,6623,6613,144.19,2017-02-28,False
966239,3079,6798,19.37,2024-07-03,False
852390,9610,6892,146.39,2023-08-08,False
301434,7334,2565,39394.47,2017-11-11,False
61905,5011,9322,12.92,2017-01-07,False
1169443,2863,2833,228.91,2024-09-12,False
1041570,3499,9960,411.04,2014-08-09,False
1108154,1888,6252,301.1,2024-10-09,False
793397,9621,2472,168.11,2016-11-25,False
654069,4565,9774,596.22,2017-04-25,False
245601,2185,9816,25.43,2024-10-05,False
1262706,7417,1547,459.92,2021-12-15,False
736484,2681,8643,160.16,2024-08-27,False
813669,9415,9960,521.0,2016-05-25,False
895692,7799,5882,162.28,2016-10-29,False
1321581,7191,9979,12.1,2015-10-28,False
63855,9719,6876,161.86,2016-04-01,False
218119,9790,5450,138.44,2016-09-25,False
92808,8610,2608,126.72,2013-07-17,False
183966,9960,9864,369.89,2018-05-23,False
1294171,9760,9810,101.22,2019-03-17,False
912526,1494,9266,494.19,2024-09-25,False
605867,7609,7724,132.47,2019-12-10,False
508748,799,5674,174.19,2024-08-08,False
884308,1962,4608,291.23,2024-06-26,False
308012,8187,7133,10.75,2012-03-13,False
811604,2466,3219,587.38,2024-10-02,False
416388,9636,8580,197.94,2014-05-23,False
1068465,8754,8536,144.07,2022-10-26,False
930441,7592,8077,426.79,2014-03-21,False
1048196,9774,7470,121.25,2019-09-03,False
444701,9415,9960,521.0,2023-03-18,False
391180,4565,9774,596.22,2012-06-17,False
366105,6509,1029,540.42,2014-09-17,False
945068,4135,5517,17.73,2015-08-23,False
917998,9771,9716,189.02,2019-04-27,False
147386,8007,7164,12.07,2020-05-21,False
12035,1626,9230,141.14,2024-10-16,False
1288947,4108,9338,13.81,2022-04-19,False
692475,500,8204,405.88,2024-10-12,False
170033,9129,9985,6.46,2022-03-26,False
887660,573,1756,553.53,2024-08-20,False
30623,9134,9010,6.18,2020-09-15,False
997926,7966,8740,332.7,2017-05-08,False
1313721,7713,9649,130.02,2013-02-03,False
393023,9704,5952,183.69,2019-09-27,False
439859,4664,2518,103.3,2016-02-11,False
493336,72,6923,53.75,2024-10-18,False
1071005,8515,8300,588.64,2014-05-29,False
35419,5709,322,161.97,2015-09-06,False
374242,3402,7583,564.65,2017-11-03,False
340950,9695,9866,144.41,2013-02-03,False
974139,7613,8164,133.74,2014-01-19,False
1203240,9452,4251,507.45,2016-09-26,False
1104262,149,1959,38.97,2024-10-21,False
400466,2678,9565,118.22,2024-08-27,False
628171,6166,8023,15.85,2020-03-28,False
305211,6735,9982,187.61,2013-11-11,False
837331,9151,7975,7.86,2015-07-15,False
872185,7714,8246,189.22,2018-08-03,False
29015,7197,3225,12.92,2020-01-25,False
973237,6051,3685,13.35,2012-02-23,False
793726,1487,8259,576.09,2024-10-22,False
468163,8415,8541,587.1,2017-10-03,False
694525,8126,8722,11.08,2018-08-12,False
335854,7006,6213,15.4,2022-02-09,False
1038803,4440,9574,468.83,2015-03-08,False
121297,9117,3618,7.47,2020-08-09,False
130261,8401,9982,566.92,2019-03-05,False
736173,8782,9073,145.96,2015-06-20,False
459712,9965,9226,312.1,2023-12-09,False
630526,7551,3318,472.41,2018-02-18,False
585380,6154,5811,11.72,2014-11-04,False
336285,1710,9954,151.25,2024-10-16,False
1178275,738,2170,132.5,2024-10-03,False
701204,5152,8798,18.73,2020-09-19,False
1030951,7117,8281,14.31,2023-11-21,False
909120,9588,6295,521.25,2021-07-05,False
690826,9705,4030,147.16,2018-05-14,False
939216,2552,3280,522.26,2024-08-17,False
68154,8426,6461,440.95,2015-01-23,False
1062691,4459,9620,585.46,2018-10-25,False
959609,9162,9695,5.25,2014-11-30,False
261627,4345,4633,6774.47,2021-01-03,False
909683,2499,8794,430.86,2024-10-11,False
620485,7056,8977,14.65,2024-05-10,False
324884,1443,3935,413.7,2024-09-21,False
601961,9713,9571,178.52,2012-08-06,False
384049,9848,9983,367.64,2023-04-04,False
1275699,9505,6110,527.17,2018-08-24,False
386550,9603,1437,109.08,2018-04-15,False
1272629,9701,1098,163.08,2021-03-15,False
17602,8431,9366,508.89,2015-03-19,False
90271,9016,9487,7.86,2022-09-14,False
1240867,2288,6348,21474836.0,2024-09-30,False
150309,9636,8788,197.94,2015-09-09,False
601722,7070,9774,9.79,2017-05-12,False
654558,7688,9609,132.66,2023-03-15,False
364431,8798,8120,181.35,2013-07-20,False
244439,3441,2977,402.44,2023-08-25,False
749819,2852,9862,225.16,2024-08-25,False
403945,665,9993,162.08,2024-10-07,False
879530,3428,9983,504.2,2024-09-07,False
273862,5542,99,420.51,2024-03-25,False
286113,5418,9179,557.0,2016-08-15,False
222034,6137,4993,15.02,2016-06-20,False
173864,4475,9496,420.64,2021-12-23,False
1264240,9614,9328,114.73,2021-02-19,False
8137,7153,8803,15.09,2014-11-11,False
802120,6677,4454,151.33,2019-04-08,False
739858,6831,7000,233.19,2016-06-01,False
44736,8715,7766,150.44,2019-01-17,False
645226,9097,7422,6.16,2017-02-12,False
355992,1693,9675,164.3,2024-10-03,False
75149,7457,4296,563.26,2016-12-22,False
295681,3389,6925,15143.26,2024-08-04,False
918691,9694,2839,105.93,2020-01-01,False
1148769,196,5145,42.54,2024-10-21,False
596610,1565,2851,565.41,2024-10-10,False
381062,8460,8299,502.25,2018-10-10,False
534217,8767,7930,160.72,2017-01-10,False
1220991,753,9589,104.44,2024-09-01,False
108314,4576,6322,457.2,2023-02-28,False
351464,8648,9766,106.29,2022-09-04,False
511918,8603,3695,175.05,2016-05-01,False
757003,5674,8606,133.1,2017-01-20,False
1245995,4449,2504,533.19,2020-06-07,False
180106,9221,9994,14535.85,2020-12-30,False
805084,6171,9075,16.85,2023-04-29,False
601593,3531,9311,451.27,2019-07-21,False
1147448,1386,4758,2898546.2,2024-10-28,False
390774,279,9681,61664.23,2024-10-11,False
484938,1419,9399,426.85,2024-10-26,False
587879,9630,7948,122.22,2018-07-27,False
663107,3583,9157,458.89,2020-06-24,False
265778,9625,5237,199.88,2023-12-11,False
434433,3202,8526,97162.75,2024-09-22,False
936163,568,8750,511.64,2024-10-17,False
615845,66,5978,53.21,2024-10-20,False
719767,1691,8428,199.61,2024-08-03,False
717790,3531,9311,451.27,2019-01-10,False
900563,9001,9455,10.33,2022-09-07,False
172770,9059,3608,8.98,2012-04-28,False
516303,4487,1316,455.69,2022-12-10,False
1027142,8697,9888,128.46,2012-06-03,False
1101815,6010,6907,10.14,2015-12-29,False
1137594,3078,9801,18.17,2024-09-04,False
931740,3168,6248,14.97,2024-06-27,False
906309,3544,9344,533.22,2019-03-20,False
632605,6142,9948,17.85,2013-03-30,False
1261991,1077,4992,27.73,2024-10-16,False
672856,6750,6181,144.19,2014-03-25,False
731445,9099,8805,6.17,2018-07-30,False
590081,9676,1502,123.52,2017-06-21,False
1015324,8087,603,13.82,2023-11-02,False
695222,3732,1548,105.0,2022-04-05,False
930290,8440,5298,466.26,2013-05-18,False
143875,5607,8295,102.59,2024-08-03,False
685858,9587,7585,546.78,2023-12-05,False
159679,7528,5151,483.35,2016-01-07,False
1011252,2164,8756,18.52,2024-10-05,False
589683,9152,6477,5.58,2013-07-27,False
435919,9623,9977,154.91,2012-06-01,False
911508,5505,3516,444.13,2022-07-02,False
351309,5434,7211,445.29,2020-08-06,False
844318,1497,8454,583.16,2024-10-12,False
1289403,2798,9319,146.97,2024-09-13,False
357082,6419,4371,512.78,2019-07-08,False
434438,7515,8255,587.26,2021-10-04,False
551460,9088,9668,7.08,2015-03-28,False
791608,3081,6958,15.95,2015-01-06,False
690045,1730,9958,172.91,2024-10-14,False
774854,480,7396,461.05,2024-10-14,False
989587,6659,4179,147.27,2023-01-30,False
298128,7766,5587,140.41,2020-09-19,False
747599,6097,1254,18.03,2019-03-09,False
959045,6192,9999,15.71,2024-01-11,False
685750,6606,4494,116.87,2023-01-14,False
95635,5653,9395,160.08,2018-03-10,False
230848,2274,2479,51556.45,2024-09-26,False
1129556,9650,6885,186.11,2013-07-10,False
1191506,3151,6783,20.75,2024-08-12,False
523838,3952,1523,235.86,2022-03-13,False
412887,7728,7005,162.22,2018-07-01,False
560557,9108,1294,5.72,2018-06-07,False
469515,8135,9909,10.02,2012-08-25,False
1245882,1782,5457,185.22,2024-10-16,False
85256,8042,9540,9.84,2020-07-11,False
1177590,4780,9660,145.5,2014-02-27,False
65014,5185,2616,21.31,2019-07-11,False
888661,2956,9851,349.76,2012-05-15,False
1265628,7725,8134,100.51,2021-02-25,False
1136863,9713,8014,178.52,2013-01-31,False
330411,9775,9511,147.67,2014-08-04,False
886419,9686,9989,128.75,2012-04-01,False
1279451,4578,5021,545.91,2017-08-20,False
174322,7736,6284,150.85,2013-06-14,False
1000424,9720,6286,114.62,2020-01-22,False
515246,9132,8714,8.23,2014-08-22,False
1042013,7712,6996,133.11,2020-01-15,False
1293252,6699,6793,198.5,2014-09-05,False
324799,8499,4062,514.4,2019-11-18,False
516929,8143,1812,9.77,2015-08-15,False
453877,3675,9017,134.33,2012-04-21,False
618051,9742,105,160.02,2021-11-28,False
999290,6763,9974,195.3,2019-08-28,False
625219,9627,3220,140.52,2022-09-21,False
270592,6170,8197,9.87,2012-03-14,False
434146,4052,4518,16.15,2022-10-14,False
810593,2568,7562,467.77,2024-09-25,False
472464,9882,5140,235.1,2014-06-08,False
296771,6687,9876,112.33,2024-08-28,False
972210,7753,6605,134.33,2012-04-17,False
388261,8699,2406,163.24,2022-10-13,False
1190774,9608,7711,133.19,2014-03-29,False
445484,9784,9779,168.92,2017-07-05,False
529737,5507,7286,503.17,2014-05-29,False
852041,7787,8512,100.8,2014-09-30,False
655138,7769,9048,180.41,2020-08-27,False
1219882,8142,1297,14.24,2020-08-20,False
1096953,8576,9586,565.19,2013-09-30,False
103360,9588,6295,521.25,2014-08-04,False
1007322,7021,4127,10.15,2013-12-11,False
535023,9669,3567,140.47,2024-07-21,False
99288,2412,8881,442.41,2024-06-11,False
92410,9038,9624,6.83,2022-04-22,False
1213757,9706,8374,195.6,2012-04-14,False
1102435,8637,9360,146.33,2016-09-09,False
465561,9132,7574,8.23,2014-06-14,False
854159,4512,1788,560.55,2013-10-01,False
504561,8523,8651,448.8,2013-02-04,False
332569,9556,9960,522.47,2017-08-14,False
612831,9486,9487,501.98,2022-12-10,False
539987,7734,6451,145.16,2014-10-20,False
795497,8525,7397,426.58,2024-09-06,False
335002,2626,9160,110.23,2024-08-31,False
193997,6596,5075,540.96,2017-03-08,False
542370,8604,7023,139.83,2020-02-19,False
1285571,5442,7808,477.22,2013-08-27,False
497853,7017,6055,13.31,2019-03-19,False
1070915,1481,5383,476.23,2024-10-14,False
194735,4946,9894,213.47,2022-02-09,False
477738,9619,5129,166.1,2018-01-22,False
1199413,3559,3436,450.29,2015-11-10,False
96477,1070,9930,35.47,2024-10-07,False
981724,4544,9221,491.07,2015-03-22,False
488223,2979,4936,393.07,2013-01-26,False
878314,4475,9496,420.64,2012-07-06,False
702221,4793,9803,134.46,2021-01-12,False
496428,6121,5387,13.13,2019-09-15,False
237629,3184,6975,25.8,2014-02-15,False
127295,4563,6981,461.64,2021-07-23,False
1034431,5726,9228,133.61,2013-06-20,False
1113556,438,8589,476.67,2024-10-10,False
1150240,6490,3708,423.01,2014-12-16,False
557485,4457,7895,507.97,2016-03-21,False
1028701,8177,4164,13.79,2015-02-21,False
621043,5060,9719,15.69,2014-03-21,False
632292,5474,1833,572.71,2020-03-15,False
53578,9782,6016,132.44,2023-07-24,False
841421,6194,9968,14.36,2016-12-20,False
701342,4578,5021,545.91,2017-08-30,False
49382,9666,2951,130.36,2021-01-29,False
1250081,6414,2888,460.83,2020-03-09,False
15513,9552,8992,535.76,2024-02-22,False
1232695,4652,9796,196.52,2013-05-15,False
1138832,4153,4024,16.59,2024-01-19,False
1019882,2190,2183,31.31,2024-10-03,False
608484,4188,9975,14.13,2015-03-03,False
71347,1601,7250,140.49,2024-10-07,False
784,7101,822,10.57,2023-05-19,False
1183309,9359,8465,16263325.0,2014-12-24,False
1311662,1586,9520,493.95,2024-10-15,False
1281847,8348,9106,21474836.0,2015-05-04,False
998159,9660,4296,179.33,2018-09-08,False
1041777,5600,9360,115.05,2017-11-12,False
594202,8047,1538,13.98,2024-01-29,False
1143247,9710,9392,133.83,2016-10-12,False
66120,8726,582,116.26,2012-08-17,False
435233,8778,2534,179.8,2018-07-27,False
179801,6671,6288,184.1,2021-07-10,False
1075171,3617,6684,196.27,2012-12-13,False
1076580,7591,8374,553.53,2018-11-21,False
842,6506,7066,415.79,2019-02-20,False
198802,476,2081,577.75,2024-10-13,False
1009133,9910,9100,386.7,2015-09-01,False
277332,9011,7533,5.81,2018-02-11,False
1302749,2528,3417,484.17,2024-09-22,False
879468,9459,6274,529.4,2022-01-16,False
978615,9709,1352,176.14,2017-11-11,False
1309784,9025,5411,5.88,2016-06-13,False
515982,151,5384,65.54,2024-10-14,False
8382,482,6223,485.19,2024-10-11,False
972123,1451,3849,562.36,2024-10-15,False
1266804,8570,8442,514.95,2020-01-23,False
250178,7432,5739,442.92,2019-12-12,False
648609,8794,8299,127.08,2022-07-02,False
513417,186,9642,25.03,2024-10-23,False
78087,6644,8140,155.66,2013-01-15,False
895538,5506,9364,430.98,2024-02-20,False
1262699,8130,3456,8.39,2014-07-30,False
145726,9744,9894,162.21,2020-06-06,False
12534,6750,5349,144.19,2019-08-06,False
447677,8757,9022,112.16,2014-05-13,False
206323,3863,8205,252.86,2023-02-11,False
264343,9674,833,134.86,2017-06-27,False
646512,152,3686,35.27,2024-10-21,False
1111329,3575,7134,510.57,2016-09-28,False
66242,3104,9639,15.9,2024-08-05,False
342989,7536,4084,535.05,2013-09-10,False
281828,9729,9909,103.44,2015-04-25,False
1302976,763,6305,108.15,2024-10-18,False
1049204,2603,6254,130.13,2024-09-16,False
807317,5556,9752,419.51,2013-07-25,False
157428,4086,9982,13.99,2017-02-26,False
340281,9751,9763,128.78,2024-03-20,False
203535,7058,9429,17.94,2021-02-17,False
891362,5415,6361,406.3,2013-07-05,False
761902,460,8045,556.41,2024-09-27,False
840236,7435,9894,586.45,2016-03-05,False
288416,8480,9058,466.25,2015-01-19,False
474538,7967,8332,287.95,2014-08-24,False
1146724,8771,8724,168.13,2016-10-28,False
992747,1784,8957,182.82,2024-10-08,False
333529,6689,3029,198.41,2018-04-18,False
1141582,3627,2053,165.17,2021-10-20,False
1097441,8463,9994,563.13,2022-10-05,False
1092914,9691,9576,140.16,2024-01-11,False
1209401,9080,9696,5.89,2020-07-31,False
1214127,9135,9905,6.59,2020-08-07,False
89695,4449,2504,533.19,2024-04-04,False
1275228,9549,9243,543.54,2022-09-06,False
241459,8235,9788,12185.68,2017-10-10,False
1055995,6422,8167,541.4,2017-04-30,False
1170723,1148,8840,24.77,2024-10-15,False
117834,8790,8277,136.02,2018-01-14,False
774534,4155,8908,14.25,2024-06-13,False
131313,8017,8255,8.81,2020-10-07,False
1220908,2008,6057,26.44,2024-09-22,False
1046936,5638,1463,123.58,2013-03-07,False
837885,4570,9147,577.7,2016-06-06,False
86176,6440,9397,532.82,2013-04-13,False
919976,7781,7164,166.97,2020-12-05,False
130796,5032,3452,19.7,2023-11-20,False
1119222,3789,7620,149.96,2017-01-10,False
868881,9047,9772,7.97,2021-10-22,False
888093,7211,9449,1403705.0,2018-02-15,False
1263897,6429,8222,502.54,2019-10-30,False
695126,3163,8686,17.08,2015-09-09,False
231129,9738,6158,139.5,2024-03-27,False
628090,8793,5639,185.94,2017-08-25,False
162915,5433,4639,532.9,2019-02-08,False
676490,2481,9850,517.16,2024-09-30,False
119813,9572,9664,493.67,2015-11-27,False
461787,8165,1025,12.92,2014-09-11,False
520820,3939,1117,384.77,2014-05-20,False
532477,9791,2670,112.93,2021-01-17,False
537505,5760,2273,188.07,2015-05-08,False
555847,6098,9968,14.36,2024-09-21,False
294776,9764,8813,195.19,2019-02-01,False
1184465,2499,8794,430.86,2024-10-11,False
527477,9748,9877,175.97,2013-12-18,False
767542,6636,1675,183.22,2020-06-24,False
319443,7557,5990,590.6,2018-09-18,False
89177,4425,341,412.63,2013-08-07,False
905163,7979,9960,309.92,2022-09-21,False
492715,8502,9971,583.45,2020-04-28,False
1133480,6779,5177,126.79,2014-05-05,False
257584,9752,9662,115.98,2019-12-30,False
854364,9557,8751,557.95,2020-10-14,False
68246,8634,9844,109.3,2022-05-10,False
1029639,3686,9998,130.82,2013-04-02,False
912056,4421,8542,501.52,2022-02-25,False
1211804,3432,9882,474.54,2014-03-18,False
764724,5298,3729,608771.5,2014-05-09,False
414096,9737,9635,181.52,2013-07-23,False
1238970,6046,8555,19.33,2024-08-14,False
980081,6151,9792,15.07,2016-04-08,False
949665,323,8998,3418083.5,2024-10-18,False
828146,9735,3070,113.13,2018-10-22,False
774888,9725,6694,135.53,2024-09-27,False
30639,7019,1652,16.7,2023-03-03,False
1321152,4797,9975,154.96,2019-11-25,False
1083188,2499,8794,430.86,2024-10-11,False
514045,5530,5592,573.0,2023-09-16,False
722949,8009,4882,13.16,2019-08-27,False
1196071,4009,8911,20.29,2020-01-30,False
867506,9449,7441,481.32,2024-10-18,False
750279,4540,9763,546.53,2022-01-07,False
806094,9721,9275,117.81,2022-01-16,False
429683,9779,6246,168.61,2015-12-13,False
515685,3723,9280,179.08,2017-05-29,False
625109,2539,3902,447.38,2024-10-10,False
1094442,4539,6263,464.01,2021-04-07,False
707165,6532,6560,501.61,2015-07-24,False
567844,5530,5592,573.0,2013-02-17,False
331345,7741,4875,167.89,2014-04-06,False
423357,459,9617,437.82,2024-09-24,False
65129,7693,3365,143.77,2018-04-29,False
318733,5108,3299,21.86,2019-02-16,False
291050,9661,9877,183.52,2017-03-08,False
730821,9669,7669,140.47,2019-08-14,False
1183587,5103,9255,19.89,2020-09-20,False
1017379,5076,9142,21.97,2019-05-27,False
678712,2443,5619,562.22,2024-09-26,False
476092,9112,9969,9.26,2018-08-27,False
683917,7113,2699,11.15,2017-05-21,False
15610,3960,9861,241.38,2013-10-22,False
1005477,5046,4464,13.55,2020-02-09,False
942989,5729,3500,136.91,2020-05-23,False
1198503,9684,9225,126.61,2013-09-02,False
308273,2640,6428,101.62,2024-09-16,False
239774,8732,8914,164.86,2014-11-21,False
382368,9714,9974,170.33,2017-12-27,False
1060758,8045,8934,12.48,2012-09-20,False
1202281,6022,8845,12.25,2017-03-02,False
571149,9766,7921,108.37,2022-12-28,False
1056011,8413,8255,593.28,2012-06-13,False
568613,301,1702,110053.96,2024-10-25,False
746211,8741,9628,151.11,2021-07-02,False
980067,8472,9485,425.45,2015-03-21,False
338046,8634,9996,109.3,2021-12-29,False
677088,4107,4622,21.41,2018-09-06,False
1283129,3639,3074,165.83,2020-02-27,False
1119626,9046,2413,8.23,2024-06-16,False
62377,1538,8047,472.82,2024-10-02,False
987866,9476,9980,429.35,2017-04-03,False
1161477,5753,6253,152.5,2024-05-17,False
69207,6015,8632,18.93,2019-10-16,False
414610,8494,9224,550.08,2018-05-26,False
993242,7612,8620,110.73,2021-10-06,False
662592,6123,9771,11.52,2020-02-07,False
249410,7072,9654,12.94,2024-07-29,False
820210,6609,6705,109.98,2014-06-24,False
200146,9637,8081,104.5,2022-11-22,False
66314,6470,2416,463.95,2015-01-22,False
1066830,9637,4986,104.5,2019-04-22,False
916883,5476,2239,579.78,2022-10-11,False
229762,450,7276,425.42,2024-10-14,False
91414,9772,4844,176.72,2016-09-24,False
913196,8708,9580,171.0,2023-11-15,False
563597,540,9668,458.2,2024-10-17,False
772720,2611,8322,145.22,2023-06-21,False
594764,9625,9980,199.88,2024-08-04,False
903048,1755,6789,134.39,2024-10-22,False
323030,9023,9966,8.45,2016-06-08,False
448616,7434,6938,437.58,2023-09-29,False
905239,6165,6500,14.05,2018-09-14,False
834760,9734,8981,151.13,2020-06-22,False
380175,720,8688,126.58,2024-08-08,False
175173,6413,8387,576.66,2020-05-23,False
430909,8793,7762,185.94,2017-10-29,False
93499,9705,4030,147.16,2022-02-09,False
517124,4602,9959,117.37,2023-06-03,False
234744,8405,7752,511.67,2023-08-04,False
675710,5029,5325,22.08,2012-02-10,False
735811,9089,4834,5.32,2022-01-29,False
743548,1740,9007,127.19,2024-10-26,False
102833,4572,9960,529.55,2021-08-07,False
186389,3506,9653,558.47,2020-11-15,False
780465,1616,6023,151.77,2024-10-03,False
781697,9602,6589,149.35,2022-01-07,False
1053367,7704,9463,149.86,2020-01-22,False
896718,9796,7660,168.05,2022-08-23,False
813752,9074,8549,8.69,2021-09-11,False
79910,9453,2070,450.85,2015-02-17,False
1193,8548,6220,468.5,2019-06-23,False
1019642,9163,9862,6.65,2019-07-26,False
1295025,3066,9568,16.79,2024-09-05,False
670493,3551,1920,471.82,2021-05-01,False
142251,9783,9920,171.58,2024-08-13,False
983654,8953,6593,321.57,2018-03-20,False
921132,9757,5617,173.78,2020-07-18,False
657067,4573,9103,441.83,2016-02-08,False
406649,9701,2500,163.08,2015-09-17,False
1305177,6602,7110,131.77,2016-09-05,False
1161497,8461,9872,543.02,2013-01-07,False
217947,5046,3018,13.55,2024-10-27,False
347487,2027,5777,27.61,2024-09-17,False
27738,8142,9778,14.24,2018-12-28,False
1240239,7121,899,12.48,2016-01-30,False
1074054,432,9822,406.48,2024-10-22,False
723193,7672,3267,109.76,2022-06-04,False
1199545,9041,2393,7.24,2017-02-06,False
92548,8527,6691,485.33,2022-03-20,False
685120,9730,8106,102.51,2020-07-29,False
1035288,9795,9710,146.25,2016-03-20,False
989246,8625,6476,109.44,2013-09-14,False
949564,8615,4919,104.56,2016-02-24,False
359123,7036,2962,9.89,2020-10-13,False
92210,1919,2933,325.38,2024-10-20,False
328594,7779,7505,166.11,2018-07-07,False
1201706,6664,2843,195.99,2020-01-29,False
1103301,9784,9722,168.92,2019-04-24,False
296280,160,9959,49.05,2024-10-19,False
1209145,1437,8641,508.2,2024-10-18,False
161066,9048,6463,6.22,2012-08-05,False
125507,1567,9892,528.15,2024-10-08,False
890155,6782,916,160.99,2024-07-30,False
774537,4155,4256,14.25,2020-10-07,False
276987,6527,1733,556.33,2023-01-04,False
991026,4121,8480,15.09,2017-01-03,False
91780,8124,6677,10.86,2020-03-15,False
1077292,7701,9415,127.73,2019-10-16,False
712552,9065,5309,5.26,2013-04-20,False
130536,7612,4905,110.73,2015-04-17,False
1154930,9615,611,177.72,2019-01-21,False
817330,2623,5682,111.5,2024-09-26,False
1252147,8530,9135,515.1,2013-07-27,False
237128,3465,3936,418.17,2013-09-13,False
579190,9940,7642,367.54,2024-02-10,False
485516,6990,7044,359.38,2017-06-23,False
84469,2418,366,458.0,2024-09-05,False
860080,7145,9052,9.3,2017-03-28,False
25501,3778,9816,132.91,2013-09-27,False
161439,5689,2729,171.55,2018-10-18,False
437246,9127,2665,6.17,2014-12-10,False
1132601,9637,4819,104.5,2020-06-13,False
1231709,2137,9983,23.06,2024-09-26,False
869848,9699,3169,180.38,2017-03-12,False
1288673,7056,1887,14.65,2022-09-11,False
797982,9112,9986,9.26,2022-02-09,False
656530,3733,9987,112.98,2023-01-17,False
765940,1646,6289,144.13,2024-07-16,False
1043344,6626,8124,163.99,2017-06-18,False
104666,3425,9036,437.61,2012-05-29,False
475766,2430,9871,427.22,2024-10-05,False
368059,5792,7199,174.42,2013-01-17,False
985228,9382,9932,2366617.8,2018-03-22,False
531684,7805,9685,226.63,2022-04-15,False
542197,9783,9633,171.58,2021-04-01,False
197448,4705,9394,177.47,2016-11-19,False
702245,1219,9314,218102.1,2024-10-28,False
849315,501,9872,469.57,2024-10-10,False
653722,5431,1788,474.2,2022-11-24,False
939946,7499,3825,556.26,2019-02-03,False
795779,8726,9979,116.26,2023-07-29,False
13409,9751,9195,128.78,2016-01-30,False
1159067,4766,9432,193.08,2018-04-23,False
659313,5134,4784,11.26,2022-05-01,False
995457,5040,5566,18.68,2023-05-24,False
384083,9644,5070,189.14,2018-12-27,False
260721,7547,6064,548.45,2022-09-09,False
579739,1143,5871,35.15,2024-08-21,False
165253,9672,4268,179.36,2022-01-18,False
1021847,6533,3428,499.1,2014-10-16,False
1255634,9645,3840,186.17,2022-08-03,False
1081241,1436,8112,436.2,2024-10-18,False
907857,153,4681,41.9,2024-10-19,False
133728,8010,8953,13.77,2021-01-11,False
859174,8647,1821,197.05,2019-07-12,False
1076754,6564,8002,471.36,2012-11-30,False
497112,6687,5082,112.33,2020-07-06,False
514808,8065,4868,13.96,2012-11-20,False
608694,9424,4294,404.42,2014-11-04,False
943487,2886,3548,399.14,2024-07-26,False
759941,5504,4706,442.02,2013-05-14,False
863829,9501,8178,547.08,2014-03-02,False
210681,3592,2416,465.54,2015-08-27,False
799141,637,8644,138.13,2024-08-16,False
1310624,9188,4003,5.85,2022-06-22,False
837660,2505,9155,453.91,2024-10-03,False
236544,7980,9752,375.13,2021-09-30,False
588943,8797,8397,111.76,2018-04-16,False
935675,7082,8997,14.28,2014-10-30,False
737770,6167,9658,15.0,2018-03-14,False
918678,9694,9135,105.93,2012-11-25,False
1204222,9695,3394,144.41,2019-05-23,False
408959,8587,4184,578.6,2023-04-20,False
862569,9797,9803,141.02,2023-10-27,False
354301,7683,6790,177.83,2016-12-28,False
124825,9603,4488,109.08,2014-09-06,False
316668,6109,5174,10.04,2019-01-03,False
953119,9085,9528,5.66,2020-02-23,False
98720,2417,2876,567.19,2024-08-29,False
1080362,1636,1272,118.31,2024-09-23,False
326299,733,6143,110.23,2024-10-10,False
163287,9796,3337,168.05,2014-08-15,False
902782,7107,531,13.14,2015-06-25,False
445446,3457,9047,493.0,2014-10-14,False
660300,7722,8203,177.22,2013-07-23,False
92186,1091,7085,20.83,2024-10-16,False
374900,8783,9560,157.83,2020-02-13,False
910552,9639,2578,190.83,2023-11-26,False
1314929,2010,9128,31.01,2024-10-16,False
669923,5706,9828,199.49,2013-10-18,False
909604,7678,9130,179.13,2015-06-26,False
171357,6781,4409,137.3,2016-08-28,False
1229291,5047,9905,16.72,2023-04-27,False
155338,2783,9780,193.32,2024-09-21,False
466571,830,8455,356.29,2024-09-13,False
85808,488,3858,554.76,2024-09-24,False
1225611,2606,9945,167.77,2024-09-25,False
672454,9710,9743,133.83,2013-04-04,False
1127180,5000,6957,12.7,2017-12-10,False
92703,9765,1084,122.3,2024-08-08,False
135947,8782,6337,145.96,2016-06-06,False
439767,5131,6904,18.07,2013-02-13,False
1051422,1038,3186,28.23,2024-10-16,False
783298,7661,9961,169.41,2023-10-19,False
473110,7531,9893,482.95,2023-12-10,False
727205,8749,9883,113.79,2014-05-28,False
1240850,1718,9652,150.67,2024-08-08,False
1070482,8492,8332,588.77,2023-05-11,False
598713,9088,2179,7.08,2020-01-29,False
514733,4572,9960,529.55,2023-06-11,False
387064,5061,217,15.83,2021-01-05,False
848625,2564,6718,499.48,2024-08-27,False
1231770,9950,8497,292.85,2013-06-06,False
129039,6713,2667,143.91,2018-04-29,False
217336,3576,496,435.89,2021-07-08,False
446244,8755,8210,149.63,2014-06-17,False
275948,7219,7270,12841.18,2024-05-20,False
620655,1149,9831,29.17,2024-10-13,False
84024,2484,1107,432.48,2024-07-24,False
95893,6032,9960,14.51,2014-06-08,False
815232,9646,3523,188.13,2013-02-18,False
221232,5507,7286,503.17,2015-07-24,False
689410,7743,9741,127.09,2021-08-10,False
108405,7623,6096,142.61,2016-04-28,False
1059669,9035,8643,8.84,2013-03-05,False
820697,4631,5709,172.5,2022-09-06,False
10828,5559,5693,568.89,2013-03-17,False
467955,4689,9973,194.16,2018-10-27,False
857515,8625,4213,109.44,2023-02-20,False
386990,7123,5746,11.38,2018-02-01,False
847913,9604,9910,102.51,2020-02-10,False
83694,8024,9760,12.25,2024-08-11,False
197476,5184,9202,13.29,2019-10-27,False
388461,4570,9147,577.7,2019-01-01,False
794312,6198,7457,17.36,2013-11-26,False
747591,7640,8826,116.65,2014-10-21,False
173430,5041,9623,20.11,2019-11-01,False
807717,5247,5872,797470.06,2024-07-05,False
1226945,5747,8608,109.34,2014-11-11,False
234801,7061,8291,17.75,2019-11-18,False
84902,648,9613,106.01,2024-10-10,False
573122,6723,8275,133.13,2015-10-25,False
553160,4083,5676,16.46,2013-11-03,False
787036,8656,2117,176.1,2015-08-30,False
733565,134,5966,36.71,2024-10-11,False
924487,6039,6832,14.41,2016-01-18,False
452920,7735,9968,140.6,2022-07-19,False
571415,7798,9671,199.83,2016-11-23,False
366220,5487,1248,507.86,2020-12-29,False
1310097,6239,8716,21474836.0,2017-04-30,False
1006109,4650,8548,195.72,2020-12-18,False
1072621,9410,9521,596.47,2013-06-14,False
641085,7471,3935,519.45,2021-10-28,False
681295,9068,9928,6.65,2019-11-30,False
29288,9627,3920,140.52,2015-07-06,False
1173869,8427,6087,437.8,2015-05-23,False
545335,7737,262,178.86,2013-04-12,False
422111,9105,647,5.46,2012-11-08,False
734208,8264,9575,1104495.2,2018-12-14,False
662086,7794,1581,113.2,2015-12-09,False
600175,9697,8594,124.95,2021-12-01,False
473021,194,5040,35.36,2024-10-14,False
1184907,9142,5563,7.38,2012-02-09,False
1017780,8868,9234,237.74,2018-11-21,False
949572,759,9015,180.89,2024-10-22,False
896814,4496,6099,432.14,2020-11-29,False
1098051,6107,7821,12.76,2023-06-10,False
108306,4494,4790,556.89,2017-12-10,False
678903,9693,9141,159.42,2014-05-31,False
108787,2715,9993,138.1,2024-08-26,False
1189199,8966,8431,268.36,2017-03-19,False
1034850,4434,9687,491.13,2020-02-03,False
1189454,1694,6919,148.97,2024-10-18,False
551478,2155,6276,22.37,2024-10-14,False
545317,8078,5562,9.97,2016-03-28,False
743112,4151,5031,13.76,2013-10-24,False
588579,741,9980,136.86,2024-10-14,False
225548,8189,9938,9.74,2016-01-03,False
1284614,9661,9681,183.52,2020-05-30,False
1022339,6040,9824,18.9,2014-08-27,False
121815,5654,9715,179.88,2014-07-31,False
392865,5158,9070,14.2,2016-03-02,False
132737,5000,9676,12.7,2021-07-09,False
1283698,9798,3543,144.36,2023-04-23,False
445533,5794,5739,121.37,2020-11-03,False
940286,9741,9216,118.93,2012-02-11,False
999144,9768,5463,161.94,2021-01-30,False
388646,4543,4112,522.46,2018-07-20,False
733316,4478,9542,453.76,2017-01-15,False
296592,2007,5303,25.09,2024-09-30,False
200979,9578,6097,435.35,2018-10-15,False
212232,9665,9563,151.64,2013-02-22,False
406603,8791,6884,119.37,2018-12-21,False
639800,5794,7313,121.37,2013-02-06,False
104868,9734,9529,151.13,2013-11-02,False
1292312,4165,8104,14.22,2022-10-13,False
725952,8717,4812,158.0,2022-05-06,False
207347,5787,7503,143.32,2023-05-26,False
888398,3044,8594,28.51,2024-09-20,False
698138,7067,9968,14.7,2013-02-10,False
547521,4452,9223,566.66,2023-08-15,False
1085975,1143,9761,35.15,2024-08-21,False
419138,8073,8707,12.16,2014-05-09,False
1273545,629,7646,140.33,2024-10-11,False
907588,2345,9360,2105728.2,2024-10-04,False
635430,9187,6108,5.49,2012-05-13,False
278603,462,8630,551.32,2024-10-16,False
835386,9528,9048,501.48,2014-03-11,False
754546,7275,875,530375.8,2021-10-17,False
1156528,2783,8772,193.32,2024-09-21,False
1294278,9590,9982,513.03,2012-11-02,False
606106,6141,5518,13.84,2013-08-24,False
856554,9000,8834,6.27,2013-11-05,False
606993,9465,6551,545.61,2023-04-28,False
862919,1516,4383,596.01,2024-10-18,False
646212,3646,7806,189.21,2014-08-09,False
167996,7763,9369,155.13,2022-07-20,False
819771,6056,3254,10.96,2018-03-23,False
533065,9186,6342,6.41,2013-06-23,False
1203142,9028,6321,7.58,2019-07-09,False
921161,6079,5133,14.73,2017-06-14,False
1180781,9602,7917,149.35,2014-05-28,False
1271540,9151,2963,7.86,2012-12-19,False
453449,9179,9820,7.65,2012-03-18,False
283054,8727,9928,131.5,2014-11-08,False
424208,6016,9571,16.7,2021-04-21,False
49399,4079,6131,10.56,2014-08-13,False
487892,5685,5116,152.88,2018-06-12,False
684968,5784,9968,122.31,2013-02-02,False
543692,8061,5975,11.97,2012-07-06,False
493762,1197,4854,22.46,2024-10-09,False
1158356,3052,6085,18.09,2024-09-19,False
1218438,9044,9226,5.04,2019-02-22,False
284387,9331,9744,57689.31,2013-04-09,False
120781,6653,2852,127.65,2020-02-23,False
202031,9791,3608,112.93,2014-11-17,False
1142592,2754,8996,194.32,2024-09-13,False
1003178,2660,7388,173.75,2024-07-18,False
1267376,9500,7860,575.41,2017-03-21,False
270811,5198,5701,21.22,2016-12-04,False
99461,2433,8630,403.57,2024-10-03,False
301671,7031,7102,15.03,2015-08-20,False
566432,4408,5320,466.2,2017-04-10,False
731131,7481,3303,596.61,2024-09-15,False
614797,8438,3170,497.32,2012-07-10,False
792269,6635,7979,197.97,2021-09-02,False
87963,6680,9770,118.01,2023-05-18,False
486435,3045,7601,19.5,2024-09-10,False
1305664,2715,2128,138.1,2024-08-26,False
263978,2576,4617,466.07,2024-09-16,False
599684,2016,223,32.18,2024-09-16,False
460545,9005,4817,9.1,2013-01-28,False
352209,756,1647,146.08,2024-10-08,False
1251983,1775,8095,160.88,2024-10-14,False
69404,8893,9960,222.74,2012-10-13,False
192048,4605,9890,125.15,2021-08-22,False
260434,2456,8123,497.85,2024-09-19,False
424909,1072,7692,21.81,2024-10-09,False
792879,9149,7619,8.25,2012-03-05,False
118812,8106,879,11.22,2015-01-03,False
689428,5635,6222,183.41,2017-11-15,False
488230,2585,9322,470.8,2024-09-12,False
475045,7609,5935,132.47,2024-08-10,False
640281,5538,9135,454.54,2018-09-22,False
35592,6700,5428,157.58,2021-05-23,False
709878,5748,4627,141.52,2016-08-07,False
1118803,9707,9906,166.41,2024-10-04,False
1262405,4517,9972,408.85,2015-05-11,False
25843,8723,9617,182.17,2012-05-16,False
103483,937,9224,230.16,2024-10-09,False
1043707,9773,8577,179.07,2014-04-08,False
1095592,7414,8135,547.57,2021-02-20,False
1287821,2459,8046,514.52,2024-09-30,False
1305932,4206,9931,14647043.0,2019-07-20,False
329391,5049,854,15.44,2022-06-14,False
546341,7495,9124,514.57,2017-05-23,False
135590,117,9540,34.22,2024-10-25,False
1261203,4090,5462,23.4,2022-01-09,False
198206,4035,9415,14.94,2024-08-10,False
973788,2095,8899,30.51,2024-09-14,False
573275,8381,8999,308427.7,2015-10-17,False
805397,651,8571,105.23,2024-10-16,False
663244,9091,9984,7.27,2013-12-22,False
449002,8147,3634,13.31,2020-03-04,False
974741,5172,8971,16.19,2021-07-03,False
796007,6603,280,115.98,2015-02-06,False
782108,4945,8376,287.76,2022-09-18,False
1087453,5088,4972,20.96,2019-08-28,False
1214938,2745,4037,122.68,2024-06-05,False
104715,800,1753,303.05,2024-08-14,False
340287,9751,4396,128.78,2015-02-25,False
363194,4539,6263,464.01,2021-11-18,False
79559,9667,1124,150.8,2014-06-14,False
228719,6746,5562,139.75,2019-06-07,False
696071,9187,4017,5.49,2015-02-12,False
321271,9771,9411,189.02,2017-06-15,False
1196574,1508,4271,448.7,2024-10-11,False
1052278,9655,9876,107.23,2015-01-26,False
148886,5142,9377,15.87,2017-07-08,False
887418,4102,5833,21.95,2021-05-08,False
942278,6120,7163,12.31,2012-05-04,False
828728,1800,7563,302.54,2024-09-15,False
527265,8944,7662,211.64,2013-08-05,False
668394,9720,8294,114.62,2018-04-25,False
588221,1445,1544,590.6,2024-10-22,False
409469,1577,3390,514.64,2024-10-27,False
831358,5757,9911,193.13,2013-10-11,False
59150,6111,9896,15.76,2012-07-13,False
1139570,9925,8652,267.02,2018-04-17,False
465283,8520,6031,598.32,2018-09-17,False
1008137,9744,1360,162.21,2020-09-15,False
29036,6078,9335,12.25,2014-11-15,False
550410,9609,6944,177.6,2014-08-09,False
1097726,8121,2677,11.89,2017-12-08,False
738741,555,3705,473.85,2024-10-10,False
498160,591,7351,431.23,2024-10-11,False
877466,3503,3337,594.95,2024-04-14,False
633545,5757,9300,193.13,2012-11-19,False
288823,1749,4588,155.22,2024-10-09,False
473101,534,6262,579.53,2024-10-18,False
1158277,5509,1833,459.01,2017-06-12,False
113181,9008,755,8.95,2015-06-24,False
1091476,8793,5639,185.94,2018-02-10,False
507578,7472,8861,415.39,2012-07-14,False
429323,6699,9139,198.5,2023-07-24,False
235702,8560,8266,563.25,2018-09-04,False
786236,9023,9074,8.45,2018-07-14,False
804301,4113,8259,13.01,2022-10-13,False
903208,9762,4084,103.43,2023-01-11,False
1170801,9168,9833,5.62,2020-12-14,False
814771,8171,1568,11.0,2022-10-27,False
34175,9427,9345,436.14,2013-10-09,False
11759,3176,9999,25.65,2024-06-06,False
1148655,4724,3201,142.39,2015-01-28,False
250030,9714,7899,170.33,2012-05-03,False
388117,8614,8794,177.89,2013-11-25,False
847246,5561,1579,460.73,2013-05-09,False
342570,7021,3198,10.15,2022-11-11,False
495069,8659,9924,169.41,2020-08-07,False
1204749,9680,5849,128.36,2014-05-06,False
26831,9776,6891,114.16,2013-01-26,False
1260184,2457,9178,431.07,2024-10-02,False
361381,8658,9128,163.69,2022-11-29,False
238777,4173,6991,13.71,2015-09-04,False
1294297,7236,4987,21474836.0,2018-08-15,False
441068,9523,9289,481.82,2022-02-20,False
823557,533,9391,431.27,2024-10-11,False
744860,9477,9267,445.3,2021-07-24,False
791356,6741,9914,190.61,2012-04-23,False
78982,2054,6987,29.4,2024-10-13,False
132796,7784,9189,144.07,2023-07-08,False
360244,786,9892,144.17,2024-08-15,False
398224,8647,6807,197.05,2024-09-24,False
747087,9112,7706,9.26,2019-02-26,False
665018,9153,9786,5.85,2021-12-19,False
224272,5557,7708,555.59,2019-02-23,False
342178,3073,9965,22.66,2024-08-29,False
7035,9002,4350,6.17,2015-06-25,False
1194829,8749,5887,113.79,2022-06-09,False
476373,8502,9971,583.45,2013-10-31,False
717465,8695,6594,145.05,2022-08-10,False
1226697,9013,7822,9.19,2014-12-21,False
564871,9489,8596,465.19,2022-12-14,False
768625,8064,7558,12.53,2024-08-07,False
1002925,9088,7126,7.08,2018-11-30,False
878233,7180,3622,8.57,2021-12-03,False
1307192,7678,9915,179.13,2022-09-21,False
186863,7840,9322,264.5,2017-03-16,False
1254812,5570,1699,402.91,2023-06-11,False
1233601,9453,2070,450.85,2013-07-15,False
1277071,3882,2845,240.58,2015-05-15,False
1019844,9172,3217,9.39,2019-03-03,False
329596,5552,4628,564.78,2024-04-19,False
464734,3070,9900,25.76,2024-07-14,False
98195,8685,9510,148.38,2020-10-31,False
627780,7495,9124,514.57,2012-09-16,False
94858,167,8513,41.69,2024-10-09,False
1216332,9115,5673,5.57,2018-04-22,False
1183547,8528,9872,546.38,2014-03-04,False
1127462,7756,6927,131.53,2014-08-30,False
1061105,2108,4285,30.54,2024-09-26,False
326053,7474,7572,458.52,2014-01-22,False
1178112,7760,4703,100.94,2019-04-03,False
293579,3150,4763,19.34,2024-08-04,False
516702,487,1974,419.83,2024-10-16,False
297985,2791,9797,136.88,2024-09-11,False
1046783,8132,9585,10.67,2015-02-16,False
223340,7194,9352,8.69,2024-03-30,False
410090,5022,9332,14.92,2017-10-31,False
296532,8623,4421,174.16,2022-03-07,False
197341,9658,9106,168.52,2013-08-20,False
440568,6410,9576,510.08,2020-06-29,False
906039,9681,9887,128.88,2014-04-28,False
535098,8634,9914,109.3,2012-11-10,False
1231733,6781,4409,137.3,2016-10-14,False
352823,8089,6809,9.51,2018-01-06,False
299944,8764,5349,150.14,2020-02-08,False
1296185,1035,6636,27.21,2024-10-19,False
329382,1148,520,24.77,2024-10-15,False
471,3699,1060,124.23,2016-12-13,False
982693,1128,8817,36.26,2024-10-26,False
1126493,1333,9989,6437134.5,2024-09-28,False
135269,9660,5277,179.33,2024-02-21,False
1317040,8655,6526,113.47,2015-11-05,False
105045,2303,1467,1679.38,2024-09-24,False
1256551,2690,4123,106.8,2024-09-25,False
683762,1045,6780,28.0,2024-10-25,False
1086555,9776,6818,114.16,2013-02-16,False
1136314,3843,5042,252.88,2016-05-10,False
871916,7022,9994,15.33,2017-10-09,False
591230,5038,8813,19.97,2022-12-25,False
670303,2541,9992,580.65,2024-09-04,False
1069248,9106,9983,5.37,2016-06-09,False
783673,9754,4733,173.49,2019-03-31,False
749442,6403,77,576.52,2023-05-11,False
298486,9142,5850,7.38,2012-08-04,False
101016,7705,9438,118.93,2017-06-12,False
255809,6411,146,434.66,2020-12-17,False
236820,7747,4501,107.94,2015-05-01,False
822987,6330,9983,635112.4,2019-02-16,False
415350,9482,9169,400.67,2016-01-01,False
708892,5145,8444,17.76,2018-01-14,False
47183,5118,7584,14.43,2020-08-02,False
1290121,1503,9387,573.29,2024-10-22,False
615272,4471,3060,487.26,2012-07-31,False
930351,9563,9388,414.61,2022-11-17,False
968853,974,9960,384.91,2024-10-16,False
860404,2690,4123,106.8,2024-09-25,False
593425,1098,8494,20.86,2024-10-17,False
331699,2637,6778,170.46,2024-09-19,False
942226,8127,7384,12.59,2014-10-16,False
843308,2436,3957,526.66,2024-09-11,False
17769,8130,9862,8.39,2022-04-26,False
552281,8763,9972,119.58,2021-07-26,False
340339,5633,5507,130.72,2014-11-21,False
32124,5006,9778,13.26,2013-06-24,False
260140,2543,9323,473.57,2024-10-02,False
609901,5787,6144,143.32,2016-03-20,False
505715,6174,8095,13.24,2018-09-10,False
289721,7183,9606,13.64,2020-12-07,False
789906,8016,7405,9.11,2014-10-23,False
899671,4753,9996,141.52,2023-12-07,False
657944,2498,9782,527.36,2024-09-27,False
877654,8787,3368,150.75,2019-03-29,False
675833,6113,1448,19.95,2023-11-06,False
475715,7150,9911,11.95,2018-12-16,False
597479,9719,6207,161.86,2018-02-09,False
45423,5430,6395,573.14,2014-11-02,False
455841,3491,9870,407.14,2024-07-20,False
491101,519,8611,468.89,2024-10-11,False
1320519,473,8633,443.2,2024-10-23,False
842501,8649,9176,133.63,2015-05-14,False
417257,9718,2318,122.94,2023-01-23,False
214086,7426,9762,445.98,2016-05-20,False
551,3074,1738,20.63,2024-09-06,False
200186,754,9852,193.41,2024-10-14,False
806569,1223,8597,1936494.0,2024-10-14,False
14428,8706,6154,181.8,2019-06-14,False
661524,1795,9975,161.16,2024-09-25,False
77596,8799,5894,102.97,2014-08-28,False
670041,1167,9834,22.37,2024-10-10,False
730086,9156,9421,8.93,2012-08-03,False
937979,8075,8834,11.79,2018-10-20,False
531512,6134,9969,11.59,2019-04-12,False
176428,5176,9785,18.41,2022-08-08,False
1066028,8645,4182,186.05,2014-04-23,False
322106,6006,9255,15.47,2014-08-23,False
974638,9750,9697,140.86,2024-08-16,False
505294,9092,5418,7.88,2023-08-15,False
1243131,8051,9078,8.8,2014-10-16,False
1223178,9728,3255,172.55,2012-03-31,False
1290666,7587,5032,415.23,2024-06-16,False
773828,7605,8972,126.51,2019-06-02,False
1293132,8011,8779,13.72,2023-08-05,False
370019,7414,8135,547.57,2018-09-19,False
1211747,9573,9840,573.66,2024-05-24,False
1095486,7729,3956,163.97,2024-05-02,False
208118,454,1316,574.51,2024-10-25,False
248113,8639,5729,125.44,2017-12-17,False
1158878,8570,8442,514.95,2015-04-13,False
319378,9159,7551,9.33,2015-10-24,False
1092376,2026,1062,32.98,2024-09-17,False
349337,4170,9816,17.8,2022-08-25,False
405545,7514,8410,496.7,2021-10-03,False
790731,7638,9955,110.5,2014-07-28,False
1087072,3512,9983,524.59,2014-02-21,False
261156,5049,3279,15.44,2022-04-30,False
44922,1498,5460,486.38,2024-10-22,False
987147,9576,4095,409.75,2018-08-20,False
1183940,8032,2558,9.58,2023-11-27,False
1157887,6,7770,89.19,2024-10-14,False
529697,9797,9968,141.02,2023-09-28,False
359721,7626,6626,161.1,2016-08-08,False
880415,9659,4186,191.0,2012-04-09,False
793078,5574,3925,425.42,2013-10-09,False
780901,1566,4284,535.44,2024-10-15,False
975562,3720,9859,186.46,2021-12-29,False
591547,6613,8184,162.3,2021-06-15,False
1294524,2741,9858,103.73,2024-08-13,False
265492,3594,2158,420.66,2024-05-05,False
52793,387,5041,2381.15,2024-10-12,False
78715,9112,6538,9.26,2012-12-30,False
338960,9699,9201,180.38,2014-04-03,False
224995,2588,8689,516.82,2024-08-03,False
702821,6667,9966,197.19,2018-08-24,False
682522,5662,9987,188.13,2019-02-04,False
46592,8008,9977,9.21,2017-10-04,False
691347,4116,6629,20.45,2014-02-14,False
225783,8449,6175,508.08,2019-06-21,False
113487,9103,9772,6.22,2012-09-19,False
968862,9732,5267,121.75,2017-11-02,False
928262,3452,352,519.4,2024-01-07,False
1305933,6420,7153,536.82,2019-04-10,False
1190311,428,1275,477.33,2024-10-11,False
702063,4570,9147,577.7,2016-02-10,False
959427,6107,8770,12.76,2013-08-11,False
563107,9728,8638,172.55,2020-02-13,False
368442,8119,9556,8.87,2013-07-17,False
28025,8658,9443,163.69,2013-01-11,False
106072,9116,537,7.53,2020-10-28,False
703939,6666,7970,103.8,2023-01-12,False
179174,7623,6803,142.61,2014-02-13,False
657716,7776,1101,178.13,2018-09-02,False
647412,8110,7310,7.96,2019-11-30,False
646083,1635,9985,172.38,2024-10-19,False
459626,1430,7574,495.98,2024-10-20,False
648673,5016,5509,22.06,2021-06-24,False
290109,8939,7243,280.01,2019-04-20,False
981835,7107,5345,13.14,2016-07-03,False
709579,8700,2712,199.08,2021-09-06,False
68497,695,9112,138.83,2024-10-24,False
1319176,9758,7595,183.74,2017-11-07,False
1081974,8047,7830,13.98,2022-06-07,False
877979,4010,6574,24.49,2023-02-01,False
884471,7701,9540,127.73,2013-07-07,False
493668,9643,78,190.14,2013-01-28,False
682969,7538,2867,439.02,2013-05-16,False
954722,7161,9260,11.83,2019-09-01,False
1084345,5743,3630,165.66,2020-09-12,False
681136,9575,9983,555.5,2022-02-22,False
188216,5487,1248,507.86,2012-10-26,False
454167,6641,9265,158.5,2023-01-28,False
784905,538,9599,448.57,2024-10-17,False
35240,5042,9905,11.95,2022-07-31,False
224310,7417,1547,459.92,2015-07-31,False
513355,8720,8454,127.76,2015-08-14,False
207552,9091,6424,7.27,2023-01-21,False
493038,2682,7043,155.16,2024-08-20,False
1219681,5946,8277,253.82,2020-07-11,False
785962,9851,9587,291.01,2022-08-03,False
817469,9659,1652,191.0,2023-11-04,False
710992,2157,7809,20.82,2024-10-14,False
585382,3486,3903,567.47,2015-10-06,False
863653,9912,8299,292.52,2019-04-07,False
361127,3525,7583,422.76,2023-03-17,False
1164016,4561,8760,495.97,2022-06-14,False
1272769,2656,9669,128.33,2024-08-29,False
1319259,3437,9311,531.1,2012-07-26,False
1231542,6037,8584,19.03,2019-04-14,False
739176,4535,543,504.97,2022-01-05,False
669885,4451,4859,587.16,2021-03-15,False
1089876,9430,6374,509.82,2021-02-10,False
13294,2548,2636,555.34,2024-03-22,False
550358,5403,234,540.42,2016-02-03,False
964594,4115,3920,23.99,2024-10-29,False
326539,7420,2878,438.44,2019-02-08,False
904059,3449,441,470.42,2012-04-03,False
40346,7144,9883,10.0,2023-07-06,False
716371,9532,9245,460.54,2020-05-30,False
1186241,7739,4522,197.36,2023-12-20,False
660985,5408,2238,468.41,2016-02-23,False
251514,6772,9211,131.27,2020-01-12,False
1273907,9073,9128,5.35,2024-03-02,False
1020599,7677,9652,101.44,2021-05-23,False
121741,840,4904,325.79,2024-10-08,False
122093,2056,7124,29.75,2024-09-27,False
469257,5771,9725,155.24,2013-10-08,False
1194459,8770,9550,140.55,2012-09-22,False
581990,3468,7032,546.79,2017-01-31,False
689375,545,2724,415.57,2024-10-11,False
1267454,8272,7086,21474836.0,2023-02-27,False
1008064,4053,9918,23.29,2020-12-05,False
715321,473,8633,443.2,2024-10-23,False
551398,4121,5715,15.09,2017-03-11,False
1220327,5530,5592,573.0,2014-11-03,False
360653,3608,2347,106.62,2017-03-25,False
1166064,2884,6395,396.19,2024-09-23,False
1165719,7108,8288,14.78,2020-07-29,False
708751,8064,4435,12.53,2016-08-15,False
1283555,8170,9980,10.67,2013-10-09,False
772199,9115,2369,5.57,2017-02-12,False
922933,7688,6519,132.66,2015-08-20,False
989904,3055,8523,23.58,2016-12-07,False
123931,1557,1745,561.47,2024-10-06,False
167911,4468,572,441.39,2022-08-19,False
616969,8509,9873,548.83,2020-11-19,False
265161,9749,4792,127.41,2012-02-10,False
1108092,2768,8442,189.57,2024-09-22,False
1245294,9652,4640,111.47,2019-12-03,False
1153200,5401,1437,504.83,2019-04-19,False
5442,5770,9825,128.47,2019-12-22,False
889451,7339,6748,1055452.9,2020-05-06,False
391699,7618,7172,103.98,2021-07-20,False
1074194,7714,6431,189.22,2015-04-27,False
1154715,6331,6910,20114662.0,2020-03-12,False
841080,6861,9377,387.82,2013-07-25,False
565374,4041,6414,15.51,2020-03-20,False
874624,2402,6137,528.01,2024-10-04,False
256799,7196,9312,16.08,2015-02-27,False
393300,6096,3736,13.11,2013-04-17,False
442472,5766,9736,142.55,2023-04-15,False
897341,7063,4665,15.07,2016-06-14,False
1110821,9432,9249,551.65,2021-04-28,False
1013252,3415,1752,431.92,2014-01-19,False
1266274,4805,5619,293.1,2024-02-18,False
348549,9798,5674,144.36,2014-06-04,False
682191,2441,7132,544.94,2024-09-23,False
1249036,4418,9337,450.23,2014-05-17,False
1121197,4744,9986,185.27,2018-10-11,False
325681,9707,2871,166.41,2023-06-08,False
248906,6520,3626,540.01,2018-01-11,False
1075576,6112,7340,13.18,2022-10-31,False
110470,8608,9990,147.5,2017-12-28,False
156967,3413,9950,554.54,2024-07-13,False
653609,1573,8442,538.46,2024-10-22,False
634264,8635,9639,169.74,2022-09-05,False
639441,448,9872,524.4,2024-10-12,False
854216,4503,3527,405.51,2015-10-22,False
291334,9747,2561,101.44,2019-06-13,False
1087591,8743,5859,156.97,2023-10-16,False
608073,6047,5783,12.82,2013-09-07,False
1178856,8720,1701,127.76,2018-04-07,False
1242826,9634,8075,136.67,2017-03-07,False
837995,1407,4607,571.27,2024-10-29,False
52424,9166,3256,7.26,2013-12-20,False
30501,6161,7940,13.6,2021-05-31,False
640203,8562,9377,594.53,2018-12-19,False
961928,3581,7495,458.94,2020-06-28,False
1074202,5450,3990,565.96,2017-09-28,False
907160,7131,9374,13.72,2021-01-10,False
637445,6736,8160,179.33,2013-08-19,False
259634,4797,8526,154.96,2020-04-23,False
600611,4512,1788,560.55,2013-08-02,False
587776,2700,9015,147.72,2024-09-16,False
3012,5128,3929,20.25,2012-04-12,False
931315,4709,4799,156.47,2024-04-15,False
593191,6106,9301,19.22,2021-04-21,False
220550,4730,9864,185.08,2023-06-13,False
287175,8080,9459,13.13,2021-04-13,False
532616,5538,9135,454.54,2016-03-23,False
1063443,5184,3454,13.29,2022-09-28,False
475802,9761,3046,111.16,2016-08-05,False
320483,9641,5598,127.3,2016-06-29,False
598927,7721,2213,133.82,2017-06-20,False
645402,9129,1445,6.46,2020-07-04,False
1280182,6616,8554,132.03,2014-12-01,False
679713,5575,9675,582.41,2018-02-05,False
1214164,3071,1016,21.38,2024-08-13,False
310670,6757,6633,110.11,2015-01-27,False
60571,6053,9926,13.92,2012-07-23,False
446415,4773,8197,161.52,2023-04-19,False
965648,9635,9969,195.19,2017-08-06,False
54861,3668,5760,112.73,2021-10-03,False
733723,6127,8744,16.87,2018-11-19,False
666060,9669,8030,140.47,2024-03-14,False
476415,9067,816,7.57,2014-01-16,False
1309249,4014,9811,20.11,2023-09-12,False
381504,2056,9768,29.75,2024-09-27,False
1265533,503,4908,594.85,2024-10-20,False
884729,9463,9246,565.76,2012-09-14,False
1302599,5612,1700,130.97,2018-02-26,False
318922,8516,9872,471.69,2023-10-09,False
629260,705,7775,151.21,2024-09-25,False
1000225,8642,9976,147.82,2023-01-02,False
1025651,6658,9927,183.36,2018-07-19,False
989704,4151,7362,13.76,2023-03-21,False
895884,538,9599,448.57,2024-10-17,False
504337,9766,8023,108.37,2020-08-10,False
235279,7539,9785,517.44,2014-06-27,False
704834,8694,8234,185.0,2013-08-09,False
623550,6782,4416,160.99,2017-01-24,False
398107,6796,3526,181.52,2022-07-13,False
1219414,8489,9135,457.67,2024-05-18,False
125584,9707,9980,166.41,2021-08-07,False
65430,7709,4741,159.27,2021-04-01,False
945554,9942,9102,349.33,2020-08-12,False
374436,2239,4832,138833.56,2024-10-01,False
142716,9677,9771,149.38,2017-08-22,False
185704,9182,7532,5.46,2013-01-19,False
769574,3579,5607,569.39,2017-07-14,False
32495,6535,1489,472.48,2014-06-12,False
251570,718,658,170.41,2024-08-12,False
164423,7023,9009,10.74,2022-11-17,False
1001063,1652,5831,104.34,2024-10-10,False
1188773,6607,2204,184.99,2016-03-31,False
944320,5182,9258,19.24,2014-08-19,False
10291,4172,8170,20.29,2017-05-28,False
314748,3697,8922,119.69,2013-05-29,False
994085,2107,620,29.54,2024-09-18,False
1136531,6930,3239,268.92,2016-06-06,False
534479,8004,6824,8.96,2024-08-14,False
316822,4179,8514,15.77,2018-01-09,False
1286098,1407,4607,571.27,2024-10-29,False
2743,9621,9651,168.11,2024-05-25,False
83599,5752,3973,153.91,2016-08-25,False
128722,8199,7749,8.85,2019-03-24,False
286066,7773,6643,127.05,2017-09-30,False
427806,2432,2822,448.01,2024-10-03,False
560332,4024,3826,23.36,2024-02-19,False
942359,9667,1124,150.8,2023-08-25,False
789643,5408,2238,468.41,2023-06-01,False
594441,9700,8861,167.86,2021-07-26,False
156520,514,7671,404.92,2024-10-11,False
635746,6035,7464,11.14,2024-03-06,False
721030,8103,5120,10.97,2018-05-04,False
53997,9754,2565,173.49,2022-01-02,False
483337,3403,2888,585.32,2024-02-22,False
326082,606,2556,139.61,2024-10-13,False
94799,4692,9893,189.74,2024-06-04,False
1235581,199,3841,26.17,2024-10-14,False
1225328,7666,8647,102.33,2012-06-09,False
863254,9030,5470,5.72,2023-02-14,False
109598,3507,8662,557.08,2015-06-13,False
91938,6683,448,167.0,2015-10-23,False
683225,9740,4552,115.29,2014-08-10,False
1084522,457,9114,503.79,2024-10-24,False
694224,3734,4753,121.29,2017-10-14,False
568428,6802,1667,356.57,2017-06-24,False
505989,9725,7904,135.53,2017-05-24,False
164715,1618,8788,194.61,2024-10-18,False
451685,4088,5717,20.84,2021-09-25,False
532932,6147,8562,14.92,2013-07-27,False
385133,9774,9938,121.25,2020-11-04,False
363390,9115,271,5.57,2019-06-30,False
841038,7118,1198,11.46,2020-05-23,False
1213665,4554,496,518.01,2024-07-25,False
1299978,7010,8728,16.2,2014-03-24,False
141256,7417,1547,459.92,2014-04-03,False
1302234,2168,8678,19.66,2024-09-24,False
70000,5162,4474,10.59,2018-09-20,False
210116,9799,8753,138.71,2017-12-05,False
732049,5598,9641,463.22,2024-04-29,False
336497,9899,7517,2.67,2024-05-19,True
80785,773,7680,103.94,2024-10-17,False
546256,2182,9418,19.34,2024-08-14,False
1155030,5743,7947,165.66,2016-07-08,False
456474,9758,6582,183.74,2013-05-20,False
41265,2611,7026,145.22,2023-06-21,False
527905,6730,4259,197.6,2012-12-14,False
964310,3530,8178,509.29,2024-09-25,False
1161962,3581,7495,458.94,2013-04-15,False
222354,2119,6907,20.89,2024-10-02,False
1017687,9730,8461,102.51,2013-10-03,False
371662,1786,2435,127.68,2024-08-27,False
557498,3506,9653,558.47,2017-11-02,False
204781,1727,5096,199.3,2024-10-09,False
1302997,8146,4938,10.44,2019-05-01,False
663051,4587,7780,401.04,2015-04-10,False
616450,2524,2298,442.6,2024-10-01,False
950718,3102,9686,24.38,2024-09-10,False
455704,2933,9103,380.14,2024-09-14,False
1143845,7025,9200,14.39,2018-09-12,False
640587,4162,9867,12.76,2022-05-21,False
1253142,6614,7156,153.8,2018-09-06,False
113641,566,8561,559.29,2024-10-13,False
1212063,4044,7830,24.33,2016-10-11,False
532525,2001,3869,32.01,2024-09-19,False
308429,1313,4062,950.44,2024-09-25,False
541465,2744,2019,106.58,2024-09-16,False
932528,9508,8134,414.04,2018-07-08,False
595668,3401,4808,564.77,2015-09-24,False
745204,3043,3359,23.67,2024-09-09,False
917926,1401,8354,497.3,2024-10-10,False
463456,6447,1679,468.32,2018-08-28,False
1080688,9683,9266,108.62,2024-01-18,False
1303325,2495,7494,520.21,2024-10-03,False
103149,1427,9133,466.91,2024-10-03,False
1108709,1145,2855,21.43,2024-10-07,False
466504,7112,6919,14.2,2023-10-15,False
537592,5696,6107,196.99,2013-09-05,False
596264,1661,8078,164.57,2024-10-25,False
381172,5563,8820,530.6,2015-02-14,False
958930,586,9980,401.55,2024-10-10,False
467994,9794,6068,140.58,2020-11-30,False
931543,5637,1548,176.36,2014-08-19,False
887548,4432,2801,414.82,2018-01-20,False
40472,426,7077,482.23,2024-10-10,False
105631,7145,7641,9.3,2019-08-06,False
1192684,4118,5493,17.64,2013-06-06,False
314531,9029,5798,6.46,2016-07-08,False
396524,6691,9908,166.25,2019-01-24,False
602770,9712,9148,186.19,2014-01-08,False
921862,8772,4477,190.61,2014-06-27,False
1076519,8483,9026,517.57,2014-04-15,False
9419,7029,6162,11.77,2020-06-26,False
1110935,5522,9443,475.35,2015-11-21,False
883582,8607,3980,189.22,2018-04-14,False
1025725,9193,9992,4.63,2021-07-29,False
1009174,9721,1867,117.81,2019-07-03,False
101483,9405,7244,485.1,2017-07-30,False
1272935,6750,6366,144.19,2012-12-25,False
895432,4434,9687,491.13,2014-03-21,False
909180,8869,9795,244.94,2023-02-07,False
1123765,9560,9520,449.0,2012-02-08,False
859223,7082,7897,14.28,2016-10-09,False
21422,1338,9631,1454.85,2024-08-22,False
771120,8783,9403,157.83,2024-04-11,False
1148657,4724,7712,142.39,2014-04-08,False
14310,6441,5519,480.91,2016-12-03,False
1087610,9701,3222,14.81,2018-01-23,True
13732,7731,9123,170.55,2018-01-05,False
947848,8506,5360,415.85,2024-10-03,False
204103,7745,2967,119.58,2019-12-02,False
1208673,7602,9948,125.54,2020-07-22,False
1195300,4752,9538,135.77,2018-10-06,False
1305436,9746,2101,153.61,2023-04-15,False
407222,5091,1933,17.69,2019-10-05,False
1209077,8604,6291,139.83,2024-02-12,False
846834,6512,1910,414.14,2012-08-28,False
188776,9704,9651,183.69,2020-03-20,False
74685,8350,9935,19.34,2018-12-22,True
16986,7451,6573,579.09,2023-07-08,False
1145737,3443,9976,414.17,2024-07-24,False
205858,6763,9998,195.3,2017-05-04,False
468237,6743,9912,100.61,2023-04-03,False
1003886,2662,6070,171.77,2024-09-26,False
533252,8408,5195,478.77,2016-12-01,False
143143,5173,9849,16.94,2015-12-03,False
107224,8711,3520,149.61,2019-02-09,False
146080,6491,5519,442.47,2023-12-17,False
1250478,9617,4238,131.91,2020-09-06,False
1174856,2582,9048,582.42,2024-09-16,False
823659,2112,2270,22.2,2024-09-27,False
1152017,2751,5512,149.71,2024-08-01,False
826456,4192,8656,20.1,2016-12-17,False
762518,8766,8391,153.42,2018-06-09,False
519598,6570,3704,567.96,2019-07-08,False
1046467,9714,9194,170.33,2014-09-14,False
239739,9618,8927,173.36,2016-07-29,False
1055059,9722,8797,148.63,2015-03-22,False
168683,9898,9982,256.57,2022-12-12,False
1231380,6073,7396,12.96,2015-03-09,False
1268300,8165,6946,12.92,2019-09-16,False
791775,4472,4508,538.27,2015-05-13,False
1059269,9749,4647,127.41,2015-11-25,False
416966,5456,121,541.27,2012-06-23,False
1312183,9605,9216,158.11,2013-09-08,False
238803,8026,6082,10.19,2019-07-18,False
527222,8404,8420,509.54,2012-08-06,False
839214,2002,9485,19.94,2024-09-19,False
429217,7130,1578,14.48,2015-09-22,False
724117,2480,7594,452.01,2024-09-26,False
1063217,4930,1545,290.19,2016-11-10,False
1228533,5498,5792,572.34,2016-03-29,False
444811,8608,8166,147.5,2012-04-05,False
1099658,9623,7800,154.91,2018-11-10,False
584442,532,5098,516.16,2024-10-26,False
159091,1485,5285,548.47,2024-08-01,False
590167,1042,7265,20.31,2024-10-07,False
750458,6179,3699,17.16,2022-10-17,False
400634,9980,9987,318.45,2015-06-13,False
418419,1544,484,520.92,2024-10-06,False
207145,7711,7536,115.8,2024-06-22,False
1064242,3407,4012,507.14,2013-10-22,False
944467,4423,1249,503.94,2023-05-16,False
433293,9724,1867,160.66,2020-05-31,False
133435,9479,9641,440.14,2015-11-21,False
341918,8569,8773,535.36,2022-04-22,False
932716,9472,6251,436.98,2016-08-12,False
222693,7743,9021,127.09,2016-06-21,False
427287,7531,9893,482.95,2024-09-16,False
1059033,5589,5371,564.28,2013-10-30,False
303436,5486,4493,512.08,2017-05-27,False
964447,9061,5198,7.87,2014-02-01,False
1201253,3660,8693,121.98,2015-01-26,False
611482,9642,4427,159.52,2017-10-03,False
328626,1784,3967,182.82,2024-10-08,False
1298764,9795,9268,146.25,2023-01-03,False
60145,2691,9836,199.19,2024-09-13,False
102335,3454,5184,401.69,2024-08-05,False
684922,5727,9221,152.77,2021-10-25,False
745343,9683,2242,108.62,2018-01-17,False
753497,4456,9387,427.29,2016-03-30,False
780590,3484,4925,502.57,2012-07-03,False
48521,8048,9999,10.16,2020-02-25,False
513531,6168,8011,19.37,2023-12-27,False
384532,9628,9917,111.52,2022-06-03,False
623602,8735,6151,185.41,2021-02-26,False
972871,9146,9959,7.67,2023-06-18,False
56057,8704,9488,147.58,2019-04-21,False
467772,8746,6246,156.72,2021-08-29,False
603964,5446,3691,491.39,2014-03-17,False
695467,6658,9994,183.36,2013-02-17,False
220895,8191,2424,8.78,2019-12-10,False
910919,7159,9838,15.67,2020-09-30,False
1242208,8728,9975,162.33,2023-12-27,False
185201,8575,9389,491.57,2020-08-03,False
636665,9139,9221,8.53,2023-01-20,False
551401,8478,7131,548.79,2016-11-22,False
866367,4070,6855,15.23,2024-03-11,False
412009,615,7923,130.55,2024-10-11,False
902728,4483,4815,443.0,2021-11-09,False
153242,7426,9762,445.98,2024-03-11,False
410536,5692,6840,185.58,2012-06-30,False
769211,2508,7186,515.65,2024-09-14,False
1120686,5505,3516,444.13,2021-06-27,False
665068,5537,8002,563.63,2022-02-22,False
1241468,8694,733,185.0,2023-11-25,False
1154556,9458,7088,488.04,2016-11-05,False
308383,9681,8879,128.88,2019-11-14,False
826956,6661,9935,153.02,2022-07-07,False
1322482,4611,8876,164.07,2017-09-08,False
586510,5542,99,420.51,2012-11-29,False
44786,5796,9908,100.44,2017-05-12,False
909788,174,5336,41.33,2024-10-12,False
1192653,8500,9014,579.21,2022-02-22,False
466898,8565,6351,590.58,2012-08-20,False
1178393,3068,4822,28.22,2024-07-06,False
32608,5747,7784,109.34,2016-05-29,False
84873,1897,2756,392.3,2024-09-20,False
198372,4984,4691,317.67,2022-04-30,False
441603,9015,3576,5.93,2018-05-02,False
1280775,9026,9212,8.21,2015-01-10,False
459489,6511,6818,495.91,2022-10-26,False
113097,7171,9812,11.88,2021-09-03,False
1305433,9746,9325,153.61,2015-12-09,False
545062,9152,5298,5.58,2016-04-28,False
1140465,9680,9648,128.36,2021-10-27,False
1165484,2482,9433,540.53,2024-08-21,False
757910,7540,8321,563.96,2019-05-27,False
157575,7423,8399,572.5,2013-07-26,False
227352,2046,8557,29.56,2024-09-13,False
1202079,7706,6201,118.48,2023-07-23,False
482302,2546,8650,528.65,2024-09-25,False
200523,9713,7502,178.52,2014-11-25,False
1306505,9777,9145,133.52,2018-06-10,False
92386,9661,9877,183.52,2018-09-11,False
1234702,5565,5251,535.85,2024-08-08,False
583195,8122,9981,11.55,2015-08-17,False
27191,9747,6156,101.44,2018-05-17,False
752017,8091,9946,7.81,2019-03-02,False
1132642,7717,9958,134.35,2018-01-17,False
1083053,8074,6936,11.34,2023-03-03,False
627577,6083,5645,14.23,2022-11-13,False
815342,5700,8096,155.66,2022-09-17,False
496609,9246,6057,229906.73,2016-08-23,False
1249008,3124,5552,16.59,2019-02-16,False
96976,9566,8432,556.5,2019-01-26,False
462313,8562,9377,594.53,2017-04-27,False
236828,4626,4840,100.97,2019-05-12,False
792550,7535,4958,582.27,2014-08-10,False
671668,7012,9674,13.08,2012-08-03,False
243210,7257,9711,27000.29,2024-05-17,False
573913,7736,7884,150.85,2022-09-11,False
335216,6531,2522,558.46,2015-05-13,False
1056432,504,8355,563.79,2024-10-24,False
1171894,8608,9193,147.5,2016-01-31,False
979157,5509,1833,459.01,2023-08-20,False
1124513,9549,9243,543.54,2014-01-29,False
434379,9129,9393,6.46,2023-01-21,False
50360,9013,9533,9.19,2017-05-18,False
1313442,3571,8398,417.16,2014-12-05,False
639639,8011,5285,13.72,2019-10-18,False
624004,9806,6273,374.77,2017-03-09,False
1240637,6451,9909,507.77,2013-07-22,False
158578,2613,2971,137.44,2024-09-25,False
1043769,7044,9876,16.43,2017-01-30,False
571882,6080,8083,12.38,2021-12-20,False
771796,9770,1023,188.38,2021-01-27,False
232016,8018,7686,8.32,2016-01-20,False
178582,9624,9595,114.15,2014-12-09,False
887065,9429,8475,471.07,2017-02-13,False
152183,3376,9456,15311.89,2024-08-11,False
1156171,4191,9995,22.47,2013-02-02,False
455177,8122,9981,11.55,2022-06-15,False
536123,2431,8993,584.28,2024-10-06,False
906118,3130,9129,24.79,2024-07-18,False
487080,1730,9974,172.91,2024-10-14,False
1222449,2427,3937,522.52,2024-09-18,False
1002678,5382,9897,5056478.0,2012-08-02,False
374132,2530,4583,595.83,2024-09-20,False
499774,4183,7375,20.03,2022-11-14,False
665156,3116,4121,21.87,2024-08-16,False
1050400,9416,5980,453.69,2019-04-29,False
953329,3062,8059,18.94,2016-08-10,False
263216,1518,2930,513.17,2024-10-25,False
402049,656,4655,101.01,2024-10-18,False
633529,6529,8432,427.86,2021-12-09,False
1176493,6034,9858,13.09,2019-10-28,False
864907,7452,6939,443.19,2019-07-11,False
471600,6126,9581,10.94,2018-08-20,False
584680,5565,5251,535.85,2018-03-17,False
420860,6683,8757,167.0,2013-07-02,False
22742,1097,9829,25.67,2024-10-15,False
1052529,6483,6818,484.54,2016-04-24,False
1283921,3530,8178,509.29,2016-06-29,False
630126,3417,7230,521.65,2014-02-05,False
1175006,5341,9491,21474836.0,2019-05-10,False
1030782,9046,8890,8.23,2023-03-02,False
1066094,3746,5375,163.58,2014-01-14,False
1161396,9728,6954,172.55,2024-02-28,False
605071,9721,9118,117.81,2018-08-13,False
1105771,8783,1303,157.83,2020-05-20,False
292819,419,3228,483.57,2024-10-15,False
942735,2749,9983,115.59,2024-07-16,False
1170061,7065,2202,9.49,2018-10-19,False
874665,1441,9355,428.73,2024-10-02,False
939831,9793,9691,177.08,2013-12-14,False
322368,112,2126,34.84,2024-10-14,False
793400,9621,3913,168.11,2019-11-10,False
1030125,9129,7358,6.46,2016-11-16,False
5657,7745,6774,119.58,2012-05-24,False
826694,8456,9762,586.22,2022-03-10,False
799520,9011,8871,5.81,2014-04-17,False
1199288,6034,9517,13.09,2012-08-01,False
1188642,1539,9892,446.75,2024-10-16,False
1026802,4607,1407,176.21,2021-04-09,False
1071967,7079,3084,17.94,2019-06-09,False
1081783,1165,1830,39.74,2024-10-09,False
816799,8044,6570,13.27,2019-02-20,False
1228579,7673,3618,138.14,2012-03-02,False
200608,8641,9183,112.47,2017-08-01,False
146557,559,9557,483.45,2024-10-13,False
1251871,7739,4351,197.36,2014-02-09,False
759572,5246,9048,825753.25,2015-04-17,False
817576,4009,5762,20.29,2022-01-11,False
377565,4045,9586,21.15,2014-05-27,False
291396,2229,9787,41315.46,2024-10-11,False
829535,5789,5611,146.24,2019-03-27,False
592460,5780,7370,166.05,2016-01-06,False
101067,7780,4587,140.5,2012-05-11,False
1278562,3400,7510,590.47,2015-11-10,False
1280207,5724,9367,119.19,2014-06-03,False
929632,6964,9212,247.88,2016-02-11,False
983518,8733,2118,147.19,2019-01-14,False
1173081,2668,1345,132.36,2024-08-17,False
1060330,7141,9997,11.12,2014-08-30,False
348969,4786,9882,159.83,2013-07-19,False
972695,9932,4492,395.82,2015-08-23,False
302902,5742,6566,117.16,2019-01-22,False
57515,9679,3898,155.69,2013-12-31,False
28089,8766,8529,153.42,2013-03-20,False
254192,9655,9485,107.23,2014-07-28,False
391488,7658,9248,128.21,2012-08-18,False
1272701,9112,1006,9.26,2022-10-23,False
126270,6430,1920,462.98,2012-07-29,False
1046185,4774,5034,109.37,2022-02-03,False
550275,8059,1369,11.62,2019-11-21,False
1058360,6613,2626,162.3,2015-02-14,False
898790,6678,6920,102.29,2018-03-03,False
294164,9691,9999,140.16,2023-07-09,False
1070125,7793,9923,182.8,2024-06-05,False
819308,9716,9793,101.77,2012-02-14,False
924913,8640,8839,182.44,2017-11-14,False
856553,9000,6820,6.27,2012-06-01,False
1219221,8611,9841,120.81,2024-05-07,False
780952,8790,3130,136.02,2017-07-17,False
293580,3150,8917,19.34,2024-08-04,False
603666,4573,9103,441.83,2013-05-07,False
907673,3669,7313,167.13,2021-11-27,False
1198987,1928,8487,226.72,2024-10-07,False
226546,9117,7183,7.47,2021-08-13,False
120599,1087,9975,26.56,2024-10-23,False
1022710,2016,9740,32.18,2024-09-16,False
1255714,7532,8233,435.55,2014-01-12,False
670809,6488,3936,559.09,2022-01-09,False
1180004,7097,2323,13.92,2017-03-10,False
109691,7649,9333,179.14,2018-03-02,False
1284167,9776,7561,114.16,2023-07-23,False
993227,6049,7098,12.1,2022-09-22,False
209975,9557,8751,557.95,2017-09-11,False
154739,5773,7873,141.55,2021-01-30,False
123427,2922,662,266.95,2024-07-18,False
964696,2435,9069,503.44,2024-09-11,False
580241,6032,1342,14.51,2014-12-21,False
1193021,7456,9179,537.15,2022-02-05,False
1242756,8499,4062,514.4,2017-10-05,False
870100,7487,7198,408.82,2012-03-27,False
45856,2553,9145,513.78,2024-08-24,False
828037,3650,5012,152.3,2013-05-10,False
1135491,3192,9816,23.82,2024-04-18,False
1125477,9420,9069,489.07,2024-01-11,False
1256087,4582,8574,538.19,2015-09-28,False
866294,3040,7112,26.88,2024-07-23,False
579155,8794,8616,127.08,2017-02-10,False
1115128,578,7289,428.51,2024-10-15,False
495845,8660,9937,125.38,2017-03-29,False
841592,5937,210,377.66,2016-03-21,False
920324,9722,5788,148.63,2019-09-07,False
468815,5162,4474,10.59,2016-04-16,False
684864,9747,6156,101.44,2018-12-13,False
630901,7611,3423,186.36,2014-05-04,False
1114717,4027,5571,23.65,2019-02-03,False
15954,8654,9519,152.27,2014-10-06,False
553454,9772,9803,176.72,2016-01-12,False
251114,3479,3869,584.63,2024-01-17,False
918616,4004,8592,12.85,2016-10-03,False
384359,6751,9883,167.88,2019-02-05,False
435985,5618,8914,107.38,2013-05-08,False
1293091,2559,5692,451.42,2024-09-29,False
1244694,5456,121,541.27,2022-09-26,False
1126965,7210,7850,12066544.0,2023-04-07,False
134768,1174,1878,28.27,2024-10-08,False
611619,4759,1668,145.16,2020-01-28,False
1260356,6190,9600,16.65,2017-12-14,False
41104,3056,988,19.09,2024-04-30,False
1221670,8543,9003,404.29,2020-05-22,False
999518,7308,3364,2748586.8,2013-07-08,False
972082,1567,9892,528.15,2024-10-08,False
26694,8610,9903,126.72,2019-10-10,False
1162713,8548,6220,468.5,2012-10-30,False
974545,8121,4627,11.89,2013-10-31,False
1097748,8602,437,174.94,2024-03-31,False
858695,7795,5830,189.25,2013-01-27,False
606581,5244,3502,100608.71,2022-01-06,False
225624,937,9224,230.16,2024-10-09,False
802038,8791,7329,119.37,2016-11-14,False
557576,6286,9988,150716.89,2019-11-04,False
996333,1004,5125,23.75,2024-10-08,False
904957,6508,6581,580.61,2020-11-01,False
458710,9752,9990,115.98,2019-03-26,False
454207,2784,7501,163.36,2024-09-19,False
1069401,9755,7666,104.26,2021-06-09,False
714853,1425,8862,417.35,2024-10-20,False
1239198,7175,5504,12.25,2022-02-10,False
170649,8711,4268,149.61,2012-03-20,False
1203182,8753,3302,128.69,2021-12-19,False
363809,462,8630,551.32,2024-10-16,False
937370,8706,8194,181.8,2023-04-28,False
998039,6053,6674,13.92,2020-05-15,False
1063148,8310,9389,9586622.0,2017-08-15,False
972070,7623,9995,142.61,2016-07-15,False
37845,7115,8838,14.44,2021-02-24,False
710588,6415,8211,533.35,2014-06-28,False
137569,7480,8058,478.33,2016-02-04,False
484623,8734,9994,106.87,2018-11-27,False
4158,8584,7078,503.22,2021-12-05,False
1190160,8392,8238,7031542.0,2020-12-03,False
589641,1775,9065,160.88,2024-10-14,False
1306442,6513,2667,469.16,2016-04-17,False
261184,6691,8527,166.25,2021-11-21,False
275758,9701,9053,163.08,2012-11-23,False
1014311,8595,7121,481.67,2019-10-14,False
34903,1786,2386,127.68,2024-08-27,False
424225,8978,5250,341.54,2012-12-10,False
950638,4636,9659,167.86,2016-03-07,False
474589,5768,5938,139.24,2013-07-03,False
475626,9793,4372,177.08,2020-12-19,False
770793,8601,9121,194.55,2021-03-13,False
1130611,4136,6757,19.85,2016-03-15,False
60081,9081,6233,6.42,2023-05-27,False
882267,3707,5911,146.08,2012-10-16,False
537991,9505,6110,527.17,2014-03-25,False
333166,5094,9489,18.73,2015-12-30,False
1184938,9610,9339,146.39,2019-01-27,False
833310,4230,6449,1197465.9,2015-06-24,False
253758,9145,4812,8.23,2023-03-23,False
1128098,8584,7078,503.22,2015-06-23,False
1163983,9083,7569,9.78,2018-10-21,False
559757,570,9971,559.13,2024-10-21,False
401208,4013,9369,23.14,2014-04-26,False
694010,464,9433,557.9,2024-10-24,False
1041643,3123,9980,16.81,2024-07-01,False
1219612,8777,3132,158.17,2019-03-14,False
183615,4595,7441,554.09,2016-10-10,False
206624,8450,9994,543.11,2021-06-11,False
907415,9773,8547,179.07,2024-01-12,False
1092980,7435,9894,586.45,2013-08-26,False
687243,7626,9571,161.1,2020-07-06,False
1133,4726,9766,172.91,2018-06-17,False
634752,7163,9454,9.42,2019-04-09,False
972052,8110,7310,7.96,2018-03-19,False
199577,9535,6351,599.44,2014-09-20,False
370741,9150,9848,8.34,2020-01-31,False
666456,2174,5011,27.46,2024-10-10,False
791620,442,8594,522.02,2024-10-21,False
656160,5660,8012,120.69,2024-07-19,False
268027,8088,2290,12.57,2021-02-24,False
1295017,4429,9970,515.14,2021-04-17,False
659158,4459,9620,585.46,2014-07-25,False
194619,3602,9938,148.21,2024-05-29,False
1007051,2491,3715,530.03,2024-06-28,False
633446,9732,7558,121.75,2014-09-05,False
222512,536,4993,560.88,2024-10-19,False
33230,7115,3374,14.44,2018-01-16,False
156559,1158,9691,36.26,2024-10-11,False
1274347,8547,9773,576.1,2014-04-12,False
831164,4904,1090,247.08,2019-05-28,False
120511,9089,7406,5.32,2021-03-28,False
63728,8652,9888,141.28,2022-10-01,False
185619,7593,9861,505.6,2019-09-27,False
1019151,6606,9028,116.87,2024-03-20,False
398641,1736,8314,188.52,2024-10-03,False
225718,4662,5460,175.24,2024-04-14,False
413445,8446,6791,488.14,2016-12-17,False
13056,1797,4692,111.47,2024-06-24,False
515995,3538,6592,555.9,2012-06-13,False
984088,3041,190,23.2,2024-09-19,False
380752,9552,8992,535.76,2016-01-06,False
34791,6717,9974,191.13,2012-08-29,False
478482,9144,9822,8.77,2014-05-20,False
262193,2991,8399,348.82,2024-09-12,False
634143,9635,8917,195.19,2018-02-04,False
1083267,4481,7792,431.04,2024-10-14,False
519169,8582,5580,594.0,2016-06-19,False
306917,2199,7636,26.3,2024-10-02,False
432335,559,9557,483.45,2024-10-13,False
885500,9458,7088,488.04,2019-10-04,False
424055,6057,2649,15.55,2018-10-12,False
1231925,2743,7977,144.08,2024-08-11,False
273937,2826,6919,345.83,2024-09-12,False
1126938,3474,9452,434.23,2024-01-17,False
1031382,1579,9267,440.32,2024-10-07,False
772591,7723,9999,124.97,2015-05-07,False
636841,7091,3092,9.46,2018-09-28,False
415548,7691,3207,181.86,2019-12-20,False
12289,688,4923,180.67,2024-10-10,False
987743,2515,495,527.45,2024-09-15,False
503638,8632,9973,197.03,2013-04-15,False
675127,2416,4481,520.84,2024-10-04,False
680833,3157,9454,23.75,2024-03-11,False
5123,417,5695,411.1,2024-10-12,False
1190149,6073,9998,12.96,2018-01-19,False
873437,6797,9381,166.05,2022-10-21,False
235393,8769,2934,161.58,2021-09-07,False
131832,5754,8982,117.83,2022-09-22,False
1108263,5561,1579,460.73,2017-08-25,False
1192869,9149,9915,8.25,2020-02-12,False
1107411,7797,8826,142.41,2015-12-05,False
343049,8785,1674,141.08,2013-07-11,False
930209,5040,9784,18.68,2014-05-12,False
118140,4282,9895,4664.48,2014-07-27,False
970008,4651,9841,112.05,2014-07-09,False
560479,9692,5276,143.27,2023-12-25,False
487644,6732,8210,106.9,2019-08-04,False
666990,1174,3395,28.27,2024-10-08,False
16594,2417,2876,567.19,2024-08-29,False
807529,9019,5594,5.89,2014-05-22,False
1137127,8706,8395,181.8,2018-05-10,False
469338,9026,52,8.21,2016-11-06,False
871033,9756,8947,137.42,2020-09-30,False
998703,7717,9223,134.35,2021-02-12,False
766170,9623,6912,154.91,2016-09-06,False
1115295,2005,9662,27.63,2024-09-25,False
1036819,113,7008,52.46,2024-08-13,False
418871,4301,420,34742.37,2016-09-09,False
481796,4444,4708,513.33,2013-02-27,False
838845,4672,7939,125.58,2012-07-17,False
977664,548,5492,510.16,2024-10-15,False
163828,1119,6020,17.39,2024-10-21,False
130592,4767,7906,170.36,2024-04-30,False
676122,9783,9593,171.58,2012-10-13,False
1008213,8039,1393,13.12,2013-04-20,False
5437,5770,990,128.47,2024-07-31,False
111843,7060,6681,13.59,2019-07-17,False
711459,2059,9915,25.6,2024-09-17,False
247413,2833,1135,381.76,2024-09-10,False
329989,7776,9428,178.13,2014-12-31,False
639293,8684,8000,102.15,2018-09-09,False
1272464,6546,9213,406.42,2015-09-13,False
1287301,9579,7068,578.46,2014-03-24,False
722591,6607,3542,184.99,2021-08-08,False
861861,6282,8895,2775960.8,2022-01-26,False
304626,9513,5462,440.98,2016-01-17,False
1083849,6680,9279,118.01,2017-09-30,False
995378,360,6274,3130264.8,2024-10-17,False
368388,6649,7212,152.92,2015-06-28,False
552414,2576,4617,466.07,2024-09-16,False
532890,652,5126,162.11,2024-10-13,False
620056,4172,4707,20.29,2016-02-20,False
1121681,8183,9270,11.89,2018-01-21,False
260699,3738,9992,155.96,2012-07-22,False
1200263,6170,8197,9.87,2019-09-18,False
1094449,3048,366,21.07,2024-08-26,False
1173405,4178,7396,20.61,2015-04-25,False
992194,6476,3547,448.07,2012-12-01,False
1160597,8022,1659,8.19,2014-02-03,False
164021,7094,5624,10.53,2014-11-28,False
79878,2133,9651,25.19,2024-09-27,False
196990,8144,9800,8.3,2014-03-08,False
737257,9143,6969,7.43,2017-12-12,False
224286,7482,3804,561.33,2013-05-10,False
740154,9589,9960,537.96,2013-08-06,False
1263573,9669,9834,140.47,2012-12-17,False
739469,7485,8648,15.15,2014-05-15,True
1170987,5600,7082,115.05,2013-01-18,False
1317980,490,2584,406.14,2024-10-10,False
421690,5540,3638,541.69,2012-12-17,False
1119958,9132,8066,8.23,2021-10-30,False
1059680,3461,9795,507.58,2024-02-19,False
355071,8735,7913,185.41,2023-07-10,False
267058,5760,3644,188.07,2013-10-30,False
1161016,616,357,133.99,2024-10-11,False
69412,4731,3576,137.33,2020-03-31,False
802715,7532,8233,435.55,2012-08-02,False
99810,3618,9990,198.03,2015-02-10,False
61861,495,2515,592.45,2024-10-19,False
1147077,5012,4486,18.77,2013-11-02,False
537766,6168,7726,19.37,2022-11-01,False
397762,5038,3279,19.97,2014-11-15,False
920545,7152,7954,12.19,2012-10-09,False
1261423,7616,6655,166.69,2020-06-08,False
966798,7514,8410,496.7,2019-04-08,False
918316,9620,9632,150.11,2015-09-15,False
827849,1772,7228,169.36,2024-10-09,False
1006044,2749,8864,115.59,2024-07-16,False
559311,3996,9740,203.55,2017-04-18,False
140376,5817,9950,288.22,2014-07-31,False
1237204,8738,9275,154.41,2016-02-29,False
207658,9710,1776,133.83,2018-04-30,False
1190946,9719,7548,161.86,2013-07-02,False
1273846,3577,4095,559.5,2015-06-17,False
299000,6169,1843,17.23,2023-05-02,False
1148195,454,1316,574.51,2024-10-25,False
367700,9918,8254,262.54,2024-02-10,False
1036810,8769,6819,161.58,2017-03-03,False
257382,6761,8406,182.11,2012-10-27,False
504709,7192,7731,15.97,2022-01-30,False
833381,4483,4815,443.0,2014-07-25,False
1236661,9070,2534,6.47,2018-08-23,False
1033328,3791,8799,185.72,2018-10-26,False
872108,5687,5541,158.5,2018-06-06,False
1077926,7194,8967,8.69,2013-04-07,False
274994,431,9576,430.26,2024-10-23,False
61956,3602,6648,148.21,2016-01-16,False
451393,8609,8395,196.44,2013-02-22,False
184743,9014,8053,5.93,2018-03-05,False
1204314,9181,6105,5.18,2015-09-23,False
1143392,9721,4276,117.81,2016-07-08,False
1198297,2084,6939,31.53,2024-10-08,False
851154,3579,5607,569.39,2020-04-03,False
314647,2588,8689,516.82,2024-08-03,False
1028947,9993,8654,225.91,2022-10-18,False
379549,9725,9630,135.53,2024-05-09,False
1000836,5333,3034,12042085.0,2020-07-27,False
218297,5085,8259,13.12,2022-07-22,False
528690,9621,9938,168.11,2020-09-18,False
553238,9156,3876,8.93,2012-11-22,False
1155140,5727,5917,152.77,2023-12-20,False
899587,7535,4958,582.27,2023-08-10,False
415757,9790,9948,138.44,2014-03-13,False
453394,1425,8862,417.35,2024-10-20,False
1059895,3665,3542,190.22,2015-02-17,False
978355,7049,9067,16.55,2018-06-20,False
697114,1196,8162,27.15,2024-10-10,False
260407,9608,4324,133.19,2021-06-06,False
145230,7657,4154,158.69,2021-04-20,False
1071931,6742,9925,124.59,2023-06-17,False
1000981,8641,518,112.47,2023-10-25,False
512399,2542,7395,461.26,2024-08-27,False
571134,9766,9398,108.37,2021-11-23,False
1066907,7568,8200,450.26,2021-09-09,False
1135211,8135,7414,10.02,2015-01-23,False
517092,8629,8131,159.5,2023-08-20,False
518881,5529,3524,496.32,2018-08-28,False
167483,439,8332,555.28,2024-10-05,False
141084,8567,9234,548.95,2020-12-26,False
233567,6452,9883,509.14,2016-01-13,False
107307,8693,2326,128.33,2016-12-10,False
424987,1279,5562,68584.96,2024-10-27,False
17202,2369,9882,193.9,2024-07-07,False
557301,7499,3825,556.26,2023-06-23,False
168066,7780,7104,140.5,2019-08-15,False
817930,1525,9971,418.38,2024-10-09,False
1276733,9751,4733,128.78,2019-01-28,False
562989,662,7008,166.89,2024-09-23,False
541564,4746,7697,106.3,2023-03-02,False
1005000,3455,7242,446.69,2024-03-14,False
140670,5759,8569,115.37,2016-01-08,False
1101749,6121,9534,13.13,2016-11-17,False
406030,6743,273,100.61,2013-09-28,False
10682,6797,9761,166.05,2013-06-05,False
54210,1083,4808,29.3,2024-10-13,False
119170,7592,8077,426.79,2023-06-28,False
375078,6159,7342,14.11,2018-06-17,False
965486,7065,7122,9.49,2022-07-14,False
1196542,7153,4621,15.09,2020-06-03,False
492463,4787,8978,135.61,2019-02-22,False
1245820,9709,5457,176.14,2022-10-16,False
323435,9655,9804,107.23,2013-11-27,False
547967,9785,6503,150.92,2013-12-01,False
1232582,6667,9548,197.19,2021-02-05,False
724515,9719,6902,161.86,2020-04-14,False
825211,9779,6994,168.61,2015-03-31,False
1248024,4750,6906,104.63,2015-11-17,False
397674,7758,1425,129.41,2024-05-13,False
45616,1439,6240,570.44,2024-10-16,False
618256,174,5539,41.33,2024-10-12,False
817760,6718,8283,161.61,2017-12-20,False
